<?xml version="1.0" encoding="utf-8"?>
<!--View is transparency-->
<!--Version is 5-3-->
<!--NS is http://www.fpml.org/FpML-5/transparency-->
<!--
   == Copyright (c) 2002-2012. All rights reserved.
   == Financial Products Markup Language is subject to the FpML public license.
   == A copy of this license is available at http://www.fpml.org/license/license.html
-->
<publicExecutionReport xmlns="http://www.fpml.org/FpML-5/transparency" xmlns:xsi="http://www.w3.org/2001/XMLSchema-instance" fpmlVersion="5-3" xsi:schemaLocation="http://www.fpml.org/FpML-5/transparency ../fpml-main-5-3.xsd http://www.w3.org/2000/09/xmldsig# ../xmldsig-core-schema.xsd">
  <header>
    <messageId messageIdScheme="http://www.sef.com/msg_id">SEF123</messageId>
    <sentBy>SEFCORP</sentBy>
    <sendTo>SDR01</sendTo>
    <creationTimestamp>2011-02-04T15:38:00Z</creationTimestamp>
<!-- Date stamp -->
  </header>
  <isCorrection>false</isCorrection>
<!-- Correction indicator -->
  <correlationId correlationIdScheme="http://fpml.org/universal_swap_id">123</correlationId>
  <sequenceNumber>1</sequenceNumber>
  <originatingEvent>Trade</originatingEvent>
  <trade>
    <tradeHeader>
      <partyTradeIdentifier>
        <issuer issuerIdScheme="http://www.fpml.org/coding-scheme/external/iso17442">ZNHTL6O2WODTKMPF1Z48</issuer>
        <tradeId tradeIdScheme="http://www.fpml.org/coding-scheme/external/unique-transaction-identifier">712345678901234567890123456789012</tradeId>
      </partyTradeIdentifier>
      <tradeInformation>
        <executionDateTime>2011-02-04T15:38:00Z</executionDateTime>
<!-- Execution timestamp -->
        <intentToClear>true</intentToClear>
<!-- NEW: cleared or uncleared = "C" in CFTC doc -->
        <nonStandardTerms>false</nonStandardTerms>
<!-- NEW: indication of other price-affecting term -->
        <offMarketPrice>false</offMarketPrice>
<!-- NEW -->
        <largeSizeTrade>false</largeSizeTrade>
<!-- NEW: block trades and large notional swaps -->
        <executionType>Electronic</executionType>
<!-- NEW -->
        <executionVenueType>SEF</executionVenueType>
<!-- NEW: execution venue = "SWM" in CFTC doc -->
      </tradeInformation>
      <tradeDate>2006-06-26</tradeDate>
    </tradeHeader>
    <commoditySwap>
      <primaryAssetClass>Commodity</primaryAssetClass>
      <productType productTypeScheme="http://www.fpml.org/coding-scheme/product-type">Commodity:Energy:NatGas:Swap:Cash</productType>
      <effectiveDate>
        <adjustableDate>
          <unadjustedDate>2006-09-01</unadjustedDate>
        </adjustableDate>
      </effectiveDate>
      <terminationDate>
        <adjustableDate>
          <unadjustedDate>2006-09-30</unadjustedDate>
        </adjustableDate>
      </terminationDate>
      <fixedLeg>
        <fixedPrice>
          <price>5.55</price>
          <priceCurrency>USD</priceCurrency>
          <priceUnit>MMBTU</priceUnit>
        </fixedPrice>
        <notionalQuantity>
          <quantityUnit>MMBTU</quantityUnit>
        </notionalQuantity>
        <totalNotionalQuantity>5000.0</totalNotionalQuantity>
      </fixedLeg>
      <floatingLeg>
        <commodity>
          <instrumentId instrumentIdScheme="http://www.fpml.org/coding-scheme/commodity-reference-price-1-0">NATURAL GAS-AECO C/NIT (US$/MMBTU)-CANADIAN GAS REPORTER</instrumentId>
          <specifiedPrice>MeanOfHighAndLow</specifiedPrice>
        </commodity>
        <notionalQuantity>
          <quantityUnit>MMBTU</quantityUnit>
        </notionalQuantity>
        <totalNotionalQuantity>5000.0</totalNotionalQuantity>
        <calculation>
          <pricingDates>
            <dayType>CommodityBusiness</dayType>
            <dayDistribution>First</dayDistribution>
          </pricingDates>
        </calculation>
      </floatingLeg>
    </commoditySwap>
  </trade>
</publicExecutionReport>

