<?xml version="1.0" encoding="utf-8"?>
<!--View is transparency-->
<!--Version is 5-3-->
<!--NS is http://www.fpml.org/FpML-5/transparency-->
<!--
        == Copyright (c) 2002-2012. All rights reserved.
        == Financial Products Markup Language is subject to the FpML public license.
        == A copy of this license is available at http://www.fpml.org/license/license.html
-->
<!--5.0:Message type is a Root of the message-->
<publicExecutionReport xmlns="http://www.fpml.org/FpML-5/transparency" xmlns:xsi="http://www.w3.org/2001/XMLSchema-instance" fpmlVersion="5-3" xsi:schemaLocation="http://www.fpml.org/FpML-5/transparency ../fpml-main-5-3.xsd http://www.w3.org/2000/09/xmldsig# ../xmldsig-core-schema.xsd">
  <header>
    <messageId messageIdScheme="http://www.sef.com/msg_id">SEF123</messageId>
    <sentBy>SEFCORP</sentBy>
    <sendTo>SDR01</sendTo>
    <creationTimestamp>2011-02-04T15:38:00Z</creationTimestamp>
<!-- Date stamp -->
  </header>
  <isCorrection>false</isCorrection>
<!-- Correction indicator -->
  <correlationId correlationIdScheme="http://sef.com/trade-id">123</correlationId>
  <sequenceNumber>1</sequenceNumber>
  <originatingEvent>Trade</originatingEvent>
  <trade>
    <tradeHeader>
      <partyTradeIdentifier>
        <issuer issuerIdScheme="http://www.fpml.org/coding-scheme/external/iso17442">ZNHTL6O2WODTKMPF1Z48</issuer>
        <tradeId tradeIdScheme="http://www.fpml.org/coding-scheme/external/unique-transaction-identifier">712345678901234567890123456789012</tradeId>
      </partyTradeIdentifier>
      <tradeInformation>
        <executionDateTime>2011-02-04T15:38:00Z</executionDateTime>
<!-- Execution timestamp -->
        <intentToClear>true</intentToClear>
<!-- NEW: cleared or uncleared = "C" in CFTC doc -->
        <nonStandardTerms>false</nonStandardTerms>
<!-- NEW: indication of other price-affecting term -->
        <offMarketPrice>false</offMarketPrice>
<!-- NEW -->
        <largeSizeTrade>false</largeSizeTrade>
<!-- NEW: block trades and large notional swaps -->
        <executionType>Electronic</executionType>
<!-- NEW -->
        <executionVenueType>SEF</executionVenueType>
<!-- NEW: execution venue = "SWM" in CFTC doc -->
      </tradeInformation>
      <tradeDate>2002-12-02</tradeDate>
    </tradeHeader>
    <creditDefaultSwap>
      <primaryAssetClass>Credit</primaryAssetClass>
<!-- asset class -->
<!--<productType>CreditDefaultSwap</productType>-->
<!-- contract type  = "S-" in CFTC doc -->
      <productType productTypeScheme="http://www.fpml.org/coding-scheme/product-type">Credit:SingleName:ABS:CDSonCDO</productType>
      <generalTerms>
        <effectiveDate>
          <unadjustedDate>2002-12-03</unadjustedDate>
        </effectiveDate>
        <scheduledTerminationDate>
          <unadjustedDate>2008-01-15</unadjustedDate>
        </scheduledTerminationDate>
        <referenceInformation>
          <referenceEntity id="referenceEntity">
            <entityName>Abbey National PLC</entityName>
<!--<entityId entityIdScheme="http://www.fpml.org/spec/2003/entity-id-RED-1-0">002BB2</entityId>-->
            <entityId entityIdScheme="http://www.fpml.org/coding-scheme/external/iso17442">YP91FU7Q6LLZAX5B0E96</entityId>
          </referenceEntity>
          <referenceObligation>
            <bond>
              <instrumentId instrumentIdScheme="http://www.fpml.org/spec/2002/instrument-id-ISIN-1-0">XS009316049</instrumentId>
            </bond>
          </referenceObligation>
        </referenceInformation>
      </generalTerms>
      <feeLeg>
        <periodicPayment>
          <fixedAmountCalculation>
            <fixedRate>0.009</fixedRate>
          </fixedAmountCalculation>
        </periodicPayment>
      </feeLeg>
      <protectionTerms>
        <calculationAmount>
          <currency>EUR</currency>
          <amount>5000000</amount>
        </calculationAmount>
      </protectionTerms>
    </creditDefaultSwap>
<!--
                <documentation>
                        <masterConfirmation>
                                <masterConfirmationType>ISDA2003CreditNorthAmerican</masterConfirmationType>
                        </masterConfirmation>
                </documentation>
                -->
  </trade>
</publicExecutionReport>

