<?xml version="1.0" encoding="utf-8"?>
<!--View is transparency-->
<!--Version is 5-3-->
<!--NS is http://www.fpml.org/FpML-5/transparency-->
<!--
  == Copyright (c) 2002-2012. All rights reserved.
  == Financial Products Markup Language is subject to the FpML public license.
  == A copy of this license is available at http://www.fpml.org/license/license.html

  -->
<publicExecutionReport xmlns="http://www.fpml.org/FpML-5/transparency" xmlns:xsi="http://www.w3.org/2001/XMLSchema-instance" fpmlVersion="5-3" xsi:schemaLocation="http://www.fpml.org/FpML-5/transparency ../fpml-main-5-3.xsd http://www.w3.org/2000/09/xmldsig# ../xmldsig-core-schema.xsd">
<!-- This represents the real-time reporting requirements published in draft form by the CFTC in 17 CFR 43 -->
<!-- The comments indicate the reportable field name as described in Table A1 of Appendix A, on 
     pp. 76177-76181 of the Federal Register -->
<!-- This example shows an IR swap -->
<!-- The data values are taken from "Example 1" in Appendix A, on page 76156 of the Federal Register -->
<!-- 
* unmapped fields:
* Cancellation indicator -> currently in FpML this would be a separate message - should this be kept this way?
* Price forming continuation data - normally in FpML each event would be a different payload type
-->
  <header>
    <messageId messageIdScheme="http://www.sef.com/msg_id">SEF123</messageId>
    <sentBy>SEFCORP</sentBy>
    <sendTo>SDR01</sendTo>
    <creationTimestamp>2011-02-04T15:38:00Z</creationTimestamp>
<!-- Date stamp -->
  </header>
  <isCorrection>false</isCorrection>
<!-- Correction indicator -->
  <correlationId correlationIdScheme="http://fpml.org/universal_swap_id">123</correlationId>
  <sequenceNumber>1</sequenceNumber>
  <originatingEvent>Trade</originatingEvent>
  <trade>
<!-- equivalent to to "price forming continuation data -->
    <tradeHeader>
      <partyTradeIdentifier>
        <issuer issuerIdScheme="http://www.fpml.org/coding-scheme/external/iso17442">ZNHTL6O2WODTKMPF1Z48</issuer>
        <tradeId tradeIdScheme="http://www.fpml.org/coding-scheme/external/unique-transaction-identifier">712345678901234567890123456789012</tradeId>
      </partyTradeIdentifier>
      <tradeInformation>
        <executionDateTime>2011-02-04T15:38:00Z</executionDateTime>
<!-- Execution timestamp -->
        <intentToClear>true</intentToClear>
<!-- NEW: cleared or uncleared = "C" in CFTC doc -->
        <nonStandardTerms>false</nonStandardTerms>
<!-- NEW: indication of other price-affecting term -->
        <offMarketPrice>false</offMarketPrice>
<!-- NEW -->
        <largeSizeTrade>false</largeSizeTrade>
<!-- NEW: block trades and large notional swaps -->
        <executionType>Electronic</executionType>
<!-- NEW -->
        <executionVenueType>SEF</executionVenueType>
<!-- NEW: execution venue = "SWM" in CFTC doc -->
      </tradeInformation>
      <tradeDate>2011-02-04</tradeDate>
    </tradeHeader>
    <swap>
      <primaryAssetClass>InterestRate</primaryAssetClass>
<!-- asset class -->
      <productType productTypeScheme="http://www.fpml.org/coding-scheme/product-type">InterestRate:Irswap:Ois</productType>
<!-- contract type  = "S-" in CFTC doc -->
      <swapStream>
        <calculationPeriodDates id="floatingCalcPeriodDates">
          <effectiveDate>
            <unadjustedDate>2001-01-29</unadjustedDate>
          </effectiveDate>
          <terminationDate>
            <unadjustedDate>2001-04-29</unadjustedDate>
          </terminationDate>
        </calculationPeriodDates>
        <paymentDates>
          <paymentFrequency>
            <periodMultiplier>1</periodMultiplier>
            <period>T</period>
          </paymentFrequency>
        </paymentDates>
        <resetDates id="resetDates">
          <resetFrequency>
            <periodMultiplier>1</periodMultiplier>
            <period>T</period>
          </resetFrequency>
        </resetDates>
        <calculationPeriodAmount>
          <calculation>
            <notionalSchedule>
              <notionalStepSchedule>
                <initialValue>100000000.00</initialValue>
                <currency>EUR</currency>
              </notionalStepSchedule>
            </notionalSchedule>
            <floatingRateCalculation>
              <floatingRateIndex>EUR-EONIA-OIS-COMPOUND</floatingRateIndex>
            </floatingRateCalculation>
            <dayCountFraction>ACT/360</dayCountFraction>
          </calculation>
        </calculationPeriodAmount>
      </swapStream>
<!-- Mizuho Capital pays the 5.10% fixed rate on ACT/360 basis -->
      <swapStream>
        <calculationPeriodDates id="fixedCalcPeriodDates">
          <effectiveDate>
            <unadjustedDate>2001-01-29</unadjustedDate>
          </effectiveDate>
          <terminationDate>
            <unadjustedDate>2001-04-29</unadjustedDate>
          </terminationDate>
        </calculationPeriodDates>
        <paymentDates>
          <paymentFrequency>
            <periodMultiplier>1</periodMultiplier>
            <period>T</period>
          </paymentFrequency>
        </paymentDates>
        <calculationPeriodAmount>
          <calculation>
            <notionalSchedule>
              <notionalStepSchedule>
                <initialValue>100000000.00</initialValue>
                <currency>EUR</currency>
              </notionalStepSchedule>
            </notionalSchedule>
            <fixedRateSchedule>
              <initialValue>0.051</initialValue>
            </fixedRateSchedule>
            <dayCountFraction>ACT/360</dayCountFraction>
          </calculation>
        </calculationPeriodAmount>
      </swapStream>
    </swap>
  </trade>
</publicExecutionReport>

