<?xml version="1.0" encoding="utf-8"?>
<!--View is transparency-->
<!--Version is 5-3-->
<!--NS is http://www.fpml.org/FpML-5/transparency-->
<!--
  == Copyright (c) 2002-2012. All rights reserved.
  == Financial Products Markup Language is subject to the FpML public license.
  == A copy of this license is available at http://www.fpml.org/license/license.html

  -->
<publicExecutionReport xmlns="http://www.fpml.org/FpML-5/transparency" xmlns:xsi="http://www.w3.org/2001/XMLSchema-instance" fpmlVersion="5-3" xsi:schemaLocation="http://www.fpml.org/FpML-5/transparency ../fpml-main-5-3.xsd http://www.w3.org/2000/09/xmldsig# ../xmldsig-core-schema.xsd">
  <header>
    <messageId messageIdScheme="http://www.sef.com/msg_id">SEF123</messageId>
    <sentBy>SEFCORP</sentBy>
    <sendTo>SDR01</sendTo>
    <creationTimestamp>2011-02-04T15:38:00Z</creationTimestamp>
<!-- Date stamp -->
  </header>
  <isCorrection>false</isCorrection>
<!-- Correction indicator -->
  <correlationId correlationIdScheme="http://fpml.org/universal_swap_id">123</correlationId>
  <sequenceNumber>1</sequenceNumber>
  <originatingEvent>Trade</originatingEvent>
  <trade>
<!-- equivalent to to "price forming continuation data -->
    <tradeHeader>
      <partyTradeIdentifier>
        <issuer issuerIdScheme="http://www.fpml.org/coding-scheme/external/iso17442">ZNHTL6O2WODTKMPF1Z48</issuer>
        <tradeId tradeIdScheme="http://www.fpml.org/coding-scheme/external/unique-transaction-identifier">712345678901234567890123456789012</tradeId>
      </partyTradeIdentifier>
      <tradeInformation>
        <executionDateTime>2011-02-04T15:38:00Z</executionDateTime>
<!-- Execution timestamp -->
        <intentToClear>true</intentToClear>
<!-- NEW: cleared or uncleared = "C" in CFTC doc -->
        <nonStandardTerms>false</nonStandardTerms>
<!-- NEW: indication of other price-affecting term -->
        <offMarketPrice>false</offMarketPrice>
<!-- NEW -->
        <largeSizeTrade>false</largeSizeTrade>
<!-- NEW: block trades and large notional swaps -->
        <executionType>Electronic</executionType>
<!-- NEW -->
        <executionVenueType>SEF</executionVenueType>
<!-- NEW: execution venue = "SWM" in CFTC doc -->
      </tradeInformation>
      <tradeDate>2011-02-04</tradeDate>
    </tradeHeader>
    <creditDefaultSwap>
      <primaryAssetClass>Credit</primaryAssetClass>
<!--<productType>CreditDefaultSwapLoan</productType>-->
      <productType productTypeScheme="http://www.fpml.org/coding-scheme/product-type">Credit:SingleName:Loans:LCDS</productType>
      <generalTerms>
        <effectiveDate>
          <unadjustedDate>2006-10-27</unadjustedDate>
        </effectiveDate>
        <scheduledTerminationDate>
          <unadjustedDate>2010-06-27</unadjustedDate>
        </scheduledTerminationDate>
        <referenceInformation>
          <referenceEntity>
            <entityName>CompanyABC</entityName>
          </referenceEntity>
          <referenceObligation>
            <loan>
              <instrumentId instrumentIdScheme="http://www.partyA.com/coding-scheme/instrument-id">23490234</instrumentId>
              <lien>FirstLien</lien>
              <facilityType>RevolvingLoan</facilityType>
              <maturity>2011-01-22</maturity>
              <creditAgreementDate>2005-11-04</creditAgreementDate>
              <tranche>LN190325</tranche>
            </loan>
          </referenceObligation>
        </referenceInformation>
      </generalTerms>
      <feeLeg>
        <periodicPayment>
          <fixedAmountCalculation>
            <fixedRate>0.013</fixedRate>
          </fixedAmountCalculation>
        </periodicPayment>
      </feeLeg>
      <protectionTerms>
        <calculationAmount>
          <currency>USD</currency>
          <amount>10000000</amount>
        </calculationAmount>
      </protectionTerms>
    </creditDefaultSwap>
  </trade>
</publicExecutionReport>

