<?xml version="1.0" encoding="UTF-8" standalone="yes"?>
<publicExecutionReport xmlns:saxon="http://saxon.sf.net/" xmlns:xsi="http://www.w3.org/2001/XMLSchema-instance" xmlns="http://www.fpml.org/FpML-5/transparency" fpmlVersion="5-3" xsi:schemaLocation="http://www.fpml.org/FpML-5/transparency ../../fpml-main-5-3.xsd">
   <isCorrection>false</isCorrection>
   <correlationId correlationIdScheme="http://abc.com/correlation-id">456</correlationId>
   <sequenceNumber>1</sequenceNumber>
   <originatingEvent>Trade</originatingEvent>
   <trade>
      <tradeHeader>
         <partyTradeIdentifier>
            <issuer issuerIdScheme="http://www.fpml.org/coding-scheme/external/iso17442">VTOUP9FCHUXIINML4787</issuer>
            <tradeId tradeIdScheme="http://www.fpml.org/coding-scheme/external/unique-transaction-identifier">12345678901234567890123456789012</tradeId>
         </partyTradeIdentifier>
         <tradeInformation>
            <executionDateTime>2011-01-01T09:12:34</executionDateTime>
            <intentToClear>false</intentToClear>
            <nonStandardTerms>true</nonStandardTerms>
            <offMarketPrice>true</offMarketPrice>
            <largeSizeTrade>false</largeSizeTrade>
            <executionType>Electronic</executionType>
            <executionVenueType>SEF</executionVenueType>
         </tradeInformation>
         <tradeDate>2002-03-25</tradeDate>
      </tradeHeader>
      <equityOptionTransactionSupplement>
         <primaryAssetClass>Equity</primaryAssetClass>
         <productType>Equity:Options:Vanilla:Single-name</productType>
         <optionType>Call</optionType>
         <underlyer>
            <singleUnderlyer>
               <index>
                  <instrumentId instrumentIdScheme="http://www.fpml.org/schemes/4.1/instrumentId">.SP500</instrumentId>
                  <exchangeId exchangeIdScheme="http://www.fpml.org/schemes/4.1/exchangeId">NYSE</exchangeId>
                  <relatedExchangeId exchangeIdScheme="http://www.fpml.org/schemes/4.1/exchangeId">CBOE</relatedExchangeId>
               </index>
            </singleUnderlyer>
         </underlyer>
         <notional>
            <currency>USD</currency>
            <amount>1000000</amount>
         </notional>
         <equityExercise>
            <equityEuropeanExercise>
               <expirationDate id="expirationDate">
                  <adjustableDate>
                     <unadjustedDate>2002-06-25</unadjustedDate>
                  </adjustableDate>
               </expirationDate>
               <equityExpirationTimeType>SpecificTime</equityExpirationTimeType>
            </equityEuropeanExercise>
         </equityExercise><!--FpML 5.0: Use this "feature", as "equityFeatures" ofType "OptionFeatures" was removed because Option Features content is accessible in the complex type EquityDerivativeBase through the model group Feature.model.  -->
         <strike>
            <strikePrice>900</strikePrice>
         </strike>
         <equityPremium>
            <paymentAmount>
               <currency>EUR</currency>
               <amount>5000000</amount>
            </paymentAmount>
            <percentageOfNotional>5</percentageOfNotional>
         </equityPremium>
      </equityOptionTransactionSupplement>
   </trade>
</publicExecutionReport>