<?xml version="1.0" encoding="UTF-8" standalone="yes"?>
<publicExecutionReport xmlns:saxon="http://saxon.sf.net/" xmlns:xsi="http://www.w3.org/2001/XMLSchema-instance" xmlns="http://www.fpml.org/FpML-5/transparency" fpmlVersion="5-3" xsi:schemaLocation="http://www.fpml.org/FpML-5/transparency ../../fpml-main-5-3.xsd">
   <isCorrection>false</isCorrection>
   <correlationId correlationIdScheme="http://abc.com/correlation-id">456</correlationId>
   <sequenceNumber>1</sequenceNumber>
   <originatingEvent>Trade</originatingEvent>
   <trade>
      <tradeHeader>
         <partyTradeIdentifier>
            <issuer issuerIdScheme="http://www.fpml.org/coding-scheme/external/iso17442">VTOUP9FCHUXIINML4787</issuer>
            <tradeId tradeIdScheme="http://www.fpml.org/coding-scheme/external/unique-transaction-identifier">12345678901234567890123456789012</tradeId>
         </partyTradeIdentifier>
         <tradeInformation>
            <executionDateTime>2011-01-01T09:12:34</executionDateTime>
            <intentToClear>false</intentToClear>
            <nonStandardTerms>true</nonStandardTerms>
            <offMarketPrice>true</offMarketPrice>
            <largeSizeTrade>false</largeSizeTrade>
            <executionType>Electronic</executionType>
            <executionVenueType>SEF</executionVenueType>
         </tradeInformation>
         <tradeDate>2000-06-28</tradeDate>
      </tradeHeader>
      <equityOptionTransactionSupplement>
         <primaryAssetClass>Equity</primaryAssetClass>
         <productType>Equity:Options:Vanilla:Single-name</productType>
         <optionType>Call</optionType>
         <underlyer>
            <basket>
               <basketConstituent>
                  <equity id="AholdEquity">
                     <instrumentId instrumentIdScheme="http://www.fpml.org/schemes/4.1/instrumentId">AHLD.NA</instrumentId>
                     <currency>EUR</currency>
                     <exchangeId exchangeIdScheme="http://www.fpml.org/schemes/4.1/exchangeId">ASE</exchangeId>
                  </equity>
                  <constituentWeight>
                     <basketPercentage>0.40</basketPercentage>
                  </constituentWeight>
               </basketConstituent>
               <basketConstituent>
                  <equity id="RoyalDutchEquity">
                     <instrumentId instrumentIdScheme="http://www.fpml.org/schemes/4.1/instrumentId">RD.NA</instrumentId>
                     <currency>EUR</currency>
                     <exchangeId exchangeIdScheme="http://www.fpml.org/schemes/4.1/exchangeId">ASE</exchangeId>
                  </equity>
                  <constituentWeight>
                     <basketPercentage>0.60</basketPercentage>
                  </constituentWeight>
               </basketConstituent>
            </basket>
         </underlyer>
         <equityExercise>
            <equityEuropeanExercise>
               <expirationDate>
                  <adjustableDate>
                     <unadjustedDate>2002-07-01</unadjustedDate>
                  </adjustableDate>
               </expirationDate>
               <equityExpirationTimeType>Close</equityExpirationTimeType>
            </equityEuropeanExercise>
         </equityExercise><!--FpML 5.0: Use this "feature", as "equityFeatures" ofType "OptionFeatures" was removed because Option Features content is accessible in the complex type EquityDerivativeBase through the model group Feature.model.  -->
         <numberOfOptions>79.099093</numberOfOptions>
         <equityPremium>
            <paymentAmount>
               <currency>EUR</currency>
               <amount>213.5675511</amount>
            </paymentAmount>
            <pricePerOption>
               <currency>EUR</currency>
               <amount>2.70</amount>
            </pricePerOption>
         </equityPremium>
      </equityOptionTransactionSupplement>
   </trade>
</publicExecutionReport>