<?xml version="1.0" encoding="UTF-8" standalone="yes"?>
<publicExecutionReport xmlns:saxon="http://saxon.sf.net/" xmlns:xsi="http://www.w3.org/2001/XMLSchema-instance" xmlns="http://www.fpml.org/FpML-5/transparency" fpmlVersion="5-3" xsi:schemaLocation="http://www.fpml.org/FpML-5/transparency ../../fpml-main-5-3.xsd">
   <isCorrection>false</isCorrection>
   <correlationId correlationIdScheme="http://abc.com/correlation-id">456</correlationId>
   <sequenceNumber>1</sequenceNumber>
   <originatingEvent>Trade</originatingEvent>
   <trade>
      <tradeHeader>
         <partyTradeIdentifier>
            <issuer issuerIdScheme="http://www.fpml.org/coding-scheme/external/iso17442">VTOUP9FCHUXIINML4787</issuer>
            <tradeId tradeIdScheme="http://www.fpml.org/coding-scheme/external/unique-transaction-identifier">12345678901234567890123456789012</tradeId>
         </partyTradeIdentifier>
         <tradeInformation>
            <executionDateTime>2011-01-01T09:12:34</executionDateTime>
            <intentToClear>false</intentToClear>
            <nonStandardTerms>true</nonStandardTerms>
            <offMarketPrice>true</offMarketPrice>
            <largeSizeTrade>false</largeSizeTrade>
            <executionType>Electronic</executionType>
            <executionVenueType>SEF</executionVenueType>
         </tradeInformation>
         <tradeDate>2001-09-04</tradeDate>
      </tradeHeader>
      <equityOptionTransactionSupplement>
         <primaryAssetClass>Equity</primaryAssetClass>
         <productType>Equity:Options:Vanilla:Single-name</productType>
         <optionType>Call</optionType>
         <underlyer>
            <singleUnderlyer>
               <index>
                  <instrumentId instrumentIdScheme="http://www.fpml.org/schemes/4.1/instrumentId">.SSMI</instrumentId>
                  <exchangeId exchangeIdScheme="http://www.fpml.org/schemes/4.1/exchangeId">NYSE</exchangeId>
               </index>
            </singleUnderlyer>
         </underlyer>
         <equityExercise>
            <equityEuropeanExercise>
               <expirationDate>
                  <adjustableDate>
                     <unadjustedDate>2004-12-19</unadjustedDate>
                  </adjustableDate>
               </expirationDate>
               <equityExpirationTimeType>OSP</equityExpirationTimeType>
            </equityEuropeanExercise>
         </equityExercise>
         <strike>
            <strikePrice>8700</strikePrice>
         </strike>
         <numberOfOptions>2500</numberOfOptions>
         <equityPremium>
            <paymentAmount>
               <currency>CHF</currency>
               <amount>300000</amount>
            </paymentAmount>
         </equityPremium>
      </equityOptionTransactionSupplement>
   </trade>
</publicExecutionReport>