<?xml version="1.0" encoding="UTF-8" standalone="yes"?>
<publicExecutionReport xmlns:saxon="http://saxon.sf.net/" xmlns:xsi="http://www.w3.org/2001/XMLSchema-instance" xmlns="http://www.fpml.org/FpML-5/transparency" fpmlVersion="5-3" xsi:schemaLocation="http://www.fpml.org/FpML-5/transparency ../../fpml-main-5-3.xsd">
   <isCorrection>false</isCorrection>
   <correlationId correlationIdScheme="http://abc.com/correlation-id">456</correlationId>
   <sequenceNumber>1</sequenceNumber>
   <originatingEvent>Trade</originatingEvent>
   <trade>
      <tradeHeader>
         <partyTradeIdentifier>
            <issuer issuerIdScheme="http://www.fpml.org/coding-scheme/external/iso17442">VTOUP9FCHUXIINML4787</issuer>
            <tradeId tradeIdScheme="http://www.fpml.org/coding-scheme/external/unique-transaction-identifier">12345678901234567890123456789012</tradeId>
         </partyTradeIdentifier>
         <tradeInformation>
            <executionDateTime>2011-01-01T09:12:34</executionDateTime>
            <intentToClear>false</intentToClear>
            <nonStandardTerms>true</nonStandardTerms>
            <offMarketPrice>true</offMarketPrice>
            <largeSizeTrade>false</largeSizeTrade>
            <executionType>Electronic</executionType>
            <executionVenueType>SEF</executionVenueType>
         </tradeInformation>
         <tradeDate id="TradeDate">2001-07-13</tradeDate>
      </tradeHeader>
      <equityOptionTransactionSupplement>
         <primaryAssetClass>Equity</primaryAssetClass>
         <productType>Equity:Options:Vanilla:Single-name</productType>
         <optionType>Call</optionType><!-- AP -  illustrate mixed basket underlyer -->
         <underlyer>
            <basket><!-- 3/6 china equity index -->
               <basketConstituent>
                  <index>
                     <instrumentId instrumentIdScheme="http://www.ftse.com/coding-scheme/instrument-id">FXI</instrumentId>
                  </index>
                  <constituentWeight>
                     <openUnits>3</openUnits>
                  </constituentWeight>
               </basketConstituent><!-- 1/6 copper -->
               <basketConstituent>
                  <commodity>
                     <instrumentId instrumentIdScheme="http://www.lme.co.uk/coding-scheme/instrument-id">COPPER-LME CASH</instrumentId>
                     <specifiedPrice>Settlement</specifiedPrice>
                     <deliveryDates>FirstNearby</deliveryDates>
                  </commodity>
                  <constituentWeight>
                     <openUnits>1</openUnits>
                  </constituentWeight>
               </basketConstituent><!-- 1/6 zinc -->
               <basketConstituent>
                  <commodity>
                     <instrumentId instrumentIdScheme="http://www.lme.co.uk/coding-scheme/instrument-id">ZINC-LME CASH</instrumentId>
                     <specifiedPrice>Settlement</specifiedPrice>
                     <deliveryDates>FirstNearby</deliveryDates>
                  </commodity>
                  <constituentWeight>
                     <openUnits>1</openUnits>
                  </constituentWeight>
               </basketConstituent><!-- 1/6 nickel -->
               <basketConstituent>
                  <commodity>
                     <instrumentId instrumentIdScheme="http://www.lme.co.uk/coding-scheme/instrument-id">NICKEL-LME CASH</instrumentId>
                     <specifiedPrice>Settlement</specifiedPrice>
                     <deliveryDates>FirstNearby</deliveryDates>
                  </commodity>
                  <constituentWeight>
                     <openUnits>1</openUnits>
                  </constituentWeight>
               </basketConstituent>
            </basket>
         </underlyer>
         <equityExercise>
            <equityAmericanExercise>
               <commencementDate>
                  <adjustableDate>
                     <unadjustedDate>2001-07-13</unadjustedDate>
                  </adjustableDate>
               </commencementDate>
               <expirationDate>
                  <adjustableDate>
                     <unadjustedDate>2005-09-27</unadjustedDate>
                  </adjustableDate>
               </expirationDate>
               <latestExerciseTimeType>SpecificTime</latestExerciseTimeType>
               <equityExpirationTimeType>Close</equityExpirationTimeType>
               <equityMultipleExercise>
                  <integralMultipleExercise>1</integralMultipleExercise>
                  <minimumNumberOfOptions>1</minimumNumberOfOptions>
                  <maximumNumberOfOptions>150000</maximumNumberOfOptions>
               </equityMultipleExercise>
            </equityAmericanExercise>
         </equityExercise><!-- start of distinct -->
         <strike>
            <strikePrice>32.00</strikePrice>
         </strike>
         <numberOfOptions>150000</numberOfOptions>
         <equityPremium>
            <paymentAmount>
               <currency>EUR</currency>
               <amount>405000</amount>
            </paymentAmount>
            <pricePerOption>
               <currency>EUR</currency>
               <amount>2.70</amount>
            </pricePerOption>
         </equityPremium>
      </equityOptionTransactionSupplement>
   </trade>
</publicExecutionReport>