<?xml version="1.0" encoding="UTF-8" standalone="yes"?>
<publicExecutionReport xmlns:saxon="http://saxon.sf.net/" xmlns:xsi="http://www.w3.org/2001/XMLSchema-instance" xmlns="http://www.fpml.org/FpML-5/transparency" fpmlVersion="5-3" xsi:schemaLocation="http://www.fpml.org/FpML-5/transparency ../../fpml-main-5-3.xsd">
   <header>
      <messageId messageIdScheme="http://abc.com/message-id">123</messageId>
      <sentBy>abc</sentBy>
      <sendTo>sdr</sendTo>
      <creationTimestamp>2011-01-01T00:00:00</creationTimestamp>
   </header>
   <isCorrection>false</isCorrection>
   <correlationId correlationIdScheme="http://abc.com/correlation-id">456</correlationId>
   <sequenceNumber>1</sequenceNumber>
   <originatingEvent>Trade</originatingEvent>
   <trade>
      <tradeHeader>
         <partyTradeIdentifier>
            <issuer issuerIdScheme="http://www.fpml.org/coding-scheme/external/iso17442">VTOUP9FCHUXIINML4787</issuer>
            <tradeId tradeIdScheme="http://www.fpml.org/coding-scheme/external/unique-transaction-identifier">12345678901234567890123456789012</tradeId>
         </partyTradeIdentifier>
         <tradeInformation>
            <executionDateTime>2011-01-01T09:12:34</executionDateTime>
            <intentToClear>false</intentToClear>
            <nonStandardTerms>true</nonStandardTerms>
            <offMarketPrice>true</offMarketPrice>
            <largeSizeTrade>false</largeSizeTrade>
            <executionType>Electronic</executionType>
            <executionVenueType>SEF</executionVenueType>
         </tradeInformation>
         <tradeDate>2011-02-11</tradeDate>
      </tradeHeader>
      <equityOptionTransactionSupplement>
         <primaryAssetClass>Equity</primaryAssetClass>
         <productType>Equity:Option:Vanilla:Single-name</productType>
         <optionType>Call</optionType>
         <underlyer>
            <singleUnderlyer>
               <index>
                  <instrumentId instrumentIdScheme="http://www.example.com/instrument-id-Reuters-RIC-1-0">.WIG20</instrumentId>
                  <currency currencyScheme="http://www.fpml.org/ext/iso4217-2001-08-15">PLN</currency>
                  <exchangeId exchangeIdScheme="http://www.example.com/exchange-id-REC-1-0">WSE</exchangeId>
                  <relatedExchangeId exchangeIdScheme="http://www.example.com/exchange-id-REC-1-0">WSE</relatedExchangeId>
               </index>
            </singleUnderlyer>
         </underlyer>
         <equityExercise>
            <equityEuropeanExercise>
               <expirationDate>
                  <adjustableDate>
                     <unadjustedDate>2012-11-16</unadjustedDate>
                  </adjustableDate>
               </expirationDate>
               <equityExpirationTimeType>OSP</equityExpirationTimeType>
            </equityEuropeanExercise>
         </equityExercise>
         <strike>
            <strikePrice>100</strikePrice>
         </strike>
         <numberOfOptions>1000</numberOfOptions>
         <equityPremium>
            <paymentAmount>
               <currency currencyScheme="http://www.fpml.org/ext/iso4217-2001-08-15">PLN</currency>
               <amount>50000</amount>
            </paymentAmount>
            <pricePerOption>
               <currency currencyScheme="http://www.fpml.org/ext/iso4217-2001-08-15">PLN</currency>
               <amount>50</amount>
            </pricePerOption>
         </equityPremium>
      </equityOptionTransactionSupplement>
   </trade>
</publicExecutionReport>