<?xml version="1.0" encoding="UTF-8" standalone="yes"?>
<publicExecutionReport xmlns:saxon="http://saxon.sf.net/" xmlns:xsi="http://www.w3.org/2001/XMLSchema-instance" xmlns="http://www.fpml.org/FpML-5/transparency" fpmlVersion="5-3" xsi:schemaLocation="http://www.fpml.org/FpML-5/transparency ../../fpml-main-5-3.xsd">
   <header>
      <messageId messageIdScheme="http://abc.com/message-id">123</messageId>
      <sentBy>abc</sentBy>
      <sendTo>sdr</sendTo>
      <creationTimestamp>2011-01-01T00:00:00</creationTimestamp>
   </header>
   <isCorrection>false</isCorrection>
   <correlationId correlationIdScheme="http://abc.com/correlation-id">456</correlationId>
   <sequenceNumber>1</sequenceNumber>
   <originatingEvent>Trade</originatingEvent>
   <trade>
      <tradeHeader>
         <partyTradeIdentifier>
            <issuer issuerIdScheme="http://www.fpml.org/coding-scheme/external/iso17442">VTOUP9FCHUXIINML4787</issuer>
            <tradeId tradeIdScheme="http://www.fpml.org/coding-scheme/external/unique-transaction-identifier">12345678901234567890123456789012</tradeId>
         </partyTradeIdentifier>
         <tradeInformation>
            <executionDateTime>2011-01-01T09:12:34</executionDateTime>
            <intentToClear>false</intentToClear>
            <nonStandardTerms>true</nonStandardTerms>
            <offMarketPrice>true</offMarketPrice>
            <largeSizeTrade>false</largeSizeTrade>
            <executionType>Electronic</executionType>
            <executionVenueType>SEF</executionVenueType>
         </tradeInformation>
         <tradeDate>2005-01-24</tradeDate>
      </tradeHeader>
      <creditDefaultSwap>
         <primaryAssetClass>Credit</primaryAssetClass>
         <productType>Credit:Index:Cdx:Cdx.Hy</productType>
         <generalTerms>
            <effectiveDate>
               <unadjustedDate>2004-03-23</unadjustedDate>
            </effectiveDate>
            <scheduledTerminationDate>
               <unadjustedDate>2009-03-20</unadjustedDate>
            </scheduledTerminationDate>
            <indexReferenceInformation>
               <indexName>Dow Jones CDX NA IG.2</indexName>
            </indexReferenceInformation>
         </generalTerms>
         <feeLeg>
            <initialPayment>
               <paymentAmount>
                  <currency>USD</currency>
                  <amount>16000</amount>
               </paymentAmount>
            </initialPayment>
            <periodicPayment>
               <fixedAmountCalculation>
                  <fixedRate>0.0060</fixedRate>
               </fixedAmountCalculation>
            </periodicPayment>
         </feeLeg>
         <protectionTerms>
            <calculationAmount>
               <currency>USD</currency>
               <amount>25000000</amount>
            </calculationAmount>
         </protectionTerms>
      </creditDefaultSwap>
   </trade>
</publicExecutionReport>