<?xml version="1.0" encoding="UTF-8" standalone="yes"?>
<publicExecutionReport xmlns:saxon="http://saxon.sf.net/" xmlns:xsi="http://www.w3.org/2001/XMLSchema-instance" xmlns="http://www.fpml.org/FpML-5/transparency" fpmlVersion="5-3" xsi:schemaLocation="http://www.fpml.org/FpML-5/transparency ../../fpml-main-5-3.xsd">
   <isCorrection>false</isCorrection>
   <correlationId correlationIdScheme="http://abc.com/correlation-id">456</correlationId>
   <sequenceNumber>1</sequenceNumber>
   <originatingEvent>Trade</originatingEvent>
   <trade>
      <tradeHeader>
         <partyTradeIdentifier>
            <issuer issuerIdScheme="http://www.fpml.org/coding-scheme/external/iso17442">VTOUP9FCHUXIINML4787</issuer>
            <tradeId tradeIdScheme="http://www.fpml.org/coding-scheme/external/unique-transaction-identifier">12345678901234567890123456789012</tradeId>
         </partyTradeIdentifier>
         <tradeInformation>
            <executionDateTime>2011-01-01T09:12:34</executionDateTime>
            <intentToClear>false</intentToClear>
            <nonStandardTerms>true</nonStandardTerms>
            <offMarketPrice>true</offMarketPrice>
            <largeSizeTrade>false</largeSizeTrade>
            <executionType>Electronic</executionType>
            <executionVenueType>SEF</executionVenueType>
         </tradeInformation>
         <tradeDate>2006-10-05</tradeDate>
      </tradeHeader>
      <creditDefaultSwap>
         <primaryAssetClass>Credit</primaryAssetClass>
         <productType>Credit:SingleName:Abs:Cmbs</productType>
         <generalTerms>
            <effectiveDate>
               <unadjustedDate>2006-10-11</unadjustedDate>
            </effectiveDate>
            <scheduledTerminationDate>
               <unadjustedDate>2035-09-25</unadjustedDate>
            </scheduledTerminationDate>
            <referenceInformation>
               <referenceEntity>
                  <entityName>New Century Home Equity Loan Trust 2005-4</entityName>
               </referenceEntity>
               <referenceObligation>
                  <mortgage>
                     <instrumentId instrumentIdScheme="http://www.fpml.org/spec/2002/instrument-id-CUSIP-1-0">64352VNC1</instrumentId>
                     <instrumentId instrumentIdScheme="http://www.fpml.org/spec/2002/instrument-id-Bloomberg-1-0">NCHET 2005-4</instrumentId>
                     <currency>USD</currency>
                     <maturity>2035-09-25</maturity>
                     <originalPrincipalAmount>22900000</originalPrincipalAmount>
                     <pool>
                        <initialFactor>1</initialFactor>
                     </pool>
                     <sector>RMBS</sector>
                     <tranche>M9</tranche>
                  </mortgage>
               </referenceObligation>
            </referenceInformation>
         </generalTerms>
         <feeLeg>
            <periodicPayment>
               <fixedAmountCalculation>
                  <fixedRate>0.050</fixedRate>
               </fixedAmountCalculation>
            </periodicPayment>
         </feeLeg>
         <protectionTerms>
            <calculationAmount>
               <currency>USD</currency>
               <amount>15000000.00</amount>
            </calculationAmount>
            <creditEvents/>
         </protectionTerms>
      </creditDefaultSwap>
   </trade>
</publicExecutionReport>