<?xml version="1.0" encoding="UTF-8" standalone="yes"?>
<publicExecutionReport xmlns:saxon="http://saxon.sf.net/" xmlns:xsi="http://www.w3.org/2001/XMLSchema-instance" xmlns="http://www.fpml.org/FpML-5/transparency" fpmlVersion="5-3" xsi:schemaLocation="http://www.fpml.org/FpML-5/transparency ../../fpml-main-5-3.xsd">
   <isCorrection>false</isCorrection>
   <correlationId correlationIdScheme="http://abc.com/correlation-id">456</correlationId>
   <sequenceNumber>1</sequenceNumber>
   <originatingEvent>Trade</originatingEvent>
   <trade>
      <tradeHeader>
         <partyTradeIdentifier>
            <issuer issuerIdScheme="http://www.fpml.org/coding-scheme/external/iso17442">VTOUP9FCHUXIINML4787</issuer>
            <tradeId tradeIdScheme="http://www.fpml.org/coding-scheme/external/unique-transaction-identifier">12345678901234567890123456789012</tradeId>
         </partyTradeIdentifier>
         <tradeInformation>
            <executionDateTime>2011-01-01T09:12:34</executionDateTime>
            <intentToClear>false</intentToClear>
            <nonStandardTerms>true</nonStandardTerms>
            <offMarketPrice>true</offMarketPrice>
            <largeSizeTrade>false</largeSizeTrade>
            <executionType>Electronic</executionType>
            <executionVenueType>SEF</executionVenueType>
         </tradeInformation>
         <tradeDate>2007-10-31</tradeDate>
      </tradeHeader>
      <creditDefaultSwap>
         <primaryAssetClass>Credit</primaryAssetClass>
         <productType>Credit:SingleName:Loan:Elcds</productType>
         <generalTerms>
            <effectiveDate>
               <unadjustedDate>2007-11-01</unadjustedDate>
            </effectiveDate>
            <scheduledTerminationDate>
               <unadjustedDate>2010-06-17</unadjustedDate>
            </scheduledTerminationDate>
            <referenceInformation>
               <referenceEntity>
                  <entityName>CompanyDEF</entityName>
                  <entityId entityIdScheme="http://www.fpml.org/spec/2003/entity-id-Bloomberg">BLMBERGID</entityId>
               </referenceEntity>
               <referenceObligation>
                  <loan>
                     <instrumentId instrumentIdScheme="http://www.fpml.org/spec/2002/instrument-id-CUSIP">64352VNC1</instrumentId>
                     <instrumentId instrumentIdScheme="http://www.fpml.org/spec/2002/instrument-id-ISIN">ISIN00000000</instrumentId>
                     <instrumentId instrumentIdScheme="http://www.fpml.org/spec/2002/instrument-id-Bloomberg">BLMBERGID</instrumentId>
                     <borrower>
                        <entityName>BorrowerName1</entityName>
                     </borrower>
                     <borrower>
                        <entityName>BorrowerName2</entityName>
                     </borrower>
                     <facilityType facilityTypeScheme="http://www.fpml.org/coding-scheme/facility-type">RevolvingLoan</facilityType>
                     <creditAgreementDate>2005-11-04</creditAgreementDate>
                  </loan>
               </referenceObligation>
            </referenceInformation>
         </generalTerms>
         <feeLeg>
            <periodicPayment>
               <fixedAmountCalculation>
                  <fixedRate>0.013</fixedRate>
               </fixedAmountCalculation>
            </periodicPayment>
         </feeLeg>
         <protectionTerms>
            <calculationAmount id="calculationAmount">
               <currency currencyScheme="http://www.fpml.org/ext/iso4217">USD</currency>
               <amount>10000000</amount>
            </calculationAmount>
         </protectionTerms>
      </creditDefaultSwap>
   </trade>
</publicExecutionReport>