<?xml version="1.0" encoding="UTF-8" standalone="yes"?>
<publicExecutionReport xmlns:saxon="http://saxon.sf.net/" xmlns:xsi="http://www.w3.org/2001/XMLSchema-instance" xmlns="http://www.fpml.org/FpML-5/transparency" fpmlVersion="5-3" xsi:schemaLocation="http://www.fpml.org/FpML-5/transparency ../../fpml-main-5-3.xsd">
   <isCorrection>false</isCorrection>
   <correlationId correlationIdScheme="http://abc.com/correlation-id">456</correlationId>
   <sequenceNumber>1</sequenceNumber>
   <originatingEvent>Trade</originatingEvent>
   <trade>
      <tradeHeader>
         <partyTradeIdentifier>
            <issuer issuerIdScheme="http://www.fpml.org/coding-scheme/external/iso17442">VTOUP9FCHUXIINML4787</issuer>
            <tradeId tradeIdScheme="http://www.fpml.org/coding-scheme/external/unique-transaction-identifier">12345678901234567890123456789012</tradeId>
         </partyTradeIdentifier>
         <tradeInformation>
            <executionDateTime>2011-01-01T09:12:34</executionDateTime>
            <intentToClear>false</intentToClear>
            <nonStandardTerms>true</nonStandardTerms>
            <offMarketPrice>true</offMarketPrice>
            <largeSizeTrade>false</largeSizeTrade>
            <executionType>Electronic</executionType>
            <executionVenueType>SEF</executionVenueType>
         </tradeInformation>
         <tradeDate>2006-10-26</tradeDate>
      </tradeHeader>
      <creditDefaultSwap>
         <primaryAssetClass>Credit</primaryAssetClass>
         <productType>Credit:SingleName:Loan:Elcds</productType>
         <generalTerms>
            <effectiveDate>
               <unadjustedDate>2006-10-27</unadjustedDate>
            </effectiveDate>
            <scheduledTerminationDate>
               <unadjustedDate>2010-06-27</unadjustedDate>
            </scheduledTerminationDate>
            <referenceInformation>
               <referenceEntity>
                  <entityName>CompanyABC</entityName>
               </referenceEntity>
               <referenceObligation>
                  <loan>
                     <instrumentId instrumentIdScheme="http://www.partyA.com/coding-scheme/instrument-id">23490234</instrumentId>
                     <lien>FirstLien</lien>
                     <facilityType>RevolvingLoan</facilityType>
                     <maturity>2011-01-22</maturity>
                     <creditAgreementDate>2005-11-04</creditAgreementDate>
                     <tranche>LN190325</tranche>
                  </loan>
               </referenceObligation>
            </referenceInformation>
         </generalTerms>
         <feeLeg>
            <periodicPayment>
               <fixedAmountCalculation>
                  <fixedRate>0.013</fixedRate>
               </fixedAmountCalculation>
            </periodicPayment>
         </feeLeg>
         <protectionTerms>
            <calculationAmount>
               <currency>USD</currency>
               <amount>10000000</amount>
            </calculationAmount>
            <creditEvents/>
         </protectionTerms>
      </creditDefaultSwap>
   </trade>
</publicExecutionReport>