<?xml version="1.0" encoding="utf-8"?>
<!--View is reporting-->
<!--Version is 5-11-->
<!--NS is http://www.fpml.org/FpML-5/reporting-->
<!--
  == Copyright (c) 2014- All rights reserved.
  == Financial Products Markup Language is subject to the FpML public license.
  == A copy of this license is available at http://www.fpml.org/license/license.html
  -->
<!--
Example of a exposure report for large trader reporting to CFTC
Preliminary example based on 17 CFR Parts 15 and 20, Table 1 in Appendix B, p. 43870 of the Federal Register vol. 76 No. 141
-->
<exposureReport xmlns="http://www.fpml.org/FpML-5/reporting" xmlns:xsi="http://www.w3.org/2001/XMLSchema-instance" fpmlVersion="5-11" xsi:schemaLocation="http://www.fpml.org/FpML-5/reporting ../fpml-main-5-11.xsd http://www.w3.org/2000/09/xmldsig# ../xmldsig-core-schema.xsd">
  <header>
    <messageId messageIdScheme="http://www.clearorg1.com/report_id">XXX00123</messageId>
    <sentBy>CCO_ID_1</sentBy>
    <sendTo>CFTC</sendTo>
    <creationTimestamp>2010-09-27T20:08:12Z</creationTimestamp>
  </header>
  <onBehalfOf>
    <partyReference href="clearorg1" />
  </onBehalfOf>
  <asOfDate>2010-09-27</asOfDate>
  <asOfTime>20:08:10-05:00</asOfTime>
  <reportContents>
    <partyReference href="clearorg1" />
<!-- since all records come from this org we don't repeat it below -->
  </reportContents>
  <quotationCharacteristics>
    <currency>USD</currency>
  </quotationCharacteristics>
<!-- Data record #1 -->
  <exposure>
    <relatedParty>
      <partyReference href="member2" />
      <role>ClearingFirm</role>
    </relatedParty>
    <cleared>true</cleared>
    <category categoryScheme="http://www.fpml.org/coding-scheme/org-type-category">Customer</category>
    <productId productIdScheme="http://www.fpml.org/coding-scheme-external/product-id-clearorg1">CP_04</productId>
    <underlyingAsset>
      <commodity>
        <instrumentId instrumentIdScheme="http://www.fpml.org/spec/2008/commodity-reference-price">NYMEX NY Harbor No. 2</instrumentId>
      </commodity>
    </underlyingAsset>
    <exposureType>Other</exposureType>
    <futuresEquivalentMonth>2010-11</futuresEquivalentMonth>
    <quote>
      <value>5000</value>
      <measureType>ShortSwapPosition</measureType>
    </quote>
  </exposure>
<!-- Data record #2 -->
  <exposure>
    <relatedParty>
      <partyReference href="member2" />
      <role>ClearingFirm</role>
    </relatedParty>
    <cleared>true</cleared>
    <category categoryScheme="http://www.fpml.org/coding-scheme/org-type-category">Customer</category>
    <productId productIdScheme="http://www.fpml.org/coding-scheme-external/product-id-clearorg1">CP_04</productId>
    <underlyingAsset>
      <commodity>
        <instrumentId instrumentIdScheme="http://www.fpml.org/spec/2008/commodity-reference-price">NYMEX NY Harbor No. 2</instrumentId>
      </commodity>
    </underlyingAsset>
    <exposureType>Other</exposureType>
    <futuresEquivalentMonth>2010-10</futuresEquivalentMonth>
    <quote>
      <value>2000</value>
      <measureType>ShortSwapPosition</measureType>
    </quote>
  </exposure>
<!-- Data record #3 -->
  <exposure>
    <relatedParty>
      <partyReference href="member2" />
      <role>ClearingFirm</role>
    </relatedParty>
    <cleared>true</cleared>
    <category categoryScheme="http://www.fpml.org/coding-scheme/org-type-category">Customer</category>
    <productId productIdScheme="http://www.fpml.org/coding-scheme-external/product-id-clearorg1">CP_02</productId>
    <underlyingAsset>
      <commodity>
        <instrumentId instrumentIdScheme="http://www.fpml.org/spec/2008/commodity-reference-price">NYMEX Henry Hub</instrumentId>
      </commodity>
    </underlyingAsset>
    <exposureType>Other</exposureType>
    <futuresEquivalentMonth>2010-10</futuresEquivalentMonth>
    <optionType>Call</optionType>
    <expirationDate>2011-07-29</expirationDate>
    <quote>
      <value>5.59</value>
      <measureType>StrikePrice</measureType>
      <quoteUnits>MMBTU</quoteUnits>
    </quote>
<!--  alternatively this could be represented as an explicit field as below, but units etc. would be harder 
          <strikePrice>5.59</strikePrice>
          -->
    <quote>
      <value>2000</value>
      <measureType>NonDeltaAdjustedLongSwaptionPosition</measureType>
    </quote>
<!-- additional observed or calculated values such as delta, settlement price, etc. can be put here if needed -->
  </exposure>
  <party id="clearorg1">
    <partyId partyIdScheme="http://www.fpml.org/coding-scheme/dummy-party-id">CCO_ID_1</partyId>
    <partyName>Clearing Organization One</partyName>
  </party>
  <party id="member1">
    <partyId partyIdScheme="http://www.fpml.org/coding-scheme/dummy-party-id">CM_ID_1</partyId>
    <partyName>Clearing Member One</partyName>
  </party>
  <party id="member2">
    <partyId partyIdScheme="http://www.fpml.org/coding-scheme/dummy-party-id">CM_ID_2</partyId>
    <partyName>Clearing Member Two</partyName>
  </party>
</exposureReport>

