<?xml version="1.0" encoding="utf-8"?>
<!--View is reporting-->
<!--Version is 5-11-->
<!--NS is http://www.fpml.org/FpML-5/reporting-->
<!--
  == Copyright (c) 2018-2020 All rights reserved.
  == Financial Products Markup Language is subject to the FpML public license.
  == A copy of this license is available at http://www.fpml.org/license/license.html
  -->
<!--View is reporting-->
<!--Version is 5-3-->
<!--NS is http://www.fpml.org/FpML-5/reporting-->
<!--of a exposure report for large trader reporting to CFTCexample based on the CFTC's Guidebook to Part 20 reports, Table 1 (Position reports of SD1) for 2011-09-02
-->
<exposureReport xmlns="http://www.fpml.org/FpML-5/reporting" xmlns:xsi="http://www.w3.org/2001/XMLSchema-instance" fpmlVersion="5-11" xsi:schemaLocation="http://www.fpml.org/FpML-5/reporting ../fpml-main-5-11.xsd http://www.w3.org/2000/09/xmldsig# ../xmldsig-core-schema.xsd">
  <header>
    <messageId messageIdScheme="http://www.sd1.com/report_id">111</messageId>
    <sentBy>SD1</sentBy>
    <sendTo>CFTC</sendTo>
    <creationTimestamp>2011-09-02T17:10:00Z</creationTimestamp>
  </header>
  <onBehalfOf>
    <partyReference href="dealer1" />
  </onBehalfOf>
  <asOfDate>2010-09-02</asOfDate>
<!-- all quotes are for the given reporting day, unless indicated in the quote -->
  <asOfTime>17:00:00-05:00</asOfTime>
  <reportContents>
    <partyReference href="dealer1" />
<!-- since all records come from this org we don't repeat it below -->
  </reportContents>
  <quotationCharacteristics>
    <currency>USD</currency>
  </quotationCharacteristics>
<!-- Data record #1 -->
  <exposure>
    <cleared>false</cleared>
    <category categoryScheme="http://www.fpml.org/coding-scheme/org-type-category">Principal</category>
    <underlyingAsset>
      <commodity>
        <instrumentId instrumentIdScheme="http://www.fpml.org/spec/2008/commodity-reference-price">HEATING OIL-NEW YORK (BARGE)-PLATTS U.S.</instrumentId>
        <commodityBase commodityBaseScheme="http://www.fpml.org/coding-scheme/commodity-code">NYMEX HO</commodityBase>
<!-- need to generate/source the list of commodity codes -->
      </commodity>
    </underlyingAsset>
    <futuresEquivalentMonth>2011-09</futuresEquivalentMonth>
    <quote>
      <value>200</value>
      <measureType>LongSwapPosition</measureType>
    </quote>
    <quote>
      <value>26040000</value>
      <measureType>LongNotionalPosition</measureType>
      <currency>USD</currency>
    </quote>
  </exposure>
<!-- Data record #2 -->
  <exposure>
    <relatedParty>
      <partyReference href="cp1" />
      <role>Counterparty</role>
    </relatedParty>
    <cleared>false</cleared>
    <category categoryScheme="http://www.fpml.org/coding-scheme/org-type-category">Counterparty</category>
    <underlyingAsset>
      <commodity>
        <instrumentId instrumentIdScheme="http://www.fpml.org/spec/2008/commodity-reference-price">HEATING OIL-NEW YORK (BARGE)-PLATTS U.S.</instrumentId>
        <commodityBase commodityBaseScheme="http://www.fpml.org/coding-scheme/commodity-code">NYMEX HO</commodityBase>
      </commodity>
    </underlyingAsset>
    <futuresEquivalentMonth>2011-09</futuresEquivalentMonth>
    <quote>
      <value>50</value>
      <measureType>ShortSwapPosition</measureType>
    </quote>
    <quote>
      <value>6510000</value>
      <measureType>ShortNotionalPosition</measureType>
      <currency>USD</currency>
    </quote>
  </exposure>
<!-- Data record #3 -->
  <exposure>
    <relatedParty>
      <partyReference href="cp2" />
      <role>Counterparty</role>
    </relatedParty>
    <cleared>false</cleared>
    <category categoryScheme="http://www.fpml.org/coding-scheme/org-type-category">Counterparty</category>
    <underlyingAsset>
      <commodity>
        <instrumentId instrumentIdScheme="http://www.fpml.org/spec/2008/commodity-reference-price">HEATING OIL-NEW YORK (BARGE)-PLATTS U.S.</instrumentId>
        <commodityBase commodityBaseScheme="http://www.fpml.org/coding-scheme/commodity-code">NYMEX HO</commodityBase>
      </commodity>
    </underlyingAsset>
    <futuresEquivalentMonth>2011-09</futuresEquivalentMonth>
    <quote>
      <value>150</value>
      <measureType>ShortSwapPosition</measureType>
    </quote>
    <quote>
      <value>19530000</value>
      <measureType>ShortNotionalPosition</measureType>
      <currency>USD</currency>
    </quote>
  </exposure>
<!-- Data record #4 -->
  <exposure>
    <cleared>false</cleared>
    <category categoryScheme="http://www.fpml.org/coding-scheme/org-type-category">Principal</category>
    <underlyingAsset>
      <commodity>
        <instrumentId instrumentIdScheme="http://www.fpml.org/spec/2008/commodity-reference-price">HEATING OIL-NEW YORK-NYMEX</instrumentId>
        <commodityBase commodityBaseScheme="http://www.fpml.org/coding-scheme/commodity-code">NYMEX HO</commodityBase>
<!-- need to generate/source the list of commodity codes -->
      </commodity>
    </underlyingAsset>
    <futuresEquivalentMonth>2011-10</futuresEquivalentMonth>
    <quote>
      <value>350</value>
      <measureType>LongSwapPosition</measureType>
    </quote>
    <quote>
      <value>45570000</value>
      <measureType>LongNotionalPosition</measureType>
      <currency>USD</currency>
    </quote>
  </exposure>
<!-- Data record #5 -->
  <exposure>
    <cleared>false</cleared>
    <category categoryScheme="http://www.fpml.org/coding-scheme/org-type-category">Principal</category>
    <underlyingAsset>
      <commodity>
        <instrumentId instrumentIdScheme="http://www.fpml.org/spec/2008/commodity-reference-price">HEATING OIL-NEW YORK-NYMEX</instrumentId>
        <commodityBase commodityBaseScheme="http://www.fpml.org/coding-scheme/commodity-code">NYMEX HO</commodityBase>
<!-- need to generate/source the list of commodity codes -->
      </commodity>
    </underlyingAsset>
    <futuresEquivalentMonth>2011-11</futuresEquivalentMonth>
    <quote>
      <value>350</value>
      <measureType>LongSwapPosition</measureType>
    </quote>
    <quote>
      <value>44100000</value>
      <measureType>LongNotionalPosition</measureType>
      <currency>USD</currency>
    </quote>
  </exposure>
<!-- Data record #6 -->
  <exposure>
    <cleared>false</cleared>
    <category categoryScheme="http://www.fpml.org/coding-scheme/org-type-category">Principal</category>
    <underlyingAsset>
      <commodity>
        <instrumentId instrumentIdScheme="http://www.fpml.org/spec/2008/commodity-reference-price">HEATING OIL-NEW YORK-NYMEX</instrumentId>
        <commodityBase commodityBaseScheme="http://www.fpml.org/coding-scheme/commodity-code">NYMEX HO</commodityBase>
<!-- need to generate/source the list of commodity codes -->
      </commodity>
    </underlyingAsset>
    <futuresEquivalentMonth>2011-12</futuresEquivalentMonth>
    <quote>
      <value>350</value>
      <measureType>LongSwapPosition</measureType>
    </quote>
    <quote>
      <value>42630000</value>
      <measureType>LongNotionalPosition</measureType>
      <currency>USD</currency>
    </quote>
  </exposure>
<!-- Data record #7 -->
  <exposure>
    <relatedParty>
      <partyReference href="cp3" />
      <role>Counterparty</role>
    </relatedParty>
    <cleared>false</cleared>
    <category categoryScheme="http://www.fpml.org/coding-scheme/org-type-category">Principal</category>
    <underlyingAsset>
      <commodity>
        <instrumentId instrumentIdScheme="http://www.fpml.org/spec/2008/commodity-reference-price">HEATING OIL-NEW YORK-NYMEX</instrumentId>
        <commodityBase commodityBaseScheme="http://www.fpml.org/coding-scheme/commodity-code">NYMEX HO</commodityBase>
<!-- need to generate/source the list of commodity codes -->
      </commodity>
    </underlyingAsset>
    <futuresEquivalentMonth>2011-10</futuresEquivalentMonth>
    <quote>
      <value>350</value>
      <measureType>ShortSwapPosition</measureType>
    </quote>
    <quote>
      <value>45570000</value>
      <measureType>ShortNotionalPosition</measureType>
      <currency>USD</currency>
    </quote>
  </exposure>
<!-- Data record #8 -->
  <exposure>
    <relatedParty>
      <partyReference href="cp3" />
      <role>Counterparty</role>
    </relatedParty>
    <cleared>false</cleared>
    <category categoryScheme="http://www.fpml.org/coding-scheme/org-type-category">Principal</category>
    <underlyingAsset>
      <commodity>
        <instrumentId instrumentIdScheme="http://www.fpml.org/spec/2008/commodity-reference-price">HEATING OIL-NEW YORK-NYMEX</instrumentId>
        <commodityBase commodityBaseScheme="http://www.fpml.org/coding-scheme/commodity-code">NYMEX HO</commodityBase>
<!-- need to generate/source the list of commodity codes -->
      </commodity>
    </underlyingAsset>
    <futuresEquivalentMonth>2011-11</futuresEquivalentMonth>
    <quote>
      <value>350</value>
      <measureType>ShortSwapPosition</measureType>
    </quote>
    <quote>
      <value>44100000</value>
      <measureType>ShortNotionalPosition</measureType>
      <currency>USD</currency>
    </quote>
  </exposure>
<!-- Data record #9 -->
  <exposure>
    <relatedParty>
      <partyReference href="cp3" />
      <role>Counterparty</role>
    </relatedParty>
    <cleared>false</cleared>
    <category categoryScheme="http://www.fpml.org/coding-scheme/org-type-category">Principal</category>
    <underlyingAsset>
      <commodity>
        <instrumentId instrumentIdScheme="http://www.fpml.org/spec/2008/commodity-reference-price">HEATING OIL-NEW YORK-NYMEX</instrumentId>
        <commodityBase commodityBaseScheme="http://www.fpml.org/coding-scheme/commodity-code">NYMEX HO</commodityBase>
<!-- need to generate/source the list of commodity codes -->
      </commodity>
    </underlyingAsset>
    <futuresEquivalentMonth>2011-12</futuresEquivalentMonth>
    <quote>
      <value>350</value>
      <measureType>ShortSwapPosition</measureType>
    </quote>
    <quote>
      <value>42630000</value>
      <measureType>ShortNotionalPosition</measureType>
      <currency>USD</currency>
    </quote>
  </exposure>
<!-- Data record #10 -->
  <exposure>
    <cleared>true</cleared>
    <category categoryScheme="http://www.fpml.org/coding-scheme/org-type-category">Principal</category>
    <productId productIdScheme="http://www.fpml.org/coding-scheme-external/product-id-clearorg1">CPID_04</productId>
    <underlyingAsset>
      <commodity>
        <instrumentId instrumentIdScheme="http://www.fpml.org/spec/2008/commodity-reference-price">HEATING OIL-NEW YORK (BARGE)-PLATTS U.S.</instrumentId>
        <commodityBase commodityBaseScheme="http://www.fpml.org/coding-scheme/commodity-code">NYMEX HO</commodityBase>
<!-- need to generate/source the list of commodity codes -->
      </commodity>
    </underlyingAsset>
    <futuresEquivalentMonth>2011-09</futuresEquivalentMonth>
    <quote>
      <value>100</value>
      <measureType>LongSwapPosition</measureType>
    </quote>
    <quote>
      <value>12600000</value>
      <measureType>LongNotionalPosition</measureType>
      <currency>USD</currency>
    </quote>
  </exposure>
<!-- Data record #11 -->
  <exposure>
    <relatedParty>
      <partyReference href="cp4" />
      <role>Counterparty</role>
    </relatedParty>
    <relatedParty>
      <partyReference href="clearorg1" />
      <role>ClearingFirm</role>
    </relatedParty>
    <cleared>true</cleared>
    <category categoryScheme="http://www.fpml.org/coding-scheme/org-type-category">Principal</category>
    <productId productIdScheme="http://www.fpml.org/coding-scheme-external/product-id-clearorg1">CPID_04</productId>
    <underlyingAsset>
      <commodity>
        <instrumentId instrumentIdScheme="http://www.fpml.org/spec/2008/commodity-reference-price">HEATING OIL-NEW YORK (BARGE)-PLATTS U.S.</instrumentId>
        <commodityBase commodityBaseScheme="http://www.fpml.org/coding-scheme/commodity-code">NYMEX HO</commodityBase>
<!-- need to generate/source the list of commodity codes -->
      </commodity>
    </underlyingAsset>
    <futuresEquivalentMonth>2011-09</futuresEquivalentMonth>
    <quote>
      <value>100</value>
      <measureType>LongSwapPosition</measureType>
    </quote>
    <quote>
      <value>12600000</value>
      <measureType>LongNotionalPosition</measureType>
      <currency>USD</currency>
    </quote>
  </exposure>
<!-- Data record #12 -->
  <exposure>
    <cleared>false</cleared>
    <category categoryScheme="http://www.fpml.org/coding-scheme/org-type-category">Principal</category>
    <underlyingAsset>
      <commodity>
        <instrumentId instrumentIdScheme="http://www.fpml.org/spec/2008/commodity-reference-price">NATURAL GAS-HENRY HUB-NYMEX</instrumentId>
        <commodityBase commodityBaseScheme="http://www.fpml.org/coding-scheme/commodity-code">NYMEX NG</commodityBase>
<!-- need to generate/source the list of commodity codes -->
      </commodity>
    </underlyingAsset>
    <futuresEquivalentMonth>2011-10</futuresEquivalentMonth>
    <quote>
      <value>200</value>
      <measureType>LongSwapPosition</measureType>
    </quote>
    <quote>
      <value>100</value>
      <measureType>ShortSwapPosition</measureType>
    </quote>
    <quote>
      <value>9000000</value>
      <measureType>LongNotionalPosition</measureType>
      <currency>USD</currency>
    </quote>
    <quote>
      <value>4500000</value>
      <measureType>ShortNotionalPosition</measureType>
      <currency>USD</currency>
    </quote>
  </exposure>
<!-- Data record #13 -->
  <exposure>
    <cleared>false</cleared>
    <category categoryScheme="http://www.fpml.org/coding-scheme/org-type-category">Principal</category>
    <underlyingAsset>
      <commodity>
        <instrumentId instrumentIdScheme="http://www.fpml.org/spec/2008/commodity-reference-price">NATURAL GAS-HENRY HUB-NYMEX</instrumentId>
        <commodityBase commodityBaseScheme="http://www.fpml.org/coding-scheme/commodity-code">NYMEX NG</commodityBase>
<!-- need to generate/source the list of commodity codes -->
      </commodity>
    </underlyingAsset>
    <futuresEquivalentMonth>2011-11</futuresEquivalentMonth>
    <quote>
      <value>125</value>
      <measureType>LongSwapPosition</measureType>
    </quote>
    <quote>
      <value>5550000</value>
      <measureType>LongNotionalPosition</measureType>
      <currency>USD</currency>
    </quote>
  </exposure>
<!-- Data record #14 -->
  <exposure>
    <relatedParty>
      <partyReference href="cp5" />
      <role>Counterparty</role>
    </relatedParty>
    <cleared>false</cleared>
    <category categoryScheme="http://www.fpml.org/coding-scheme/org-type-category">Principal</category>
    <underlyingAsset>
      <commodity>
        <instrumentId instrumentIdScheme="http://www.fpml.org/spec/2008/commodity-reference-price">NATURAL GAS-HENRY HUB-NYMEX</instrumentId>
        <commodityBase commodityBaseScheme="http://www.fpml.org/coding-scheme/commodity-code">NYMEX NG</commodityBase>
<!-- need to generate/source the list of commodity codes -->
      </commodity>
    </underlyingAsset>
    <futuresEquivalentMonth>2011-10</futuresEquivalentMonth>
    <quote>
      <value>125</value>
      <measureType>ShortSwapPosition</measureType>
    </quote>
    <quote>
      <value>5625000</value>
      <measureType>ShortNotionalPosition</measureType>
      <currency>USD</currency>
    </quote>
  </exposure>
<!-- Data record #15 -->
  <exposure>
    <relatedParty>
      <partyReference href="cp5" />
      <role>Counterparty</role>
    </relatedParty>
    <cleared>false</cleared>
    <category categoryScheme="http://www.fpml.org/coding-scheme/org-type-category">Principal</category>
    <underlyingAsset>
      <commodity>
        <instrumentId instrumentIdScheme="http://www.fpml.org/spec/2008/commodity-reference-price">NATURAL GAS-HENRY HUB-NYMEX</instrumentId>
        <commodityBase commodityBaseScheme="http://www.fpml.org/coding-scheme/commodity-code">NYMEX NG</commodityBase>
<!-- need to generate/source the list of commodity codes -->
      </commodity>
    </underlyingAsset>
    <futuresEquivalentMonth>2011-11</futuresEquivalentMonth>
    <quote>
      <value>125</value>
      <measureType>ShortSwapPosition</measureType>
    </quote>
    <quote>
      <value>5550000</value>
      <measureType>ShortNotionalPosition</measureType>
      <currency>USD</currency>
    </quote>
  </exposure>
<!-- Data record #16 -->
  <exposure>
    <relatedParty>
      <partyReference href="cp6" />
      <role>Counterparty</role>
    </relatedParty>
    <cleared>false</cleared>
    <category categoryScheme="http://www.fpml.org/coding-scheme/org-type-category">Principal</category>
    <underlyingAsset>
      <commodity>
        <instrumentId instrumentIdScheme="http://www.fpml.org/spec/2008/commodity-reference-price">NATURAL GAS-HENRY HUB-NYMEX</instrumentId>
        <commodityBase commodityBaseScheme="http://www.fpml.org/coding-scheme/commodity-code">NYMEX NG</commodityBase>
<!-- need to generate/source the list of commodity codes -->
      </commodity>
    </underlyingAsset>
    <futuresEquivalentMonth>2011-10</futuresEquivalentMonth>
    <quote>
      <value>75</value>
      <measureType>ShortSwapPosition</measureType>
    </quote>
    <quote>
      <value>3375000</value>
      <measureType>ShortNotionalPosition</measureType>
      <currency>USD</currency>
    </quote>
  </exposure>
<!-- Data record #17 -->
  <exposure>
    <relatedParty>
      <partyReference href="cp1" />
      <role>Counterparty</role>
    </relatedParty>
    <cleared>false</cleared>
    <category categoryScheme="http://www.fpml.org/coding-scheme/org-type-category">Principal</category>
    <underlyingAsset>
      <commodity>
        <instrumentId instrumentIdScheme="http://www.fpml.org/spec/2008/commodity-reference-price">NATURAL GAS-HENRY HUB-NYMEX</instrumentId>
        <commodityBase commodityBaseScheme="http://www.fpml.org/coding-scheme/commodity-code">NYMEX NG</commodityBase>
<!-- need to generate/source the list of commodity codes -->
      </commodity>
    </underlyingAsset>
    <futuresEquivalentMonth>2011-10</futuresEquivalentMonth>
    <quote>
      <value>100</value>
      <measureType>LongSwapPosition</measureType>
    </quote>
    <quote>
      <value>4500000</value>
      <measureType>LongNotionalPosition</measureType>
      <currency>USD</currency>
    </quote>
  </exposure>
<!-- Data record #18 -->
  <exposure>
    <cleared>false</cleared>
    <category categoryScheme="http://www.fpml.org/coding-scheme/org-type-category">Principal</category>
    <underlyingAsset>
      <commodity>
        <instrumentId instrumentIdScheme="http://www.fpml.org/spec/2008/commodity-reference-price">NATURAL GAS-HENRY HUB-NYMEX</instrumentId>
        <commodityBase commodityBaseScheme="http://www.fpml.org/coding-scheme/commodity-code">NYMEX NG</commodityBase>
      </commodity>
    </underlyingAsset>
    <futuresEquivalentMonth>2011-10</futuresEquivalentMonth>
    <optionType>Call</optionType>
    <expirationDate>2011-08-31</expirationDate>
    <quote>
      <value>4.5</value>
      <measureType>StrikePrice</measureType>
      <quoteUnits>MMBTU</quoteUnits>
    </quote>
    <quote>
      <value>100</value>
      <measureType>NonDeltaAdjustedShortSwaptionPosition</measureType>
    </quote>
    <quote>
      <value>100</value>
      <measureType>DeltaAdjustedShortSwaptionPosition</measureType>
    </quote>
    <quote>
      <value>4500000</value>
      <measureType>ShortNotionalPosition</measureType>
      <currency>USD</currency>
    </quote>
  </exposure>
<!-- Data record #19 -->
  <exposure>
    <relatedParty>
      <partyReference href="cp1" />
      <role>Counterparty</role>
    </relatedParty>
    <cleared>false</cleared>
    <category categoryScheme="http://www.fpml.org/coding-scheme/org-type-category">Principal</category>
    <underlyingAsset>
      <commodity>
        <instrumentId instrumentIdScheme="http://www.fpml.org/spec/2008/commodity-reference-price">NATURAL GAS-HENRY HUB-NYMEX</instrumentId>
        <commodityBase commodityBaseScheme="http://www.fpml.org/coding-scheme/commodity-code">NYMEX NG</commodityBase>
      </commodity>
    </underlyingAsset>
    <futuresEquivalentMonth>2011-10</futuresEquivalentMonth>
    <optionType>Call</optionType>
    <expirationDate>2011-08-31</expirationDate>
    <quote>
      <value>4.5</value>
      <measureType>StrikePrice</measureType>
      <quoteUnits>MMBTU</quoteUnits>
    </quote>
    <quote>
      <value>100</value>
      <measureType>NonDeltaAdjustedLongSwaptionPosition</measureType>
    </quote>
    <quote>
      <value>100</value>
      <measureType>DeltaAdjustedLongSwaptionPosition</measureType>
    </quote>
    <quote>
      <value>4500000</value>
      <measureType>LongNotionalPosition</measureType>
      <currency>USD</currency>
    </quote>
  </exposure>
<!-- Data record #20 -->
  <exposure>
    <cleared>true</cleared>
    <category categoryScheme="http://www.fpml.org/coding-scheme/org-type-category">Principal</category>
    <productId productIdScheme="http://www.fpml.org/coding-scheme-external/product-id-clearorg1">CPID_2</productId>
    <underlyingAsset>
      <commodity>
        <instrumentId instrumentIdScheme="http://www.fpml.org/spec/2008/commodity-reference-price">SOYBEANS-CBOT</instrumentId>
        <commodityBase commodityBaseScheme="http://www.fpml.org/coding-scheme/commodity-code">CBT S</commodityBase>
<!-- need to generate/source the list of commodity codes -->
      </commodity>
    </underlyingAsset>
    <futuresEquivalentMonth>2011-09</futuresEquivalentMonth>
    <quote>
      <value>43.33</value>
      <measureType>ShortSwapPosition</measureType>
    </quote>
    <quote>
      <value>3033100</value>
      <measureType>ShortNotionalPosition</measureType>
      <currency>USD</currency>
    </quote>
  </exposure>
<!-- Data record #21 -->
  <exposure>
    <cleared>true</cleared>
    <category categoryScheme="http://www.fpml.org/coding-scheme/org-type-category">Principal</category>
    <productId productIdScheme="http://www.fpml.org/coding-scheme-external/product-id-clearorg1">CPID_2</productId>
    <underlyingAsset>
      <commodity>
        <instrumentId instrumentIdScheme="http://www.fpml.org/spec/2008/commodity-reference-price">SOYBEANS-CBOT</instrumentId>
        <commodityBase commodityBaseScheme="http://www.fpml.org/coding-scheme/commodity-code">CBT S</commodityBase>
<!-- need to generate/source the list of commodity codes -->
      </commodity>
    </underlyingAsset>
    <futuresEquivalentMonth>2011-11</futuresEquivalentMonth>
    <quote>
      <value>200</value>
      <measureType>ShortSwapPosition</measureType>
    </quote>
    <quote>
      <value>14500000</value>
      <measureType>ShortNotionalPosition</measureType>
      <currency>USD</currency>
    </quote>
  </exposure>
<!-- Data record #22 -->
  <exposure>
    <cleared>true</cleared>
    <category categoryScheme="http://www.fpml.org/coding-scheme/org-type-category">Principal</category>
    <productId productIdScheme="http://www.fpml.org/coding-scheme-external/product-id-clearorg1">CPID_2</productId>
    <underlyingAsset>
      <commodity>
        <instrumentId instrumentIdScheme="http://www.fpml.org/spec/2008/commodity-reference-price">SOYBEANS-CBOT</instrumentId>
        <commodityBase commodityBaseScheme="http://www.fpml.org/coding-scheme/commodity-code">CBT S</commodityBase>
<!-- need to generate/source the list of commodity codes -->
      </commodity>
    </underlyingAsset>
    <futuresEquivalentMonth>2012-01</futuresEquivalentMonth>
    <quote>
      <value>53.33</value>
      <measureType>ShortSwapPosition</measureType>
    </quote>
    <quote>
      <value>3999750</value>
      <measureType>ShortNotionalPosition</measureType>
      <currency>USD</currency>
    </quote>
  </exposure>
<!-- Data record #23 -->
  <exposure>
    <relatedParty>
      <partyReference href="clearmbr1" />
      <role>Counterparty</role>
    </relatedParty>
    <cleared>true</cleared>
    <category categoryScheme="http://www.fpml.org/coding-scheme/org-type-category">Principal</category>
    <productId productIdScheme="http://www.fpml.org/coding-scheme-external/product-id-clearorg1">CPID_2</productId>
    <underlyingAsset>
      <commodity>
        <instrumentId instrumentIdScheme="http://www.fpml.org/spec/2008/commodity-reference-price">SOYBEANS-CBOT</instrumentId>
        <commodityBase commodityBaseScheme="http://www.fpml.org/coding-scheme/commodity-code">CBT S</commodityBase>
<!-- need to generate/source the list of commodity codes -->
      </commodity>
    </underlyingAsset>
    <futuresEquivalentMonth>2011-09</futuresEquivalentMonth>
    <quote>
      <value>43.33</value>
      <measureType>LongSwapPosition</measureType>
    </quote>
    <quote>
      <value>3266900</value>
      <measureType>LongNotionalPosition</measureType>
      <currency>USD</currency>
    </quote>
  </exposure>
<!-- Data record #24 -->
  <exposure>
    <relatedParty>
      <partyReference href="clearmbr1" />
      <role>Counterparty</role>
    </relatedParty>
    <cleared>true</cleared>
    <category categoryScheme="http://www.fpml.org/coding-scheme/org-type-category">Principal</category>
    <productId productIdScheme="http://www.fpml.org/coding-scheme-external/product-id-clearorg1">CPID_2</productId>
    <underlyingAsset>
      <commodity>
        <instrumentId instrumentIdScheme="http://www.fpml.org/spec/2008/commodity-reference-price">SOYBEANS-CBOT</instrumentId>
        <commodityBase commodityBaseScheme="http://www.fpml.org/coding-scheme/commodity-code">CBT S</commodityBase>
<!-- need to generate/source the list of commodity codes -->
      </commodity>
    </underlyingAsset>
    <futuresEquivalentMonth>2011-11</futuresEquivalentMonth>
    <quote>
      <value>200</value>
      <measureType>LongSwapPosition</measureType>
    </quote>
    <quote>
      <value>14500000</value>
      <measureType>LongNotionalPosition</measureType>
      <currency>USD</currency>
    </quote>
  </exposure>
<!-- Data record #25 -->
  <exposure>
    <relatedParty>
      <partyReference href="clearmbr1" />
      <role>Counterparty</role>
    </relatedParty>
    <cleared>true</cleared>
    <category categoryScheme="http://www.fpml.org/coding-scheme/org-type-category">Principal</category>
    <productId productIdScheme="http://www.fpml.org/coding-scheme-external/product-id-clearorg1">CPID_2</productId>
    <underlyingAsset>
      <commodity>
        <instrumentId instrumentIdScheme="http://www.fpml.org/spec/2008/commodity-reference-price">SOYBEANS-CBOT</instrumentId>
        <commodityBase commodityBaseScheme="http://www.fpml.org/coding-scheme/commodity-code">CBT S</commodityBase>
<!-- need to generate/source the list of commodity codes -->
      </commodity>
    </underlyingAsset>
    <futuresEquivalentMonth>2012-01</futuresEquivalentMonth>
    <quote>
      <value>53.33</value>
      <measureType>LongSwapPosition</measureType>
    </quote>
    <quote>
      <value>3999750</value>
      <measureType>LongNotionalPosition</measureType>
      <currency>USD</currency>
    </quote>
  </exposure>
  <party id="dealer1">
    <partyId partyIdScheme="http://www.fpml.org/coding-scheme/dummy-party-id">CP_00</partyId>
    <partyName>SD1</partyName>
  </party>
  <party id="cp1">
    <partyId partyIdScheme="http://www.fpml.org/coding-scheme/dummy-party-id">CP_O1</partyId>
    <partyName>Energy Firm 1</partyName>
  </party>
  <party id="cp2">
    <partyId partyIdScheme="http://www.fpml.org/coding-scheme/dummy-party-id">CP_O2</partyId>
    <partyName>Energy Firm 2</partyName>
  </party>
  <party id="cp3">
    <partyId partyIdScheme="http://www.fpml.org/coding-scheme/dummy-party-id">CP_O3</partyId>
    <partyName>Energy Firm 3</partyName>
  </party>
  <party id="cp4">
    <partyId partyIdScheme="http://www.fpml.org/coding-scheme/dummy-party-id">CP_O4</partyId>
    <partyName>ABC Clearing</partyName>
  </party>
  <party id="clearorg1">
    <partyId partyIdScheme="http://www.fpml.org/coding-scheme/dummy-party-id">CCO_ID_O1</partyId>
    <partyName>ABC Clearing</partyName>
  </party>
  <party id="cp5">
    <partyId partyIdScheme="http://www.fpml.org/coding-scheme/dummy-party-id">CP_O5</partyId>
    <partyName>XYZ Firm</partyName>
  </party>
  <party id="cp6">
    <partyId partyIdScheme="http://www.fpml.org/coding-scheme/dummy-party-id">CP_O6</partyId>
    <partyName>WVU Firm</partyName>
  </party>
  <party id="clearmbr1">
    <partyId partyIdScheme="http://www.fpml.org/coding-scheme/dummy-party-id">CP_O8</partyId>
    <partyName>CM1</partyName>
  </party>
</exposureReport>

