<?xml version="1.0" encoding="utf-8"?>
<!--View is confirmation-->
<!--Version is 5-10-->
<!--NS is http://www.fpml.org/FpML-5/confirmation-->
<!--
        == Copyright (c) 2014-2018 All rights reserved.
        == Financial Products Markup Language is subject to the FpML public license.
        == A copy of this license is available at http://www.fpml.org/license/license.html
-->
<dataDocument xmlns="http://www.fpml.org/FpML-5/confirmation" xmlns:xsi="http://www.w3.org/2001/XMLSchema-instance" fpmlVersion="5-10" xsi:schemaLocation="http://www.fpml.org/FpML-5/confirmation ../../fpml-main-5-10.xsd http://www.w3.org/2000/09/xmldsig# ../../xmldsig-core-schema.xsd">
  <trade>
    <tradeHeader>
      <partyTradeIdentifier>
        <partyReference href="partyA" />
        <tradeId tradeIdScheme="http://www.PartyA.com/com-trade-id">1234</tradeId>
      </partyTradeIdentifier>
      <partyTradeIdentifier>
        <partyReference href="partyB" />
        <tradeId tradeIdScheme="http://www.PartyB.com/com-trade-id">2345</tradeId>
      </partyTradeIdentifier>
      <tradeDate>2009-01-28</tradeDate>
    </tradeHeader>
    <commoditySwap>
      <effectiveDate>
        <adjustableDate>
          <unadjustedDate>2009-04-01</unadjustedDate>
          <dateAdjustments>
            <businessDayConvention>NotApplicable</businessDayConvention>
          </dateAdjustments>
        </adjustableDate>
      </effectiveDate>
      <terminationDate>
        <adjustableDate>
          <unadjustedDate>2009-04-04</unadjustedDate>
          <dateAdjustments>
            <businessDayConvention>NotApplicable</businessDayConvention>
          </dateAdjustments>
        </adjustableDate>
      </terminationDate>
      <settlementCurrency>USD</settlementCurrency>
      <gasPhysicalLeg>
        <payerPartyReference href="partyA" />
        <receiverPartyReference href="partyB" />
        <deliveryPeriods>
          <periodsSchedule id="deliveryPeriods">
            <periodMultiplier>1</periodMultiplier>
            <period>T</period>
            <balanceOfFirstPeriod>false</balanceOfFirstPeriod>
          </periodsSchedule>
        </deliveryPeriods>
        <gas>
          <type>NaturalGas</type>
        </gas>
        <deliveryConditions>
          <deliveryPoint deliveryPointScheme="http://www.PartyA.com/commodity-delivery-point-gas-1-0">TW-WTX</deliveryPoint>
          <deliveryType>Firm</deliveryType>
        </deliveryConditions>
        <deliveryQuantity id="deliveryQuantity">
          <physicalQuantity>
            <quantityUnit>MMBTU</quantityUnit>
            <quantityFrequency>PerCalendarDay</quantityFrequency>
            <quantity>15000.0</quantity>
          </physicalQuantity>
        </deliveryQuantity>
      </gasPhysicalLeg>
      <floatingLeg>
        <payerPartyReference href="partyB" />
        <receiverPartyReference href="partyA" />
        <calculationPeriodsScheduleReference href="deliveryPeriods" />
        <commodity>
          <instrumentId instrumentIdScheme="http://www.fpml.org/spec/2008/commodity-reference-price-1-0">NATURAL GAS-NYMEX</instrumentId>
          <specifiedPrice>Settlement</specifiedPrice>
        </commodity>
        <quantityReference href="deliveryQuantity" />
        <calculation>
          <pricingDates>
            <calculationPeriodsScheduleReference href="deliveryPeriods" />
            <dayType>GasFlow</dayType>
            <dayDistribution>All</dayDistribution>
          </pricingDates>
          <spread>
            <currency>USD</currency>
            <amount>15.0</amount>
          </spread>
        </calculation>
        <masterAgreementPaymentDates>true</masterAgreementPaymentDates>
      </floatingLeg>
    </commoditySwap>
    <documentation>
      <masterAgreement>
        <masterAgreementType>ISDA</masterAgreementType>
      </masterAgreement>
      <contractualDefinitions>ISDA2005Commodity</contractualDefinitions>
    </documentation>
  </trade>
  <party id="partyA">
    <partyId partyIdScheme="http://www.fpml.org/coding-scheme/external/iso17442">549300KFSLY4U7N3LL12</partyId>
    <partyName>Bank</partyName>
  </party>
  <party id="partyB">
    <partyId partyIdScheme="http://www.fpml.org/coding-scheme/external/iso17442">549300AJRHKBLY9GM262</partyId>
    <partyName>Energy Co.</partyName>
  </party>
</dataDocument>

