<?xml version="1.0" encoding="utf-8"?>
<!--View is reporting-->
<!--Version is 5-10-->
<!--NS is http://www.fpml.org/FpML-5/reporting-->
<!--
  == Copyright (c) 2014-2018 All rights reserved.
  == Financial Products Markup Language is subject to the FpML public license.
  == A copy of this license is available at http://www.fpml.org/license/license.html
  -->
<positionsAsserted xmlns="http://www.fpml.org/FpML-5/reporting" xmlns:xsi="http://www.w3.org/2001/XMLSchema-instance" fpmlVersion="5-10" xsi:schemaLocation="http://www.fpml.org/FpML-5/reporting ../fpml-main-5-10.xsd http://www.w3.org/2000/09/xmldsig# ../xmldsig-core-schema.xsd">
  <header>
    <messageId messageIdScheme="http://www.abc.com/mid">ABC0004</messageId>
    <sentBy>ABCDUS33</sentBy>
    <sendTo>RECSERV</sendTo>
    <creationTimestamp>2006-04-28T12:07:00Z</creationTimestamp>
  </header>
  <portfolio>
    <portfolioName>fundPortfolio1</portfolioName>
    <asOfDate>2006-04-26</asOfDate>
    <definingParty href="dealer" />
    <matchingParty href="fund" />
    <newPortfolioDefinition>true</newPortfolioDefinition>
  </portfolio>
  <submissionsComplete>false</submissionsComplete>
  <definePosition>
    <positionId positionIdScheme="http://www.abc.com/positionId">Position-01</positionId>
    <version>3</version>
    <reportingRoles>
      <baseParty href="fund" />
      <positionProvider href="dealer" />
    </reportingRoles>
    <constituent>
      <positionVersionReference>2</positionVersionReference>
<!-- same as in version 2 -->
    </constituent>
    <valuation>
      <quote>
        <value>12200.00</value>
        <measureType>NPV</measureType>
        <currency>USD</currency>
      </quote>
    </valuation>
  </definePosition>
  <party id="dealer">
    <partyId partyIdScheme="http://www.fpml.org/coding-scheme/external/iso17442">QGPGHQ1ENZOOLJRFTH41</partyId>
    <partyName>ABCD Securities Inc.</partyName>
  </party>
  <party id="fund">
    <partyId partyIdScheme="http://www.fpml.org/coding-scheme/external/iso17442">J6W9XJWVE853A9CVRQ85</partyId>
    <partyName>HedgeCo Capital L.L.C.</partyName>
  </party>
</positionsAsserted>

