<?xml version="1.0" encoding="utf-8"?>
<!--View is confirmation-->
<!--Version is 5-11-->
<!--NS is http://www.fpml.org/FpML-5/confirmation-->
<!--
        == Copyright (c) 2014- All rights reserved.
        == Financial Products Markup Language is subject to the FpML public license.
        == A copy of this license is available at http://www.fpml.org/license/license.html
-->
<executionNotification xmlns="http://www.fpml.org/FpML-5/confirmation" xmlns:xsi="http://www.w3.org/2001/XMLSchema-instance" fpmlVersion="5-11" xsi:schemaLocation="http://www.fpml.org/FpML-5/confirmation ../../fpml-main-5-11.xsd http://www.w3.org/2000/09/xmldsig# ../../xmldsig-core-schema.xsd">
  <header>
    <messageId messageIdScheme="http://www.barclaysglobal.com/partners/schema/v1-1/schemes/messageID">GW:2W81Q117</messageId>
    <sentBy>BGIAGB2L</sentBy>
    <sendTo>WSSOGB2L</sendTo>
    <creationTimestamp>2004-06-23T06:55:42+05:00</creationTimestamp>
  </header>
  <isCorrection>false</isCorrection>
  <correlationId correlationIdScheme="http://www.barclaysglobal.com/partners/schema/v1-1/schemes/correlationD">1234556</correlationId>
  <sequenceNumber>1</sequenceNumber>
  <trade>
    <tradeHeader>
      <partyTradeIdentifier>
        <partyReference href="party1" />
        <tradeId tradeIdScheme="http://www.partyA.com/swaps/trade-id">E2000098N10184</tradeId>
      </partyTradeIdentifier>
      <partyTradeIdentifier>
        <partyReference href="party2" />
        <tradeId tradeIdScheme="http://www.barclays.com/swaps/trade-id">1234</tradeId>
      </partyTradeIdentifier>
      <tradeDate>2005-02-20</tradeDate>
    </tradeHeader>
    <swap>
      <swapStream>
        <payerPartyReference href="party1" />
        <receiverPartyReference href="party2" />
        <calculationPeriodDates id="N10434">
          <effectiveDate>
            <unadjustedDate>2005-02-22</unadjustedDate>
            <dateAdjustments>
              <businessDayConvention>MODFOLLOWING</businessDayConvention>
              <businessCenters>
                <businessCenter>GBLO</businessCenter>
              </businessCenters>
            </dateAdjustments>
          </effectiveDate>
          <terminationDate>
            <unadjustedDate>2035-02-22</unadjustedDate>
            <dateAdjustments>
              <businessDayConvention>MODFOLLOWING</businessDayConvention>
              <businessCenters>
                <businessCenter>GBLO</businessCenter>
              </businessCenters>
            </dateAdjustments>
          </terminationDate>
          <calculationPeriodDatesAdjustments>
            <businessDayConvention>MODFOLLOWING</businessDayConvention>
            <businessCenters>
              <businessCenter>GBLO</businessCenter>
            </businessCenters>
          </calculationPeriodDatesAdjustments>
          <firstPeriodStartDate>
            <unadjustedDate>2005-02-20</unadjustedDate>
            <dateAdjustments>
              <businessDayConvention>MODFOLLOWING</businessDayConvention>
              <businessCenters>
                <businessCenter>GBLO</businessCenter>
              </businessCenters>
            </dateAdjustments>
          </firstPeriodStartDate>
          <calculationPeriodFrequency>
            <periodMultiplier>1</periodMultiplier>
            <period>Y</period>
            <rollConvention>22</rollConvention>
          </calculationPeriodFrequency>
        </calculationPeriodDates>
        <paymentDates>
          <calculationPeriodDatesReference href="N10434" />
          <paymentFrequency>
            <periodMultiplier>30</periodMultiplier>
            <period>Y</period>
          </paymentFrequency>
          <payRelativeTo>CalculationPeriodEndDate</payRelativeTo>
          <paymentDatesAdjustments>
            <businessDayConvention>MODFOLLOWING</businessDayConvention>
            <businessCenters>
              <businessCenter>GBLO</businessCenter>
            </businessCenters>
          </paymentDatesAdjustments>
        </paymentDates>
        <calculationPeriodAmount>
          <calculation>
            <notionalSchedule>
              <notionalStepSchedule>
                <initialValue>1000000</initialValue>
                <currency>GBP</currency>
              </notionalStepSchedule>
            </notionalSchedule>
            <fixedRateSchedule>
              <initialValue>0.01</initialValue>
            </fixedRateSchedule>
            <dayCountFraction>1/1</dayCountFraction>
          </calculation>
        </calculationPeriodAmount>
      </swapStream>
      <swapStream>
        <payerPartyReference href="party2" />
        <receiverPartyReference href="party1" />
        <calculationPeriodDates id="N10277">
          <effectiveDate>
            <unadjustedDate>2005-02-22</unadjustedDate>
            <dateAdjustments>
              <businessDayConvention>MODFOLLOWING</businessDayConvention>
              <businessCenters>
                <businessCenter>EUTA</businessCenter>
              </businessCenters>
            </dateAdjustments>
          </effectiveDate>
          <terminationDate>
            <unadjustedDate>2035-02-22</unadjustedDate>
            <dateAdjustments>
              <businessDayConvention>MODFOLLOWING</businessDayConvention>
              <businessCenters>
                <businessCenter>EUTA</businessCenter>
              </businessCenters>
            </dateAdjustments>
          </terminationDate>
          <calculationPeriodDatesAdjustments>
            <businessDayConvention>NONE</businessDayConvention>
          </calculationPeriodDatesAdjustments>
          <calculationPeriodFrequency>
            <periodMultiplier>30</periodMultiplier>
            <period>Y</period>
            <rollConvention>NONE</rollConvention>
          </calculationPeriodFrequency>
        </calculationPeriodDates>
        <paymentDates>
          <calculationPeriodDatesReference href="N10277" />
          <paymentFrequency>
            <periodMultiplier>30</periodMultiplier>
            <period>Y</period>
          </paymentFrequency>
          <payRelativeTo>CalculationPeriodEndDate</payRelativeTo>
          <paymentDatesAdjustments>
            <businessDayConvention>MODFOLLOWING</businessDayConvention>
            <businessCenters>
              <businessCenter>EUTA</businessCenter>
            </businessCenters>
          </paymentDatesAdjustments>
        </paymentDates>
        <calculationPeriodAmount>
          <calculation>
            <notionalSchedule>
              <notionalStepSchedule>
                <initialValue>1000000</initialValue>
                <currency>GBP</currency>
              </notionalStepSchedule>
            </notionalSchedule>
            <inflationRateCalculation>
              <floatingRateIndex floatingRateIndexScheme="http://www.fpml.org/coding-scheme/inflation-index-description-2-0">UK-RPI</floatingRateIndex>
              <inflationLag>
                <periodMultiplier>2</periodMultiplier>
                <period>M</period>
              </inflationLag>
              <indexSource rateSourcePageScheme="http://www.fpml.org/coding-scheme/inflation-index-source-1-0">UKRPI</indexSource>
              <mainPublication mainPublicationScheme="http://www.fpml.org/coding-scheme/inflation-main-publication-1-0">ONS</mainPublication>
              <interpolationMethod>LinearZeroYield</interpolationMethod>
              <fallbackBondApplicable>true</fallbackBondApplicable>
            </inflationRateCalculation>
            <dayCountFraction>1/1</dayCountFraction>
            <compoundingMethod>None</compoundingMethod>
          </calculation>
        </calculationPeriodAmount>
      </swapStream>
    </swap>
  </trade>
  <party id="party1">
    <partyId partyIdScheme="http://www.fpml.org/coding-scheme/dummy-party-id">12345</partyId>
  </party>
  <party id="party2">
    <partyId partyIdScheme="http://www.fpml.org/coding-scheme/dummy-party-id">67890</partyId>
  </party>
  <account id="primaryAct1">
    <accountId>PRIM_450</accountId>
    <accountName>PRIMARY_ACCOUNT</accountName>
    <accountBeneficiary href="party1" />
  </account>
  <account id="crossAct1">
    <accountId>CROSS_560</accountId>
    <accountName>CROSS_ACCOUNT</accountName>
    <accountBeneficiary href="party2" />
  </account>
</executionNotification>

