<?xml version="1.0" encoding="utf-8"?>
<!--View is reporting-->
<!--Version is 5-10-->
<!--NS is http://www.fpml.org/FpML-5/reporting-->
<!--
        == Copyright (c) 2014-2018 All rights reserved.
        == Financial Products Markup Language is subject to the FpML public license.
        == A copy of this license is available at http://www.fpml.org/license/license.html
-->
<!--5.0:Message type is a Root of the message-->
<!--
Example of a party report
-->
<partyReport xmlns="http://www.fpml.org/FpML-5/reporting" xmlns:xsi="http://www.w3.org/2001/XMLSchema-instance" fpmlVersion="5-10" xsi:schemaLocation="http://www.fpml.org/FpML-5/reporting ../fpml-main-5-10.xsd http://www.w3.org/2000/09/xmldsig# ../xmldsig-core-schema.xsd">
  <header>
    <messageId messageIdScheme="http://www.abc.com/report_id">XXX00123</messageId>
    <sentBy>XYZ</sentBy>
    <sendTo>ABC</sendTo>
    <creationTimestamp>2009-10-01T18:00:00Z</creationTimestamp>
  </header>
  <onBehalfOf>
    <partyReference href="abc-trading-entity" />
  </onBehalfOf>
  <asOfDate>2009-10-01</asOfDate>
  <party id="abc-trading-entity">
    <partyId partyIdScheme="http://www.fpml.org/coding-scheme/external/iso17442">QGPGHQ1ENZOOLJRFTH41</partyId>
    <partyName>ABC Bank, N.A.</partyName>
    <classification industryClassificationScheme="http://www.fpml.org/coding-scheme/industry-classification/sic">123456</classification>
    <classification industryClassificationScheme="http://www.fpml.org/coding-scheme/external/north-american-industry-classification-system">123456</classification>
    <creditRating creditRatingScheme="http://www.fpml.org/coding-scheme/credit-rating/moodys">BB</creditRating>
    <creditRating creditRatingScheme="http://www.fpml.org/coding-scheme/credit-rating/dun_and_bradstreet">BB-</creditRating>
    <country>US</country>
    <relatedParty>
      <partyReference href="abc-parent" />
      <role>Guarantor</role>
      <type>AllPositions</type>
      <effectiveDate>2009-01-01</effectiveDate>
      <terminationDate>2010-01-01</terminationDate>
      <documentation>
        <agreement>
          <type>CreditProtection</type>
          <date>2006-01-03</date>
          <governingLaw>GBEN</governingLaw>
        </agreement>
      </documentation>
    </relatedParty>
  </party>
  <party id="abc-trading-entity2">
    <partyId partyIdScheme="http://www.fpml.org/coding-scheme/dummy-party-id">ABCDGB2L</partyId>
    <partyName>ABC Bank PLC</partyName>
    <classification industryClassificationScheme="http://www.fpml.org/coding-scheme/industry-classification/sic-code">123456</classification>
    <creditRating creditRatingScheme="http://www.fpml.org/coding-scheme/credit-rating/moodys">BB</creditRating>
    <country>UK</country>
    <jurisdiction>GBEN</jurisdiction>
    <relatedParty>
      <partyReference href="abc-parent" />
      <role>Guarantor</role>
      <type>SomePositions</type>
      <documentation>
        <agreement>
          <type>CreditProtection</type>
          <date>2006-01-03</date>
          <governingLaw>GBEN</governingLaw>
        </agreement>
      </documentation>
    </relatedParty>
  </party>
  <party id="abc-parent">
    <partyId partyIdScheme="http://www.fpml.org/coding-scheme/dummy-party-id">ABC1</partyId>
    <partyName>ABC Bankcorp, Ltd.</partyName>
    <classification industryClassificationScheme="http://www.fpml.org/coding-scheme/industry-classification/sic-code">123456</classification>
    <creditRating creditRatingScheme="http://www.fpml.org/coding-scheme/credit-rating/moodys">AA</creditRating>
    <country>UK</country>
  </party>
<!-- trading counterparty of abc trading entity -->
  <party id="def">
    <partyId partyIdScheme="http://www.fpml.org/coding-scheme/dummy-party-id">DEF</partyId>
    <partyName>DEF LLC</partyName>
    <classification industryClassificationScheme="http://www.fpml.org/coding-scheme/industry-classification/sic-code">123456</classification>
    <country>US</country>
    <relatedParty>
      <partyReference href="abc-trading-entity" />
      <role>TradingPartner</role>
      <documentation>
        <masterAgreement>
          <masterAgreementType>ISDA</masterAgreementType>
          <masterAgreementVersion>1992</masterAgreementVersion>
          <masterAgreementDate>2006-01-03</masterAgreementDate>
        </masterAgreement>
      </documentation>
    </relatedParty>
    <relatedParty>
      <partyReference href="abc-trading-entity2" />
      <role>TradingPartner</role>
      <documentation>
        <masterAgreement>
          <masterAgreementType>ISDA</masterAgreementType>
          <masterAgreementVersion>1992</masterAgreementVersion>
          <masterAgreementDate>2006-01-03</masterAgreementDate>
        </masterAgreement>
      </documentation>
    </relatedParty>
    <relatedParty>
      <partyReference href="abc-parent" />
      <role>CreditSupportProvider</role>
      <documentation>
        <agreement>
          <type>CreditProtection</type>
          <date>2006-01-03</date>
          <governingLaw>GBEN</governingLaw>
        </agreement>
      </documentation>
    </relatedParty>
  </party>
</partyReport>

