<?xml version="1.0" encoding="utf-8"?>
<!--View is reporting-->
<!--Version is 5-11-->
<!--NS is http://www.fpml.org/FpML-5/reporting-->
<!--
  == Copyright (c) 2018-2020 All rights reserved.
  == Financial Products Markup Language is subject to the FpML public license.
  == A copy of this license is available at http://www.fpml.org/license/license.html
  
  == 
  -->
<tradeCashflowsAsserted xmlns="http://www.fpml.org/FpML-5/reporting" xmlns:xsi="http://www.w3.org/2001/XMLSchema-instance" fpmlVersion="5-11" xsi:schemaLocation="http://www.fpml.org/FpML-5/reporting ../fpml-main-5-11.xsd http://www.w3.org/2000/09/xmldsig# ../xmldsig-core-schema.xsd">
  <header>
    <messageId messageIdScheme="http://www.example.com/messageId">CEN/2004/01/05/15-38</messageId>
    <sentBy>ABC</sentBy>
    <sendTo>DEF</sendTo>
    <creationTimestamp>2005-08-01T15:38:00Z</creationTimestamp>
  </header>
  <asOfDate>2005-08-01T15:38:00Z</asOfDate>
  <tradeCashflowsId tradeCashflowsIdScheme="http://www.abc.com/tradeCashflowsId">tradeCashflowsABC001</tradeCashflowsId>
  <tradeIdentifyingItems>
    <partyTradeIdentifier>
      <partyReference href="party1" />
      <tradeId tradeIdScheme="http://www.abc.com/tradeId">LSSS0052O0130000000</tradeId>
    </partyTradeIdentifier>
    <tradeDetails>
      <tradeDate>2000-05-17</tradeDate>
      <effectiveDate>
        <unadjustedDate>2000-05-19</unadjustedDate>
      </effectiveDate>
      <terminationDate>
        <unadjustedDate>2009-05-19</unadjustedDate>
      </terminationDate>
      <productType productTypeScheme="http://www.fpml.org/coding-scheme/product-type-simple">InterestRateSwap</productType>
      <underlyer id="SEK-STIBOR-SIDE">
        <floatingRate>
          <floatingRateIndex>SEK-STIBOR-SIDE</floatingRateIndex>
          <indexTenor>
            <periodMultiplier>3</periodMultiplier>
            <period>M</period>
          </indexTenor>
        </floatingRate>
      </underlyer>
      <underlyer id="FIXED">
        <fixedRate>
          <initialValue>0.06247500</initialValue>
        </fixedRate>
      </underlyer>
      <notional>
        <currency>SEK</currency>
        <amount>100000000.00</amount>
      </notional>
    </tradeDetails>
  </tradeIdentifyingItems>
  <adjustedPaymentDate>2005-08-19</adjustedPaymentDate>
  <payment>
    <identifier paymentIdScheme="http://www.abc.com/netPaymentId">7819930</identifier>
    <payerPartyReference href="party1" />
    <receiverPartyReference href="party2" />
    <paymentAmount>
      <currency>SEK</currency>
      <amount>5735166.67</amount>
    </paymentAmount>
    <calculationDetails>
      <grossCashflow>
        <cashflowId cashflowIdScheme="http://www.abc.com/cashflowId">20050519SEK00680811-1</cashflowId>
        <payerPartyReference href="party1" />
        <receiverPartyReference href="party2" />
        <cashflowAmount>
          <currency>SEK</currency>
          <amount>6247500.00</amount>
        </cashflowAmount>
        <cashflowType>Coupon</cashflowType>
      </grossCashflow>
      <calculationElements>
        <calculationPeriod>
          <adjustedStartDate>2004-05-19</adjustedStartDate>
          <adjustedEndDate>2005-05-19</adjustedEndDate>
          <numberOfDays>360</numberOfDays>
          <dayCountFraction>30/360</dayCountFraction>
        </calculationPeriod>
      </calculationElements>
    </calculationDetails>
    <calculationDetails>
      <grossCashflow>
        <cashflowId cashflowIdScheme="http://www.abc.com/cashflowId">20050519SEK00680811-2</cashflowId>
        <payerPartyReference href="party2" />
        <receiverPartyReference href="party1" />
        <cashflowAmount>
          <currency>SEK</currency>
          <amount>512333.33</amount>
        </cashflowAmount>
        <cashflowType>Coupon</cashflowType>
      </grossCashflow>
      <observationElements id="observation-SEK-STIBOR-SIDE">
        <underlyerReference href="SEK-STIBOR-SIDE" />
        <observationDate>2005-02-17</observationDate>
        <observedValue>
          <value>0.02120000</value>
        </observedValue>
      </observationElements>
      <calculationElements>
        <calculatedRate>
          <observationReference href="observation-SEK-STIBOR-SIDE" />
          <calculatedValue>0.02120000</calculatedValue>
          <spread>0</spread>
        </calculatedRate>
        <calculationPeriod>
          <adjustedStartDate>2005-02-22</adjustedStartDate>
          <adjustedEndDate>2005-05-19</adjustedEndDate>
          <numberOfDays>87</numberOfDays>
          <dayCountFraction>ACT/360</dayCountFraction>
          <dayCountYearFraction>0.2417</dayCountYearFraction>
        </calculationPeriod>
      </calculationElements>
    </calculationDetails>
  </payment>
  <party id="party1">
    <partyId partyIdScheme="http://www.fpml.org/coding-scheme/external/iso17442">549300S28N49H5RT4J50</partyId>
  </party>
  <party id="party2">
    <partyId partyIdScheme="http://www.fpml.org/coding-scheme/external/iso17442">549300L7VWW3G1702646</partyId>
  </party>
</tradeCashflowsAsserted>

