<?xml version="1.0" encoding="utf-8"?>
<!--View is reporting-->
<!--Version is 5-11-->
<!--NS is http://www.fpml.org/FpML-5/reporting-->
<!--
  == Copyright (c) 2014- All rights reserved.
  == Financial Products Markup Language is subject to the FpML public license.
  == A copy of this license is available at http://www.fpml.org/license/license.html
  
  == 
  -->
<!--
  == Copyright (c) 2014- All rights reserved.
  == Financial Products Markup Language is subject to the FpML public license.
  == A copy of this license is available at http://www.fpml.org/license/license.html
  
  == 
  -->
<tradeCashflowsAsserted xmlns="http://www.fpml.org/FpML-5/reporting" xmlns:xsi="http://www.w3.org/2001/XMLSchema-instance" fpmlVersion="5-11" xsi:schemaLocation="http://www.fpml.org/FpML-5/reporting ../fpml-main-5-11.xsd http://www.w3.org/2000/09/xmldsig# ../xmldsig-core-schema.xsd">
  <header>
    <messageId messageIdScheme="http://www.example.com/messageId">CEN/2004/01/05/15-38</messageId>
    <sentBy>ABC</sentBy>
    <sendTo>DEF</sendTo>
    <creationTimestamp>2005-06-21T15:00:00Z</creationTimestamp>
  </header>
  <asOfDate>2005-06-21T15:00:00Z</asOfDate>
  <tradeCashflowsId tradeCashflowsIdScheme="http://www.abc.com/tradeCashflowsId">tradeCashflowsABC001</tradeCashflowsId>
  <tradeIdentifyingItems>
    <partyTradeIdentifier>
      <partyReference href="party1" />
      <tradeId tradeIdScheme="http://www.abc.com/tradeId">SDB0494701620</tradeId>
    </partyTradeIdentifier>
    <tradeDetails>
      <tradeDate>2005-02-28</tradeDate>
      <effectiveDate>
        <unadjustedDate>2005-03-01</unadjustedDate>
      </effectiveDate>
      <terminationDate>
        <unadjustedDate>2009-12-20</unadjustedDate>
      </terminationDate>
      <productType productTypeScheme="http://www.fpml.org/coding-scheme/product-type-simple">CreditDefaultSwap</productType>
      <underlyer id="_018A99">
        <referenceEntity>
          <entityId entityIdScheme="http://www.fpml.org/spec/2003/entity-id-RED-1-0">018A99</entityId>
        </referenceEntity>
      </underlyer>
      <underlyer id="FIXED">
        <fixedRate>
          <initialValue>0.04</initialValue>
        </fixedRate>
      </underlyer>
      <notional>
        <currency>USD</currency>
        <amount>2000000.00</amount>
      </notional>
    </tradeDetails>
  </tradeIdentifyingItems>
  <adjustedPaymentDate>2005-09-20</adjustedPaymentDate>
  <payment>
    <identifier paymentIdScheme="http://www.abc.com/netPaymentId">8410363</identifier>
    <payerPartyReference href="party2" />
    <receiverPartyReference href="party1" />
    <paymentAmount>
      <currency>USD</currency>
      <amount>20444.44</amount>
    </paymentAmount>
    <calculationDetails>
      <grossCashflow>
        <cashflowId cashflowIdScheme="http://www.abc.com/cashflowId">_20050920USD76188934</cashflowId>
        <payerPartyReference href="party2" />
        <receiverPartyReference href="party1" />
        <cashflowAmount>
          <currency>USD</currency>
          <amount>20444.44</amount>
        </cashflowAmount>
        <cashflowType>Coupon</cashflowType>
      </grossCashflow>
      <calculationElements>
        <calculationPeriod>
          <adjustedStartDate>2005-06-20</adjustedStartDate>
          <adjustedEndDate>2005-09-20</adjustedEndDate>
          <numberOfDays>92</numberOfDays>
          <dayCountFraction>ACT/360</dayCountFraction>
          <dayCountYearFraction>0.2555</dayCountYearFraction>
        </calculationPeriod>
      </calculationElements>
    </calculationDetails>
  </payment>
  <party id="party1">
    <partyId partyIdScheme="http://www.fpml.org/coding-scheme/external/iso17442">549300S28N49H5RT4J50</partyId>
  </party>
  <party id="party2">
    <partyId partyIdScheme="http://www.fpml.org/coding-scheme/external/iso17442">549300L7VWW3G1702646</partyId>
  </party>
</tradeCashflowsAsserted>

