<?xml version="1.0" encoding="utf-8"?>
<!--View is reporting-->
<!--Version is 5-11-->
<!--NS is http://www.fpml.org/FpML-5/reporting-->
<!--
  == Copyright (c) 2014- All rights reserved.
  == Financial Products Markup Language is subject to the FpML public license.
  == A copy of this license is available at http://www.fpml.org/license/license.html
  
  == 
  -->
<tradeCashflowsAsserted xmlns="http://www.fpml.org/FpML-5/reporting" xmlns:xsi="http://www.w3.org/2001/XMLSchema-instance" fpmlVersion="5-11" xsi:schemaLocation="http://www.fpml.org/FpML-5/reporting ../fpml-main-5-11.xsd http://www.w3.org/2000/09/xmldsig# ../xmldsig-core-schema.xsd">
  <header>
    <messageId messageIdScheme="http://www.example.com/messageId">CEN/2004/01/05/15-38</messageId>
    <sentBy>ABC</sentBy>
    <sendTo>DEF</sendTo>
    <creationTimestamp>2005-02-28T15:00:00Z</creationTimestamp>
  </header>
  <tradeCashflowsId>8410363</tradeCashflowsId>
  <tradeIdentifyingItems>
    <partyTradeIdentifier>
      <partyReference href="party1" />
      <tradeId tradeIdScheme="http://www.abc.com/tradeId">SDB0494701620</tradeId>
    </partyTradeIdentifier>
    <tradeDetails>
      <tradeDate>2005-02-28</tradeDate>
      <effectiveDate>
        <unadjustedDate>2005-03-01</unadjustedDate>
      </effectiveDate>
      <terminationDate>
        <unadjustedDate>2009-12-20</unadjustedDate>
      </terminationDate>
      <underlyer>
        <fixedRate>
          <initialValue>0.0015</initialValue>
        </fixedRate>
      </underlyer>
      <underlyer>
        <referenceEntity>
          <entityName>Any Corp.</entityName>
        </referenceEntity>
      </underlyer>
      <notional>
        <currency>USD</currency>
        <amount>2000000.00</amount>
      </notional>
    </tradeDetails>
  </tradeIdentifyingItems>
  <adjustedPaymentDate>2005-03-20</adjustedPaymentDate>
  <payment>
    <identifier paymentIdScheme="www.abc.com/netPaymentid">8410363</identifier>
    <payerPartyReference href="party2" />
    <receiverPartyReference href="party1" />
    <paymentAmount>
      <currency>USD</currency>
      <amount>20222.22</amount>
    </paymentAmount>
  </payment>
  <party id="party1">
    <partyId partyIdScheme="http://www.fpml.org/coding-scheme/external/iso17442">549300S28N49H5RT4J50</partyId>
  </party>
  <party id="party2">
    <partyId partyIdScheme="http://www.fpml.org/coding-scheme/external/iso17442">549300L7VWW3G1702646</partyId>
  </party>
</tradeCashflowsAsserted>

