<?xml version="1.0" encoding="utf-8"?>
<!--View is reporting-->
<!--Version is 5-11-->
<!--NS is http://www.fpml.org/FpML-5/reporting-->
<!--
        == Copyright (c) 2014- All rights reserved.
        == Financial Products Markup Language is subject to the FpML public license.
        == A copy of this license is available at http://www.fpml.org/license/license.html

Example of a cashflow assertion related to multiple equity option trades.
-->
<nettedTradeCashflowsAsserted xmlns="http://www.fpml.org/FpML-5/reporting" xmlns:xsi="http://www.w3.org/2001/XMLSchema-instance" fpmlVersion="5-11" xsi:schemaLocation="http://www.fpml.org/FpML-5/reporting ../fpml-main-5-11.xsd http://www.w3.org/2000/09/xmldsig# ../xmldsig-core-schema.xsd">
  <header>
    <messageId messageIdScheme="http://www.example.com/messageId">CEN/2004/01/05/15-38</messageId>
    <sentBy>ABC</sentBy>
    <sendTo>DEF</sendTo>
    <creationTimestamp>2005-12-21T15:00:00Z</creationTimestamp>
  </header>
  <isCorrection>false</isCorrection>
  <correlationId correlationIdScheme="http://www.abc.com/correlationId">98765</correlationId>
  <sequenceNumber>1</sequenceNumber>
  <asOfDate>2005-12-21T15:00:00Z</asOfDate>
  <tradeCashflowsId tradeCashflowsIdScheme="http://www.abc.com/tradeCashflowsId">tradeCashflowsABC001</tradeCashflowsId>
  <tradeIdentifyingItems>
    <partyTradeIdentifier id="trade1">
      <partyReference href="party1" />
      <tradeId tradeIdScheme="http://www.abc.com/tradeId">SDB1502376013</tradeId>
    </partyTradeIdentifier>
    <tradeDetails>
      <tradeDate>2005-12-21</tradeDate>
      <effectiveDate>
        <unadjustedDate>2005-12-21</unadjustedDate>
      </effectiveDate>
      <terminationDate>
        <unadjustedDate>2014-12-19</unadjustedDate>
      </terminationDate>
      <productType productTypeScheme="http://www.fpml.org/coding-scheme/product-type-simple">EquityOption</productType>
      <underlyer>
        <fixedRate>
          <initialValue>0.05</initialValue>
        </fixedRate>
      </underlyer>
      <notional>
        <currency>EUR</currency>
        <amount>23000000.00</amount>
      </notional>
    </tradeDetails>
  </tradeIdentifyingItems>
  <tradeIdentifyingItems>
    <partyTradeIdentifier id="trade2">
      <partyReference href="party1" />
      <tradeId tradeIdScheme="http://www.abc.com/tradeId">SDB1502376014</tradeId>
    </partyTradeIdentifier>
    <tradeDetails>
      <tradeDate>2005-12-22</tradeDate>
      <effectiveDate>
        <unadjustedDate>2005-12-21</unadjustedDate>
      </effectiveDate>
      <terminationDate>
        <unadjustedDate>2014-12-19</unadjustedDate>
      </terminationDate>
      <productType productTypeScheme="http://www.fpml.org/coding-scheme/product-type-simple">EquityOption</productType>
      <underlyer>
        <fixedRate>
          <initialValue>0.05</initialValue>
        </fixedRate>
      </underlyer>
      <notional>
        <currency>EUR</currency>
        <amount>43000000.00</amount>
      </notional>
    </tradeDetails>
  </tradeIdentifyingItems>
  <tradeIdentifyingItems>
    <partyTradeIdentifier id="trade3">
      <partyReference href="party1" />
      <tradeId tradeIdScheme="http://www.abc.com/tradeId">SDB1502376015</tradeId>
    </partyTradeIdentifier>
    <tradeDetails>
      <tradeDate>2005-12-23</tradeDate>
      <effectiveDate>
        <unadjustedDate>2005-12-21</unadjustedDate>
      </effectiveDate>
      <terminationDate>
        <unadjustedDate>2014-12-19</unadjustedDate>
      </terminationDate>
      <productType productTypeScheme="http://www.fpml.org/coding-scheme/product-type-simple">CreditDefaultSwap</productType>
      <underlyer>
        <referenceEntity>
          <entityId entityIdScheme="http://www.fpml.org/spec/2003/entity-id-RED-1-0">901345623</entityId>
        </referenceEntity>
      </underlyer>
      <notional>
        <currency>EUR</currency>
        <amount>53000000.00</amount>
      </notional>
    </tradeDetails>
  </tradeIdentifyingItems>
  <tradeIdentifyingItems>
    <partyTradeIdentifier id="trade4">
      <partyReference href="party1" />
      <tradeId tradeIdScheme="http://www.abc.com/tradeId">SDB1502376016</tradeId>
    </partyTradeIdentifier>
    <tradeDetails>
      <tradeDate>2005-12-21</tradeDate>
      <effectiveDate>
        <unadjustedDate>2005-12-21</unadjustedDate>
      </effectiveDate>
      <terminationDate>
        <unadjustedDate>2014-12-19</unadjustedDate>
      </terminationDate>
      <productType productTypeScheme="http://www.fpml.org/coding-scheme/product-type-simple">EquityOption</productType>
      <underlyer>
        <fixedRate>
          <initialValue>0.05</initialValue>
        </fixedRate>
      </underlyer>
      <notional>
        <currency>USD</currency>
        <amount>23000000.00</amount>
      </notional>
    </tradeDetails>
  </tradeIdentifyingItems>
  <tradeIdentifyingItems>
    <partyTradeIdentifier id="trade5">
      <partyReference href="party1" />
      <tradeId tradeIdScheme="http://www.abc.com/tradeId">SDB1502376017</tradeId>
    </partyTradeIdentifier>
    <tradeDetails>
      <tradeDate>2005-12-22</tradeDate>
      <effectiveDate>
        <unadjustedDate>2005-12-21</unadjustedDate>
      </effectiveDate>
      <terminationDate>
        <unadjustedDate>2014-12-19</unadjustedDate>
      </terminationDate>
      <productType productTypeScheme="http://www.fpml.org/coding-scheme/product-type-simple">EquityOption</productType>
      <underlyer>
        <fixedRate>
          <initialValue>0.05</initialValue>
        </fixedRate>
      </underlyer>
      <notional>
        <currency>USD</currency>
        <amount>43000000.00</amount>
      </notional>
    </tradeDetails>
  </tradeIdentifyingItems>
  <tradeIdentifyingItems>
    <partyTradeIdentifier id="trade6">
      <partyReference href="party1" />
      <tradeId tradeIdScheme="http://www.abc.com/tradeId">SDB1502376018</tradeId>
    </partyTradeIdentifier>
    <tradeDetails>
      <tradeDate>2005-12-23</tradeDate>
      <effectiveDate>
        <unadjustedDate>2005-12-21</unadjustedDate>
      </effectiveDate>
      <terminationDate>
        <unadjustedDate>2014-12-19</unadjustedDate>
      </terminationDate>
      <productType productTypeScheme="http://www.fpml.org/coding-scheme/product-type-simple">CreditDefaultSwap</productType>
      <underlyer>
        <referenceEntity>
          <entityId entityIdScheme="http://www.fpml.org/spec/2003/entity-id-RED-1-0">901345623</entityId>
        </referenceEntity>
      </underlyer>
      <notional>
        <currency>USD</currency>
        <amount>53000000.00</amount>
      </notional>
    </tradeDetails>
  </tradeIdentifyingItems>
  <adjustedPaymentDate>2005-12-21</adjustedPaymentDate>
  <payment>
    <identifier paymentIdScheme="http://www.abc.com/netPaymentId">SDB1502376013.0.0-1502376013.USD.20051223</identifier>
    <payerPartyReference href="party2" />
    <receiverPartyReference href="party1" />
    <paymentAmount>
      <currency>USD</currency>
      <amount>5025000.0</amount>
    </paymentAmount>
    <calculationDetails>
      <grossCashflow>
        <cashflowId cashflowIdScheme="http://www.abc.com/cashflowId">SDB15023760131.0.0-1502376013.USD.20051223-GROSS</cashflowId>
        <partyTradeIdentifierReference href="trade1" />
        <payerPartyReference href="party2" />
        <receiverPartyReference href="party1" />
        <cashflowAmount>
          <currency>EUR</currency>
          <amount>3025000.0</amount>
        </cashflowAmount>
        <cashflowType>Premium</cashflowType>
      </grossCashflow>
    </calculationDetails>
    <calculationDetails>
      <grossCashflow>
        <cashflowId cashflowIdScheme="http://www.abc.com/cashflowId">SDB15023760132.0.0-1502376013.USD.20051223-GROSS</cashflowId>
        <partyTradeIdentifierReference href="trade2" />
        <payerPartyReference href="party2" />
        <receiverPartyReference href="party1" />
        <cashflowAmount>
          <currency>EUR</currency>
          <amount>1000000.0</amount>
        </cashflowAmount>
        <cashflowType>Premium</cashflowType>
      </grossCashflow>
    </calculationDetails>
    <calculationDetails>
      <grossCashflow>
        <cashflowId cashflowIdScheme="http://www.abc.com/cashflowId">SDB15023760133.0.0-1502376013.USD.20051223-GROSS</cashflowId>
        <partyTradeIdentifierReference href="trade3" />
        <payerPartyReference href="party2" />
        <receiverPartyReference href="party1" />
        <cashflowAmount>
          <currency>EUR</currency>
          <amount>1000000.0</amount>
        </cashflowAmount>
        <cashflowType>Premium</cashflowType>
      </grossCashflow>
    </calculationDetails>
  </payment>
  <payment>
    <identifier paymentIdScheme="http://www.abc.com/netPaymentId">SDB1502376013.0.0-1502376013.USD.20051223</identifier>
    <payerPartyReference href="party2" />
    <receiverPartyReference href="party1" />
    <paymentAmount>
      <currency>USD</currency>
      <amount>5025000.0</amount>
    </paymentAmount>
    <calculationDetails>
      <grossCashflow>
        <cashflowId cashflowIdScheme="http://www.abc.com/cashflowId">SDB15023760131.0.0-1502376013.USD.20051223-GROSS</cashflowId>
        <partyTradeIdentifierReference href="trade4" />
        <payerPartyReference href="party2" />
        <receiverPartyReference href="party1" />
        <cashflowAmount>
          <currency>USD</currency>
          <amount>3025000.0</amount>
        </cashflowAmount>
        <cashflowType>Premium</cashflowType>
      </grossCashflow>
    </calculationDetails>
    <calculationDetails>
      <grossCashflow>
        <cashflowId cashflowIdScheme="http://www.abc.com/cashflowId">SDB15023760132.0.0-1502376013.USD.20051223-GROSS</cashflowId>
        <partyTradeIdentifierReference href="trade5" />
        <payerPartyReference href="party2" />
        <receiverPartyReference href="party1" />
        <cashflowAmount>
          <currency>USD</currency>
          <amount>1000000.0</amount>
        </cashflowAmount>
        <cashflowType>Premium</cashflowType>
      </grossCashflow>
    </calculationDetails>
    <calculationDetails>
      <grossCashflow>
        <cashflowId cashflowIdScheme="http://www.abc.com/cashflowId">SDB15023760133.0.0-1502376013.USD.20051223-GROSS</cashflowId>
        <partyTradeIdentifierReference href="trade6" />
        <payerPartyReference href="party2" />
        <receiverPartyReference href="party1" />
        <cashflowAmount>
          <currency>USD</currency>
          <amount>1000000.0</amount>
        </cashflowAmount>
        <cashflowType>Premium</cashflowType>
      </grossCashflow>
    </calculationDetails>
  </payment>
  <party id="party1">
    <partyId partyIdScheme="http://www.fpml.org/coding-scheme/external/iso17442">549300S28N49H5RT4J50</partyId>
  </party>
  <party id="party2">
    <partyId partyIdScheme="http://www.fpml.org/coding-scheme/external/iso17442">549300L7VWW3G1702646</partyId>
  </party>
</nettedTradeCashflowsAsserted>

