<?xml version="1.0" encoding="utf-8"?>
<!--View is reporting-->
<!--Version is 5-11-->
<!--NS is http://www.fpml.org/FpML-5/reporting-->
<!--
  == Copyright (c) 2018-2020 All rights reserved.
  == Financial Products Markup Language is subject to the FpML public license.
  == A copy of this license is available at http://www.fpml.org/license/license.html
  
  == 
  -->
<tradeCashflowsAsserted xmlns="http://www.fpml.org/FpML-5/reporting" xmlns:xsi="http://www.w3.org/2001/XMLSchema-instance" fpmlVersion="5-11" xsi:schemaLocation="http://www.fpml.org/FpML-5/reporting ../fpml-main-5-11.xsd http://www.w3.org/2000/09/xmldsig# ../xmldsig-core-schema.xsd">
  <header>
    <messageId messageIdScheme="http://www.example.com/messageId">CEN/2004/01/05/15-38</messageId>
    <sentBy>ABC</sentBy>
    <sendTo>DEF</sendTo>
    <creationTimestamp>2004-03-30T15:00:00Z</creationTimestamp>
  </header>
  <asOfDate>2004-03-30T15:00:00Z</asOfDate>
  <tradeCashflowsId tradeCashflowsIdScheme="http://www.abc.com/tradeCashflowsId">tradeCashflowsABC001</tradeCashflowsId>
  <tradeIdentifyingItems>
    <partyTradeIdentifier>
      <partyReference href="party1" />
      <tradeId tradeIdScheme="http://www.abc.com/tradeId/">EH40N4000000100</tradeId>
    </partyTradeIdentifier>
    <tradeDetails>
      <tradeDate>2004-03-18</tradeDate>
      <effectiveDate>
        <unadjustedDate>2004-03-25</unadjustedDate>
      </effectiveDate>
      <terminationDate>
        <unadjustedDate>2009-03-25</unadjustedDate>
      </terminationDate>
      <productType productTypeScheme="http://www.fpml.org/coding-scheme/product-type-simple">TotalReturnSwap</productType>
      <underlyer id="VJBK.NS">
        <equity>
          <instrumentId instrumentIdScheme="http://www.fpml.org/coding-scheme/external/instrument-id-Reuters-RIC">VJBK.NS</instrumentId>
        </equity>
      </underlyer>
      <underlyer id="USD-LIBOR-BBA">
        <floatingRate>
          <floatingRateIndex>USD-LIBOR-BBA</floatingRateIndex>
          <indexTenor>
            <periodMultiplier>1</periodMultiplier>
            <period>M</period>
          </indexTenor>
        </floatingRate>
      </underlyer>
      <notional>
        <currency>USD</currency>
        <amount>744771.7416</amount>
      </notional>
    </tradeDetails>
  </tradeIdentifyingItems>
  <adjustedPaymentDate>2004-04-01</adjustedPaymentDate>
  <payment>
    <identifier paymentIdScheme="http://www.abc.com/netPaymentId">PS0HV5XYM-D34Q-00NS20040401USD</identifier>
    <payerPartyReference href="party2" />
    <receiverPartyReference href="party1" />
    <paymentAmount>
      <currency>USD</currency>
      <amount>215.78</amount>
    </paymentAmount>
    <calculationDetails>
      <grossCashflow>
        <cashflowId cashflowIdScheme="http://www.abc.com/cashflowId">PS0HV5XYM-D34Q-00NS20040401USD-1</cashflowId>
        <payerPartyReference href="party2" />
        <receiverPartyReference href="party1" />
        <cashflowAmount>
          <currency>USD</currency>
          <amount>215.78</amount>
        </cashflowAmount>
        <cashflowType>InterestReturn</cashflowType>
      </grossCashflow>
      <observationElements id="observation_USD-LIBOR-BBA">
        <underlyerReference href="USD-LIBOR-BBA" />
        <observationDate>2004-03-25</observationDate>
        <observedValue>
          <value>0.010900</value>
        </observedValue>
      </observationElements>
      <calculationElements>
        <notional>
          <currency>USD</currency>
          <amount>744771.7416</amount>
        </notional>
        <calculatedRate>
          <observationReference href="observation_USD-LIBOR-BBA" />
          <calculatedValue>0.014900</calculatedValue>
          <spread>0.0040</spread>
        </calculatedRate>
        <calculationPeriod>
          <adjustedStartDate>2004-03-25</adjustedStartDate>
          <adjustedEndDate>2004-04-01</adjustedEndDate>
          <numberOfDays>7</numberOfDays>
          <dayCountFraction>ACT/360</dayCountFraction>
          <dayCountYearFraction>0.01944</dayCountYearFraction>
        </calculationPeriod>
      </calculationElements>
    </calculationDetails>
  </payment>
  <party id="party1">
    <partyId partyIdScheme="http://www.fpml.org/coding-scheme/external/iso17442">549300S28N49H5RT4J50</partyId>
  </party>
  <party id="party2">
    <partyId partyIdScheme="http://www.fpml.org/coding-scheme/external/iso17442">549300L7VWW3G1702646</partyId>
  </party>
</tradeCashflowsAsserted>

