<?xml version="1.0" encoding="utf-8"?>
<!--View is reporting-->
<!--Version is 5-11-->
<!--NS is http://www.fpml.org/FpML-5/reporting-->
<!--
  == Copyright (c) 2014- All rights reserved.
  == Financial Products Markup Language is subject to the FpML public license.
  == A copy of this license is available at http://www.fpml.org/license/license.html
  
  == 
  -->
<tradeCashflowsMatchResult xmlns="http://www.fpml.org/FpML-5/reporting" xmlns:xsi="http://www.w3.org/2001/XMLSchema-instance" fpmlVersion="5-11" xsi:schemaLocation="http://www.fpml.org/FpML-5/reporting ../fpml-main-5-11.xsd http://www.w3.org/2000/09/xmldsig# ../xmldsig-core-schema.xsd">
  <header>
    <messageId messageIdScheme="http://www.example.com/messageId">CEN/2004/01/05/15-38</messageId>
    <inReplyTo messageIdScheme="http://www.example.com/messageId">CEN/2004/01/05/15-39</inReplyTo>
    <sentBy>DEF</sentBy>
    <sendTo>ABC</sendTo>
    <creationTimestamp>2005-11-28T15:00:00Z</creationTimestamp>
  </header>
  <correlationId correlationIdScheme="http://www.example.com/correlationId">CORR/2005/08/01/15-38</correlationId>
  <status>Unmatched</status>
  <assertedCashflow>
    <asOfDate>2005-11-28T15:00:00Z</asOfDate>
    <tradeCashflowsId tradeCashflowsIdScheme="www.abc.com/tradeCashflowsIdScheme">tradeCashflowsABC001</tradeCashflowsId>
  </assertedCashflow>
  <party id="party1">
    <partyId partyIdScheme="http://www.fpml.org/coding-scheme/external/iso17442">549300S28N49H5RT4J50</partyId>
  </party>
  <party id="party2">
    <partyId partyIdScheme="http://www.fpml.org/coding-scheme/external/iso17442">549300L7VWW3G1702646</partyId>
  </party>
</tradeCashflowsMatchResult>

