<?xml version="1.0" encoding="UTF-8" standalone="yes"?>
<publicExecutionReport xmlns:saxon="http://saxon.sf.net/" xmlns:xsi="http://www.w3.org/2001/XMLSchema-instance" xmlns="http://www.fpml.org/FpML-5/transparency" fpmlVersion="5-3" xsi:schemaLocation="http://www.fpml.org/FpML-5/transparency ../../fpml-main-5-3.xsd">
   <header>
      <messageId messageIdScheme="http://abc.com/message-id">123</messageId>
      <sentBy>abc</sentBy>
      <sendTo>sdr</sendTo>
      <creationTimestamp>2011-01-01T00:00:00</creationTimestamp>
   </header>
   <isCorrection>false</isCorrection>
   <correlationId correlationIdScheme="http://abc.com/correlation-id">456</correlationId>
   <sequenceNumber>1</sequenceNumber>
   <originatingEvent>Trade</originatingEvent>
   <trade>
      <tradeHeader>
         <partyTradeIdentifier>
            <issuer issuerIdScheme="http://www.fpml.org/coding-scheme/external/iso17442">VTOUP9FCHUXIINML4787</issuer>
            <tradeId tradeIdScheme="http://www.fpml.org/coding-scheme/external/unique-transaction-identifier">12345678901234567890123456789012</tradeId>
         </partyTradeIdentifier>
         <tradeInformation>
            <executionDateTime>2011-01-01T09:12:34</executionDateTime>
            <intentToClear>false</intentToClear>
            <nonStandardTerms>true</nonStandardTerms>
            <offMarketPrice>true</offMarketPrice>
            <largeSizeTrade>false</largeSizeTrade>
            <executionType>Electronic</executionType>
            <executionVenueType>SEF</executionVenueType>
         </tradeInformation>
         <tradeDate>2008-06-11</tradeDate>
      </tradeHeader>
      <commoditySwap>
         <primaryAssetClass>Commodity</primaryAssetClass>
         <productType>Commodity:Energy:Gas:Swap:Cash</productType>
         <effectiveDate>
            <adjustableDate>
               <unadjustedDate>2008-07-01</unadjustedDate>
            </adjustableDate>
         </effectiveDate>
         <terminationDate>
            <adjustableDate>
               <unadjustedDate>2008-07-31</unadjustedDate>
            </adjustableDate>
         </terminationDate>
         <floatingLeg>
            <commodity>
               <instrumentId instrumentIdScheme="http://www.fpml.org/coding-scheme/commodity-reference-price-1-0">NATURAL GAS-HENRY HUB-NYMEX</instrumentId>
               <specifiedPrice>Settlement</specifiedPrice>
               <deliveryDates>FirstNearby</deliveryDates>
            </commodity>
            <notionalQuantity>
               <quantityUnit>MMBTU</quantityUnit>
            </notionalQuantity>
            <totalNotionalQuantity>465000.0</totalNotionalQuantity>
            <calculation>
               <pricingDates>
                  <dayDistribution>Last</dayDistribution>
               </pricingDates>
               <spread>
                  <currency>USD</currency>
                  <amount>-1.45</amount>
               </spread>
            </calculation>
         </floatingLeg>
         <floatingLeg>
            <commodity>
               <instrumentId instrumentIdScheme="http://www.fpml.org/coding-scheme/commodity-reference-price-1-0">ELECTRICITY-MID-COLUMBIA FIRM (ON-PEAK)-DOW JONES POWER</instrumentId>
               <specifiedPrice>MeanOfHighAndLow</specifiedPrice>
            </commodity>
            <notionalQuantity>
               <quantityUnit>MMBTU</quantityUnit>
            </notionalQuantity>
            <totalNotionalQuantity>465000.0</totalNotionalQuantity>
            <calculation>
               <pricingDates>
                  <dayDistribution>Each</dayDistribution>
               </pricingDates>
               <averagingMethod>Unweighted</averagingMethod><!-- TBD: What is the correct factor for MWH to MMBTU? -->
            </calculation>
         </floatingLeg>
      </commoditySwap>
   </trade>
</publicExecutionReport>