<?xml version="1.0" encoding="UTF-8" standalone="yes"?>
<publicExecutionReport xmlns:saxon="http://saxon.sf.net/" xmlns:xsi="http://www.w3.org/2001/XMLSchema-instance" xmlns="http://www.fpml.org/FpML-5/transparency" fpmlVersion="5-3" xsi:schemaLocation="http://www.fpml.org/FpML-5/transparency ../../fpml-main-5-3.xsd">
   <header>
      <messageId messageIdScheme="http://abc.com/message-id">123</messageId>
      <sentBy>abc</sentBy>
      <sendTo>sdr</sendTo>
      <creationTimestamp>2011-01-01T00:00:00</creationTimestamp>
   </header>
   <isCorrection>false</isCorrection>
   <correlationId correlationIdScheme="http://abc.com/correlation-id">456</correlationId>
   <sequenceNumber>1</sequenceNumber>
   <originatingEvent>Trade</originatingEvent>
   <trade>
      <tradeHeader>
         <partyTradeIdentifier>
            <issuer issuerIdScheme="http://www.fpml.org/coding-scheme/external/iso17442">VTOUP9FCHUXIINML4787</issuer>
            <tradeId tradeIdScheme="http://www.fpml.org/coding-scheme/external/unique-transaction-identifier">12345678901234567890123456789012</tradeId>
         </partyTradeIdentifier>
         <tradeInformation>
            <executionDateTime>2011-01-01T09:12:34</executionDateTime>
            <intentToClear>false</intentToClear>
            <nonStandardTerms>true</nonStandardTerms>
            <offMarketPrice>true</offMarketPrice>
            <largeSizeTrade>false</largeSizeTrade>
            <executionType>Electronic</executionType>
            <executionVenueType>SEF</executionVenueType>
         </tradeInformation>
         <tradeDate>2009-01-28</tradeDate>
      </tradeHeader>
      <commoditySwap>
         <primaryAssetClass>Commodity</primaryAssetClass>
         <productType>Commodity:Energy:Gas:Swap:Physical</productType>
         <effectiveDate>
            <adjustableDate>
               <unadjustedDate>2009-06-01</unadjustedDate>
            </adjustableDate>
         </effectiveDate>
         <terminationDate>
            <adjustableDate>
               <unadjustedDate>2009-07-01</unadjustedDate>
            </adjustableDate>
         </terminationDate>
         <gasPhysicalLeg>
            <deliveryPeriods>
               <periodsSchedule id="deliveryPeriods">
                  <periodMultiplier>1</periodMultiplier>
                  <period>T</period>
               </periodsSchedule>
               <supplyStartTime>
                  <hourMinuteTime>09:00:00</hourMinuteTime>
                  <location>Europe/Amsterdam</location>
               </supplyStartTime>
               <supplyEndTime>
                  <hourMinuteTime>09:00:00</hourMinuteTime>
                  <location>Europe/Amsterdam</location>
               </supplyEndTime>
            </deliveryPeriods>
            <gas>
               <type>NaturalGas</type>
            </gas>
            <deliveryQuantity id="deliveryQuantity">
               <totalPhysicalQuantity>
                  <quantityUnit/>
                  <quantity>72000.0</quantity>
               </totalPhysicalQuantity>
            </deliveryQuantity>
         </gasPhysicalLeg>
         <fixedLeg>
            <fixedPrice>
               <price>1.2</price>
               <priceCurrency>EUR</priceCurrency>
               <priceUnit>Therm</priceUnit>
            </fixedPrice>
            <notionalQuantity>
               <quantityUnit>BBL</quantityUnit>
            </notionalQuantity>
            <totalNotionalQuantity>10000</totalNotionalQuantity>
         </fixedLeg>
      </commoditySwap>
   </trade>
</publicExecutionReport>