<?xml version="1.0" encoding="UTF-8" standalone="yes"?>
<publicExecutionReport xmlns:saxon="http://saxon.sf.net/" xmlns:xsi="http://www.w3.org/2001/XMLSchema-instance" xmlns="http://www.fpml.org/FpML-5/transparency" fpmlVersion="5-3" xsi:schemaLocation="http://www.fpml.org/FpML-5/transparency ../../fpml-main-5-3.xsd">
   <header>
      <messageId messageIdScheme="http://abc.com/message-id">123</messageId>
      <sentBy>abc</sentBy>
      <sendTo>sdr</sendTo>
      <creationTimestamp>2011-01-01T00:00:00</creationTimestamp>
   </header>
   <isCorrection>false</isCorrection>
   <correlationId correlationIdScheme="http://abc.com/correlation-id">456</correlationId>
   <sequenceNumber>1</sequenceNumber>
   <originatingEvent>Trade</originatingEvent>
   <trade>
      <tradeHeader>
         <partyTradeIdentifier>
            <issuer issuerIdScheme="http://www.fpml.org/coding-scheme/external/iso17442">VTOUP9FCHUXIINML4787</issuer>
            <tradeId tradeIdScheme="http://www.fpml.org/coding-scheme/external/unique-transaction-identifier">12345678901234567890123456789012</tradeId>
         </partyTradeIdentifier>
         <tradeInformation>
            <executionDateTime>2011-01-01T09:12:34</executionDateTime>
            <intentToClear>false</intentToClear>
            <nonStandardTerms>true</nonStandardTerms>
            <offMarketPrice>true</offMarketPrice>
            <largeSizeTrade>false</largeSizeTrade>
            <executionType>Electronic</executionType>
            <executionVenueType>SEF</executionVenueType>
         </tradeInformation>
         <tradeDate>2008-10-27</tradeDate>
      </tradeHeader>
      <commodityOption>
         <primaryAssetClass>Commodity</primaryAssetClass>
         <productType>Commodity:Energy:Gas:Option:Cash</productType>
         <optionType>Put</optionType>
         <commodity>
            <instrumentId instrumentIdScheme="http://www.fpml.org/coding-scheme/commodity-reference-price-1-0">OIL-BRENT-IPE</instrumentId>
            <commodityBase>OIL</commodityBase>
            <specifiedPrice>Settlement</specifiedPrice>
            <deliveryDates>SecondNearby</deliveryDates>
         </commodity>
         <notionalQuantity>
            <quantityUnit>BBL</quantityUnit>
         </notionalQuantity>
         <totalNotionalQuantity>12000</totalNotionalQuantity>
         <exercise>
            <americanExercise id="exerciseDate">
               <exercisePeriod>
                  <commencementDate>
                     <adjustableDate>
                        <unadjustedDate>2008-10-27</unadjustedDate>
                     </adjustableDate>
                  </commencementDate>
                  <expirationDate id="expirationDate">
                     <adjustableDate>
                        <unadjustedDate>2009-01-12</unadjustedDate>
                     </adjustableDate>
                  </expirationDate>
               </exercisePeriod>
            </americanExercise>
         </exercise>
         <strikePricePerUnit>
            <currency>USD</currency>
            <amount>78.0</amount>
         </strikePricePerUnit>
         <premium>
            <paymentAmount>
               <currency>USD</currency>
               <amount>72000.0</amount>
            </paymentAmount>
            <premiumPerUnit>
               <currency>USD</currency>
               <amount>6.0</amount>
            </premiumPerUnit>
         </premium>
      </commodityOption>
   </trade>
</publicExecutionReport>