<?xml version="1.0" encoding="UTF-8" standalone="yes"?>
<publicExecutionReport xmlns:saxon="http://saxon.sf.net/" xmlns:xsi="http://www.w3.org/2001/XMLSchema-instance" xmlns="http://www.fpml.org/FpML-5/transparency" fpmlVersion="5-3" xsi:schemaLocation="http://www.fpml.org/FpML-5/transparency ../../fpml-main-5-3.xsd">
   <header>
      <messageId messageIdScheme="http://abc.com/message-id">123</messageId>
      <sentBy>abc</sentBy>
      <sendTo>sdr</sendTo>
      <creationTimestamp>2011-01-01T00:00:00</creationTimestamp>
   </header>
   <isCorrection>false</isCorrection>
   <correlationId correlationIdScheme="http://abc.com/correlation-id">456</correlationId>
   <sequenceNumber>1</sequenceNumber>
   <originatingEvent>Trade</originatingEvent>
   <trade>
      <tradeHeader>
         <partyTradeIdentifier>
            <issuer issuerIdScheme="http://www.fpml.org/coding-scheme/external/iso17442">VTOUP9FCHUXIINML4787</issuer>
            <tradeId tradeIdScheme="http://www.fpml.org/coding-scheme/external/unique-transaction-identifier">12345678901234567890123456789012</tradeId>
         </partyTradeIdentifier>
         <tradeInformation>
            <executionDateTime>2011-01-01T09:12:34</executionDateTime>
            <intentToClear>false</intentToClear>
            <nonStandardTerms>true</nonStandardTerms>
            <offMarketPrice>true</offMarketPrice>
            <largeSizeTrade>false</largeSizeTrade>
            <executionType>Electronic</executionType>
            <executionVenueType>SEF</executionVenueType>
         </tradeInformation>
         <tradeDate>2009-01-28</tradeDate>
      </tradeHeader>
      <commoditySwap>
         <primaryAssetClass>Commodity</primaryAssetClass>
         <productType>Commodity:Energy:Elec:Swap:Cash</productType>
         <effectiveDate>
            <adjustableDate>
               <unadjustedDate>2009-08-01</unadjustedDate>
            </adjustableDate>
         </effectiveDate>
         <terminationDate>
            <adjustableDate>
               <unadjustedDate>2009-08-31</unadjustedDate>
            </adjustableDate>
         </terminationDate>
         <electricityPhysicalLeg>
            <settlementPeriods id="settlementPeriods">
               <duration>1Hour</duration>
               <applicableDay>MON</applicableDay>
               <applicableDay>TUE</applicableDay>
               <applicableDay>WED</applicableDay>
               <applicableDay>THU</applicableDay>
               <applicableDay>FRI</applicableDay>
               <startTime>
                  <time>
                     <hourMinuteTime>07:00:00</hourMinuteTime>
                     <location>America/Chicago</location>
                  </time>
               </startTime>
               <endTime>
                  <time>
                     <hourMinuteTime>22:00:00</hourMinuteTime>
                     <location>America/Chicago</location>
                  </time>
               </endTime>
               <excludeHolidays>NERC</excludeHolidays>
            </settlementPeriods>
            <electricity>
               <type>Electricity</type>
            </electricity>
            <deliveryConditions>
               <deliveryPoint deliveryPointScheme="http://www.PartyA.com/delivery-point-scheme-power-1-0">ErcotNorthCongestionZone</deliveryPoint>
               <deliveryType>
                  <firm/>
               </deliveryType>
            </deliveryConditions>
            <deliveryQuantity id="deliveryQuantity">
               <totalPhysicalQuantity>
                  <quantityUnit>MWH</quantityUnit>
                  <quantity>60000.0</quantity>
               </totalPhysicalQuantity>
            </deliveryQuantity>
         </electricityPhysicalLeg>
         <floatingLeg>
            <commodity>
               <instrumentId instrumentIdScheme="http://www.fpml.org/coding-scheme/commodity-reference-price-1-0">ELECTRICITY-ERCOT-NORTH PEAK-ICE/10X DAILY-POWER</instrumentId>
               <specifiedPrice>MeanOfHighAndLow</specifiedPrice>
            </commodity>
            <notionalQuantity>
               <quantityUnit>BBL</quantityUnit>
            </notionalQuantity>
            <totalNotionalQuantity>10000</totalNotionalQuantity>
            <calculation>
               <pricingDates>
                  <dayDistribution>All</dayDistribution>
               </pricingDates>
               <spread>
                  <currency>USD</currency>
                  <amount>3.0</amount>
               </spread>
            </calculation>
         </floatingLeg>
      </commoditySwap>
   </trade>
</publicExecutionReport>