<?xml version="1.0" encoding="UTF-8" standalone="yes"?>
<publicExecutionReport xmlns:saxon="http://saxon.sf.net/" xmlns:xsi="http://www.w3.org/2001/XMLSchema-instance" xmlns="http://www.fpml.org/FpML-5/transparency" fpmlVersion="5-3" xsi:schemaLocation="http://www.fpml.org/FpML-5/transparency ../../fpml-main-5-3.xsd">
   <header>
      <messageId messageIdScheme="http://abc.com/message-id">123</messageId>
      <sentBy>abc</sentBy>
      <sendTo>sdr</sendTo>
      <creationTimestamp>2011-01-01T00:00:00</creationTimestamp>
   </header>
   <isCorrection>false</isCorrection>
   <correlationId correlationIdScheme="http://abc.com/correlation-id">456</correlationId>
   <sequenceNumber>1</sequenceNumber>
   <originatingEvent>Trade</originatingEvent>
   <trade>
      <tradeHeader>
         <partyTradeIdentifier>
            <issuer issuerIdScheme="http://www.fpml.org/coding-scheme/external/iso17442">VTOUP9FCHUXIINML4787</issuer>
            <tradeId tradeIdScheme="http://www.fpml.org/coding-scheme/external/unique-transaction-identifier">12345678901234567890123456789012</tradeId>
         </partyTradeIdentifier>
         <tradeInformation>
            <executionDateTime>2011-01-01T09:12:34</executionDateTime>
            <intentToClear>false</intentToClear>
            <nonStandardTerms>true</nonStandardTerms>
            <offMarketPrice>true</offMarketPrice>
            <largeSizeTrade>false</largeSizeTrade>
            <executionType>Electronic</executionType>
            <executionVenueType>SEF</executionVenueType>
         </tradeInformation>
         <tradeDate>2004-05-17</tradeDate>
      </tradeHeader>
      <commodityOption>
         <primaryAssetClass>Commodity</primaryAssetClass>
         <productType>Commodity:Energy:Gas:Option:Cash</productType>
         <optionType>Call</optionType>
         <commodity>
            <instrumentId instrumentIdScheme="http://www.fpml.org/coding-scheme/commodity-reference-price-1-0">NATURAL GAS-HENRY HUB-NYMEX</instrumentId>
            <specifiedPrice>Settlement</specifiedPrice>
            <deliveryDates>FirstNearby</deliveryDates>
         </commodity>
         <effectiveDate>
            <adjustableDate>
               <unadjustedDate>2004-07-01</unadjustedDate>
            </adjustableDate>
         </effectiveDate>
         <notionalQuantity>
            <quantityUnit>MMBTU</quantityUnit>
         </notionalQuantity>
         <totalNotionalQuantity>1700000</totalNotionalQuantity>
         <exercise>
            <europeanExercise>
               <expirationDate>
                  <adjustableDate>
                     <unadjustedDate>2004-07-31</unadjustedDate>
                  </adjustableDate>
               </expirationDate>
            </europeanExercise>
         </exercise>
         <strikePricePerUnit>
            <currency>USD</currency>
            <amount>2.7</amount>
         </strikePricePerUnit>
         <premium>
            <paymentAmount>
               <currency>USD</currency>
               <amount>350000</amount>
            </paymentAmount>
            <premiumPerUnit>
               <currency>USD</currency>
               <amount>1.23</amount>
            </premiumPerUnit>
         </premium>
      </commodityOption>
   </trade>
</publicExecutionReport>