<?xml version="1.0" encoding="UTF-8" standalone="yes"?>
<publicExecutionReport xmlns:saxon="http://saxon.sf.net/" xmlns:xsi="http://www.w3.org/2001/XMLSchema-instance" xmlns="http://www.fpml.org/FpML-5/transparency" fpmlVersion="5-3" xsi:schemaLocation="http://www.fpml.org/FpML-5/transparency ../../fpml-main-5-3.xsd">
   <isCorrection>false</isCorrection>
   <correlationId correlationIdScheme="http://abc.com/correlation-id">456</correlationId>
   <sequenceNumber>1</sequenceNumber>
   <originatingEvent>Trade</originatingEvent>
   <trade>
      <tradeHeader>
         <partyTradeIdentifier>
            <issuer issuerIdScheme="http://www.fpml.org/coding-scheme/external/iso17442">VTOUP9FCHUXIINML4787</issuer>
            <tradeId tradeIdScheme="http://www.fpml.org/coding-scheme/external/unique-transaction-identifier">12345678901234567890123456789012</tradeId>
         </partyTradeIdentifier>
         <tradeInformation>
            <executionDateTime>2011-01-01T09:12:34</executionDateTime>
            <intentToClear>false</intentToClear>
            <nonStandardTerms>true</nonStandardTerms>
            <offMarketPrice>true</offMarketPrice>
            <largeSizeTrade>false</largeSizeTrade>
            <executionType>Electronic</executionType>
            <executionVenueType>SEF</executionVenueType>
         </tradeInformation>
         <tradeDate>2002-01-04</tradeDate>
      </tradeHeader>
      <fxOption>
         <primaryAssetClass>ForeignExchange</primaryAssetClass>
         <productType>ForeignExchange:VanillaOptions</productType><!--FpML-5-0 Instead of  'exerciseStyle' Enum, created specific exercise type e.g. europeanExercise, americanExercise. 'expiryDateTime': 'expiryDate',  'expiryTime', 'cutName' and  'valueDate' was moved in here-->
         <europeanExercise>
            <expiryDate>2002-06-04</expiryDate>
            <valueDate>2002-06-06</valueDate>
         </europeanExercise><!--FpML-5-1 'expiryDateTime': 'expiryDate',  'expiryTime', 'cutName' was moved inside exercise style type (e.g. europeanExercise)--><!--FpML-5-1 Instead of  'exerciseStyle' Enum, created specific exercise type e.g. europeanExercise, americanExercise--><!--FpML-5-1 'valueDate' was moved inside exercise style type (e.g. europeanExercise)-->
         <putCurrencyAmount>
            <currency>AUD</currency>
            <amount>75000000</amount>
         </putCurrencyAmount>
         <callCurrencyAmount>
            <currency>USD</currency>
            <amount>36900000</amount>
         </callCurrencyAmount><!--FpML-5-1 Renamed from 'fxStrikePrice' to 'strike'-->
         <strike>
            <rate>0.4920</rate>
            <strikeQuoteBasis>CallCurrencyPerPutCurrency</strikeQuoteBasis>
         </strike><!--10-21-2010 FXWG apprv: remove 'quotedAs' component from FpML--><!--quotedAs>
				<optionOnCurrency>AUD</optionOnCurrency>
				<faceOnCurrency>USD</faceOnCurrency>
				<quotedTenor>
					<periodMultiplier>6</periodMultiplier>
					<period>M</period>
				</quotedTenor>
			</quotedAs--><!--FpML-5-1 Renamed from 'fxOptionPremium' to 'premium'-->
         <premium><!--FpML-5-1 Renamed from 'premiumSettlementDate' to 'settlementDate'--><!--09-02-2010 - renamed from 'settlementDate' to 'paymentDate/adjustableDate/unadjustedDate'; moved before 'paymentAmount'; allows dateAdjustments and relativeDate reference--><!--FpML-5-0 Renamed from 'premiumAmount' to 'amount'--><!--09-02-2010 - renamed from 'amount' to 'paymentAmount'; moved after 'paymentDate'-->
            <paymentAmount>
               <currency>USD</currency>
               <amount>36900</amount>
            </paymentAmount><!--FpML-5-1 Renamed from 'premiumQuote' to 'quote'-->
            <quote><!--FpML-5-1 Renamed from 'premiumValue' to 'value'-->
               <value>0.001</value><!--FpML-5-1 Renamed from 'premiumQuoteBasis' to 'quoteBasis'-->
               <quoteBasis>PercentageOfCallCurrencyAmount</quoteBasis>
            </quote>
         </premium>
      </fxOption>
   </trade>
</publicExecutionReport>