<?xml version="1.0" encoding="UTF-8" standalone="yes"?>
<publicExecutionReport xmlns:saxon="http://saxon.sf.net/" xmlns:xsi="http://www.w3.org/2001/XMLSchema-instance" xmlns="http://www.fpml.org/FpML-5/transparency" fpmlVersion="5-3" xsi:schemaLocation="http://www.fpml.org/FpML-5/transparency ../../fpml-main-5-3.xsd">
   <isCorrection>false</isCorrection>
   <correlationId correlationIdScheme="http://abc.com/correlation-id">456</correlationId>
   <sequenceNumber>1</sequenceNumber>
   <originatingEvent>Trade</originatingEvent>
   <trade>
      <tradeHeader>
         <partyTradeIdentifier>
            <issuer issuerIdScheme="http://www.fpml.org/coding-scheme/external/iso17442">VTOUP9FCHUXIINML4787</issuer>
            <tradeId tradeIdScheme="http://www.fpml.org/coding-scheme/external/unique-transaction-identifier">12345678901234567890123456789012</tradeId>
         </partyTradeIdentifier>
         <tradeInformation>
            <executionDateTime>2011-01-01T09:12:34</executionDateTime>
            <intentToClear>false</intentToClear>
            <nonStandardTerms>true</nonStandardTerms>
            <offMarketPrice>true</offMarketPrice>
            <largeSizeTrade>false</largeSizeTrade>
            <executionType>Electronic</executionType>
            <executionVenueType>SEF</executionVenueType>
         </tradeInformation>
         <tradeDate>2001-01-15</tradeDate>
      </tradeHeader>
      <fxOption>
         <primaryAssetClass>ForeignExchange</primaryAssetClass>
         <productType>ForeignExchange:Ndo</productType><!--FpML-5-0 Instead of  'exerciseStyle' Enum, created specific exercise type e.g. europeanExercise, americanExercise. 'expiryDateTime': 'expiryDate',  'expiryTime', 'cutName' and  'valueDate' was moved in here-->
         <europeanExercise>
            <expiryDate>2001-04-09</expiryDate>
            <valueDate>2001-04-11</valueDate>
         </europeanExercise><!--FpML-5-0 'expiryDateTime': 'expiryDate',  'expiryTime', 'cutName' was moved inside exercise style type (e.g. europeanExercise)--><!--FpML-5-0 Instead of  'exerciseStyle' Enum, created specific exercise type e.g. europeanExercise, americanExercise--><!--FpML-5-0 'valueDate' was renamed to 'latestValueDate' moved inside exercise style type (e.g. europeanExercise)-->
         <putCurrencyAmount>
            <currency>VEB</currency>
            <amount>17250000</amount>
         </putCurrencyAmount>
         <callCurrencyAmount>
            <currency>USD</currency>
            <amount>15000000</amount>
         </callCurrencyAmount><!--FpML-5-1 Renamed from 'fxStrikePrice' to 'strike'-->
         <strike>
            <rate>1.15</rate>
            <strikeQuoteBasis>PutCurrencyPerCallCurrency</strikeQuoteBasis>
         </strike><!--FpML-5-1 Renamed from 'fxOptionPremium' to 'premium'-->
         <premium><!--FpML-5-1 Renamed from 'premiumSettlementDate' to 'settlementDate'--><!--09-02-2010 - renamed from 'settlementDate' to 'paymentDate/adjustableDate/unadjustedDate'; moved before 'paymentAmount'; allows dateAdjustments and relativeDate reference--><!--FpML-5-x Refactoring - Renamed from 'premiumAmount' to 'amount'--><!--FpML-5-x Refactoring - renamed from 'amount' to 'paymentAmount'; moved after 'paymentDate'-->
            <paymentAmount>
               <currency>USD</currency>
               <amount>372750</amount>
            </paymentAmount>
         </premium><!--FX Refactoring - renamed element/type  from cashSettlementTerms/FxCashSettlement  to nonDeliverableSettlement/FxCashSettlement-->
      </fxOption>
   </trade>
</publicExecutionReport>