<?xml version="1.0" encoding="UTF-8" standalone="yes"?>
<publicExecutionReport xmlns:saxon="http://saxon.sf.net/" xmlns:xsi="http://www.w3.org/2001/XMLSchema-instance" xmlns="http://www.fpml.org/FpML-5/transparency" fpmlVersion="5-3" xsi:schemaLocation="http://www.fpml.org/FpML-5/transparency ../../fpml-main-5-3.xsd">
   <isCorrection>false</isCorrection>
   <correlationId correlationIdScheme="http://abc.com/correlation-id">456</correlationId>
   <sequenceNumber>1</sequenceNumber>
   <originatingEvent>Trade</originatingEvent>
   <trade>
      <tradeHeader>
         <partyTradeIdentifier>
            <issuer issuerIdScheme="http://www.fpml.org/coding-scheme/external/iso17442">VTOUP9FCHUXIINML4787</issuer>
            <tradeId tradeIdScheme="http://www.fpml.org/coding-scheme/external/unique-transaction-identifier">12345678901234567890123456789012</tradeId>
         </partyTradeIdentifier>
         <tradeInformation>
            <executionDateTime>2011-01-01T09:12:34</executionDateTime>
            <intentToClear>false</intentToClear>
            <nonStandardTerms>true</nonStandardTerms>
            <offMarketPrice>true</offMarketPrice>
            <largeSizeTrade>false</largeSizeTrade>
            <executionType>Electronic</executionType>
            <executionVenueType>SEF</executionVenueType>
         </tradeInformation>
         <tradeDate>2002-01-03</tradeDate>
      </tradeHeader>
      <fxOption>
         <primaryAssetClass>ForeignExchange</primaryAssetClass>
         <productType>ForeignExchange:SimpleExotics:Barrier</productType><!--FpML-5-1 Instead of  'exerciseStyle' Enum, created specific exercise type e.g. europeanExercise, americanExercise. 'expiryDateTime': 'expiryDate',  'expiryTime', 'cutName' and  'valueDate' was moved in here-->
         <europeanExercise>
            <expiryDate>2002-03-04</expiryDate>
            <valueDate>2002-03-06</valueDate>
         </europeanExercise><!--FpML-5-1 'expiryDateTime': 'expiryDate',  'expiryTime', 'cutName' was moved inside exercise style type (e.g. europeanExercise)--><!--FpML-5-1 Instead of  'exerciseStyle' Enum, created specific exercise type e.g. europeanExercise, americanExercise--><!--FpML-5-1 'valueDate' was renamed to 'latestValueDate' moved inside exercise style type (e.g. europeanExercise)-->
         <putCurrencyAmount>
            <currency>JPY</currency>
            <amount>2500000000</amount>
         </putCurrencyAmount>
         <callCurrencyAmount>
            <currency>USD</currency>
            <amount>23798191.34</amount>
         </callCurrencyAmount><!--FpML-5-1 Renamed from 'fxStrikePrice' to 'strike'-->
         <strike>
            <rate>105.05</rate>
            <strikeQuoteBasis>PutCurrencyPerCallCurrency</strikeQuoteBasis>
         </strike>
         <spotRate>106</spotRate><!--FpML 5-1 fxSimpleOption product, added new 'feature' structure--><!--FpML 5-1 fxBarrierOption product, added 'feature' level to the existing structure--><!--FpML-5-1 Renamed from 'fxOptionPremium' to 'premium'-->
         <premium><!--FpML-5-1 Renamed from 'premiumSettlementDate' to 'settlementDate'--><!--09-02-2010 - renamed from 'settlementDate' to 'paymentDate/adjustableDate/unadjustedDate'; moved before 'paymentAmount'; allows dateAdjustments and relativeDate reference--><!--FpML-5-1 Renamed from 'premiumAmount' to 'amount'--><!--09-02-2010 - renamed from 'amount' to 'paymentAmount'; moved after 'paymentDate'-->
            <paymentAmount>
               <currency>USD</currency>
               <amount>192765.35</amount>
            </paymentAmount>
            <quote>
               <value>0.0081</value>
               <quoteBasis>PercentageOfCallCurrencyAmount</quoteBasis>
            </quote>
         </premium>
      </fxOption>
   </trade>
</publicExecutionReport>