<?xml version="1.0" encoding="UTF-8" standalone="yes"?>
<publicExecutionReport xmlns:saxon="http://saxon.sf.net/" xmlns:xsi="http://www.w3.org/2001/XMLSchema-instance" xmlns="http://www.fpml.org/FpML-5/transparency" fpmlVersion="5-3" xsi:schemaLocation="http://www.fpml.org/FpML-5/transparency ../../fpml-main-5-3.xsd">
   <isCorrection>false</isCorrection>
   <correlationId correlationIdScheme="http://abc.com/correlation-id">456</correlationId>
   <sequenceNumber>1</sequenceNumber>
   <originatingEvent>Trade</originatingEvent>
   <trade>
      <tradeHeader>
         <partyTradeIdentifier>
            <issuer issuerIdScheme="http://www.fpml.org/coding-scheme/external/iso17442">VTOUP9FCHUXIINML4787</issuer>
            <tradeId tradeIdScheme="http://www.fpml.org/coding-scheme/external/unique-transaction-identifier">12345678901234567890123456789012</tradeId>
         </partyTradeIdentifier>
         <tradeInformation>
            <executionDateTime>2011-01-01T09:12:34</executionDateTime>
            <intentToClear>false</intentToClear>
            <nonStandardTerms>true</nonStandardTerms>
            <offMarketPrice>true</offMarketPrice>
            <largeSizeTrade>false</largeSizeTrade>
            <executionType>Electronic</executionType>
            <executionVenueType>SEF</executionVenueType>
         </tradeInformation>
         <tradeDate>2001-11-19</tradeDate>
      </tradeHeader>
      <fxSingleLeg>
         <primaryAssetClass>ForeignExchange</primaryAssetClass>
         <productType>ForeignExchange:Forward</productType>
         <exchangedCurrency1>
            <paymentAmount>
               <currency>EUR</currency>
               <amount>10000000</amount>
            </paymentAmount>
         </exchangedCurrency1>
         <exchangedCurrency2>
            <paymentAmount>
               <currency>USD</currency>
               <amount>9175000</amount>
            </paymentAmount>
         </exchangedCurrency2>
         <valueDate>2001-12-21</valueDate>
         <exchangeRate>
            <quotedCurrencyPair>
               <currency1>EUR</currency1>
               <currency2>USD</currency2>
               <quoteBasis>Currency2PerCurrency1</quoteBasis>
            </quotedCurrencyPair>
            <rate>0.9175</rate>
            <spotRate>0.9130</spotRate>
            <forwardPoints>0.0045</forwardPoints>
         </exchangeRate>
      </fxSingleLeg>
   </trade>
</publicExecutionReport>