<?xml version="1.0" encoding="utf-8"?>
<!--View is confirmation-->
<!--Version is 5-10-->
<!--NS is http://www.fpml.org/FpML-5/confirmation-->
<!-- 
        == Copyright (c) 2014-2018 All rights reserved. 
        == Financial Products Markup Language is subject to the FpML public license. 
        == A copy of this license is available at http://www.fpml.org/license/license.html-->
<!--5.0:Message type is a Root of the message-->
<!--5.0 Messaging: changed <requestTradeConfirmation> -><requestConfirmation>-->
<requestConfirmation xmlns="http://www.fpml.org/FpML-5/confirmation" xmlns:xsi="http://www.w3.org/2001/XMLSchema-instance" fpmlVersion="5-10" xsi:schemaLocation="http://www.fpml.org/FpML-5/confirmation ../../fpml-main-5-10.xsd http://www.w3.org/2000/09/xmldsig# ../../xmldsig-core-schema.xsd">
<!-- AP 03 May 2007 As per Correlation Swap 2005 confirmation sample-->
<!-- message header information -->
  <header>
<!-- unique message id -->
    <messageId messageIdScheme="http://www.partyA.com/coding-scheme/message-id">234233423420</messageId>
<!-- identify the sender of this message -->
    <sentBy messageAddressScheme="http://www.partyA.com/coding-scheme/party-id">23902</sentBy>
    <creationTimestamp>2007-05-02T08:57:00-00:00</creationTimestamp>
  </header>
<!--5.0 Messaging: added
                <isCorrection>
                <correlationId>
                <sequenceNumber>
        -->
  <isCorrection>false</isCorrection>
  <correlationId correlationIdScheme="http://www.example.com/conversationId">CORR/2007/05/02/234233423419</correlationId>
  <sequenceNumber>1</sequenceNumber>
<!-- trade information -->
  <trade>
<!-- trade header information -->
    <tradeHeader>
      <partyTradeIdentifier>
<!-- identify this trade from the perspective of gh4903 -->
        <partyReference href="gh4903" />
        <tradeId tradeIdScheme="http://www.partyA.com/coding-scheme/trade-id">6234</tradeId>
      </partyTradeIdentifier>
<!-- trade date -->
      <tradeDate>2005-11-07</tradeDate>
    </tradeHeader>
    <correlationSwap>
<!-- extraordinary events -->
      <extraordinaryEvents>
<!-- calculation agent determines handling of these merger events -->
        <mergerEvents>
          <shareForShare>AlternativeObligation</shareForShare>
          <shareForOther>AlternativeObligation</shareForOther>
          <shareForCombined>AlternativeObligation</shareForCombined>
<!-- TODO do I need to add Share Substitution Procedure 
                                        <shareForOther>ShareSubstitution</shareForOther>
                                        <shareForCombined>ShareSubstitution</shareForCombined>
                                        -->
        </mergerEvents>
<!-- tender offer applicable -->
        <tenderOffer>true</tenderOffer>
<!-- calculation agent determines handling of these merger events -->
        <tenderOfferEvents>
          <shareForShare>AlternativeObligation</shareForShare>
          <shareForOther>AlternativeObligation</shareForOther>
          <shareForCombined>AlternativeObligation</shareForCombined>
<!-- TODO do I need to add Share Substitution Procedure 
                                        <shareForOther>ShareSubstitution</shareForOther>
                                        <shareForCombined>ShareSubstitution</shareForCombined>
                                        -->
        </tenderOfferEvents>
<!-- failure to deliver or additional disruptions events mandatory -->
        <additionalDisruptionEvents>
<!-- change in law applicable -->
          <changeInLaw>true</changeInLaw>
<!-- failure to deliver not applicable -->
          <failureToDeliver>false</failureToDeliver>
<!-- insolvency filing not applicable -->
          <insolvencyFiling>false</insolvencyFiling>
<!-- hedging disruption not applicable -->
          <hedgingDisruption>false</hedgingDisruption>
<!-- loss of stock borrow not applicable -->
          <lossOfStockBorrow>false</lossOfStockBorrow>
<!-- increased cost of stock borrow not applicable -->
          <increasedCostOfStockBorrow>false</increasedCostOfStockBorrow>
<!-- increased cost of hedging not applicable -->
          <increasedCostOfHedging>false</increasedCostOfHedging>
<!-- reference to party which will determine these events -->
          <determiningPartyReference href="gh4903" />
        </additionalDisruptionEvents>
        <representations>
<!-- non reliance applicable -->
          <nonReliance>true</nonReliance>
<!-- agreements and acknowledgements regarding hedging activities applicable -->
          <agreementsRegardingHedging>true</agreementsRegardingHedging>
<!-- additional acknowledgements applicable -->
          <additionalAcknowledgements>true</additionalAcknowledgements>
        </representations>
<!-- TODO do I need to add Share Substitution Procedure -->
        <nationalisationOrInsolvency>CancellationAndPayment</nationalisationOrInsolvency>
      </extraordinaryEvents>
<!-- floating correlation leg -->
      <correlationLeg>
<!-- correlation seller responsible for making the payments defined by this structure -->
        <payerPartyReference href="ab9560" />
<!-- correlation buyer that receives the payments defined by this structure-->
        <receiverPartyReference href="gh4903" />
<!-- termination date is the cash settlement payment date -->
        <terminationDate>
          <relativeDate>
            <periodMultiplier>0</periodMultiplier>
            <period>D</period>
            <businessDayConvention>NONE</businessDayConvention>
            <dateRelativeTo href="sd2344" />
          </relativeDate>
        </terminationDate>
<!-- define the underlying basket, showing only the first three shares-->
        <underlyer>
          <basket>
            <basketConstituent>
              <equity>
                <instrumentId instrumentIdScheme="http://www.fpml.org/spec/2002/instrument-id-ISIN-1-0">IBM.N</instrumentId>
                <description>ABN AMRO HOLDING NV</description>
<!-- exchange -->
                <exchangeId>XAMS</exchangeId>
<!-- related exchange -->
                <relatedExchangeId>XLIF</relatedExchangeId>
              </equity>
            </basketConstituent>
            <basketConstituent>
              <equity>
                <instrumentId instrumentIdScheme="http://www.fpml.org/spec/2002/instrument-id-ISIN-1-0">MSFT.O</instrumentId>
                <description>AEGON NV</description>
                <exchangeId>XAMS</exchangeId>
                <relatedExchangeId>XLIF</relatedExchangeId>
              </equity>
            </basketConstituent>
            <basketConstituent>
              <equity>
                <instrumentId instrumentIdScheme="http://www.fpml.org/spec/2002/instrument-id-ISIN-1-0">B.N</instrumentId>
                <description>AIR LIQUIDE</description>
                <exchangeId>XPAR</exchangeId>
                <relatedExchangeId>XLIF</relatedExchangeId>
              </equity>
            </basketConstituent>
          </basket>
        </underlyer>
        <settlementType>Cash</settlementType>
<!-- cash settlement payment date -->
        <settlementDate id="sd2344">
<!-- 2 TARGET business days after valuation -->
          <relativeDate>
            <periodMultiplier>3</periodMultiplier>
            <period>D</period>
            <dayType>Business</dayType>
            <businessDayConvention>NONE</businessDayConvention>
            <businessCenters>
<!-- business days -->
              <businessCenter>EUTA</businessCenter>
            </businessCenters>
            <dateRelativeTo href="vs8292" />
          </relativeDate>
        </settlementDate>
        <valuation>
<!-- valuation date -->
          <valuationDate id="vs8292">
            <adjustableDate>
              <unadjustedDate>2005-12-16</unadjustedDate>
              <dateAdjustments>
                <businessDayConvention>NotApplicable</businessDayConvention>
              </dateAdjustments>
            </adjustableDate>
          </valuationDate>
        </valuation>
        <amount>
<!-- implicit return type price -->
<!-- implict participation 100% -->
<!-- observation start date -->
          <observationStartDate>
            <adjustableDate>
              <unadjustedDate>2005-01-31</unadjustedDate>
              <dateAdjustments>
                <businessDayConvention>NotApplicable</businessDayConvention>
              </dateAdjustments>
            </adjustableDate>
          </observationStartDate>
          <correlation>
            <closingLevel>true</closingLevel>
<!-- expected number of business days -->
            <expectedN>30</expectedN>
<!-- equity notional amount -->
            <notionalAmount>
              <currency>EUR</currency>
              <amount>15000000</amount>
            </notionalAmount>
            <correlationStrikePrice>0.60123</correlationStrikePrice>
            <boundedCorrelation>
<!-- floor level -->
              <minimumBoundaryPercent>0.35123</minimumBoundaryPercent>
<!-- cap level -->
              <maximumBoundaryPercent>0.85123</maximumBoundaryPercent>
            </boundedCorrelation>
            <numberOfDataSeries>1</numberOfDataSeries>
          </correlation>
        </amount>
      </correlationLeg>
    </correlationSwap>
<!-- joint calculation agent -->
    <calculationAgent>
      <calculationAgentPartyReference href="ab9560" />
      <calculationAgentPartyReference href="gh4903" />
    </calculationAgent>
    <documentation>
      <masterAgreement>
        <masterAgreementType>ISDA</masterAgreementType>
        <masterAgreementVersion>2002</masterAgreementVersion>
      </masterAgreement>
      <contractualDefinitions>ISDA2000</contractualDefinitions>
      <contractualDefinitions>ISDA2002Equity</contractualDefinitions>
    </documentation>
    <governingLaw>USNY</governingLaw>
  </trade>
<!-- identify the parties that play various roles in the trade -->
  <party id="ab9560">
    <partyId partyIdScheme="http://www.fpml.org/coding-scheme/external/iso17442">959800NKRMZ8NEKQ0A23</partyId>
    <partyName>Client</partyName>
  </party>
  <party id="gh4903">
    <partyId partyIdScheme="http://www.fpml.org/coding-scheme/dummy-party-id">Party A</partyId>
    <partyName>Bank A</partyName>
<!--FpML 5.0:  account details were moved into a separate structure below-->
  </party>
  <account id="gh4903-uw2992">
<!-- account details -->
    <accountId accountIdScheme="http://www.partyA.com/coding-scheme/account-id">4345334</accountId>
<!--FpML 5-0 Required field-->
    <servicingParty href="gh4903" />
  </account>
</requestConfirmation>

