<?xml version="1.0" encoding="UTF-8" standalone="yes"?>
<publicExecutionReport xmlns:saxon="http://saxon.sf.net/" xmlns:xsi="http://www.w3.org/2001/XMLSchema-instance" xmlns="http://www.fpml.org/FpML-5/transparency" fpmlVersion="5-3" xsi:schemaLocation="http://www.fpml.org/FpML-5/transparency ../../fpml-main-5-3.xsd">
   <isCorrection>false</isCorrection>
   <correlationId correlationIdScheme="http://abc.com/correlation-id">456</correlationId>
   <sequenceNumber>1</sequenceNumber>
   <originatingEvent>Trade</originatingEvent>
   <trade>
      <tradeHeader>
         <partyTradeIdentifier>
            <issuer issuerIdScheme="http://www.fpml.org/coding-scheme/external/iso17442">VTOUP9FCHUXIINML4787</issuer>
            <tradeId tradeIdScheme="http://www.fpml.org/coding-scheme/external/unique-transaction-identifier">12345678901234567890123456789012</tradeId>
         </partyTradeIdentifier>
         <tradeInformation>
            <executionDateTime>2011-01-01T09:12:34</executionDateTime>
            <intentToClear>false</intentToClear>
            <nonStandardTerms>true</nonStandardTerms>
            <offMarketPrice>true</offMarketPrice>
            <largeSizeTrade>false</largeSizeTrade>
            <executionType>Electronic</executionType>
            <executionVenueType>SEF</executionVenueType>
         </tradeInformation>
         <tradeDate id="TradeDate">2001-07-13</tradeDate>
      </tradeHeader>
      <equityForward>
         <primaryAssetClass>Equity</primaryAssetClass>
         <productType>Equity:Forward:Vanilla:Single-name</productType><!--FpML 5-0 issue - Below value is incorrect - optionType = Forward was deprecated in 4.x and the field is required. optionType cannot be optional as it reused by other Eqd Options. Temp Created union of PutCallEnum and Forward value-->
         <optionType>Forward</optionType>
         <underlyer>
            <singleUnderlyer>
               <equity>
                  <instrumentId instrumentIdScheme="http://www.fpml.org/schemes/4.1/instrumentId">STM-FP</instrumentId>
                  <currency>EUR</currency>
                  <exchangeId exchangeIdScheme="http://www.fpml.org/schemes/4.1/exchangeId">NSE</exchangeId>
               </equity>
               <openUnits>31000</openUnits>
               <dividendPayout>
                  <dividendPayoutRatio>1</dividendPayoutRatio>
               </dividendPayout>
            </singleUnderlyer>
         </underlyer>
         <equityExercise>
            <equityEuropeanExercise>
               <expirationDate>
                  <adjustableDate>
                     <unadjustedDate>2004-07-13</unadjustedDate>
                  </adjustableDate>
               </expirationDate>
               <equityExpirationTimeType>OSP</equityExpirationTimeType>
            </equityEuropeanExercise>
         </equityExercise><!--FpML 5.0: Use this "feature", as "equityFeatures" ofType "OptionFeatures" was removed because Option Features content is accessible in the complex type EquityDerivativeBase through the model group Feature.model.  -->
         <forwardPrice>
            <currency>EUR</currency>
            <amount>10.20</amount>
         </forwardPrice>
      </equityForward>
   </trade>
</publicExecutionReport>