<?xml version="1.0" encoding="utf-8"?>
<!--View is reporting-->
<!--Version is 5-3-->
<!--NS is http://www.fpml.org/FpML-5/reporting-->
<!--
Example of a exposure report for large trader reporting to CFTC
Example of a swap based on index as reported by a dealer.
-->
<exposureReport xmlns="http://www.fpml.org/FpML-5/reporting" xmlns:xsi="http://www.w3.org/2001/XMLSchema-instance" fpmlVersion="5-3" xsi:schemaLocation="http://www.fpml.org/FpML-5/reporting ../fpml-main-5-3.xsd http://www.w3.org/2000/09/xmldsig# ../xmldsig-core-schema.xsd">
  <header>
    <messageId messageIdScheme="http://www.sd1.com/report_id">111</messageId>
    <sentBy>SD1</sentBy>
    <sendTo>CFTC</sendTo>
    <creationTimestamp>2011-09-01T17:12:00Z</creationTimestamp>
  </header>
  <onBehalfOf>
    <partyReference href="dealer1" />
  </onBehalfOf>
  <asOfDate>2011-12-01</asOfDate>
  <asOfTime>17:00:00-05:00</asOfTime>
  <reportContents>
    <partyReference href="dealer1" />
<!-- since all records come from this org we don't repeat it below -->
  </reportContents>
  <quotationCharacteristics>
    <currency>USD</currency>
  </quotationCharacteristics>
<!-- Data record #1 - dealer's CL exposure for month 1 -->
  <exposure>
    <relatedParty>
      <partyReference href="sef1" />
      <role>ExecutionFacility</role>
    </relatedParty>
    <cleared>false</cleared>
    <category categoryScheme="http://www.fpml.org/coding-scheme/org-type-category">Principal</category>
    <underlyingAsset>
      <commodity>
        <instrumentId instrumentIdScheme="http://www.fpml.org/spec/2002/instrument-id-Bloomberg-1-0">DJUBSCL</instrumentId>
<!-- Dow-Jones UBS Crude Oil Subindex, BBG code -->
      </commodity>
    </underlyingAsset>
    <exposureType>IndexOrBasket</exposureType>
    <priceReferenceMonth>2012-02</priceReferenceMonth>
    <quote>
      <value>16.25</value>
      <measureType>ShortSwapPosition</measureType>
    </quote>
    <quote>
      <value>1625000</value>
      <measureType>ShortNotionalPosition</measureType>
      <currency>USD</currency>
    </quote>
  </exposure>
  <party id="dealer1">
    <partyId>CP_00</partyId>
    <partyName>SD1</partyName>
  </party>
  <party id="cp1">
    <partyId>CP_O1</partyId>
    <partyName>Energy Firm 1</partyName>
  </party>
  <party id="cp2">
    <partyId>CP_O2</partyId>
    <partyName>Energy Firm 2</partyName>
  </party>
  <party id="clearorg1">
    <partyId>CCO_ID_1</partyId>
    <partyName>Energy Firm 2</partyName>
  </party>
  <party id="sef1">
    <partyId>NYMEX</partyId>
  </party>
</exposureReport>

