<?xml version="1.0" encoding="utf-8"?>
<!--View is confirmation-->
<!--Version is 5-10-->
<!--NS is http://www.fpml.org/FpML-5/confirmation-->
<!--
   == Copyright (c) 2014-2018 All rights reserved.
   == Financial Products Markup Language is subject to the FpML public license.
   == A copy of this license is available at http://www.fpml.org/license/license.html
-->
<executionNotification xmlns="http://www.fpml.org/FpML-5/confirmation" xmlns:xsi="http://www.w3.org/2001/XMLSchema-instance" fpmlVersion="5-10" xsi:schemaLocation="http://www.fpml.org/FpML-5/confirmation ../../fpml-main-5-10.xsd http://www.w3.org/2000/09/xmldsig# ../../xmldsig-core-schema.xsd">
  <header>
    <messageId messageIdScheme="MarkitSERV">MESSAGEID</messageId>
    <sentBy>MARKITSERV</sentBy>
    <sendTo>STP_Client</sendTo>
    <creationTimestamp>2013-01-01T00:00:00.000Z</creationTimestamp>
  </header>
  <isCorrection>false</isCorrection>
  <correlationId correlationIdScheme="MarkitSERV">CORRELATIONID</correlationId>
  <sequenceNumber>1</sequenceNumber>
  <trade>
    <tradeHeader>
      <partyTradeIdentifier id="nearLeg">
        <issuer issuerIdScheme="http://www.fpml.org/coding-scheme/external/cftc/issuer-identifier">USIPREFIX</issuer>
        <tradeId tradeIdScheme="http://www.fpml.org/coding-scheme/external/unique-transaction-identifier">USITRADEID</tradeId>
      </partyTradeIdentifier>
      <partyTradeIdentifier id="nearLeg2">
        <issuer issuerIdScheme="http://www.fpml.org/coding-scheme/external/issuer-identifier">UTIPREFIX</issuer>
        <tradeId tradeIdScheme="http://www.fpml.org/coding-scheme/external/unique-transaction-identifier">UTITRADEID</tradeId>
      </partyTradeIdentifier>
      <partyTradeIdentifier id="farLeg">
        <issuer issuerIdScheme="http://www.fpml.org/coding-scheme/external/cftc/issuer-identifier">USIPREFIX</issuer>
        <tradeId tradeIdScheme="http://www.fpml.org/coding-scheme/external/unique-transaction-identifier">USITRADEID</tradeId>
      </partyTradeIdentifier>
      <partyTradeIdentifier id="farLeg2">
        <issuer issuerIdScheme="http://www.fpml.org/coding-scheme/external/cftc/issuer-identifier">UTIPREFIX</issuer>
        <tradeId tradeIdScheme="http://www.fpml.org/coding-scheme/external/unique-transaction-identifier">UTITRADEID</tradeId>
      </partyTradeIdentifier>
      <tradeDate>2012-01-01</tradeDate>
    </tradeHeader>
    <fxSwap>
      <nearLeg>
        <tradeIdentifierReference href="nearLeg" />
        <tradeIdentifierReference href="nearLeg2" />
        <exchangedCurrency1>
          <payerPartyReference href="Counterparty" />
          <receiverPartyReference href="ExecutingParty" />
          <paymentAmount>
            <currency>GBP</currency>
            <amount>10000000</amount>
          </paymentAmount>
        </exchangedCurrency1>
        <exchangedCurrency2>
          <payerPartyReference href="ExecutingParty" />
          <receiverPartyReference href="Counterparty" />
          <paymentAmount>
            <currency>USD</currency>
            <amount>14800000</amount>
          </paymentAmount>
        </exchangedCurrency2>
        <dealtCurrency>ExchangedCurrency1</dealtCurrency>
        <tenorPeriod>
          <periodMultiplier>1</periodMultiplier>
          <period>Y</period>
        </tenorPeriod>
        <valueDate>2012-01-25</valueDate>
        <exchangeRate>
          <quotedCurrencyPair>
            <currency1>GBP</currency1>
            <currency2>USD</currency2>
            <quoteBasis>Currency2PerCurrency1</quoteBasis>
          </quotedCurrencyPair>
          <rate>1.48</rate>
          <spotRate>1.00</spotRate>
          <forwardPoints>0.48</forwardPoints>
          <pointValue>0.001</pointValue>
        </exchangeRate>
      </nearLeg>
      <farLeg>
        <tradeIdentifierReference href="farLeg" />
        <tradeIdentifierReference href="farLeg2" />
        <exchangedCurrency1>
          <payerPartyReference href="ExecutingParty" />
          <receiverPartyReference href="Counterparty" />
          <paymentAmount>
            <currency>GBP</currency>
            <amount>10000000</amount>
          </paymentAmount>
        </exchangedCurrency1>
        <exchangedCurrency2>
          <payerPartyReference href="Counterparty" />
          <receiverPartyReference href="ExecutingParty" />
          <paymentAmount>
            <currency>USD</currency>
            <amount>15000000</amount>
          </paymentAmount>
        </exchangedCurrency2>
        <dealtCurrency>ExchangedCurrency2</dealtCurrency>
        <tenorPeriod>
          <periodMultiplier>1</periodMultiplier>
          <period>Y</period>
        </tenorPeriod>
        <valueDate>2002-02-25</valueDate>
        <exchangeRate>
          <quotedCurrencyPair>
            <currency1>GBP</currency1>
            <currency2>USD</currency2>
            <quoteBasis>Currency2PerCurrency1</quoteBasis>
          </quotedCurrencyPair>
          <rate>1.5</rate>
          <spotRate>1.00</spotRate>
          <forwardPoints>0.5</forwardPoints>
          <pointValue>0.001</pointValue>
        </exchangeRate>
      </farLeg>
    </fxSwap>
  </trade>
  <party id="ExecutingParty">
    <partyId partyIdScheme="MarkitSERV">PartyA</partyId>
  </party>
  <party id="Counterparty">
    <partyId partyIdScheme="MarkitSERV">PartyB</partyId>
  </party>
</executionNotification>

