<?xml version="1.0" encoding="utf-8"?>
<!--View is confirmation-->
<!--Version is 5-10-->
<!--NS is http://www.fpml.org/FpML-5/confirmation-->
<!--
        == Copyright (c) 2014-2018 All rights reserved.
        == Financial Products Markup Language is subject to the FpML public license.
        == A copy of this license is available at http://www.fpml.org/license/license.html
-->
<!--With forward starting, the deal needs to be updated on/after the strike date to add (Initial Price) and replace with (Equity Notional) numeric values, so there are two samples for the same deal – pre and post.-->
<!--5.0:Message type is a Root of the message-->
<!--5.0 Messaging: changed <requestTradeConfirmation> -><requestConfirmation>-->
<requestConfirmation xmlns="http://www.fpml.org/FpML-5/confirmation" xmlns:xsi="http://www.w3.org/2001/XMLSchema-instance" fpmlVersion="5-10" xsi:schemaLocation="http://www.fpml.org/FpML-5/confirmation ../../fpml-main-5-10.xsd http://www.w3.org/2000/09/xmldsig# ../../xmldsig-core-schema.xsd">
  <header>
    <messageId messageIdScheme="http://www.matchingservice.com/coding-scheme/messageId">FX456a789b</messageId>
    <sentBy messageAddressScheme="http://www.matchingservice.com/partyId">PARTYAUS</sentBy>
    <sendTo messageAddressScheme="http://www.matchingservice.com/partyId">MATCHSRV</sendTo>
    <creationTimestamp>2001-10-23T08:57:00Z</creationTimestamp>
  </header>
  <isCorrection>false</isCorrection>
  <correlationId correlationIdScheme="hhttp://www.matchingservice.com/coding-scheme/correlationId">FX987</correlationId>
  <sequenceNumber>1</sequenceNumber>
  <trade>
    <tradeHeader>
      <partyTradeIdentifier>
        <partyReference href="party1" />
        <tradeId tradeIdScheme="http://www.partyA.com/fx/trade-id">PARTYA345</tradeId>
      </partyTradeIdentifier>
      <partyTradeIdentifier>
        <partyReference href="party2" />
        <tradeId tradeIdScheme="http://www.csfb.com/fx/trade-id">CSFB9842</tradeId>
      </partyTradeIdentifier>
      <tradeDate>2001-10-23</tradeDate>
    </tradeHeader>
    <fxSingleLeg>
      <exchangedCurrency1>
        <payerPartyReference href="party2" />
        <receiverPartyReference href="party1" />
        <paymentAmount>
          <currency>GBP</currency>
          <amount>10000000</amount>
        </paymentAmount>
      </exchangedCurrency1>
      <exchangedCurrency2>
        <payerPartyReference href="party1" />
        <receiverPartyReference href="party2" />
        <paymentAmount>
          <currency>EUR</currency>
          <amount>6300680</amount>
        </paymentAmount>
      </exchangedCurrency2>
      <valueDate>2001-10-25</valueDate>
      <exchangeRate>
        <quotedCurrencyPair>
          <currency1>GBP</currency1>
          <currency2>EUR</currency2>
          <quoteBasis>Currency2PerCurrency1</quoteBasis>
        </quotedCurrencyPair>
        <rate>0.630068</rate>
<!--5-1 FX Refactoring: Replaced sideRates with more flexible crossRate component to accommodate the currency exchange rates used to cross between the traded currencies -->
        <crossRate>
          <currency1>GBP</currency1>
          <currency2>USD</currency2>
          <quoteBasis>Currency2PerCurrency1</quoteBasis>
          <rate>1.4800</rate>
        </crossRate>
        <crossRate>
          <currency1>USD</currency1>
          <currency2>EUR</currency2>
          <quoteBasis>Currency1PerCurrency2</quoteBasis>
          <rate>0.9325</rate>
        </crossRate>
      </exchangeRate>
    </fxSingleLeg>
  </trade>
  <party id="party1">
    <partyId partyIdScheme="http://www.fpml.org/coding-scheme/external/iso17442">549300VBWWV6BYQOWM67</partyId>
  </party>
  <party id="party2">
    <partyId partyIdScheme="http://www.fpml.org/coding-scheme/external/iso17442">391200ZGI3FROE0WYF22</partyId>
  </party>
</requestConfirmation>

