<?xml version="1.0" encoding="utf-8"?>
<!--View is reporting-->
<!--Version is 5-11-->
<!--NS is http://www.fpml.org/FpML-5/reporting-->
<!--
  == Copyright (c) 2014- All rights reserved.
  == Financial Products Markup Language is subject to the FpML public license.
  == A copy of this license is available at http://www.fpml.org/license/license.html
-->
<!--
        Margin Call Process: Margin Call Response: Accept Call (MC3)
-->
<marginCallStatus xmlns="http://www.fpml.org/FpML-5/reporting" xmlns:xsi="http://www.w3.org/2001/XMLSchema-instance" fpmlVersion="5-11" xsi:schemaLocation="http://www.fpml.org/FpML-5/reporting ../fpml-main-5-11.xsd http://www.w3.org/2000/09/xmldsig# ../xmldsig-core-schema.xsd">
  <header>
    <messageId messageIdScheme="http://www.xyzbank.com/message-Id">666777888</messageId>
    <inReplyTo messageIdScheme="http://www.abcbank.com/message-Id">111222333444</inReplyTo>
    <sentBy>XYZBICXXX</sentBy>
    <sendTo>ABCBICXXX</sendTo>
    <creationTimestamp>2010-05-20T12:00:00Z</creationTimestamp>
  </header>
  <correlationId correlationIdScheme="http://www.abcbank.com/correlation-id">789000</correlationId>
  <sequenceNumber>2</sequenceNumber>
  <marginCallIssuerPartyReference href="party1" />
<!-- margin call issuer -->
  <marginCallReceiverPartyReference href="party2" />
<!-- margin call receiver -->
  <creditSupportAgreement>
    <type creditSupportAgreementTypeScheme="http://www.fpml.org/coding-scheme/credit-support-agreement-type">ISDA1994CreditSupportAnnexNewYorkLaw</type>
    <date>2009-07-14</date>
    <identifier creditSupportAgreementIdScheme="http://www.abcbank.com/csa-Id">999ABC777</identifier>
  </creditSupportAgreement>
  <valuationDate>2010-05-15</valuationDate>
  <baseCurrency>USD</baseCurrency>
<!-- marginDetails.model start -->
  <markToMarket>
    <exposure>
      <exposedPartyReference href="party2" />
      <obligatedPartyReference href="party1" />
      <exposureAmount>
        <currency>USD</currency>
        <amount>5000000</amount>
      </exposureAmount>
    </exposure>
    <convention>Netted</convention>
<!-- gross or netted -->
  </markToMarket>
<!--independentAmount not required-->
<!--marginTerm not required-->
<!--collateral nor required-->
<!-- margin call receiver specifies an agreed amount: Full Agreement-->
  <agreedAmount>
    <giverPartyReference href="party2" />
    <takerPartyReference href="party1" />
    <variationMargin>
      <currency>USD</currency>
      <amount>1500000</amount>
    </variationMargin>
  </agreedAmount>
<!-- End MC3 data fields -->
  <party id="party1">
    <partyId partyIdScheme="http://www.fpml.org/coding-scheme/external/iso17442">549300VBWWV6BYQOWM67</partyId>
    <partyName>ABC Bank</partyName>
  </party>
  <party id="party2">
    <partyId partyIdScheme="http://www.fpml.org/coding-scheme/external/iso17442">254900BIAQJIUV6DLE92</partyId>
    <partyName>XYZ Bank</partyName>
  </party>
</marginCallStatus>

