<?xml version="1.0" encoding="utf-8"?>
<!--View is reporting-->
<!--Version is 5-11-->
<!--NS is http://www.fpml.org/FpML-5/reporting-->
<!--
  == Copyright (c) 2018-2020 All rights reserved.
  == Financial Products Markup Language is subject to the FpML public license.
  == A copy of this license is available at http://www.fpml.org/license/license.html
  -->
<collateralAllocationReport xmlns="http://www.fpml.org/FpML-5/reporting" xmlns:xsi="http://www.w3.org/2001/XMLSchema-instance" fpmlVersion="5-11" xsi:schemaLocation="http://www.fpml.org/FpML-5/reporting ../fpml-main-5-11.xsd http://www.w3.org/2000/09/xmldsig# ../xmldsig-core-schema.xsd">
  <header>
    <messageId messageIdScheme="http://www.lchclearnet.com/clearlink/coding-scheme/message-id">51FS51FS</messageId>
    <sentBy messageAddressScheme="http://www.lchclearnet.com/clearlink/coding-scheme/party-id">FCM1</sentBy>
    <sendTo messageAddressScheme="http://www.lchclearnet.com/clearlink/coding-scheme/party-id">LCHLGB2L</sendTo>
    <creationTimestamp>2012-07-10T08:57:00Z</creationTimestamp>
  </header>
  <correlationId correlationIdScheme="http://www.lchclearnet.com/coding-scheme/correlation-id">0123456</correlationId>
  <sequenceNumber>1</sequenceNumber>
  <serviceName>Swaps Clearing</serviceName>
  <collateralGiverPartyReference href="fcm" />
  <collateralAllocation>
    <allocationPartyReference href="client1" />
    <collateralValueAllocation>
      <type>Full</type>
      <value>
        <currency>GBP</currency>
        <amount>10000</amount>
      </value>
    </collateralValueAllocation>
  </collateralAllocation>
  <collateralAllocation>
    <allocationPartyReference href="client2" />
    <collateralValueAllocation>
      <type>Full</type>
      <value>
        <currency>GBP</currency>
        <amount>20000</amount>
      </value>
    </collateralValueAllocation>
  </collateralAllocation>
  <collateralAllocation>
    <allocationPartyReference href="client3" />
    <collateralValueAllocation>
      <type>Full</type>
      <value>
        <currency>GBP</currency>
        <amount>30000</amount>
      </value>
    </collateralValueAllocation>
  </collateralAllocation>
  <collateralAllocation>
    <allocationPartyReference href="client4" />
    <collateralValueAllocation>
      <type>Full</type>
      <value>
        <currency>GBP</currency>
        <amount>40000</amount>
      </value>
    </collateralValueAllocation>
  </collateralAllocation>
  <collateralAllocation>
    <allocationPartyReference href="fcm" />
    <allocationAccountReference href="account1" />
    <collateralValueAllocation>
      <type>Buffer</type>
      <value>
        <currency>GBP</currency>
        <amount>50000</amount>
      </value>
    </collateralValueAllocation>
  </collateralAllocation>
  <party id="fcm">
    <partyId partyIdScheme="http://www.lchclearnet.com/clearlink/coding-scheme/party-id">FCM1</partyId>
    <partyId partyIdScheme="http://www.fpml.org/coding-scheme/external/iso17442">549300PHRH56BP4LI330</partyId>
  </party>
  <party id="client1">
    <partyId partyIdScheme="http://www.lchclearnet.com/clearlink/coding-scheme/party-id">CLIENT1</partyId>
    <partyId partyIdScheme="http://www.fpml.org/coding-scheme/external/iso17442">549300CJ3KWL5G1HUC28</partyId>
  </party>
  <party id="client2">
    <partyId partyIdScheme="http://www.lchclearnet.com/clearlink/coding-scheme/party-id">CLIENT2</partyId>
    <partyId partyIdScheme="http://www.fpml.org/coding-scheme/external/iso17442">549300NPCO44JIVHUV13</partyId>
  </party>
  <party id="client3">
    <partyId partyIdScheme="http://www.lchclearnet.com/clearlink/coding-scheme/party-id">CLIENT3</partyId>
    <partyId partyIdScheme="http://www.fpml.org/coding-scheme/external/iso17442">549300SXT5ZEGZA5ES98</partyId>
  </party>
  <party id="client4">
    <partyId partyIdScheme="http://www.lchclearnet.com/clearlink/coding-scheme/party-id">CLIENT4</partyId>
    <partyId partyIdScheme="http://www.fpml.org/coding-scheme/external/iso17442">5493001RKR55V4X61F71</partyId>
  </party>
  <account id="account1">
    <accountId accountIdScheme="http://www.lchclearnet.com/clearlink/coding-scheme/buffer-account">BUFFER01</accountId>
    <accountType>House</accountType>
    <servicingParty href="fcm" />
  </account>
</collateralAllocationReport>

