<?xml version="1.0" encoding="utf-8"?>
<!--View is reporting-->
<!--Version is 5-11-->
<!--NS is http://www.fpml.org/FpML-5/reporting-->
<!--
        == Copyright (c) 2018-2020 All rights reserved.
        == Financial Products Markup Language is subject to the FpML public license.
        == A copy of this license is available at http://www.fpml.org/license/license.html
-->
<!--
        Interest Process: Send Interest Notification (IN1) 
        During the interest period collateral was held by only one of the parties.  Therefore only one party will need to make an interest payment. In FpML the singleDirection block is used to define the interest details.  This is the typical scenario.
-->
<requestInterest xmlns="http://www.fpml.org/FpML-5/reporting" xmlns:xsi="http://www.w3.org/2001/XMLSchema-instance" fpmlVersion="5-11" xsi:schemaLocation="http://www.fpml.org/FpML-5/reporting ../fpml-main-5-11.xsd http://www.w3.org/2000/09/xmldsig# ../xmldsig-core-schema.xsd">
  <header>
    <messageId messageIdScheme="http://www.xyzbank.com/message-Id">666777900</messageId>
    <sentBy>MATCHINGSERVICE01</sentBy>
<!--  message is sent by a matching service party -->
    <sendTo>ABCBICXXX</sendTo>
    <sendTo>XYZBICXXX</sendTo>
    <creationTimestamp>2010-09-02T12:00:00Z</creationTimestamp>
  </header>
  <isCorrection>false</isCorrection>
  <correlationId correlationIdScheme="http://www.abcbank.com/correlation-id">789000</correlationId>
  <sequenceNumber>1</sequenceNumber>
  <issuerPartyReference href="party2" />
<!-- interest notification issuer -->
  <receiverPartyReference href="party1" />
<!-- interest notification receiver -->
  <creditSupportAgreement>
    <type creditSupportAgreementTypeScheme="http://www.fpml.org/coding-scheme/credit-support-agreement-type">ISDA1994CreditSupportAnnexNewYorkLaw</type>
    <date>2009-07-14</date>
    <identifier creditSupportAgreementIdScheme="http://www.abcbank.com/csa-Id">999ABC777</identifier>
  </creditSupportAgreement>
  <interestRequirement>
    <interestPeriod>
      <startDate>2010-08-01</startDate>
      <endDate>2010-08-31</endDate>
    </interestPeriod>
    <variationMargin>
      <singleDirection>
<!-- typical scenario: only one party will need to make an interest payment. -->
        <singleTreatment>
          <paymentDetails>
            <payerPartyReference href="party1" />
            <receiverPartyReference href="party2" />
            <paymentDate>
              <adjustableDate>
                <unadjustedDate>2010-09-02</unadjustedDate>
                <dateAdjustments>
                  <businessDayConvention>FOLLOWING</businessDayConvention>
                  <businessCenters>
                    <businessCenter>USNY</businessCenter>
                    <businessCenter>GBLO</businessCenter>
                  </businessCenters>
                </dateAdjustments>
              </adjustableDate>
            </paymentDate>
            <paymentAmount>
              <currency>USD</currency>
              <amount>1000</amount>
            </paymentAmount>
            <method>PhysicalSettlement</method>
          </paymentDetails>
        </singleTreatment>
        <interestAccrued>
          <deliveringPartyReference href="party1" />
          <receivingPartyReference href="party2" />
          <interest>
            <currency>USD</currency>
            <amount>1000</amount>
          </interest>
          <interestCalculationTerms>
            <calculationType>Simple</calculationType>
            <index>EUR-EONIA-Swap-Index</index>
            <spread>-0.0030</spread>
<!-- 30 basis points -->
            <dayCountFraction>ACT/360</dayCountFraction>
          </interestCalculationTerms>
        </interestAccrued>
      </singleDirection>
    </variationMargin>
<!--<segregatedIndependentAmount> is not shown but follows the same content model as <variationMargin> -->
  </interestRequirement>
  <comment>Free form comment</comment>
  <party id="party1">
    <partyId partyIdScheme="http://www.fpml.org/coding-scheme/external/iso17442">549300VBWWV6BYQOWM67</partyId>
    <partyName>ABC Bank</partyName>
  </party>
  <party id="party2">
    <partyId partyIdScheme="http://www.fpml.org/coding-scheme/external/iso17442">254900BIAQJIUV6DLE92</partyId>
    <partyName>XYZ Bank</partyName>
  </party>
  <party id="party3">
<!-- MATCHING SERVICE identification -->
    <partyId partyIdScheme="http://www.fpml.org/coding-scheme/dummy-party-id">MATCHINGSERVICE01</partyId>
    <partyName>Matching Corp</partyName>
  </party>
</requestInterest>

