<?xml version="1.0" encoding="utf-8"?>
<!--View is reporting-->
<!--Version is 5-11-->
<!--NS is http://www.fpml.org/FpML-5/reporting-->
<!--
        == Copyright (c) 2018-2020 All rights reserved.
        == Financial Products Markup Language is subject to the FpML public license.
        == A copy of this license is available at http://www.fpml.org/license/license.html
-->
<!--
        Margin Call Process: Propose Collateral (MC3c)
-->
<requestCollateralAcceptance xmlns="http://www.fpml.org/FpML-5/reporting" xmlns:xsi="http://www.w3.org/2001/XMLSchema-instance" fpmlVersion="5-11" xsi:schemaLocation="http://www.fpml.org/FpML-5/reporting ../fpml-main-5-11.xsd http://www.w3.org/2000/09/xmldsig# ../xmldsig-core-schema.xsd">
  <header>
    <messageId messageIdScheme="http://www.xyzbank.com/message-Id">666777900</messageId>
    <inReplyTo messageIdScheme="http://www.abcbank.com/message-Id">111222333444</inReplyTo>
    <sentBy>XYZBICXXX</sentBy>
    <sendTo>ABCBICXXX</sendTo>
    <creationTimestamp>2010-06-30T12:00:00Z</creationTimestamp>
  </header>
  <correlationId correlationIdScheme="http://www.abcbank.com/correlation-id">789000</correlationId>
  <sequenceNumber>3</sequenceNumber>
  <marginCallIssuerPartyReference href="party1" />
<!-- margin call issuer -->
  <marginCallReceiverPartyReference href="party2" />
<!-- margin call receiver -->
  <variationMargin>
    <deliver>
<!-- the margin call receiver proposes to deliver cash or specitic security -->
      <deliveringPartyReference href="party2" />
      <receivingPartyReference href="party1" />
      <cash>
        <assetReference href="cash01" />
        <nominalAmount>300000</nominalAmount>
        <valueDate>2010-06-01</valueDate>
        <marketValue>300000</marketValue>
<!-- optional -->
        <haircut>1</haircut>
<!-- optional -->
        <collateralValue>300000</collateralValue>
<!-- optional -->
      </cash>
      <security>
        <assetReference href="xyz" />
<!-- security details are defined outside of <delivery> (see the <assets> structure at the end)  -->
        <valueDate>2010-06-02</valueDate>
<!-- settlementDate -->
        <nominalAmount>5000</nominalAmount>
<!-- notionalAmount in JPM BondContract extension -->
        <dirtyPrice>100</dirtyPrice>
<!-- optional -->
        <marketValue>5000</marketValue>
<!-- optional -->
        <haircut>0.90</haircut>
<!-- optional -->
        <collateralValue>4500</collateralValue>
<!-- optional -->
      </security>
      <security>
        <assetReference href="eq01" />
<!-- references an equity underlyer (as defined in the <movement> below) -->
        <valueDate>2010-06-02</valueDate>
        <numberOfUnits>1000</numberOfUnits>
<!-- required choice between <nominalAmount>+<dirtyPrice> or <numberOfUnits>+<unitPrice> -->
        <unitPrice>8</unitPrice>
<!-- optional -->
        <marketValue>8000</marketValue>
<!-- optional -->
        <haircut>0.90</haircut>
<!-- optional -->
        <collateralValue>7200</collateralValue>
<!-- optional -->
      </security>
      <letterOfCredit>
<!-- extending "LcSummary" from FpML 4.7REC2 (Loan WG) -->
        <identifier id="loc1">
          <partyReference href="party3" />
<!-- points to the LC issuing party -->
          <contractId contractIdScheme="http://www.apex-bank.com/coding-scheme/contract-id">1234B6</contractId>
        </identifier>
        <amount>4000</amount>
        <valueDate>2010-06-01</valueDate>
      </letterOfCredit>
    </deliver>
    <return>
<!-- in case of a collateral return, the party can specify a specific security -->
      <deliveringPartyReference href="party1" />
      <receivingPartyReference href="party2" />
<!--  -->
      <security>
        <assetReference href="xyz" />
<!--  can refer to the same bond as in the delivery -->
        <valueDate>2010-06-02</valueDate>
        <nominalAmount>20000</nominalAmount>
        <dirtyPrice>100</dirtyPrice>
        <marketValue>20000</marketValue>
        <haircut>0.90</haircut>
        <collateralValue>18000</collateralValue>
      </security>
    </return>
  </variationMargin>
  <segregatedIndependentAmount>
    <deliver>
<!-- the margin call receiver proposes to deliver cash or specitic security -->
      <deliveringPartyReference href="party2" />
      <receivingPartyReference href="party1" />
      <cash>
        <assetReference href="cash02" />
        <nominalAmount>1000000</nominalAmount>
        <valueDate>2010-06-01</valueDate>
      </cash>
    </deliver>
  </segregatedIndependentAmount>
  <assets>
    <bond id="xyz">
      <instrumentId instrumentIdScheme="ISIN">GB0002634946</instrumentId>
      <description>BAE Systems</description>
      <currency>EUR</currency>
      <maturity>2030-10-14</maturity>
    </bond>
    <equity id="eq01">
      <instrumentId instrumentIdScheme="ISIN">IBM.N</instrumentId>
      <description>ABN AMRO HOLDING NV</description>
      <currency>USD</currency>
      <exchangeId>AEX</exchangeId>
      <relatedExchangeId>LIFFE</relatedExchangeId>
    </equity>
    <cash id="cash01">
      <currency>USD</currency>
    </cash>
    <cash id="cash02">
      <currency>GBP</currency>
    </cash>
  </assets>
<!-- End MC3c data fields -->
  <party id="party1">
    <partyId partyIdScheme="http://www.fpml.org/coding-scheme/external/iso17442">549300VBWWV6BYQOWM67</partyId>
    <partyName>ABC Bank</partyName>
  </party>
  <party id="party2">
    <partyId partyIdScheme="http://www.fpml.org/coding-scheme/external/iso17442">254900BIAQJIUV6DLE92</partyId>
    <partyName>XYZ Bank</partyName>
  </party>
  <party id="party3">
<!-- party who issued the Letter of credit referenced in this example -->
    <partyId partyIdScheme="http://www.fpml.org/coding-scheme/dummy-party-id">APEX Bank</partyId>
  </party>
</requestCollateralAcceptance>

