<?xml version="1.0" encoding="utf-8"?>
<!--View is confirmation-->
<!--Version is 5-3-->
<!--NS is http://www.fpml.org/FpML-5/confirmation-->
<!--
  == Copyright (c) 2002-2011. All rights reserved.
  == Financial Products Markup Language is subject to the FpML public license.
  == A copy of this license is available at http://www.fpml.org/license/license.html
  -->
<dataDocument xmlns="http://www.fpml.org/FpML-5/confirmation" xmlns:xsi="http://www.w3.org/2001/XMLSchema-instance" fpmlVersion="5-3" xsi:schemaLocation="http://www.fpml.org/FpML-5/confirmation ../../fpml-main-5-3.xsd http://www.w3.org/2000/09/xmldsig# ../../xmldsig-core-schema.xsd">
  <trade>
    <tradeHeader>
      <partyTradeIdentifier>
        <partyReference href="party1" />
        <tradeId tradeIdScheme="http://www.partyA.com/trade-id">123</tradeId>
      </partyTradeIdentifier>
      <partyTradeIdentifier>
        <partyReference href="party2" />
        <tradeId tradeIdScheme="http://www.partyB.com/trade-id">123</tradeId>
      </partyTradeIdentifier>
      <tradeDate>2001-04-29</tradeDate>
    </tradeHeader>
    <bulletPayment>
      <payment>
        <payerPartyReference href="party1" />
        <receiverPartyReference href="party2" />
        <paymentAmount>
          <currency>USD</currency>
          <amount>15000.00</amount>
        </paymentAmount>
        <paymentDate>
          <unadjustedDate>2001-07-27</unadjustedDate>
          <dateAdjustments>
            <businessDayConvention>MODFOLLOWING</businessDayConvention>
            <businessCenters id="businessCenters0">
              <businessCenter>GBLO</businessCenter>
              <businessCenter>USNY</businessCenter>
            </businessCenters>
          </dateAdjustments>
        </paymentDate>
      </payment>
    </bulletPayment>
  </trade>
  <party id="party1">
    <partyId>party A</partyId>
  </party>
  <party id="party2">
    <partyId>party B</partyId>
  </party>
</dataDocument>

