<?xml version="1.0" encoding="utf-8"?>
<!--View is reporting-->
<!--Version is 5-11-->
<!--NS is http://www.fpml.org/FpML-5/reporting-->
<!--
  == Copyright (c) 2014- All rights reserved.
  == Financial Products Markup Language is subject to the FpML public license.
  == A copy of this license is available at http://www.fpml.org/license/license.html
  -->
<requestValuationReport xmlns="http://www.fpml.org/FpML-5/reporting" xmlns:xsi="http://www.w3.org/2001/XMLSchema-instance" fpmlVersion="5-11" xsi:schemaLocation="http://www.fpml.org/FpML-5/reporting ../fpml-main-5-11.xsd http://www.w3.org/2000/09/xmldsig# ../xmldsig-core-schema.xsd">
  <header>
    <messageId messageIdScheme="http://www.fpml.org/message-id">VAL001</messageId>
    <sentBy>ABC123</sentBy>
    <sendTo>DEF456</sendTo>
    <creationTimestamp>2004-05-21T17:29:04Z</creationTimestamp>
  </header>
  <party id="party1">
    <partyId partyIdScheme="http://www.fpml.org/coding-scheme/dummy-party-id">Party A</partyId>
  </party>
  <market>
<!--We only need to describe curve in order to reference it in a shift. We dont need a yieldCurveValuation.-->
    <yieldCurve id="USD-LIBOR">
      <name>3M-LIBOR</name>
      <currency>USD</currency>
    </yieldCurve>
  </market>
  <portfolioValuationItem>
    <portfolio id="port1">
      <tradeId id="tid-1" tradeIdScheme="http://party1.com/tids">1234</tradeId>
    </portfolio>
<!--Valuation Set-->
    <tradeValuationItem>
<!--Requested Valuation Characteristics-->
      <valuationSet>
        <quotationCharacteristics>
          <measureType>NPV</measureType>
          <side>Mid</side>
        </quotationCharacteristics>
        <quotationCharacteristics>
          <measureType>BucketedInterestRateSensitivity</measureType>
        </quotationCharacteristics>
      </valuationSet>
    </tradeValuationItem>
    <valuationSet>
<!--Base Valuation Scenario-->
      <valuationScenario id="valscen1">
        <name>EOD Valuation</name>
        <valuationDate>2004-05-01</valuationDate>
      </valuationScenario>
<!--Scenario: USD Libor shocked up 100bp-->
      <valuationScenario id="valscen2">
        <name>USDLibor up 100bp</name>
        <valuationDate>2004-05-01</valuationDate>
        <shift>
          <parameterReference href="USD-LIBOR" />
          <shift>100</shift>
          <shiftUnits>BasisPointValue</shiftUnits>
        </shift>
      </valuationScenario>
      <baseParty href="party1" />
    </valuationSet>
  </portfolioValuationItem>
</requestValuationReport>

