<?xml version="1.0" encoding="UTF-8" standalone="yes"?>
<publicExecutionReport xmlns:saxon="http://saxon.sf.net/" xmlns:xsi="http://www.w3.org/2001/XMLSchema-instance" xmlns="http://www.fpml.org/FpML-5/transparency" fpmlVersion="5-3" xsi:schemaLocation="http://www.fpml.org/FpML-5/transparency ../../fpml-main-5-3.xsd">
   <isCorrection>false</isCorrection>
   <correlationId correlationIdScheme="http://abc.com/correlation-id">456</correlationId>
   <sequenceNumber>1</sequenceNumber>
   <originatingEvent>Trade</originatingEvent>
   <trade>
      <tradeHeader>
         <partyTradeIdentifier>
            <issuer issuerIdScheme="http://www.fpml.org/coding-scheme/external/iso17442">VTOUP9FCHUXIINML4787</issuer>
            <tradeId tradeIdScheme="http://www.fpml.org/coding-scheme/external/unique-transaction-identifier">12345678901234567890123456789012</tradeId>
         </partyTradeIdentifier>
         <tradeInformation>
            <executionDateTime>2011-01-01T09:12:34</executionDateTime>
            <intentToClear>false</intentToClear>
            <nonStandardTerms>true</nonStandardTerms>
            <offMarketPrice>true</offMarketPrice>
            <largeSizeTrade>false</largeSizeTrade>
            <executionType>Electronic</executionType>
            <executionVenueType>SEF</executionVenueType>
         </tradeInformation>
         <tradeDate id="d989">2001-09-24</tradeDate>
      </tradeHeader>
      <varianceSwapTransactionSupplement>
         <primaryAssetClass>Equity</primaryAssetClass>
         <productType>Equity:Option:Variance:Single-Name</productType>
         <varianceLeg>
            <underlyer>
               <singleUnderlyer>
                  <index>
                     <instrumentId instrumentIdScheme="http://www.fpml.org/schemes/4.1/instrumentId">.SP500</instrumentId>
                     <currency>USD</currency>
                     <exchangeId exchangeIdScheme="http://www.fpml.org/schemes/4.1/exchangeId">NYSE</exchangeId>
                     <relatedExchangeId exchangeIdScheme="http://www.fpml.org/schemes/4.1/exchangeId">CBOE</relatedExchangeId>
                  </index>
               </singleUnderlyer>
            </underlyer>
            <valuation>
               <valuationDate id="FinalValuationDate">
                  <adjustableDate>
                     <unadjustedDate>2004-07-21</unadjustedDate>
                  </adjustableDate>
               </valuationDate>
               <futuresPriceValuation>true</futuresPriceValuation>
            </valuation>
            <amount>
               <variance>
                  <closingLevel>true</closingLevel>
                  <varianceAmount>
                     <currency>USD</currency>
                     <amount>350000</amount>
                  </varianceAmount>
                  <varianceStrikePrice>950</varianceStrikePrice>
                  <exchangeTradedContractNearest>
                     <instrumentId instrumentIdScheme="http://www.fpml.org/schemes/4.1/instrumentId">.SP500</instrumentId>
                     <currency>USD</currency>
                     <exchangeId exchangeIdScheme="http://www.fpml.org/schemes/4.1/exchangeId">NYSE</exchangeId>
                     <relatedExchangeId exchangeIdScheme="http://www.fpml.org/schemes/4.1/exchangeId">CBOE</relatedExchangeId>
                     <contractReference>CBOE SEP04 SP500 FUTURE</contractReference>
                     <expirationDate>
                        <adjustableDate>
                           <unadjustedDate>2004-09-23</unadjustedDate>
                        </adjustableDate>
                     </expirationDate>
                  </exchangeTradedContractNearest>
               </variance>
            </amount>
         </varianceLeg>
      </varianceSwapTransactionSupplement>
   </trade>
</publicExecutionReport>