<?xml version="1.0" encoding="utf-8"?>
<!--View is confirmation-->
<!--Version is 5-11-->
<!--NS is http://www.fpml.org/FpML-5/confirmation-->
<!--
        == Copyright (c) 2018-2020 All rights reserved.
        == Financial Products Markup Language is subject to the FpML public license.
        == A copy of this license is available at http://www.fpml.org/license/license.html
-->
<dataDocument xmlns="http://www.fpml.org/FpML-5/confirmation" xmlns:xsi="http://www.w3.org/2001/XMLSchema-instance" fpmlVersion="5-11" xsi:schemaLocation="http://www.fpml.org/FpML-5/confirmation ../../fpml-main-5-11.xsd http://www.w3.org/2000/09/xmldsig# ../../xmldsig-core-schema.xsd">
  <trade>
    <tradeHeader>
      <partyTradeIdentifier>
        <partyReference href="party1" />
        <tradeId tradeIdScheme="http://www.swapswire.com/spec/2001/trade-id">124897</tradeId>
      </partyTradeIdentifier>
      <partyTradeIdentifier>
        <partyReference href="party2" />
        <tradeId tradeIdScheme="http://www.swapswire.com/spec/2001/trade-id">124897</tradeId>
      </partyTradeIdentifier>
      <tradeDate>2008-06-02</tradeDate>
    </tradeHeader>
    <equitySwapTransactionSupplement>
<!--FpML 5-0 renamed from  <interestLeg legIdentifier="interestLeg">-->
      <interestLeg id="interestLeg">
        <payerPartyReference href="party1" />
        <receiverPartyReference href="party2" />
        <interestLegCalculationPeriodDates id="interestCalcPeriodDates">
          <effectiveDate>
            <adjustableDate>
              <unadjustedDate>2008-06-04</unadjustedDate>
              <dateAdjustments>
                <businessDayConvention>MODFOLLOWING</businessDayConvention>
                <businessCenters>
                  <businessCenter>EUTA</businessCenter>
                </businessCenters>
              </dateAdjustments>
            </adjustableDate>
          </effectiveDate>
          <terminationDate>
            <adjustableDate>
              <unadjustedDate>2009-06-04</unadjustedDate>
              <dateAdjustments>
                <businessDayConvention>MODFOLLOWING</businessDayConvention>
                <businessCenters>
                  <businessCenter>EUTA</businessCenter>
                </businessCenters>
              </dateAdjustments>
            </adjustableDate>
          </terminationDate>
          <interestLegResetDates>
            <calculationPeriodDatesReference href="interestCalcPeriodDates" />
            <resetFrequency>
              <periodMultiplier>1</periodMultiplier>
              <period>M</period>
            </resetFrequency>
          </interestLegResetDates>
<!-- begin: Example use of suggested FpML change re roll convention in interestLeg -->
          <interestLegPaymentDates id="interestLegPaymentDates">
            <periodicDates>
              <calculationStartDate>
                <adjustableDate>
                  <unadjustedDate>2008-06-04</unadjustedDate>
                  <dateAdjustments>
                    <businessDayConvention>MODFOLLOWING</businessDayConvention>
                    <businessCenters>
                      <businessCenter>EUTA</businessCenter>
                    </businessCenters>
                  </dateAdjustments>
                </adjustableDate>
              </calculationStartDate>
              <calculationPeriodFrequency>
                <periodMultiplier>1</periodMultiplier>
                <period>M</period>
                <rollConvention>4</rollConvention>
              </calculationPeriodFrequency>
              <calculationPeriodDatesAdjustments>
                <businessDayConvention>MODFOLLOWING</businessDayConvention>
                <businessCenters>
                  <businessCenter>EUTA</businessCenter>
                </businessCenters>
              </calculationPeriodDatesAdjustments>
            </periodicDates>
          </interestLegPaymentDates>
<!-- end: Example use of suggested FpML change re roll convention in interestLeg -->
        </interestLegCalculationPeriodDates>
        <notional>
          <relativeNotionalAmount href="equityNotionalAmount" />
        </notional>
        <interestAmount>
          <currencyReference href="equityPaymentCurrency" />
          <referenceAmount>StandardISDA</referenceAmount>
        </interestAmount>
        <interestCalculation>
          <floatingRateCalculation>
            <floatingRateIndex>EUR-EURIBOR-Reuters</floatingRateIndex>
            <indexTenor>
              <periodMultiplier>1</periodMultiplier>
              <period>M</period>
            </indexTenor>
          </floatingRateCalculation>
          <dayCountFraction>ACT/360</dayCountFraction>
        </interestCalculation>
      </interestLeg>
      <returnLeg>
        <payerPartyReference href="party2" />
        <receiverPartyReference href="party1" />
        <effectiveDate>
          <adjustableDate>
            <unadjustedDate>2008-06-02</unadjustedDate>
            <dateAdjustments>
              <businessDayConvention>NotApplicable</businessDayConvention>
            </dateAdjustments>
          </adjustableDate>
        </effectiveDate>
        <terminationDate>
          <adjustableDate>
            <unadjustedDate>2008-06-04</unadjustedDate>
            <dateAdjustments>
              <businessDayConvention>NotApplicable</businessDayConvention>
            </dateAdjustments>
          </adjustableDate>
        </terminationDate>
        <underlyer>
          <singleUnderlyer>
            <equity>
              <instrumentId instrumentIdScheme="http://www.abc.com/instrument-id-Reuters-RIC-1-0">PHGe.AS</instrumentId>
              <instrumentId instrumentIdScheme="http://www.abc.com/instrument-id-ISIN-1-0">NL0000009322</instrumentId>
              <description>PHILIPS BUY BACK ORD</description>
              <exchangeId exchangeIdScheme="http://www.abc.com/exchangeId">XAMS</exchangeId>
            </equity>
          </singleUnderlyer>
        </underlyer>
        <rateOfReturn>
          <initialPrice>
            <netPrice>
              <currency>EUR</currency>
              <amount>10.0</amount>
              <priceExpression>AbsoluteTerms</priceExpression>
            </netPrice>
          </initialPrice>
          <notionalReset>true</notionalReset>
          <valuationPriceInterim>
            <determinationMethod>ValuationTime</determinationMethod>
            <valuationRules>
              <valuationDates id="interimValuationDate">
                <relativeDateSequence>
                  <dateRelativeTo href="interestLegPaymentDates" />
                  <dateOffset>
                    <periodMultiplier>-2</periodMultiplier>
                    <period>D</period>
                    <businessDayConvention>PRECEDING</businessDayConvention>
                  </dateOffset>
                </relativeDateSequence>
              </valuationDates>
            </valuationRules>
          </valuationPriceInterim>
          <valuationPriceFinal>
            <determinationMethod>HedgeExecution</determinationMethod>
            <valuationRules>
              <valuationDate id="finalValuationDate">
                <adjustableDate>
                  <unadjustedDate>2009-06-02</unadjustedDate>
                  <dateAdjustments>
                    <businessDayConvention>NotApplicable</businessDayConvention>
                  </dateAdjustments>
                </adjustableDate>
              </valuationDate>
            </valuationRules>
          </valuationPriceFinal>
          <paymentDates>
            <paymentDatesInterim>
              <relativeDates>
                <periodMultiplier>2</periodMultiplier>
                <period>D</period>
                <dayType>CurrencyBusiness</dayType>
                <businessDayConvention>FOLLOWING</businessDayConvention>
                <businessCenters>
                  <businessCenter>EUTA</businessCenter>
                </businessCenters>
                <dateRelativeTo href="interimValuationDate" />
              </relativeDates>
            </paymentDatesInterim>
            <paymentDateFinal>
              <relativeDate>
                <periodMultiplier>2</periodMultiplier>
                <period>D</period>
                <dayType>CurrencyBusiness</dayType>
                <businessDayConvention>FOLLOWING</businessDayConvention>
                <businessCenters>
                  <businessCenter>EUTA</businessCenter>
                </businessCenters>
                <dateRelativeTo href="finalValuationDate" />
              </relativeDate>
            </paymentDateFinal>
          </paymentDates>
        </rateOfReturn>
        <notional>
          <notionalAmount id="equityNotionalAmount">
            <currency>EUR</currency>
            <amount>300000.0</amount>
          </notionalAmount>
        </notional>
        <amount>
          <currency id="equityPaymentCurrency">EUR</currency>
          <referenceAmount>StandardISDA</referenceAmount>
          <cashSettlement>true</cashSettlement>
        </amount>
        <return>
          <returnType>Price</returnType>
        </return>
        <notionalAdjustments>Standard</notionalAdjustments>
      </returnLeg>
    </equitySwapTransactionSupplement>
  </trade>
  <party id="party1">
    <partyId partyIdScheme="http://www.fpml.org/coding-scheme/dummy-party-id">ABC1</partyId>
    <partyName>SWL</partyName>
  </party>
  <party id="party2">
    <partyId partyIdScheme="http://www.fpml.org/coding-scheme/dummy-party-id">ABC6</partyId>
    <partyName>RST</partyName>
  </party>
</dataDocument>

