<?xml version="1.0" encoding="utf-8"?>
<!--View is confirmation-->
<!--Version is 5-11-->
<!--NS is http://www.fpml.org/FpML-5/confirmation-->
<!--
        == Copyright (c) 2018-2020 All rights reserved.
        == Financial Products Markup Language is subject to the FpML public license.
        == A copy of this license is available at http://www.fpml.org/documents/license
-->
<executionAdvice xmlns="http://www.fpml.org/FpML-5/confirmation" xmlns:xsi="http://www.w3.org/2001/XMLSchema-instance" fpmlVersion="5-11" xsi:schemaLocation="http://www.fpml.org/FpML-5/confirmation ../../fpml-main-5-11.xsd http://www.w3.org/2000/09/xmldsig# ../../xmldsig-core-schema.xsd">
  <header>
    <messageId messageIdScheme="http://www.isda.org/coding-scheme/isda/message-id">1486297</messageId>
    <sentBy>894500DM8LVOSCMP9T34</sentBy>
    <sendTo>49300JZDC6K840D7F79</sendTo>
    <creationTimestamp>2018-03-20T18:13:51</creationTimestamp>
  </header>
  <isCorrection>false</isCorrection>
  <observation>
    <eventIdentifier>
      <partyReference href="party1" />
      <eventId>obs-1</eventId>
    </eventIdentifier>
    <date>2018-01-18</date>
    <time>
      <time>11:00:00</time>
      <location>UTC</location>
    </time>
    <side>Bid</side>
    <observedValue>0.870</observedValue>
    <source>
      <informationSource>
        <rateSource>Bloomberg</rateSource>
        <rateSourcePage>pagetbd</rateSourcePage>
      </informationSource>
      <underlyer>
        <floatingRate>
          <floatingRateIndex>EUR-LIBOR-BBA</floatingRateIndex>
          <indexTenor>
            <periodMultiplier>3</periodMultiplier>
            <period>M</period>
          </indexTenor>
        </floatingRate>
      </underlyer>
    </source>
  </observation>
  <observation>
    <eventIdentifier>
      <partyReference href="party1" />
      <eventId>obs-2</eventId>
    </eventIdentifier>
    <date>2018-02-18</date>
    <time>
      <time>11:00:00</time>
      <location>UTC</location>
    </time>
    <side>Bid</side>
    <observedValue>0.875</observedValue>
    <source>
      <informationSource>
        <rateSource>Bloomberg</rateSource>
        <rateSourcePage>pagetbd</rateSourcePage>
      </informationSource>
      <underlyer>
        <floatingRate>
          <floatingRateIndex>EUR-LIBOR-BBA</floatingRateIndex>
          <indexTenor>
            <periodMultiplier>3</periodMultiplier>
            <period>M</period>
          </indexTenor>
        </floatingRate>
      </underlyer>
    </source>
  </observation>
  <observation>
    <eventIdentifier>
      <partyReference href="party1" />
      <eventId>obs-3</eventId>
    </eventIdentifier>
    <date>2018-03-18</date>
    <time>
      <time>11:00:00</time>
      <location>UTC</location>
    </time>
    <side>Bid</side>
    <observedValue>0.880</observedValue>
    <source>
      <informationSource>
        <rateSource>Bloomberg</rateSource>
        <rateSourcePage>pagetbd</rateSourcePage>
      </informationSource>
      <underlyer>
        <floatingRate>
          <floatingRateIndex>EUR-LIBOR-BBA</floatingRateIndex>
          <indexTenor>
            <periodMultiplier>3</periodMultiplier>
            <period>M</period>
          </indexTenor>
        </floatingRate>
      </underlyer>
    </source>
  </observation>
  <reset>
    <eventIdentifier>
      <partyReference href="party1" />
      <eventId>reset-1</eventId>
    </eventIdentifier>
    <tradeReference>
      <partyTradeIdentifier>
        <partyReference href="party1" />
        <tradeId tradeIdScheme="http://www.abc.com/coding-scheme/trade-id">1234567</tradeId>
      </partyTradeIdentifier>
      <partyTradeIdentifier>
        <partyReference href="party2" />
        <tradeId tradeIdScheme="http://www.def.com/coding-scheme/trade-id">7654321</tradeId>
      </partyTradeIdentifier>
    </tradeReference>
    <legIdentifier>
      <legId legIdScheme="http://www.abc.com/coding-scheme/leg-id">leg-1-1234567</legId>
    </legIdentifier>
    <legIdentifier>
      <legId legIdScheme="http://www.def.com/coding-scheme/leg-id">leg-1-7654321</legId>
    </legIdentifier>
    <date id="reset_date">2018-03-20</date>
    <resetValue>0.875</resetValue>
    <calculationDetails>
      <observation>
        <observationReference>
          <eventIdentifier>
            <partyReference href="party1" />
            <eventId eventIdScheme="http://www.abc.com/coding-scheme/observation-id">obs-1</eventId>
          </eventIdentifier>
        </observationReference>
        <weight>0.33333</weight>
      </observation>
      <observation>
        <observationReference>
          <eventIdentifier>
            <partyReference href="party1" />
            <eventId eventIdScheme="http://www.abc.com/coding-scheme/observation-id">obs-2</eventId>
          </eventIdentifier>
        </observationReference>
        <weight>0.33333</weight>
      </observation>
      <observation>
        <observationReference>
          <eventIdentifier>
            <partyReference href="party1" />
            <eventId eventIdScheme="http://www.abc.com/coding-scheme/observation-id">obs-3</eventId>
          </eventIdentifier>
        </observationReference>
        <weight>0.33333</weight>
      </observation>
      <calculationElements>
        <notional>
          <currency>USD</currency>
          <amount>1110765.74</amount>
        </notional>
        <calculatedRate id="int1">
          <calculatedValue>0.875</calculatedValue>
          <multiplier>1</multiplier>
          <spread>0.01</spread>
          <capValue>
            <strikeRate>0.95</strikeRate>
          </capValue>
          <floorValue>
            <strikeRate>0.82</strikeRate>
          </floorValue>
          <negativeInterestRate>false</negativeInterestRate>
          <rounding>
            <roundingDirection>Up</roundingDirection>
            <precision>4</precision>
          </rounding>
        </calculatedRate>
        <calculationPeriod>
          <adjustedStartDate>2017-12-20</adjustedStartDate>
          <adjustedEndDate>2018-03-20</adjustedEndDate>
          <numberOfDays>91</numberOfDays>
          <dayCountFraction>ACT/360</dayCountFraction>
          <dayCountYearFraction>0.252778</dayCountYearFraction>
        </calculationPeriod>
      </calculationElements>
    </calculationDetails>
  </reset>
  <party id="party1">
    <partyId partyIdScheme="http://www.fpml.org/coding-scheme/external/iso17442">894500DM8LVOSCMP9T34</partyId>
  </party>
  <party id="party2">
    <partyId partyIdScheme="http://www.fpml.org/coding-scheme/external/iso17442">549300JZDC6K840D7F79</partyId>
  </party>
</executionAdvice>

