<?xml version="1.0" encoding="UTF-8" standalone="yes"?>
<publicExecutionReport xmlns:saxon="http://saxon.sf.net/" xmlns:xsi="http://www.w3.org/2001/XMLSchema-instance" xmlns="http://www.fpml.org/FpML-5/transparency" fpmlVersion="5-3" xsi:schemaLocation="http://www.fpml.org/FpML-5/transparency ../../fpml-main-5-3.xsd">
   <isCorrection>false</isCorrection>
   <correlationId correlationIdScheme="http://abc.com/correlation-id">456</correlationId>
   <sequenceNumber>1</sequenceNumber>
   <originatingEvent>Trade</originatingEvent>
   <trade>
      <tradeHeader>
         <partyTradeIdentifier>
            <issuer issuerIdScheme="http://www.fpml.org/coding-scheme/external/iso17442">VTOUP9FCHUXIINML4787</issuer>
            <tradeId tradeIdScheme="http://www.fpml.org/coding-scheme/external/unique-transaction-identifier">12345678901234567890123456789012</tradeId>
         </partyTradeIdentifier>
         <tradeInformation>
            <executionDateTime>2011-01-01T09:12:34</executionDateTime>
            <intentToClear>false</intentToClear>
            <nonStandardTerms>true</nonStandardTerms>
            <offMarketPrice>true</offMarketPrice>
            <largeSizeTrade>false</largeSizeTrade>
            <executionType>Electronic</executionType>
            <executionVenueType>SEF</executionVenueType>
         </tradeInformation>
         <tradeDate id="TradeDate">2002-07-19</tradeDate>
      </tradeHeader>
      <dividendSwapTransactionSupplement>
         <primaryAssetClass>Equity</primaryAssetClass>
         <productType>Equity:Swap:Dividend:Single-Name</productType>
         <dividendLeg>
            <underlyer>
               <singleUnderlyer>
                  <index>
                     <instrumentId instrumentIdScheme="http://example.com/instrumentId">.FCHI</instrumentId>
                     <currency>EUR</currency>
                     <exchangeId>EuroNext</exchangeId>
                     <relatedExchangeId>MATIF</relatedExchangeId>
                     <relatedExchangeId>MONEP</relatedExchangeId>
                  </index>
                  <openUnits>1000</openUnits>
               </singleUnderlyer>
            </underlyer>
            <declaredCashDividendPercentage>1.0</declaredCashDividendPercentage>
            <declaredCashEquivalentDividendPercentage>1.0</declaredCashEquivalentDividendPercentage>
            <dividendPeriod id="d1">
               <unadjustedStartDate>2010-12-20</unadjustedStartDate>
               <unadjustedEndDate id="e1">2011-12-19</unadjustedEndDate>
               <fixedStrike>0.045</fixedStrike>
            </dividendPeriod>
            <dividendPeriod id="d2">
               <unadjustedStartDate>2011-12-20</unadjustedStartDate>
               <unadjustedEndDate id="e2">2012-12-19</unadjustedEndDate>
               <fixedStrike>0.045</fixedStrike>
            </dividendPeriod>
         </dividendLeg>
         <fixedLeg>
            <fixedPayment>
               <paymentAmount>
                  <currency>USD</currency>
                  <amount>50000</amount>
               </paymentAmount>
            </fixedPayment>
            <fixedPayment>
               <paymentAmount>
                  <currency>USD</currency>
                  <amount>56000</amount>
               </paymentAmount>
            </fixedPayment>
         </fixedLeg>
      </dividendSwapTransactionSupplement>
   </trade>
</publicExecutionReport>