<?xml version="1.0" encoding="utf-8"?>
<!--View is confirmation-->
<!--Version is 5-10-->
<!--NS is http://www.fpml.org/FpML-5/confirmation-->
<!--
        == Copyright (c) 2014-2018 All rights reserved.
        == Financial Products Markup Language is subject to the FpML public license.
        == A copy of this license is available at http://www.fpml.org/documents/license
-->
<!--View is reporting-->
<!--Version is 5-0-->
<!--NS is http://www.fpml.org/FpML-5/reporting-->
<!--Omit some adjustments, details of procedures, and other information not required for a report-->
<!--5.0:Message type is a Root of the message-->
<!--5.0 Messaging: changed <contractPartialTerminationCancelled> -><executionAdviceRetracted>-->
<executionAdviceRetracted xmlns="http://www.fpml.org/FpML-5/confirmation" xmlns:xsi="http://www.w3.org/2001/XMLSchema-instance" fpmlVersion="5-10" xsi:schemaLocation="http://www.fpml.org/FpML-5/confirmation ../../fpml-main-5-10.xsd http://www.w3.org/2000/09/xmldsig# ../../xmldsig-core-schema.xsd">
  <header>
<!--5.0: conversationId added-->
<!--5.0 Messaging: <correlationId> is used instead of <conversationId>-->
<!--conversationId conversationIdScheme="http://www.imgr.com/schemes/conversation-id">IM/C011</conversationId-->
    <messageId messageIdScheme="http://www.imgr.com/schemes/message-id">IM/27</messageId>
    <sentBy>IMGRUS6S</sentBy>
    <sendTo>CUSTUS3T</sendTo>
    <creationTimestamp>2009-07-22T09:19:09.000-08:00</creationTimestamp>
  </header>
<!--5.0 Messaging: added
                <correlationId>
                <sequenceNumber>
        -->
  <correlationId correlationIdScheme="http://www.imgr.com/schemes/correlation-id">IM/C011</correlationId>
  <sequenceNumber>4</sequenceNumber>
<!--5.0 Messaging: Removed <contractReference> structure -->
<!-- 
        <contractReference>
                <identifier>
                        <partyReference href="_fund"/>
                        <versionedContractId>
                                <contractId contractIdScheme="http://www.swift.com/coding-scheme/contract-id">CONTR2345</contractId>
                                <version>28</version>
                        </versionedContractId>
                </identifier>
        </contractReference>
        -->
<!--5.0 Messaging: <contract> substituted by a choice
                <trade>
                <amendment>
                <increase>
                <novation>
                <termination>
        -->
  <termination>
<!--5.0 Messaging: changed from <contractReference> -> <tradeIdentifier>-->
    <tradeIdentifier>
      <partyReference href="_fund" />
<!--5.0 Messaging: changed from <versionedContractId> -> <versionedTradeId>-->
      <versionedTradeId>
<!--5.0 Messaging: changed from <contractId contractIdScheme=""> -> <tradeId tradeIdScheme="">-->
        <tradeId tradeIdScheme="http://www.swift.com/coding-scheme/contract-id">CONTR2345</tradeId>
        <version>27</version>
      </versionedTradeId>
    </tradeIdentifier>
<!--5.0 Messaging: changed from <date> -> <agreementDate>-->
    <agreementDate>2009-07-22</agreementDate>
    <effectiveDate>2009-07-23</effectiveDate>
    <payment id="TERMINATION_FEE">
      <payerPartyReference href="_broker" />
      <receiverPartyReference href="_fund" />
      <paymentAmount>
        <currency>USD</currency>
        <amount>12494.00</amount>
      </paymentAmount>
<!--5.0:Added a container paymentDate-->
      <paymentDate>
        <adjustedDate>2009-07-23</adjustedDate>
      </paymentDate>
      <paymentType>Termination Fee</paymentType>
    </payment>
    <changeInNotionalAmount>
      <currency>USD</currency>
      <amount>5000000</amount>
    </changeInNotionalAmount>
    <outstandingNotionalAmount>
      <currency>USD</currency>
      <amount>10000000</amount>
    </outstandingNotionalAmount>
  </termination>
  <party id="_fund">
    <partyId partyIdScheme="http://www.fpml.org/coding-scheme/external/iso17442">5493000TK7OZL3NFEW61</partyId>
    <partyName>INVEST MANAGER</partyName>
  </party>
  <party id="_broker">
    <partyId partyIdScheme="http://www.fpml.org/coding-scheme/external/iso17442">549300E4CDNNLJRBKF36</partyId>
    <partyName>BROKER</partyName>
  </party>
  <party id="_cust">
    <partyId partyIdScheme="http://www.fpml.org/coding-scheme/external/iso17442">549300FNRNXH6KYKUK07</partyId>
    <partyName>Custodian</partyName>
  </party>
  <account id="_FUNDACCT">
    <accountId accountIdScheme="http://www.imgr.com/schemes/account-id">FUND300</accountId>
    <accountBeneficiary href="_fund" />
  </account>
  <account id="_CUSTACCT">
    <accountId accountIdScheme="http://www.custodian.com/account-id">76543</accountId>
    <accountBeneficiary href="_cust" />
  </account>
</executionAdviceRetracted>

