<?xml version="1.0" encoding="utf-8"?>
<!--View is reporting-->
<!--Version is 5-3-->
<!--NS is http://www.fpml.org/FpML-5/reporting-->
<!--
  == Copyright (c) 2002-2011. All rights reserved.
  == Financial Products Markup Language is subject to the FpML public license.
  == A copy of this license is available at http://www.fpml.org/license/license.html
-->
<!--
        Margin Call Process: Issuance of Margin Call (MC1)
-->
<requestMargin xmlns="http://www.fpml.org/FpML-5/reporting" xmlns:xsi="http://www.w3.org/2001/XMLSchema-instance" fpmlVersion="5-3" xsi:schemaLocation="http://www.fpml.org/FpML-5/reporting ../fpml-main-5-3.xsd http://www.w3.org/2000/09/xmldsig# ../xmldsig-core-schema.xsd">
  <header>
    <messageId messageIdScheme="http://www.abcbank.com/message-Id">123abc0000010</messageId>
    <sentBy messageAddressScheme="http://www.abcbank.com/party-Id">ABCBICXXX</sentBy>
    <creationTimestamp>2010-05-14T12:00:00Z</creationTimestamp>
  </header>
  <isCorrection>false</isCorrection>
  <correlationId correlationIdScheme="http://www.abcbank.com/correlation-id">111222333456</correlationId>
  <sequenceNumber>1</sequenceNumber>
  <marginCallIssuerPartyReference href="party1" />
<!-- margin call issuer -->
  <marginCallReceiverPartyReference href="party2" />
<!-- margin call receiver -->
  <creditSupportAgreement>
    <type creditSupportAgreementTypeScheme="http://www.fpml.org/coding-scheme/credit-support-agreement-type">ISDA1994CreditSupportAnnexNewYorkLaw</type>
    <date>2009-07-14</date>
    <identifier creditSupportAgreementIdScheme="http://www.abcbank.com/csa-Id">999ABC777</identifier>
  </creditSupportAgreement>
  <valuationDate>2010-05-15</valuationDate>
  <baseCurrency>USD</baseCurrency>
  <markToMarket>
    <exposure>
      <exposedPartyReference href="party2" />
      <obligatedPartyReference href="party1" />
      <exposureAmount>
        <currency>USD</currency>
        <amount>15617</amount>
      </exposureAmount>
    </exposure>
    <convention>Netted</convention>
<!-- gross or netted -->
  </markToMarket>
  <independentAmount>
    <trade>
      <giverPartyReference href="party2" />
      <takerPartyReference href="party1" />
      <paymentAmount>
        <currency>USD</currency>
        <amount>767500</amount>
      </paymentAmount>
      <convention>NettedBeforeThreshold</convention>
    </trade>
  </independentAmount>
  <marginTerm>
    <currency>USD</currency>
    <variationMargin>
      <threshold>
        <amount>0</amount>
        <type>Unsecured</type>
      </threshold>
      <minimumTransferAmount>500000</minimumTransferAmount>
      <transferRounding>
        <direction>Nearest</direction>
        <amount>10000</amount>
      </transferRounding>
    </variationMargin>
  </marginTerm>
  <collateral>
    <variationMargin>
      <heldCollateral>
<!-- collateral already settled -->
        <holdingPartyReference href="party2" />
        <postingPartyReference href="party1" />
        <paymentAmount>
          <currency>USD</currency>
          <amount>560000</amount>
        </paymentAmount>
      </heldCollateral>
    </variationMargin>
  </collateral>
  <marginRequirement>
    <variationMargin>
      <deliver>
        <deliveringPartyReference href="party2" />
<!-- delivery -->
        <receivingPartyReference href="party1" />
        <currency>USD</currency>
        <amount>752000</amount>
      </deliver>
      <return>
        <deliveringPartyReference href="party2" />
<!-- return -->
        <receivingPartyReference href="party1" />
        <currency>USD</currency>
        <amount>560000</amount>
      </return>
    </variationMargin>
  </marginRequirement>
  <marginCallResult>
    <variationMargin>
      <giverPartyReference href="party2" />
      <takerPartyReference href="party1" />
      <marginCallAmount>
        <currency>USD</currency>
        <amount>1320000</amount>
<!-- = $560,000 + $752,000 -->
      </marginCallAmount>
    </variationMargin>
  </marginCallResult>
<!-- End MC1 data fields -->
  <party id="party1">
    <partyId>ABCBICXXX</partyId>
    <partyName>ABC Bank</partyName>
  </party>
  <party id="party2">
    <partyId>XYZBICXXX</partyId>
    <partyName>XYZ Bank</partyName>
  </party>
</requestMargin>

