<?xml version="1.0" encoding="utf-8"?>
<!--View is reporting-->
<!--Version is 5-3-->
<!--NS is http://www.fpml.org/FpML-5/reporting-->
<!--
        == Copyright (c) 2002-2011. All rights reserved.
        == Financial Products Markup Language is subject to the FpML public license.
        == A copy of this license is available at http://www.fpml.org/license/license.html
-->
<!--
        Interest Process: Send Interest Notification (IN1) cash collateral both held and posted during a period - NET Treatment
        
During the interest period, collateral was held at some point by both parties.  In this situation both parties owe interest to the other party.  In FpML the bothDirections structure is used to the define interest details for each direction. The FpML messages support the definition of whether to treat these obligations on a netted vs gross basis.  
-->
<requestInterest xmlns="http://www.fpml.org/FpML-5/reporting" xmlns:xsi="http://www.w3.org/2001/XMLSchema-instance" fpmlVersion="5-3" xsi:schemaLocation="http://www.fpml.org/FpML-5/reporting ../fpml-main-5-3.xsd http://www.w3.org/2000/09/xmldsig# ../xmldsig-core-schema.xsd">
  <header>
    <messageId messageIdScheme="http://www.xyzbank.com/message-Id">666777900</messageId>
    <sentBy>XYZBICXXX</sentBy>
    <sendTo>ABCBICXXX</sendTo>
    <creationTimestamp>2010-09-02T12:00:00Z</creationTimestamp>
  </header>
  <isCorrection>false</isCorrection>
  <correlationId correlationIdScheme="http://www.abcbank.com/correlation-id">789000</correlationId>
  <sequenceNumber>1</sequenceNumber>
  <issuerPartyReference href="party2" />
<!-- interest notification issuer -->
  <receiverPartyReference href="party1" />
<!-- interest notification receiver -->
  <creditSupportAgreement>
    <type creditSupportAgreementTypeScheme="http://www.fpml.org/coding-scheme/credit-support-agreement-type">ISDA1994CreditSupportAnnexNewYorkLaw</type>
    <date>2009-07-14</date>
    <identifier creditSupportAgreementIdScheme="http://www.abcbank.com/csa-Id">999ABC777</identifier>
  </creditSupportAgreement>
  <interestRequirement>
    <interestPeriod>
      <startDate>2010-08-01</startDate>
      <endDate>2010-08-31</endDate>
    </interestPeriod>
    <variationMargin>
      <bothDirections>
<!-- other CHOICE is <singleDirection> -->
        <netTreatment>
<!--  IF NET treatment (other CHOICE is <grossTreatment>) -->
          <paymentDetails>
<!-- 1 occurence of <paymentDetails> for Net -->
            <payerPartyReference href="party2" />
            <receiverPartyReference href="party1" />
            <paymentDate>
              <adjustableDate>
                <unadjustedDate>2010-09-02</unadjustedDate>
                <dateAdjustments>
                  <businessDayConvention>FOLLOWING</businessDayConvention>
                  <businessCenters>
                    <businessCenter>USNY</businessCenter>
                    <businessCenter>GBLO</businessCenter>
                  </businessCenters>
                </dateAdjustments>
              </adjustableDate>
            </paymentDate>
            <paymentAmount>
              <currency>USD</currency>
              <amount>500</amount>
            </paymentAmount>
            <method>PhysicalSettlement</method>
          </paymentDetails>
        </netTreatment>
        <interestAccrued>
<!-- 2 occurences of <interestAccrued> -->
          <deliveringPartyReference href="party2" />
          <receivingPartyReference href="party1" />
          <interest>
            <currency>USD</currency>
            <amount>1500</amount>
          </interest>
          <interestCalculationTerms>
            <calculationType>Simple</calculationType>
            <index>EUR-EONIA-Swap-Index</index>
            <spread>-0.0030</spread>
<!-- 30 basis points -->
            <dayCountFraction>ACT/360</dayCountFraction>
          </interestCalculationTerms>
        </interestAccrued>
        <interestAccrued>
          <deliveringPartyReference href="party1" />
          <receivingPartyReference href="party2" />
          <interest>
            <currency>USD</currency>
            <amount>1000</amount>
          </interest>
          <interestCalculationTerms>
            <calculationType>Simple</calculationType>
            <index>EUR-EONIA-Swap-Index</index>
            <spread>-0.0030</spread>
<!-- 30 basis points -->
            <dayCountFraction>ACT/360</dayCountFraction>
          </interestCalculationTerms>
        </interestAccrued>
      </bothDirections>
    </variationMargin>
<!--<segregatedIndependentAmount> is not shown but follows the same content model as <variationMargin> -->
  </interestRequirement>
  <comment>Free form comment</comment>
  <party id="party1">
    <partyId>ABCBICXXX</partyId>
    <partyName>ABC Bank</partyName>
  </party>
  <party id="party2">
    <partyId>XYZBICXXX</partyId>
    <partyName>XYZ Bank</partyName>
  </party>
</requestInterest>

