<?xml version="1.0" encoding="utf-8"?>
<!--View is reporting-->
<!--Version is 5-3-->
<!--NS is http://www.fpml.org/FpML-5/reporting-->
<!--
        == Copyright (c) 2002-2011. All rights reserved.
        == Financial Products Markup Language is subject to the FpML public license.
        == A copy of this license is available at http://www.fpml.org/license/license.html
-->
<!--
        Margin Call Process: Acknowledge Dispute Notification (MC11)
-->
<disputeNotification xmlns="http://www.fpml.org/FpML-5/reporting" xmlns:xsi="http://www.w3.org/2001/XMLSchema-instance" fpmlVersion="5-3" xsi:schemaLocation="http://www.fpml.org/FpML-5/reporting ../fpml-main-5-3.xsd http://www.w3.org/2000/09/xmldsig# ../xmldsig-core-schema.xsd">
  <header>
    <messageId messageIdScheme="http://www.abcbank.com/message-Id">123abc0000025</messageId>
    <inReplyTo messageIdScheme="http://www.xyzbank.com/message-Id">666777888</inReplyTo>
    <sentBy>ABCBICXXX</sentBy>
    <creationTimestamp>2010-06-30T12:00:00Z</creationTimestamp>
  </header>
  <correlationId correlationIdScheme="http://www.abcbank.com/correlation-id">789000</correlationId>
  <sequenceNumber>4</sequenceNumber>
  <marginCallIssuerPartyReference href="party1" />
<!-- margin call issuer -->
  <marginCallReceiverPartyReference href="party2" />
<!-- margin call receiver -->
  <creditSupportAgreement>
    <type creditSupportAgreementTypeScheme="http://www.fpml.org/coding-scheme/credit-support-agreement-type">ISDA1994CreditSupportAnnexNewYorkLaw</type>
    <date>2009-07-14</date>
    <identifier creditSupportAgreementIdScheme="http://www.abcbank.com/csa-Id">999ABC777</identifier>
  </creditSupportAgreement>
  <variationMargin>
    <disputedAmount>
      <currency>USD</currency>
      <amount>200000</amount>
    </disputedAmount>
    <disputeDate>2010-06-30</disputeDate>
    <disputeResolutionMethod>
      <resolutionCode>ReconcilePortfolio</resolutionCode>
      <description>reconcile using TriOptima for valuation date</description>
    </disputeResolutionMethod>
    <disputeResolutionMethod>
      <resolutionCode>ReconcileCollateral</resolutionCode>
      <description>please send collateral statement in Excel format</description>
    </disputeResolutionMethod>
  </variationMargin>
  <segregatedIndependentAmount>
    <disputedAmount>
      <currency>USD</currency>
      <amount>200000</amount>
    </disputedAmount>
    <disputeDate>2010-06-30</disputeDate>
    <disputeResolutionMethod>
      <description />
    </disputeResolutionMethod>
  </segregatedIndependentAmount>
<!-- End MC11 data fields -->
  <party id="party1">
    <partyId>ABCBICXXX</partyId>
    <partyName>ABC Bank</partyName>
  </party>
  <party id="party2">
    <partyId>XYZBICXXX</partyId>
    <partyName>XYZ Bank</partyName>
  </party>
</disputeNotification>

