<?xml version="1.0" encoding="utf-8"?>
<!--View is reporting-->
<!--Version is 5-3-->
<!--NS is http://www.fpml.org/FpML-5/reporting-->
<!--
  == Copyright (c) 2002-2011. All rights reserved.
  == Financial Products Markup Language is subject to the FpML public license.
  == A copy of this license is available at http://www.fpml.org/license/license.html
-->
<!--
  Margin Call Process: Issuance of Margin Call (MC1)
-->
<requestMargin xmlns="http://www.fpml.org/FpML-5/reporting" xmlns:xsi="http://www.w3.org/2001/XMLSchema-instance" fpmlVersion="5-3" xsi:schemaLocation="http://www.fpml.org/FpML-5/reporting ../fpml-main-5-3.xsd http://www.w3.org/2000/09/xmldsig# ../xmldsig-core-schema.xsd">
  <header>
    <messageId messageIdScheme="http://www.abcbank.com/message-Id">123abc0000010</messageId>
    <sentBy messageAddressScheme="http://www.abcbank.com/party-Id">ABCBICXXX</sentBy>
    <creationTimestamp>2010-05-14T12:00:00Z</creationTimestamp>
  </header>
  <isCorrection>false</isCorrection>
  <correlationId correlationIdScheme="http://www.abcbank.com/correlation-id">111222333456</correlationId>
  <sequenceNumber>1</sequenceNumber>
  <marginCallIssuerPartyReference href="party1" />
<!-- margin call issuer -->
  <marginCallReceiverPartyReference href="party2" />
<!-- margin call receiver -->
  <creditSupportAgreement>
    <type creditSupportAgreementTypeScheme="http://www.fpml.org/coding-scheme/credit-support-agreement-type">ISDA1994CreditSupportAnnexNewYorkLaw</type>
    <date>2009-07-14</date>
    <identifier creditSupportAgreementIdScheme="http://www.abcbank.com/csa-Id">999ABC777</identifier>
  </creditSupportAgreement>
  <valuationDate>2010-05-15</valuationDate>
  <baseCurrency>USD</baseCurrency>
  <markToMarket>
<!-- Example: party2 is exposed to party1 for $3M -->
    <exposure>
      <exposedPartyReference href="party2" />
      <obligatedPartyReference href="party1" />
      <exposureAmount>
        <currency>USD</currency>
        <amount>5000000</amount>
      </exposureAmount>
    </exposure>
    <exposure>
      <exposedPartyReference href="party1" />
      <obligatedPartyReference href="party2" />
      <exposureAmount>
        <currency>USD</currency>
        <amount>2000000</amount>
      </exposureAmount>
    </exposure>
    <convention>Gross</convention>
<!-- gross or netted -->
  </markToMarket>
  <independentAmount>
    <trade>
      <giverPartyReference href="party2" />
      <takerPartyReference href="party1" />
      <paymentAmount>
        <currency>USD</currency>
        <amount>2400000</amount>
      </paymentAmount>
      <convention>Segregated</convention>
    </trade>
    <valueAtRisk>
      <giverPartyReference href="party2" />
      <takerPartyReference href="party1" />
      <paymentAmount>
        <currency>USD</currency>
        <amount>700000</amount>
      </paymentAmount>
      <convention>NettedBeforeThreshold</convention>
    </valueAtRisk>
    <netOpenPosition>
      <giverPartyReference href="party2" />
      <takerPartyReference href="party1" />
      <paymentAmount>
        <currency>USD</currency>
        <amount>100000</amount>
      </paymentAmount>
      <convention>NettedAfterThreshold</convention>
    </netOpenPosition>
  </independentAmount>
  <marginTerm>
    <currency>USD</currency>
    <variationMargin>
      <threshold>
        <amount>5000000</amount>
        <type>Unsecured</type>
      </threshold>
      <minimumTransferAmount>1000000</minimumTransferAmount>
      <transferRounding>
        <direction>Nearest</direction>
        <amount>500000</amount>
      </transferRounding>
    </variationMargin>
    <segregatedIndependentAmount>
      <minimumTransferAmount>1000000</minimumTransferAmount>
      <transferRounding>
        <direction>Nearest</direction>
        <amount>500000</amount>
      </transferRounding>
    </segregatedIndependentAmount>
  </marginTerm>
  <collateral>
    <variationMargin>
      <pendingCollateral>
<!-- in transit -->
        <giverPartyReference href="party2" />
        <takerPartyReference href="party1" />
        <paymentAmount>
          <currency>USD</currency>
          <amount>100000</amount>
        </paymentAmount>
      </pendingCollateral>
      <pendingCollateral>
<!-- could be repeated, one for each party -->
        <giverPartyReference href="party1" />
        <takerPartyReference href="party2" />
        <paymentAmount>
          <currency>USD</currency>
          <amount>40000</amount>
        </paymentAmount>
      </pendingCollateral>
      <heldCollateral>
<!-- collateral already settled -->
        <holdingPartyReference href="party2" />
        <postingPartyReference href="party1" />
        <paymentAmount>
          <currency>USD</currency>
          <amount>500000</amount>
        </paymentAmount>
      </heldCollateral>
      <heldCollateral>
<!-- could be repeated for other party -->
        <holdingPartyReference href="party1" />
        <postingPartyReference href="party2" />
        <paymentAmount>
          <currency>USD</currency>
          <amount>200000</amount>
        </paymentAmount>
      </heldCollateral>
    </variationMargin>
<!-- if independent amount convention is netted then the collateral will be captured in the collateral variation margin (we wouldn't have the following collateralSegregatedIndependentAmount block -->
    <segregatedIndependentAmount>
      <pendingCollateral>
<!-- in transit -->
        <giverPartyReference href="party2" />
        <takerPartyReference href="party1" />
        <paymentAmount>
          <currency>USD</currency>
          <amount>100000</amount>
        </paymentAmount>
      </pendingCollateral>
      <pendingCollateral>
<!-- could be repeated, one for each party -->
        <giverPartyReference href="party1" />
        <takerPartyReference href="party2" />
        <paymentAmount>
          <currency>USD</currency>
          <amount>40000</amount>
        </paymentAmount>
      </pendingCollateral>
      <heldCollateral>
<!-- collateral already settled -->
        <holdingPartyReference href="party2" />
        <postingPartyReference href="party1" />
        <paymentAmount>
          <currency>USD</currency>
          <amount>500000</amount>
        </paymentAmount>
      </heldCollateral>
      <heldCollateral>
<!-- could be repeated for other party -->
        <holdingPartyReference href="party1" />
        <postingPartyReference href="party2" />
        <paymentAmount>
          <currency>USD</currency>
          <amount>200000</amount>
        </paymentAmount>
      </heldCollateral>
    </segregatedIndependentAmount>
  </collateral>
<!-- total collateral: <totalCollateral>5000000</totalCollateral> should be sum of pending + held collateral... total should not be included as it can be computed -->
  <marginRequirement>
    <variationMargin>
      <deliver>
        <deliveringPartyReference href="party1" />
        <receivingPartyReference href="party2" />
        <currency>USD</currency>
        <amount>200000</amount>
      </deliver>
      <return>
        <deliveringPartyReference href="party1" />
        <receivingPartyReference href="party2" />
        <currency>USD</currency>
        <amount>150000</amount>
      </return>
    </variationMargin>
    <segregatedIndependentAmount>
      <deliver>
        <deliveringPartyReference href="party2" />
        <receivingPartyReference href="party1" />
        <currency>USD</currency>
        <amount>50000</amount>
      </deliver>
      <return>
        <deliveringPartyReference href="party1" />
        <receivingPartyReference href="party2" />
        <currency>USD</currency>
        <amount>75000</amount>
      </return>
    </segregatedIndependentAmount>
  </marginRequirement>
  <marginCallResult>
    <variationMargin>
      <giverPartyReference href="party1" />
      <takerPartyReference href="party2" />
      <marginCallAmount>
        <currency>USD</currency>
        <amount>350000</amount>
<!-- = $200,000 + $150,000 -->
      </marginCallAmount>
    </variationMargin>
    <segregatedIndependentAmount>
      <giverPartyReference href="party1" />
      <takerPartyReference href="party2" />
      <marginCallAmount>
        <currency>USD</currency>
        <amount>125000</amount>
<!-- = $50,000 + $75,000 -->
      </marginCallAmount>
    </segregatedIndependentAmount>
  </marginCallResult>
  <expectedCollateral>
    <variationMargin>
      <deliver>
<!-- the margin call issuer can request cash or type of security -->
        <cashType>
          <currency>USD</currency>
          <currency>JPY</currency>
        </cashType>
        <securityType>
          <description>US treasury</description>
          <description>UK gilt</description>
        </securityType>
        <letterOfCreditType>
          <description>Letter of Credit</description>
        </letterOfCreditType>
      </deliver>
      <return>
        <deliveringPartyReference href="party1" />
        <receivingPartyReference href="party2" />
        <cash>
          <assetReference href="cash01" />
          <nominalAmount>300000</nominalAmount>
          <valueDate>2010-06-01</valueDate>
          <marketValue>300000</marketValue>
<!-- optional -->
          <haircut>1</haircut>
<!-- optional -->
          <collateralValue>300000</collateralValue>
<!-- optional -->
        </cash>
        <security>
          <assetReference href="xyz" />
<!-- security details are now defined outside of <delivery> (see the <assets> structure at the end)  -->
          <valueDate>2010-06-02</valueDate>
<!-- settlementDate -->
          <nominalAmount>5000</nominalAmount>
<!-- notionalAmount in JPM BondContract extension -->
          <dirtyPrice>10</dirtyPrice>
<!-- optional -->
          <marketValue>50000</marketValue>
<!-- optional -->
          <haircut>0.90</haircut>
<!-- optional -->
          <collateralValue>45000</collateralValue>
<!-- optional -->
        </security>
        <security>
          <assetReference href="eq01" />
<!-- references an equity underlyer (as defined in the <movement> below) -->
          <valueDate>2010-06-02</valueDate>
          <numberOfUnits>1000</numberOfUnits>
<!-- required choice between <nominalAmount> or <numberOfUnits> + <unitPrice> -->
          <unitPrice>8</unitPrice>
<!-- optional -->
          <marketValue>8000</marketValue>
<!-- optional -->
          <haircut>0.90</haircut>
<!-- optional -->
          <collateralValue>7200</collateralValue>
<!-- optional -->
        </security>
        <letterOfCredit>
<!-- extending "LcSummary" from FpML 4.7REC2 (Loan WG) -->
          <identifier id="loc1">
            <partyReference href="party3" />
<!-- points to the LC issuing party -->
            <contractId contractIdScheme="http://www.apex-bank.com/coding-scheme/contract-id">1234B6</contractId>
          </identifier>
          <amount>4000</amount>
          <valueDate>2010-06-01</valueDate>
          <marketValue>4000</marketValue>
<!-- optional -->
          <haircut>1</haircut>
<!-- optional -->
          <collateralValue>4000</collateralValue>
<!-- optional -->
        </letterOfCredit>
      </return>
    </variationMargin>
    <segregatedIndependentAmount>
      <return>
        <deliveringPartyReference href="party1" />
        <receivingPartyReference href="party2" />
        <security>
          <assetReference href="xyz" />
<!-- security details are now defined outside of <delivery> (see the <assets> structure at the end)  -->
          <valueDate>2010-06-02</valueDate>
<!-- settlementDate -->
          <nominalAmount>5000</nominalAmount>
<!-- notionalAmount in JPM BondContract extension -->
          <dirtyPrice>10</dirtyPrice>
<!-- optional -->
          <marketValue>50000</marketValue>
<!-- optional -->
          <haircut>0.90</haircut>
<!-- optional -->
          <collateralValue>45000</collateralValue>
<!-- optional -->
        </security>
      </return>
    </segregatedIndependentAmount>
  </expectedCollateral>
  <assets>
    <bond id="xyz">
      <instrumentId instrumentIdScheme="CUSIP">789012EW0</instrumentId>
      <description>EUR Region of Lazio 6.355%</description>
      <currency>USD</currency>
      <maturity>2030-10-14</maturity>
    </bond>
    <equity id="eq01">
      <instrumentId instrumentIdScheme="ISIN">IBM.N</instrumentId>
      <description>ABN AMRO HOLDING NV</description>
      <currency>USD</currency>
      <exchangeId>AEX</exchangeId>
      <relatedExchangeId>LIFFE</relatedExchangeId>
    </equity>
    <cash id="cash01">
      <currency>USD</currency>
    </cash>
  </assets>
<!-- End MC1 data fields -->
  <party id="party1">
    <partyId>ABCBICXXX</partyId>
    <partyName>ABC Bank</partyName>
  </party>
  <party id="party2">
    <partyId>XYZBICXXX</partyId>
    <partyName>XYZ Bank</partyName>
  </party>
  <party id="party3">
<!-- party who issued the Letter of credit referenced in this example -->
    <partyId>APEX Bank</partyId>
  </party>
</requestMargin>

