<?xml version="1.0" encoding="utf-8"?>
<!--View is confirmation-->
<!--Version is 5-3-->
<!--NS is http://www.fpml.org/FpML-5/confirmation-->
<!--
        == Copyright (c) 2002-2011. All rights reserved.
        == Financial Products Markup Language is subject to the FpML public license.
        == A copy of this license is available at http://www.fpml.org/license/license.html
-->
<!-- This example is an FX No Touch Digital Option
        == UBS buys a two week GBP/USD No Touch option and pays a premium.
        == If the spot rate remains below the trigger rate at all times until expiry, UBS receives a payout.
-->
<!--5.0:Message type is a Root of the message-->
<!--5.0 Messaging: changed <requestTradeConfirmation> -><requestConfirmation>-->
<requestConfirmation xmlns="http://www.fpml.org/FpML-5/confirmation" xmlns:xsi="http://www.w3.org/2001/XMLSchema-instance" fpmlVersion="5-3" xsi:schemaLocation="http://www.fpml.org/FpML-5/confirmation ../../fpml-main-5-3.xsd http://www.w3.org/2000/09/xmldsig# ../../xmldsig-core-schema.xsd">
  <header>
    <messageId messageIdScheme="http://www.ubs.com/coding-scheme/messageId">FX65432</messageId>
    <sentBy messageAddressScheme="http://www.ubs.com/partyId">UBSW20015</sentBy>
    <sendTo messageAddressScheme="http://www.ubs.com/partyId">CITI10015</sendTo>
    <creationTimestamp>2007-01-05T15:38:00-05:00</creationTimestamp>
  </header>
  <isCorrection>false</isCorrection>
  <correlationId correlationIdScheme="http://www.ubs.com/coding-scheme/correlationId">FX09876</correlationId>
  <sequenceNumber>1</sequenceNumber>
  <trade>
    <tradeHeader>
      <partyTradeIdentifier>
        <partyReference href="party1" />
        <tradeId tradeIdScheme="http://www.citi.com/fx/trade-id">CITI10017</tradeId>
      </partyTradeIdentifier>
      <partyTradeIdentifier>
        <partyReference href="party2" />
        <tradeId tradeIdScheme="http://www.ubsw.com/fx/trade-id">UBSW20018</tradeId>
      </partyTradeIdentifier>
      <tradeDate>2001-11-12</tradeDate>
    </tradeHeader>
    <fxDigitalOption>
      <productType productTypeScheme="http://www.sample.com/coding-scheme/product-type-simple">NoTouch</productType>
      <buyerPartyReference href="party2" />
      <sellerPartyReference href="party1" />
<!--FpML-5-0 Created specific exercise type e.g. europeanExercise, americanExercise. 'expiryDateTime': 'expiryDate',  'expiryTime', 'cutName' and  'valueDate' was moved in here.-->
      <americanExercise>
<!--FpML 5-1 Added new element 'commencementDate'-->
<!--FpML 5-1 08-19-2010 FXWG agreed to make  'commencementDate' ofType 'AdjustableOrRelative' instead of "date" -->
        <commencementDate>
          <adjustableDate>
            <unadjustedDate>2001-11-12</unadjustedDate>
            <dateAdjustments>
              <businessDayConvention>FOLLOWING</businessDayConvention>
              <businessCenters>
                <businessCenter>GBLO</businessCenter>
              </businessCenters>
            </dateAdjustments>
          </adjustableDate>
        </commencementDate>
        <expiryDate>2001-11-26</expiryDate>
        <expiryTime>
          <hourMinuteTime>14:00:00</hourMinuteTime>
          <businessCenter>GBLO</businessCenter>
        </expiryTime>
        <cutName>LondonEveningPgm</cutName>
<!--In americanExercise style, renamed 'valueDate'  to 'latestValueDate'-->
        <latestValueDate>2001-11-26</latestValueDate>
      </americanExercise>
<!--FpML-5-1 'expiryDateTime': 'expiryDate',  'expiryTime', 'cutName' was moved inside exercise style type (e.g. americanExercise)-->
<!--FpML-5-1 Created specific exercise type e.g. europeanExercise, americanExercise-->
<!--FpML-5-1 'valueDate' was renamed to 'latestValueDate' moved inside americanExercise exercise style type-->
<!--FpML-5-1 renamed 'fxAmericanTrigger' to 'touch' and grouped it , so it would appear only with 'americanExercise'. -->
      <touch>
        <touchCondition>Notouch</touchCondition>
        <quotedCurrencyPair>
          <currency1>GBP</currency1>
          <currency2>USD</currency2>
          <quoteBasis>Currency2PerCurrency1</quoteBasis>
        </quotedCurrencyPair>
        <triggerRate>1.5200</triggerRate>
<!--FpML 5-1, 'spotRate' was moved under  under specific exercise's conditions (trigger or touch) under which the option will payout if exercisable -->
        <spotRate>1.4800</spotRate>
        <informationSource>
          <rateSource>Reuters</rateSource>
          <rateSourcePage>GBP=</rateSourcePage>
        </informationSource>
<!--the elements 'observationStartDate' and 'observationEndDate' are grouped together in the sequence, making the sequence optional, but once one of the elements is selected, the second one is required.-->
        <observationStartDate>2001-11-12</observationStartDate>
        <observationEndDate>2001-11-26</observationEndDate>
      </touch>
<!--FpML-5-1 renamed  'triggerPayout' to 'payout'-->
      <payout>
        <currency>GBP</currency>
        <amount>3000000</amount>
        <payoutStyle>Immediate</payoutStyle>
      </payout>
<!--FpML-5-1 Renamed from 'fxOptionPremium' to 'premium'-->
      <premium>
        <payerPartyReference href="party2" />
        <receiverPartyReference href="party1" />
<!--FpML-5-1 Renamed from 'premiumSettlementDate' to 'settlementDate'-->
<!--09-02-2010 - renamed from 'settlementDate' to 'paymentDate/adjustableDate/unadjustedDate'; moved before 'paymentAmount'; allows dateAdjustments and relativeDate reference-->
        <paymentDate>
          <adjustableDate>
            <unadjustedDate>2001-11-14</unadjustedDate>
            <dateAdjustments>
              <businessDayConvention>NONE</businessDayConvention>
            </dateAdjustments>
          </adjustableDate>
        </paymentDate>
<!--FpML-5-1 Renamed from 'premiumAmount' to 'amount'-->
<!--09-02-2010 - renamed from 'amount' to 'paymentAmount'; moved after 'paymentDate'-->
        <paymentAmount>
          <currency>GBP</currency>
          <amount>78000</amount>
        </paymentAmount>
      </premium>
    </fxDigitalOption>
  </trade>
  <party id="party1">
    <partyId>CITIUS33</partyId>
  </party>
  <party id="party2">
    <partyId>UBSWGB2L</partyId>
  </party>
</requestConfirmation>

