<?xml version="1.0" encoding="utf-8"?>
<!--View is confirmation-->
<!--Version is 5-10-->
<!--NS is http://www.fpml.org/FpML-5/confirmation-->
<!--
        == Copyright (c) 2014-2018 All rights reserved.
        == Financial Products Markup Language is subject to the FpML public license.
        == A copy of this license is available at http://www.fpml.org/license/license.html
-->
<requestConfirmation xmlns="http://www.fpml.org/FpML-5/confirmation" xmlns:xsi="http://www.w3.org/2001/XMLSchema-instance" fpmlVersion="5-10" xsi:schemaLocation="http://www.fpml.org/FpML-5/confirmation ../../fpml-main-5-10.xsd http://www.w3.org/2000/09/xmldsig# ../../xmldsig-core-schema.xsd">
  <header>
    <messageId messageIdScheme="http://www.partyA.com/messageId/OTC">OTCCallorPutSpread456a789b</messageId>
    <sentBy messageAddressScheme="http://www.MsgParty.com/partyId">PartyA</sentBy>
    <creationTimestamp>2002-07-01T08:57:00Z</creationTimestamp>
  </header>
  <isCorrection>false</isCorrection>
  <correlationId correlationIdScheme="http://www.partyA.com/conversationId/OTC">OTCCallorPutSpread45678</correlationId>
  <sequenceNumber>1</sequenceNumber>
  <trade>
    <tradeHeader>
      <partyTradeIdentifier>
        <partyReference href="party1" />
        <tradeId tradeIdScheme="http://www.partyA.com/tradeId/OTC">1234</tradeId>
      </partyTradeIdentifier>
      <tradeDate id="TradeDate">2002-07-13</tradeDate>
    </tradeHeader>
    <equityOptionTransactionSupplement>
      <productType>Equity:Option:PriceReturnBasicPerformance:SingleIndex</productType>
      <buyerPartyReference href="party2" />
      <sellerPartyReference href="party1" />
      <optionType>Call</optionType>
      <underlyer>
        <singleUnderlyer>
          <index>
            <instrumentId instrumentIdScheme="http://www.fpml.org/spec/2003/instrument-id-Reuters-RIC-1-0">SSMI</instrumentId>
            <description>Swiss Market Index</description>
            <exchangeId exchangeIdScheme="http://www.fpml.org/spec/2003/instrument-id-Reuters-RIC-1-0">NYSE</exchangeId>
          </index>
        </singleUnderlyer>
      </underlyer>
      <equityExercise>
        <equityEuropeanExercise>
          <expirationDate>
            <adjustableDate>
              <unadjustedDate>2004-12-19</unadjustedDate>
              <dateAdjustments>
                <businessDayConvention>NONE</businessDayConvention>
              </dateAdjustments>
            </adjustableDate>
          </expirationDate>
          <equityExpirationTimeType>OSP</equityExpirationTimeType>
        </equityEuropeanExercise>
        <automaticExercise>true</automaticExercise>
        <equityValuation id="valuation">
          <valuationTimeType>OSP</valuationTimeType>
        </equityValuation>
        <settlementDate>
          <relativeDate>
            <periodMultiplier>2</periodMultiplier>
            <period>D</period>
            <dayType>Business</dayType>
            <businessDayConvention>NONE</businessDayConvention>
            <businessCenters>
              <businessCenter>CHZU</businessCenter>
            </businessCenters>
            <dateRelativeTo href="valuation" />
          </relativeDate>
        </settlementDate>
        <settlementCurrency>CHF</settlementCurrency>
        <settlementPriceSource>OfficialClose</settlementPriceSource>
        <settlementType>Cash</settlementType>
      </equityExercise>
      <strike>
        <strikePrice>8700</strikePrice>
      </strike>
      <numberOfOptions>2500</numberOfOptions>
      <equityPremium>
        <payerPartyReference href="party2" />
        <receiverPartyReference href="party1" />
        <paymentAmount>
          <currency>CHF</currency>
          <amount>300000</amount>
        </paymentAmount>
        <paymentDate>
          <unadjustedDate>2002-09-06</unadjustedDate>
          <dateAdjustments>
            <businessDayConvention>NONE</businessDayConvention>
          </dateAdjustments>
        </paymentDate>
      </equityPremium>
      <exchangeLookAlike>true</exchangeLookAlike>
      <exchangeTradedContractNearest>true</exchangeTradedContractNearest>
      <multipleExchangeIndexAnnexFallback>true</multipleExchangeIndexAnnexFallback>
    </equityOptionTransactionSupplement>
    <calculationAgent>
      <calculationAgentPartyReference href="party1" />
    </calculationAgent>
    <documentation>
      <masterAgreement>
        <masterAgreementType>ISDA</masterAgreementType>
        <masterAgreementDate>2002-08-01</masterAgreementDate>
      </masterAgreement>
      <contractualDefinitions>ISDA2002Equity</contractualDefinitions>
    </documentation>
    <governingLaw>GBEN</governingLaw>
  </trade>
  <party id="party1">
    <partyId partyIdScheme="http://www.fpml.org/coding-scheme/dummy-party-id">Party A</partyId>
  </party>
  <party id="party2">
    <partyId partyIdScheme="http://www.fpml.org/coding-scheme/dummy-party-id">Party B</partyId>
  </party>
</requestConfirmation>

