<?xml version="1.0" encoding="utf-8"?>
<!--View is reporting-->
<!--Version is 5-10-->
<!--NS is http://www.fpml.org/FpML-5/reporting-->
<!--
  == Copyright (c) 2014-2018 All rights reserved.
  == Financial Products Markup Language is subject to the FpML public license.
  == A copy of this license is available at http://www.fpml.org/license/license.html
  -->
<!--View is reporting-->
<!--Version is 5-0-->
<!--NS is http://www.fpml.org/FpML-5/master-->
<!--Omit some adjustments, details of procedures, and other information not required for a report-->
<positionReport xmlns="http://www.fpml.org/FpML-5/reporting" xmlns:xsi="http://www.w3.org/2001/XMLSchema-instance" fpmlVersion="5-10" xsi:schemaLocation="http://www.fpml.org/FpML-5/reporting ../fpml-main-5-10.xsd http://www.w3.org/2000/09/xmldsig# ../xmldsig-core-schema.xsd">
  <header>
    <messageId messageIdScheme="http://www.abc.com/mid">XXX00123</messageId>
    <sentBy>ABCDUS33</sentBy>
    <sendTo>HEDGUS33</sendTo>
    <creationTimestamp>2004-08-02T15:38:00Z</creationTimestamp>
  </header>
  <asOfDate>2009-11-01</asOfDate>
  <dataSetName>Valuation</dataSetName>
  <quotationCharacteristics>
    <timing>EndOfDay</timing>
    <valuationDate>2009-11-02</valuationDate>
  </quotationCharacteristics>
<!-- CDS - single name -->
  <position>
    <positionId positionIdScheme="http://www.abc.com/positionId">123ABC</positionId>
    <reportingRoles>
      <baseParty href="hedge_global" />
    </reportingRoles>
    <constituent>
      <trade>
        <tradeHeader>
          <tradeDate>2009-08-31</tradeDate>
        </tradeHeader>
        <creditDefaultSwap>
          <productType productTypeScheme="http://www.fpml.org/coding-scheme/product-type-simple">CreditDefaultSwap</productType>
          <assetClass>Credit</assetClass>
          <generalTerms>
            <buyerPartyReference href="hedge_global" />
          </generalTerms>
        </creditDefaultSwap>
      </trade>
    </constituent>
    <valuation>
      <quote>
        <value>520123.50</value>
        <measureType>NPV</measureType>
        <currency>USD</currency>
        <currencyType>QuoteCurrency</currencyType>
      </quote>
      <quote>
        <value>520123.50</value>
        <measureType>NPV</measureType>
        <currency>USD</currency>
        <currencyType>ReportCurrency</currencyType>
      </quote>
      <quote>
        <value>363621.02</value>
        <measureType>NPV</measureType>
        <currency>EUR</currency>
        <currencyType>UnitCurrency</currencyType>
      </quote>
      <quote>
        <value>520123.50</value>
        <measureType>NPV</measureType>
        <currency>USD</currency>
        <currencyType>SettlementCurrency</currencyType>
      </quote>
      <fxRate>
        <quotedCurrencyPair>
          <currency1>EUR</currency1>
<!-- base currency -->
          <currency2>USD</currency2>
<!-- quote currency -->
          <quoteBasis>Currency2PerCurrency1</quoteBasis>
<!-- units of quote ccy equiv to 1 unit of base ccy -->
        </quotedCurrencyPair>
        <rate>1.43040</rate>
      </fxRate>
    </valuation>
  </position>
<!-- CDS - Index -->
  <position>
    <positionId positionIdScheme="http://www.abc.com/positionId">234DEF</positionId>
    <reportingRoles>
      <baseParty href="hedge_global" />
    </reportingRoles>
    <constituent>
      <trade>
        <tradeHeader>
          <tradeDate>2009-08-31</tradeDate>
        </tradeHeader>
        <creditDefaultSwap>
          <productType productTypeScheme="http://www.fpml.org/coding-scheme/product-type-simple">CreditDefaultIndex</productType>
          <assetClass>Credit</assetClass>
          <generalTerms>
            <sellerPartyReference href="hedge_global" />
          </generalTerms>
        </creditDefaultSwap>
      </trade>
    </constituent>
    <valuation>
      <quote>
        <value>7124523</value>
        <measureType>NPV</measureType>
        <currency>JPY</currency>
        <currencyType>QuoteCurrency</currencyType>
      </quote>
      <quote>
        <value>76623.59</value>
        <measureType>NPV</measureType>
        <currency>USD</currency>
        <currencyType>ReportCurrency</currencyType>
      </quote>
      <quote>
        <value>53567.95</value>
        <measureType>NPV</measureType>
        <currency>EUR</currency>
        <currencyType>UnitCurrency</currencyType>
      </quote>
      <quote>
        <value>7124523</value>
        <measureType>NPV</measureType>
        <currency>JPY</currency>
        <currencyType>SettlementCurrency</currencyType>
      </quote>
      <fxRate>
        <quotedCurrencyPair>
          <currency1>USD</currency1>
<!-- base ccy -->
          <currency2>JPY</currency2>
<!-- quote ccy -->
          <quoteBasis>Currency2PerCurrency1</quoteBasis>
        </quotedCurrencyPair>
        <rate>92.98080</rate>
      </fxRate>
      <fxRate>
        <quotedCurrencyPair>
          <currency1>EUR</currency1>
<!-- base -->
          <currency2>USD</currency2>
<!-- quote -->
          <quoteBasis>Currency2PerCurrency1</quoteBasis>
        </quotedCurrencyPair>
        <rate>1.43040</rate>
      </fxRate>
    </valuation>
  </position>
<!-- CDS - Index Tranche -->
  <position>
    <positionId positionIdScheme="http://www.abc.com/positionId">345CDE</positionId>
    <reportingRoles>
      <baseParty href="hedge_asia" />
    </reportingRoles>
    <constituent>
      <trade>
        <tradeHeader>
          <tradeDate>2009-08-31</tradeDate>
        </tradeHeader>
        <creditDefaultSwap>
          <productType productTypeScheme="http://www.fpml.org/coding-scheme/product-type-simple">CreditDefaultIndexTranche</productType>
          <assetClass>Credit</assetClass>
          <generalTerms>
            <buyerPartyReference href="hedge_asia" />
          </generalTerms>
        </creditDefaultSwap>
      </trade>
    </constituent>
    <valuation>
      <quote>
        <value>-180345.00</value>
        <measureType>NPV</measureType>
        <currency>EUR</currency>
        <currencyType>QuoteCurrency</currencyType>
      </quote>
      <quote>
        <value>-257965.49</value>
        <measureType>NPV</measureType>
        <currency>USD</currency>
        <currencyType>ReportCurrency</currencyType>
      </quote>
      <quote>
        <value>-23985837.45</value>
        <measureType>NPV</measureType>
        <currency>JPY</currency>
        <currencyType>UnitCurrency</currencyType>
      </quote>
      <quote>
        <value>-180345.00</value>
        <measureType>NPV</measureType>
        <currency>JPY</currency>
        <currencyType>SettlementCurrency</currencyType>
      </quote>
      <fxRate>
        <quotedCurrencyPair>
          <currency1>EUR</currency1>
<!-- base currency -->
          <currency2>USD</currency2>
<!-- quote currency -->
          <quoteBasis>Currency2PerCurrency1</quoteBasis>
<!-- units of quote ccy equiv to 1 unit of base ccy -->
        </quotedCurrencyPair>
        <rate>1.43040</rate>
      </fxRate>
      <fxRate>
        <quotedCurrencyPair>
          <currency1>USD</currency1>
<!-- base ccy -->
          <currency2>JPY</currency2>
<!-- quote ccy -->
          <quoteBasis>Currency2PerCurrency1</quoteBasis>
        </quotedCurrencyPair>
        <rate>92.98080</rate>
      </fxRate>
    </valuation>
  </position>
<!-- IR Cap -->
  <position>
    <positionId positionIdScheme="http://www.abc.com/positionId">CFABCOTCDER2009XXX17</positionId>
    <reportingRoles>
      <baseParty href="hedge_asia" />
    </reportingRoles>
    <constituent>
      <trade>
        <tradeHeader>
          <tradeDate>2009-08-12</tradeDate>
        </tradeHeader>
        <capFloor>
          <productType productTypeScheme="http://www.fpml.org/coding-scheme/product-type-simple">CapFloor</productType>
          <assetClass>InterestRate</assetClass>
          <capFloorStream>
            <payerPartyReference href="hedge_asia" />
          </capFloorStream>
        </capFloor>
      </trade>
    </constituent>
    <valuation>
      <quote>
        <value>64023.1</value>
        <measureType>NPV</measureType>
        <currency>USD</currency>
        <currencyType>QuoteCurrency</currencyType>
      </quote>
      <quote>
        <value>64023.1</value>
        <measureType>NPV</measureType>
        <currency>USD</currency>
        <currencyType>ReportCurrency</currencyType>
      </quote>
      <quote>
        <value>5952919.06</value>
        <measureType>NPV</measureType>
        <currency>JPY</currency>
        <currencyType>UnitCurrency</currencyType>
      </quote>
      <quote>
        <value>64023.1</value>
        <measureType>NPV</measureType>
        <currency>USD</currency>
        <currencyType>SettlementCurrency</currencyType>
      </quote>
      <fxRate>
        <quotedCurrencyPair>
          <currency1>USD</currency1>
<!-- base ccy -->
          <currency2>JPY</currency2>
<!-- quote ccy -->
          <quoteBasis>Currency2PerCurrency1</quoteBasis>
        </quotedCurrencyPair>
        <rate>92.98080</rate>
      </fxRate>
    </valuation>
  </position>
<!-- IR Swap -->
  <position>
    <positionId positionIdScheme="http://www.abc.com/positionId">CFABCOTCDER2009XXX18</positionId>
    <reportingRoles>
      <baseParty href="hedge_global" />
    </reportingRoles>
    <constituent>
      <trade>
        <tradeHeader>
          <tradeDate>2009-08-04</tradeDate>
        </tradeHeader>
        <swap>
          <productType productTypeScheme="http://www.fpml.org/coding-scheme/product-type-simple">InterestRateSwap</productType>
          <assetClass>InterestRate</assetClass>
<!-- it is difficult to record which party pays fixed in a compact form.  Should we do something to simplify reporting of this? -->
        </swap>
      </trade>
    </constituent>
    <valuation>
      <quote>
        <value>-25663.29</value>
        <measureType>NPV</measureType>
        <currency>USD</currency>
        <currencyType>QuoteCurrency</currencyType>
      </quote>
      <quote>
        <value>-25663.29</value>
        <measureType>NPV</measureType>
        <currency>USD</currency>
        <currencyType>ReportCurrency</currencyType>
      </quote>
      <quote>
        <value>-17941.34</value>
        <measureType>NPV</measureType>
        <currency>EUR</currency>
        <currencyType>UnitCurrency</currencyType>
      </quote>
      <quote>
        <value>-25663.29</value>
        <measureType>NPV</measureType>
        <currency>USD</currency>
        <currencyType>SettlementCurrency</currencyType>
      </quote>
      <fxRate>
        <quotedCurrencyPair>
          <currency1>EUR</currency1>
<!-- base currency -->
          <currency2>USD</currency2>
<!-- quote currency -->
          <quoteBasis>Currency2PerCurrency1</quoteBasis>
<!-- units of quote ccy equiv to 1 unit of base ccy -->
        </quotedCurrencyPair>
        <rate>1.43040</rate>
      </fxRate>
    </valuation>
  </position>
<!-- IR Swaption -->
  <position>
    <positionId positionIdScheme="http://www.abc.com/positionId">CFABCOTCDER2009XXX19</positionId>
    <reportingRoles>
      <baseParty href="hedge_global" />
    </reportingRoles>
    <constituent>
      <trade>
        <tradeHeader>
          <tradeDate>2009-01-07</tradeDate>
        </tradeHeader>
        <swaption>
          <productType productTypeScheme="http://www.fpml.org/coding-scheme/product-type-simple">InterestRateSwaption</productType>
          <assetClass>InterestRate</assetClass>
        </swaption>
      </trade>
    </constituent>
    <valuation>
      <quote>
        <value>133035.27</value>
        <measureType>NPV</measureType>
        <currency>USD</currency>
        <currencyType>QuoteCurrency</currencyType>
      </quote>
      <quote>
        <value>133035.27</value>
        <measureType>NPV</measureType>
        <currency>USD</currency>
        <currencyType>ReportCurrency</currencyType>
      </quote>
      <quote>
        <value>93005.64</value>
        <measureType>NPV</measureType>
        <currency>EUR</currency>
        <currencyType>UnitCurrency</currencyType>
      </quote>
      <quote>
        <value>133035.27</value>
        <measureType>NPV</measureType>
        <currency>USD</currency>
        <currencyType>SettlementCurrency</currencyType>
      </quote>
      <fxRate>
        <quotedCurrencyPair>
          <currency1>EUR</currency1>
<!-- base currency -->
          <currency2>USD</currency2>
<!-- quote currency -->
          <quoteBasis>Currency2PerCurrency1</quoteBasis>
<!-- units of quote ccy equiv to 1 unit of base ccy -->
        </quotedCurrencyPair>
        <rate>1.43040</rate>
      </fxRate>
    </valuation>
  </position>
<!-- Cross Currency Swap -->
  <position>
    <positionId positionIdScheme="http://www.abc.com/positionId">CFABCOTCDER2009XXX20</positionId>
    <reportingRoles>
      <baseParty href="hedge_global" />
    </reportingRoles>
    <constituent>
      <trade>
        <tradeHeader>
          <tradeDate>2009-03-13</tradeDate>
        </tradeHeader>
        <swap>
          <productType productTypeScheme="http://www.fpml.org/coding-scheme/product-type-simple">CrossCurrencySwap</productType>
          <assetClass>InterestRate</assetClass>
        </swap>
      </trade>
    </constituent>
    <valuation>
      <quote>
        <value>-9095124.44</value>
        <measureType>NPV</measureType>
        <currency>EUR</currency>
        <currencyType>QuoteCurrency</currencyType>
      </quote>
      <quote>
        <value>-13009666.00</value>
        <measureType>NPV</measureType>
        <currency>USD</currency>
        <currencyType>ReportCurrency</currencyType>
      </quote>
      <quote>
        <value>-9095124.44</value>
        <measureType>NPV</measureType>
        <currency>EUR</currency>
        <currencyType>UnitCurrency</currencyType>
      </quote>
      <quote>
        <value>-13009666.00</value>
        <measureType>NPV</measureType>
        <currency>USD</currency>
        <currencyType>SettlementCurrency</currencyType>
      </quote>
      <fxRate>
        <quotedCurrencyPair>
          <currency1>EUR</currency1>
<!-- base currency -->
          <currency2>USD</currency2>
<!-- quote currency -->
          <quoteBasis>Currency2PerCurrency1</quoteBasis>
<!-- units of quote ccy equiv to 1 unit of base ccy -->
        </quotedCurrencyPair>
        <rate>1.43040</rate>
      </fxRate>
    </valuation>
  </position>
<!-- FX spot : reporting of NPV? (not really relevant, what should we show?) -->
  <position>
    <positionId positionIdScheme="http://www.abc.com/positionId">CFABCOTCDER2009XXX22</positionId>
    <reportingRoles>
      <baseParty href="hedge_global" />
    </reportingRoles>
    <constituent>
      <trade>
        <tradeHeader>
          <tradeDate>2009-06-02</tradeDate>
        </tradeHeader>
<!-- to be refactored, omitted for the moment
        <fxSingleLeg>
              <productType productTypeScheme="http://www.fpml.org/coding-scheme/product-type-simple">FxSpot</productType>
                <assetClass>ForeignExchange</assetClass>
        </fxSingleLeg>
        -->
      </trade>
    </constituent>
  </position>
<!-- FX forward -->
  <position>
    <positionId positionIdScheme="http://www.abc.com/positionId">CFABCOTCDER2009XXX23</positionId>
    <reportingRoles>
      <baseParty href="hedge_asia" />
    </reportingRoles>
    <constituent>
      <trade>
        <tradeHeader>
          <tradeDate>2009-04-14</tradeDate>
        </tradeHeader>
<!-- to be refactored, omitted for the moment
        <fxSingleLeg>
           <productType productTypeScheme="http://www.fpml.org/coding-scheme/product-type-simple">FxForward</productType>
                <assetClass>ForeignExchange</assetClass>
        </fxSingleLeg>
        -->
      </trade>
    </constituent>
    <valuation>
      <quote>
        <value>753866.01</value>
        <measureType>NPV</measureType>
        <currency>JPY</currency>
        <currencyType>QuoteCurrency</currencyType>
      </quote>
      <quote>
        <value>8107.76</value>
        <measureType>NPV</measureType>
        <currency>USD</currency>
        <currencyType>ReportCurrency</currencyType>
      </quote>
      <quote>
        <value>753866.01</value>
        <measureType>NPV</measureType>
        <currency>JPY</currency>
        <currencyType>UnitCurrency</currencyType>
      </quote>
      <quote>
        <value>8107.76</value>
        <measureType>NPV</measureType>
        <currency>USD</currency>
        <currencyType>SettlementCurrency</currencyType>
      </quote>
      <fxRate>
        <quotedCurrencyPair>
          <currency1>USD</currency1>
<!-- base ccy -->
          <currency2>JPY</currency2>
<!-- quote ccy -->
          <quoteBasis>Currency2PerCurrency1</quoteBasis>
        </quotedCurrencyPair>
        <rate>92.98080</rate>
      </fxRate>
    </valuation>
  </position>
<!-- FX OPTION -->
  <position>
    <positionId positionIdScheme="http://www.abc.com/positionId">CFABCOTCDER2009XXX21</positionId>
    <reportingRoles>
      <baseParty href="hedge_global" />
    </reportingRoles>
    <constituent>
      <trade>
        <tradeHeader>
          <tradeDate>2009-08-11</tradeDate>
        </tradeHeader>
<!-- to be refactored, omitted for the moment
        <fxSimpleOption>
                   <productType productTypeScheme="http://www.fpml.org/coding-scheme/product-type-simple">FxOption</productType>
                <assetClass>ForeignExchange</assetClass>
        </fxSimpleOption>
        -->
      </trade>
    </constituent>
    <valuation>
      <quote>
        <value>7000827.88</value>
        <measureType>NPV</measureType>
        <currency>USD</currency>
        <currencyType>QuoteCurrency</currencyType>
      </quote>
      <quote>
        <value>7000827.88</value>
        <measureType>NPV</measureType>
        <currency>USD</currency>
        <currencyType>ReportCurrency</currencyType>
      </quote>
      <quote>
        <value>4894314.79</value>
        <measureType>NPV</measureType>
        <currency>EUR</currency>
        <currencyType>UnitCurrency</currencyType>
      </quote>
      <quote>
        <value>7000827.88</value>
        <measureType>NPV</measureType>
        <currency>USD</currency>
        <currencyType>SettlementCurrency</currencyType>
      </quote>
      <fxRate>
        <quotedCurrencyPair>
          <currency1>EUR</currency1>
<!-- base currency -->
          <currency2>USD</currency2>
<!-- quote currency -->
          <quoteBasis>Currency2PerCurrency1</quoteBasis>
<!-- units of quote ccy equiv to 1 unit of base ccy -->
        </quotedCurrencyPair>
        <rate>1.43040</rate>
      </fxRate>
    </valuation>
  </position>
<!-- NDF -->
  <position>
    <positionId positionIdScheme="http://www.abc.com/positionId">TBD</positionId>
    <reportingRoles>
      <baseParty href="hedge_global" />
    </reportingRoles>
    <constituent>
      <trade>
        <tradeHeader>
          <tradeDate>2009-07-01</tradeDate>
        </tradeHeader>
<!-- to be refactored, omitted for the moment
        <fxSimpleOption>
                <productType productTypeScheme="http://www.fpml.org/coding-scheme/product-type-simple">NonDeliverableFxOption</productType> 
                <assetClass>ForeignExchange</assetClass>
        </fxSimpleOption>
        -->
      </trade>
    </constituent>
    <valuation>
      <quote>
        <value>-55145.52</value>
        <measureType>NPV</measureType>
        <currency>BRL</currency>
        <currencyType>QuoteCurrency</currencyType>
      </quote>
      <quote>
        <value>-28071.02</value>
        <measureType>NPV</measureType>
        <currency>USD</currency>
        <currencyType>ReportCurrency</currencyType>
      </quote>
      <quote>
        <value>-19624.59</value>
        <measureType>NPV</measureType>
        <currency>EUR</currency>
        <currencyType>UnitCurrency</currencyType>
      </quote>
      <quote>
        <value>-28071.02</value>
        <measureType>NPV</measureType>
        <currency>USD</currency>
        <currencyType>SettlementCurrency</currencyType>
      </quote>
      <fxRate>
        <quotedCurrencyPair>
          <currency1>USD</currency1>
<!-- base currency -->
          <currency2>BRL</currency2>
<!-- quote currency -->
          <quoteBasis>Currency2PerCurrency1</quoteBasis>
<!-- units of quote ccy equiv to 1 unit of base ccy -->
        </quotedCurrencyPair>
        <rate>1.9645</rate>
      </fxRate>
      <fxRate>
        <quotedCurrencyPair>
          <currency1>EUR</currency1>
<!-- base currency -->
          <currency2>USD</currency2>
<!-- quote currency -->
          <quoteBasis>Currency2PerCurrency1</quoteBasis>
<!-- units of quote ccy equiv to 1 unit of base ccy -->
        </quotedCurrencyPair>
        <rate>1.43040</rate>
      </fxRate>
    </valuation>
  </position>
<!-- TRS on equity (USD) -->
  <position>
    <positionId positionIdScheme="http://www.abc.com/positionId">TBD</positionId>
    <reportingRoles>
      <baseParty href="hedge_global" />
    </reportingRoles>
    <constituent>
      <trade>
        <tradeHeader>
          <tradeDate>2009-01-01</tradeDate>
<!-- tbd -->
        </tradeHeader>
        <returnSwap>
          <productType productTypeScheme="http://www.fpml.org/coding-scheme/product-type-simple">TotalReturnSwap</productType>
<!-- should we add equity swap or equity return swap to the scheme? -->
          <assetClass>Equity</assetClass>
        </returnSwap>
      </trade>
    </constituent>
    <valuation>
      <quote>
        <value>437858.85</value>
        <measureType>NPV</measureType>
        <currency>USD</currency>
        <currencyType>QuoteCurrency</currencyType>
      </quote>
      <quote>
        <value>437858.85</value>
        <measureType>NPV</measureType>
        <currency>USD</currency>
        <currencyType>ReportCurrency</currencyType>
      </quote>
      <quote>
        <value>306109.38</value>
        <measureType>NPV</measureType>
        <currency>EUR</currency>
        <currencyType>UnitCurrency</currencyType>
      </quote>
      <quote>
        <value>437858.85</value>
        <measureType>NPV</measureType>
        <currency>USD</currency>
        <currencyType>SettlementCurrency</currencyType>
      </quote>
      <fxRate>
        <quotedCurrencyPair>
          <currency1>EUR</currency1>
<!-- base currency -->
          <currency2>USD</currency2>
<!-- quote currency -->
          <quoteBasis>Currency2PerCurrency1</quoteBasis>
<!-- units of quote ccy equiv to 1 unit of base ccy -->
        </quotedCurrencyPair>
        <rate>1.43040</rate>
      </fxRate>
    </valuation>
  </position>
<!-- TRS on equity (EUR) -->
  <position>
    <positionId positionIdScheme="http://www.abc.com/positionId">TBD</positionId>
    <reportingRoles>
      <baseParty href="hedge_asia" />
    </reportingRoles>
    <constituent>
      <trade>
        <tradeHeader>
          <tradeDate>2009-01-01</tradeDate>
<!-- tbd -->
        </tradeHeader>
        <returnSwap>
          <productType productTypeScheme="http://www.fpml.org/coding-scheme/product-type-simple">TotalReturnSwap</productType>
<!-- should we add equity swap or equity return swap to the scheme? -->
          <assetClass>Equity</assetClass>
        </returnSwap>
      </trade>
    </constituent>
    <valuation>
      <quote>
        <value>2178288.34</value>
        <measureType>NPV</measureType>
        <currency>EUR</currency>
        <currencyType>QuoteCurrency</currencyType>
      </quote>
      <quote>
        <value>3115823.64</value>
        <measureType>NPV</measureType>
        <currency>USD</currency>
        <currencyType>ReportCurrency</currencyType>
      </quote>
      <quote>
        <value>289688388.05</value>
        <measureType>NPV</measureType>
        <currency>JPY</currency>
        <currencyType>UnitCurrency</currencyType>
      </quote>
      <quote>
        <value>2178288.34</value>
        <measureType>NPV</measureType>
        <currency>EUR</currency>
        <currencyType>SettlementCurrency</currencyType>
      </quote>
      <fxRate>
        <quotedCurrencyPair>
          <currency1>EUR</currency1>
<!-- base currency -->
          <currency2>USD</currency2>
<!-- quote currency -->
          <quoteBasis>Currency2PerCurrency1</quoteBasis>
<!-- units of quote ccy equiv to 1 unit of base ccy -->
        </quotedCurrencyPair>
        <rate>1.43040</rate>
      </fxRate>
      <fxRate>
        <quotedCurrencyPair>
          <currency1>EUR</currency1>
<!-- base currency -->
          <currency2>JPY</currency2>
<!-- quote currency -->
          <quoteBasis>Currency2PerCurrency1</quoteBasis>
<!-- units of quote ccy equiv to 1 unit of base ccy -->
        </quotedCurrencyPair>
        <rate>132.989</rate>
      </fxRate>
    </valuation>
  </position>
<!-- OTC equity option -->
  <position>
    <positionId positionIdScheme="http://www.abc.com/positionId">TBD</positionId>
    <reportingRoles>
      <baseParty href="hedge_global" />
    </reportingRoles>
    <constituent>
      <trade>
        <tradeHeader>
          <tradeDate>2007-11-26</tradeDate>
        </tradeHeader>
        <equityOption>
          <productType productTypeScheme="http://www.fpml.org/coding-scheme/product-type-simple">EquityOption</productType>
<!-- should we add equity swap or equity return swap to the scheme? -->
          <assetClass>Equity</assetClass>
        </equityOption>
      </trade>
    </constituent>
    <valuation>
      <quote>
        <value>1050000.00</value>
        <measureType>NPV</measureType>
        <currency>USD</currency>
        <currencyType>QuoteCurrency</currencyType>
      </quote>
      <quote>
        <value>1050000.00</value>
        <measureType>NPV</measureType>
        <currency>USD</currency>
        <currencyType>ReportCurrency</currencyType>
      </quote>
      <quote>
        <value>734060.40</value>
        <measureType>NPV</measureType>
        <currency>EUR</currency>
        <currencyType>UnitCurrency</currencyType>
      </quote>
      <quote>
        <value>1050000.00</value>
        <measureType>NPV</measureType>
        <currency>USD</currency>
        <currencyType>SettlementCurrency</currencyType>
      </quote>
      <fxRate>
        <quotedCurrencyPair>
          <currency1>EUR</currency1>
<!-- base currency -->
          <currency2>USD</currency2>
<!-- quote currency -->
          <quoteBasis>Currency2PerCurrency1</quoteBasis>
<!-- units of quote ccy equiv to 1 unit of base ccy -->
        </quotedCurrencyPair>
        <rate>1.43040</rate>
      </fxRate>
    </valuation>
  </position>
<!-- Crude Oil swap-->
  <position>
    <positionId positionIdScheme="http://www.abc.com/positionId">TBD</positionId>
    <reportingRoles>
      <baseParty href="hedge_asia" />
    </reportingRoles>
    <constituent>
      <trade>
        <tradeHeader>
          <tradeDate>2009-08-04</tradeDate>
        </tradeHeader>
        <commoditySwap>
          <productType productTypeScheme="http://www.fpml.org/coding-scheme/product-type-simple">CommoditySwap</productType>
<!-- needs to be added to the scheme -->
          <assetClass>Commodity</assetClass>
          <fixedLeg>
            <receiverPartyReference href="hedge_asia" />
          </fixedLeg>
        </commoditySwap>
      </trade>
    </constituent>
    <valuation>
      <quote>
        <value>-2146716</value>
        <measureType>NPV</measureType>
        <currency>USD</currency>
        <currencyType>QuoteCurrency</currencyType>
      </quote>
      <quote>
        <value>-2146716</value>
        <measureType>NPV</measureType>
        <currency>USD</currency>
        <currencyType>ReportCurrency</currencyType>
      </quote>
      <quote>
        <value>-199603371</value>
        <measureType>NPV</measureType>
        <currency>JPY</currency>
        <currencyType>UnitCurrency</currencyType>
      </quote>
      <quote>
        <value>-2146716</value>
        <measureType>NPV</measureType>
        <currency>USD</currency>
        <currencyType>SettlementCurrency</currencyType>
      </quote>
      <fxRate>
        <quotedCurrencyPair>
          <currency1>USD</currency1>
<!-- base ccy -->
          <currency2>JPY</currency2>
<!-- quote ccy -->
          <quoteBasis>Currency2PerCurrency1</quoteBasis>
        </quotedCurrencyPair>
        <rate>92.98080</rate>
      </fxRate>
    </valuation>
  </position>
<!-- Nat Gas swap-->
  <position>
    <positionId positionIdScheme="http://www.abc.com/positionId">TBD</positionId>
    <reportingRoles>
      <baseParty href="hedge_global" />
    </reportingRoles>
    <constituent>
      <trade>
        <tradeHeader>
          <tradeDate>2009-07-29</tradeDate>
        </tradeHeader>
        <commoditySwap>
          <productType productTypeScheme="http://www.fpml.org/coding-scheme/product-type-simple">CommoditySwap</productType>
<!-- needs to be added to the scheme -->
          <assetClass>Commodity</assetClass>
          <fixedLeg>
            <receiverPartyReference href="hedge_global" />
          </fixedLeg>
        </commoditySwap>
      </trade>
    </constituent>
    <valuation>
      <quote>
        <value>211077</value>
        <measureType>NPV</measureType>
        <currency>USD</currency>
        <currencyType>QuoteCurrency</currencyType>
      </quote>
      <quote>
        <value>211077</value>
        <measureType>NPV</measureType>
        <currency>USD</currency>
        <currencyType>ReportCurrency</currencyType>
      </quote>
      <quote>
        <value>147565.02</value>
        <measureType>NPV</measureType>
        <currency>EUR</currency>
        <currencyType>UnitCurrency</currencyType>
      </quote>
      <quote>
        <value>211077</value>
        <measureType>NPV</measureType>
        <currency>USD</currency>
        <currencyType>SettlementCurrency</currencyType>
      </quote>
      <fxRate>
        <quotedCurrencyPair>
          <currency1>EUR</currency1>
<!-- base currency -->
          <currency2>USD</currency2>
<!-- quote currency -->
          <quoteBasis>Currency2PerCurrency1</quoteBasis>
<!-- units of quote ccy equiv to 1 unit of base ccy -->
        </quotedCurrencyPair>
        <rate>1.43040</rate>
      </fxRate>
    </valuation>
  </position>
  <party id="party1">
    <partyId partyIdScheme="http://www.fpml.org/coding-scheme/external/iso17442">QGPGHQ1ENZOOLJRFTH41</partyId>
    <partyName>ABCD Securities Inc.</partyName>
  </party>
  <party id="hedge_global">
    <partyId partyIdScheme="http://www.fpml.org/coding-scheme/dummy-party-id">HEDG-GLOB</partyId>
    <partyName>HedgeCo Global Growth</partyName>
  </party>
  <party id="hedge_asia">
    <partyId partyIdScheme="http://www.fpml.org/coding-scheme/dummy-party-id">HEDG-ASIA</partyId>
    <partyName>HedgeCo Asia Fund</partyName>
  </party>
</positionReport>

