<?xml version="1.0" encoding="utf-8"?>
<!--View is reporting-->
<!--Version is 5-10-->
<!--NS is http://www.fpml.org/FpML-5/reporting-->
<!--
  == Copyright (c) 2014-2018 All rights reserved.
  == Financial Products Markup Language is subject to the FpML public license.
  == A copy of this license is available at http://www.fpml.org/license/license.html
  -->
<!--View is reporting-->
<!--Version is 5-0-->
<!--NS is http://www.fpml.org/FpML-5/reporting-->
<!--Omit some adjustments, details of procedures, and other information not required for a report-->
<positionReport xmlns="http://www.fpml.org/FpML-5/reporting" xmlns:xsi="http://www.w3.org/2001/XMLSchema-instance" fpmlVersion="5-10" xsi:schemaLocation="http://www.fpml.org/FpML-5/reporting ../fpml-main-5-10.xsd http://www.w3.org/2000/09/xmldsig# ../xmldsig-core-schema.xsd">
  <header>
    <messageId messageIdScheme="http://www.abc.com/mid">XXX00123</messageId>
    <sentBy>ABCDUS33</sentBy>
    <sendTo>HEDGUS33</sendTo>
    <creationTimestamp>2004-08-02T15:38:00Z</creationTimestamp>
  </header>
  <asOfDate>2004-06-02</asOfDate>
  <dataSetName>Copper</dataSetName>
  <position>
    <positionId positionIdScheme="http://www.abc.com/positionId">CDS-POS-01</positionId>
    <status>Existing</status>
    <creationDate>2002-12-02</creationDate>
    <originatingEvent>Trade</originatingEvent>
    <constituent>
      <trade>
        <tradeHeader>
          <tradeDate>2002-12-02</tradeDate>
        </tradeHeader>
        <genericProduct>
          <productType productTypeScheme="http://www.fpml.org/coding-scheme/external/dtcc/product-type-copper">Single</productType>
          <assetClass>Credit</assetClass>
          <multiLeg>true</multiLeg>
          <buyerPartyReference href="party1" />
          <sellerPartyReference href="party2" />
          <notional>
            <currency>EUR</currency>
            <amount>2000000</amount>
          </notional>
        </genericProduct>
      </trade>
    </constituent>
    <payment>
      <identifier>123</identifier>
      <payerPartyReference href="party1" />
      <receiverPartyReference href="party2" />
      <paymentAmount>
        <currency>EUR</currency>
        <amount>123</amount>
      </paymentAmount>
      <adjustedPaymentDate>2004-06-04</adjustedPaymentDate>
      <calculationDetails>
        <grossCashflow>
          <cashflowId cashflowIdScheme="http://www.abc.com/cashflowId">_20050920USD76188934</cashflowId>
          <payerPartyReference href="party2" />
          <receiverPartyReference href="party1" />
          <cashflowAmount>
            <currency>USD</currency>
            <amount>20444.44</amount>
          </cashflowAmount>
          <cashflowType>Coupon</cashflowType>
        </grossCashflow>
        <calculationElements>
          <calculationPeriod>
            <adjustedStartDate>2004-03-20</adjustedStartDate>
            <adjustedEndDate>2004-06-20</adjustedEndDate>
            <numberOfDays>92</numberOfDays>
            <dayCountFraction>ACT/360</dayCountFraction>
            <dayCountYearFraction>0.2555</dayCountYearFraction>
          </calculationPeriod>
        </calculationElements>
      </calculationDetails>
    </payment>
  </position>
  <party id="party1">
    <partyName>ABCD Securities Inc.</partyName>
  </party>
  <party id="party2">
    <partyId partyIdScheme="http://www.fpml.org/coding-scheme/external/iso17442">J6W9XJWVE853A9CVRQ85</partyId>
    <partyName>HedgeCo Capital L.L.C.</partyName>
  </party>
</positionReport>

