<?xml version="1.0" encoding="utf-8"?>
<!--View is reporting-->
<!--Version is 5-10-->
<!--NS is http://www.fpml.org/FpML-5/reporting-->
<!--
  == Copyright (c) 2014-2018 All rights reserved.
  == Financial Products Markup Language is subject to the FpML public license.
  == A copy of this license is available at http://www.fpml.org/license/license.html
  -->
<!--View is reporting-->
<!--Version is 5-0-->
<!--NS is http://www.fpml.org/FpML-5/master-->
<!--Omit some adjustments, details of procedures, and other information not required for a report-->
<positionReport xmlns="http://www.fpml.org/FpML-5/reporting" xmlns:xsi="http://www.w3.org/2001/XMLSchema-instance" fpmlVersion="5-10" xsi:schemaLocation="http://www.fpml.org/FpML-5/reporting ../fpml-main-5-10.xsd http://www.w3.org/2000/09/xmldsig# ../xmldsig-core-schema.xsd">
  <header>
    <messageId messageIdScheme="http://www.abc.com/mid">XXX00123</messageId>
    <sentBy>ABCDUS33</sentBy>
    <sendTo>HEDGUS33</sendTo>
    <creationTimestamp>2004-08-02T15:38:00Z</creationTimestamp>
  </header>
  <asOfDate>2004-06-02</asOfDate>
  <dataSetName>Copper</dataSetName>
  <position>
    <positionId positionIdScheme="http://www.abc.com/positionId">CDS-POS-01</positionId>
    <constituent>
      <trade>
        <tradeHeader>
          <tradeDate>2002-12-02</tradeDate>
        </tradeHeader>
        <creditDefaultSwap>
          <productType productTypeScheme="http://www.fpml.org/coding-scheme/external/dtcc/product-type-copper">CreditDefaultSwapShort</productType>
          <assetClass>Credit</assetClass>
<!--
                <multiLeg>true</multiLeg>
                -->
          <generalTerms>
            <scheduledTerminationDate>
              <unadjustedDate>2007-12-05</unadjustedDate>
            </scheduledTerminationDate>
            <buyerPartyReference href="party1" />
            <sellerPartyReference href="party2" />
            <referenceInformation>
              <referenceEntity id="referenceEntity">
                <entityName>ACOM CO., LTD.</entityName>
              </referenceEntity>
            </referenceInformation>
          </generalTerms>
          <feeLeg>
            <periodicPayment>
              <fixedAmountCalculation>
                <fixedRate>0.007</fixedRate>
              </fixedAmountCalculation>
            </periodicPayment>
          </feeLeg>
          <protectionTerms>
            <calculationAmount>
              <currency>EUR</currency>
              <amount>10000</amount>
            </calculationAmount>
          </protectionTerms>
        </creditDefaultSwap>
      </trade>
    </constituent>
  </position>
  <party id="party1">
    <partyName>ABCD Securities Inc.</partyName>
  </party>
  <party id="party2">
    <partyId partyIdScheme="http://www.fpml.org/coding-scheme/external/iso17442">J6W9XJWVE853A9CVRQ85</partyId>
    <partyName>HedgeCo Capital L.L.C.</partyName>
  </party>
</positionReport>

