<?xml version="1.0" encoding="utf-8"?>
<!--View is confirmation-->
<!--Version is 5-11-->
<!--NS is http://www.fpml.org/FpML-5/confirmation-->
<!--
        == Copyright (c) 2018-2020 All rights reserved.
        == Financial Products Markup Language is subject to the FpML public license.
        == A copy of this license is available at http://www.fpml.org/license/license.html
-->
<!--
Describes a trade that was removed because of a netting operation
-->
<clearingConfirmed xmlns="http://www.fpml.org/FpML-5/confirmation" xmlns:xsi="http://www.w3.org/2001/XMLSchema-instance" fpmlVersion="5-11" xsi:schemaLocation="http://www.fpml.org/FpML-5/confirmation ../../fpml-main-5-11.xsd http://www.w3.org/2000/09/xmldsig# ../../xmldsig-core-schema.xsd">
  <header>
    <messageId messageIdScheme="http://www.rbs.com/coding-scheme/message-id">R00ABC1</messageId>
    <sentBy messageAddressScheme="http://www.fpml.org/coding-scheme/external/iso9362">LCHLGB2LXXX</sentBy>
    <sendTo messageAddressScheme="http://www.fpml.org/coding-scheme/external/iso9362">SEF001</sendTo>
    <creationTimestamp>2010-01-04T08:57:00Z</creationTimestamp>
  </header>
  <correlationId correlationIdScheme="http://www.rbs.com/coding-scheme/trade-id">TRD0001</correlationId>
  <clearing>
    <submitted>
      <trade>
        <tradeHeader>
          <partyTradeIdentifier>
            <partyReference href="sef" />
            <tradeId tradeIdScheme="http://www.sef.com/coding-scheme/clearing-id">SEF01</tradeId>
          </partyTradeIdentifier>
          <partyTradeIdentifier>
            <partyReference href="clearer" />
            <tradeId tradeIdScheme="http://lch.com/trade_id">LCH01</tradeId>
          </partyTradeIdentifier>
          <partyTradeInformation>
            <partyReference href="party1" />
            <relatedParty>
              <partyReference href="broker1" />
<!-- broker 1 is party 1's clearing broker -->
              <role>ClearingFirm</role>
            </relatedParty>
          </partyTradeInformation>
          <partyTradeInformation>
            <partyReference href="party2" />
            <relatedParty>
              <partyReference href="broker2" />
<!-- broker 2 is party 2's clearing broker -->
              <role>ClearingFirm</role>
            </relatedParty>
          </partyTradeInformation>
          <tradeDate>2010-01-04</tradeDate>
          <clearedDate>2010-01-04</clearedDate>
        </tradeHeader>
        <fxSingleLeg>
          <exchangedCurrency1>
            <payerPartyReference href="party2" />
            <receiverPartyReference href="party1" />
            <paymentAmount>
              <currency>EUR</currency>
              <amount>20000000</amount>
            </paymentAmount>
          </exchangedCurrency1>
          <exchangedCurrency2>
            <payerPartyReference href="party1" />
            <receiverPartyReference href="party2" />
            <paymentAmount>
              <currency>USD</currency>
              <amount>18350000</amount>
            </paymentAmount>
          </exchangedCurrency2>
          <valueDate>2010-12-21</valueDate>
          <exchangeRate>
            <quotedCurrencyPair>
              <currency1>EUR</currency1>
              <currency2>USD</currency2>
              <quoteBasis>Currency2PerCurrency1</quoteBasis>
            </quotedCurrencyPair>
            <rate>0.9175</rate>
            <spotRate>0.9130</spotRate>
            <forwardPoints>0.0045</forwardPoints>
          </exchangeRate>
        </fxSingleLeg>
        <approvals>
          <approval>
            <type>Credit</type>
            <status>Approved</status>
            <approvingPartyReference href="broker1" />
            <approvalId approvalIdScheme="http://xyz.com/approvalid">123</approvalId>
          </approval>
          <approval>
            <type>Credit</type>
            <status>Approved</status>
            <approvingPartyReference href="broker2" />
            <approvalId approvalIdScheme="http://qlm.com/approval_id">456</approvalId>
          </approval>
        </approvals>
      </trade>
    </submitted>
    <cleared>
      <originatingEvent>Clearing</originatingEvent>
      <trade>
        <tradeHeader>
          <partyTradeIdentifier>
            <partyReference href="clearer" />
            <tradeId tradeIdScheme="http://lch.com/trade_id">LCH02</tradeId>
          </partyTradeIdentifier>
          <partyTradeInformation>
            <partyReference href="clearer" />
            <relatedParty>
              <partyReference href="party1" />
              <role>Counterparty</role>
            </relatedParty>
            <relatedParty>
              <partyReference href="broker1" />
              <role>ClearingFirm</role>
            </relatedParty>
          </partyTradeInformation>
          <tradeDate>2010-01-04</tradeDate>
          <clearedDate>2010-01-04</clearedDate>
        </tradeHeader>
        <fxSingleLeg>
          <productType>ForeignExchange:Forward</productType>
          <productId>EUR_USD_Fwd</productId>
          <exchangedCurrency1>
            <payerPartyReference href="clearer" />
            <receiverPartyReference href="party1" />
            <paymentAmount>
              <currency>EUR</currency>
              <amount>20000000</amount>
            </paymentAmount>
          </exchangedCurrency1>
          <exchangedCurrency2>
            <payerPartyReference href="party1" />
            <receiverPartyReference href="clearer" />
            <paymentAmount>
              <currency>USD</currency>
              <amount>18350000</amount>
            </paymentAmount>
          </exchangedCurrency2>
          <valueDate>2010-12-21</valueDate>
          <exchangeRate>
            <quotedCurrencyPair>
              <currency1>EUR</currency1>
              <currency2>USD</currency2>
              <quoteBasis>Currency2PerCurrency1</quoteBasis>
            </quotedCurrencyPair>
            <rate>0.9175</rate>
            <spotRate>0.9130</spotRate>
            <forwardPoints>0.0045</forwardPoints>
          </exchangeRate>
        </fxSingleLeg>
        <approvals>
          <approval>
            <type>Credit</type>
            <status>Approved</status>
            <approvingPartyReference href="broker1" />
            <approvalId approvalIdScheme="http://xyz.com/approvalid">123</approvalId>
          </approval>
        </approvals>
      </trade>
    </cleared>
    <cleared>
      <originatingEvent>Clearing</originatingEvent>
      <trade>
        <tradeHeader>
          <partyTradeIdentifier>
            <partyReference href="clearer" />
            <tradeId tradeIdScheme="http://lch.com/trade_id">LCH03</tradeId>
          </partyTradeIdentifier>
          <partyTradeInformation>
            <partyReference href="clearer" />
            <relatedParty>
              <partyReference href="party2" />
              <role>Counterparty</role>
            </relatedParty>
            <relatedParty>
              <partyReference href="broker2" />
              <role>ClearingFirm</role>
            </relatedParty>
          </partyTradeInformation>
          <tradeDate>2010-01-04</tradeDate>
          <clearedDate>2010-01-04</clearedDate>
        </tradeHeader>
        <fxSingleLeg>
          <productType>ForeignExchange:Forward</productType>
          <productId>EUR_USD_Fwd</productId>
          <exchangedCurrency1>
            <payerPartyReference href="party2" />
            <receiverPartyReference href="clearer" />
            <paymentAmount>
              <currency>EUR</currency>
              <amount>20000000</amount>
            </paymentAmount>
          </exchangedCurrency1>
          <exchangedCurrency2>
            <payerPartyReference href="clearer" />
            <receiverPartyReference href="party2" />
            <paymentAmount>
              <currency>USD</currency>
              <amount>18350000</amount>
            </paymentAmount>
          </exchangedCurrency2>
          <valueDate>2010-12-21</valueDate>
          <exchangeRate>
            <quotedCurrencyPair>
              <currency1>EUR</currency1>
              <currency2>USD</currency2>
              <quoteBasis>Currency2PerCurrency1</quoteBasis>
            </quotedCurrencyPair>
            <rate>0.9175</rate>
            <spotRate>0.9130</spotRate>
            <forwardPoints>0.0045</forwardPoints>
          </exchangeRate>
        </fxSingleLeg>
        <approvals>
          <approval>
            <type>PreClearingCredit</type>
            <status>Approved</status>
            <approvingPartyReference href="broker2" />
            <approvalId approvalIdScheme="http://qlm.com/approval_id">456</approvalId>
          </approval>
        </approvals>
      </trade>
    </cleared>
  </clearing>
  <party id="sef">
    <partyId partyIdScheme="http://www.fpml.org/coding-scheme/dummy-party-id">SEFCO</partyId>
  </party>
  <party id="clearer">
    <partyId partyIdScheme="http://www.fpml.org/coding-scheme/external/iso9362">LCHLGB2LXXX</partyId>
  </party>
  <party id="party1">
    <partyId partyIdScheme="http://www.fpml.org/coding-scheme/external/iso9362">RBSLGB1LXXX</partyId>
  </party>
  <party id="party2">
    <partyId partyIdScheme="http://www.fpml.org/coding-scheme/external/iso9362">JPMCGB2L</partyId>
  </party>
  <party id="broker1">
    <partyId partyIdScheme="http://www.fpml.org/coding-scheme/dummy-party-id">XYZ_BANK</partyId>
  </party>
  <party id="broker2">
    <partyId partyIdScheme="http://www.fpml.org/coding-scheme/dummy-party-id">QLM_BANK</partyId>
  </party>
  <party id="DCO1">
    <partyId partyIdScheme="http://www.fpml.org/coding-scheme/external/iso9362">DCO Corp</partyId>
  </party>
</clearingConfirmed>

