<?xml version="1.0" encoding="utf-8"?>
<!--View is confirmation-->
<!--Version is 5-11-->
<!--NS is http://www.fpml.org/FpML-5/confirmation-->
<!--
        == Copyright (c) 2018-2020 All rights reserved.
        == Financial Products Markup Language is subject to the FpML public license.
        == A copy of this license is available at http://www.fpml.org/license/license.html
-->
<!-- 
        clearing status - Notifies a party of the clearing status of a trade 
-->
<clearingEligibility xmlns="http://www.fpml.org/FpML-5/confirmation" xmlns:xsi="http://www.w3.org/2001/XMLSchema-instance" fpmlVersion="5-11" xsi:schemaLocation="http://www.fpml.org/FpML-5/confirmation ../../fpml-main-5-11.xsd http://www.w3.org/2000/09/xmldsig# ../../xmldsig-core-schema.xsd">
  <header>
    <messageId messageIdScheme="http://www.lch.com/message-id">000456</messageId>
    <inReplyTo messageIdScheme="http://www.sef.com/coding-scheme/message-id">R00ABC1</inReplyTo>
    <sentBy>LCHLGB2LXXX</sentBy>
    <sendTo>DEUTDEFFXXX</sendTo>
    <creationTimestamp>2010-01-04T08:57:00Z</creationTimestamp>
  </header>
  <correlationId correlationIdScheme="http://www.sef.com/coding-scheme/trade-id">TRD0001</correlationId>
  <partyTradeIdentifier>
    <partyReference href="sef" />
    <tradeId tradeIdScheme="http://www.sef.com/coding-scheme/clearing-id">SEF01</tradeId>
  </partyTradeIdentifier>
  <eligibleForClearing>true</eligibleForClearing>
  <clearingRequirements>
    <supervisoryBody>CFTC</supervisoryBody>
    <mandatorilyClearable>true</mandatorilyClearable>
  </clearingRequirements>
  <clearingRequirements>
    <supervisoryBody>JFSA</supervisoryBody>
    <mandatorilyClearable>false</mandatorilyClearable>
    <reason>
      <reasonCode>308</reasonCode>
    </reason>
  </clearingRequirements>
  <party id="sef">
    <partyId partyIdScheme="http://www.fpml.org/coding-scheme/dummy-party-id">SEFCO</partyId>
  </party>
  <party id="clearer">
    <partyId partyIdScheme="http://www.lch.com/coding-scheme/party">LCHLGB2LXXX</partyId>
  </party>
  <party id="party1">
    <partyId partyIdScheme="http://www.db.com/coding-scheme/party">DEUTDEFFXXX</partyId>
  </party>
</clearingEligibility>

