<?xml version="1.0" encoding="UTF-8" standalone="yes"?>
<publicExecutionReport xmlns:saxon="http://saxon.sf.net/" xmlns:xsi="http://www.w3.org/2001/XMLSchema-instance" xmlns="http://www.fpml.org/FpML-5/transparency" fpmlVersion="5-3" xsi:schemaLocation="http://www.fpml.org/FpML-5/transparency ../../fpml-main-5-3.xsd">
   <isCorrection>false</isCorrection>
   <correlationId correlationIdScheme="http://abc.com/correlation-id">456</correlationId>
   <sequenceNumber>1</sequenceNumber>
   <originatingEvent>Trade</originatingEvent>
   <trade>
      <tradeHeader>
         <partyTradeIdentifier>
            <issuer issuerIdScheme="http://www.fpml.org/coding-scheme/external/iso17442">VTOUP9FCHUXIINML4787</issuer>
            <tradeId tradeIdScheme="http://www.fpml.org/coding-scheme/external/unique-transaction-identifier">12345678901234567890123456789012</tradeId>
         </partyTradeIdentifier>
         <tradeInformation>
            <executionDateTime>2011-01-01T09:12:34</executionDateTime>
            <intentToClear>false</intentToClear>
            <nonStandardTerms>true</nonStandardTerms>
            <offMarketPrice>true</offMarketPrice>
            <largeSizeTrade>false</largeSizeTrade>
            <executionType>Electronic</executionType>
            <executionVenueType>SEF</executionVenueType>
         </tradeInformation>
         <tradeDate>2003-11-15+05:00</tradeDate>
      </tradeHeader>
      <swap>
         <primaryAssetClass>InterestRate</primaryAssetClass>
         <productType>InterestRate:Irswap:Fixed-Float</productType>
         <swapStream>
            <calculationPeriodDates id="N104F4">
               <effectiveDate>
                  <unadjustedDate>2003-11-20+05:00</unadjustedDate>
               </effectiveDate>
               <terminationDate>
                  <unadjustedDate>2007-11-20+05:00</unadjustedDate>
               </terminationDate>
            </calculationPeriodDates>
            <paymentDates>
               <paymentFrequency>
                  <periodMultiplier>1</periodMultiplier>
                  <period>Y</period>
               </paymentFrequency>
            </paymentDates>
            <calculationPeriodAmount>
               <calculation>
                  <notionalSchedule>
                     <notionalStepSchedule>
                        <initialValue>1</initialValue>
                        <currency>EUR</currency>
                     </notionalStepSchedule>
                  </notionalSchedule>
                  <fixedRateSchedule>
                     <initialValue>0.01</initialValue>
                  </fixedRateSchedule>
                  <dayCountFraction>30/360</dayCountFraction>
               </calculation>
            </calculationPeriodAmount>
         </swapStream>
         <swapStream>
            <calculationPeriodDates id="N101C1">
               <effectiveDate>
                  <unadjustedDate>2003-11-20+05:00</unadjustedDate>
               </effectiveDate>
               <terminationDate>
                  <unadjustedDate>2007-11-20+05:00</unadjustedDate>
               </terminationDate>
            </calculationPeriodDates>
            <paymentDates>
               <paymentFrequency>
                  <periodMultiplier>1</periodMultiplier>
                  <period>Y</period>
               </paymentFrequency>
            </paymentDates>
            <resetDates id="resetDates">
               <resetFrequency>
                  <periodMultiplier>3</periodMultiplier>
                  <period>M</period>
               </resetFrequency>
            </resetDates>
            <calculationPeriodAmount>
               <calculation>
                  <notionalSchedule>
                     <notionalStepSchedule>
                        <initialValue>1</initialValue>
                        <currency>EUR</currency>
                     </notionalStepSchedule>
                  </notionalSchedule>
                  <inflationRateCalculation>
                     <floatingRateIndex floatingRateIndexScheme="http://www.fpml.org/coding-scheme/inflation-index-description-2-0">UK-RPI</floatingRateIndex>
                     <indexTenor>
                        <periodMultiplier>1</periodMultiplier>
                        <period>Y</period>
                     </indexTenor>
                     <inflationLag>
                        <periodMultiplier>2</periodMultiplier>
                        <period>M</period>
                     </inflationLag>
                     <indexSource rateSourcePageScheme="http://www.fpml.org/coding-scheme/inflation-index-source-1-0">UKRPI</indexSource>
                  </inflationRateCalculation>
                  <dayCountFraction>1/1</dayCountFraction>
               </calculation>
            </calculationPeriodAmount>
         </swapStream>
      </swap>
   </trade>
</publicExecutionReport>