<?xml version="1.0" encoding="UTF-8"?>
<!--View is confirmation--><!--Version is 5-11--><!--NS is http://www.fpml.org/FpML-5/confirmation--><!--
  == Copyright (c) 2018-2020 All rights reserved.
  == Financial Products Markup Language is subject to the FpML public license.
  == A copy of this license is available at http://www.fpml.org/license/license.html
  --><!-- Pivot Tarf example.docx --><executionNotification xmlns="http://www.fpml.org/FpML-5/confirmation"
                       xmlns:xsi="http://www.w3.org/2001/XMLSchema-instance"
                       fpmlVersion="5-11"
                       xsi:schemaLocation="http://www.fpml.org/FpML-5/confirmation ../../fpml-main-5-11.xsd http://www.w3.org/2000/09/xmldsig# ../../xmldsig-core-schema.xsd">
    <header>
        <messageId messageIdScheme="http://www.executionnotificationservice.com/coding-scheme/messageId">FX456a789b</messageId>
        <sentBy messageAddressScheme="http://www.executionnotificationservice.com/partyId">EXECSRV</sentBy>
        <sendTo messageAddressScheme="http://www.executionnotificationservice.com/partyId">PARTYA</sendTo>
        <creationTimestamp>2011-03-01T08:57:00Z</creationTimestamp>
    </header>
    <isCorrection>false</isCorrection>
    <trade>
        <tradeHeader>
            <partyTradeIdentifier>
                <partyReference href="ptyA"/>
                <tradeId tradeIdScheme="http://www.partyA.com/fx/trade-id">12345</tradeId>
            </partyTradeIdentifier>
            <tradeDate>2010-11-07</tradeDate>
        </tradeHeader>
        <fxTargetKnockoutForward>
            <productType productTypeScheme="http://www.fpml.org/coding-scheme/product-type-simple">FxTarget</productType>
            <quotedCurrencyPair>
                <currency1>USD</currency1>
                <currency2>EUR</currency2>
                <quoteBasis>Currency2PerCurrency1</quoteBasis>
            </quotedCurrencyPair>
            <notionalAmount>
                <initialValue>1000000.00</initialValue>
                <currency>EUR</currency>
            </notionalAmount>
            <target>
                <accumulationRegion>
                    <upperBound>
                        <condition>Below</condition>
                        <strikeReference href="s1"/>
                    </upperBound>
                </accumulationRegion>
                <knockoutLevel>
                    <amount>
                        <currency>USD</currency>
                        <amount>200000.00</amount>
                    </amount>
                    <targetStyle>Exact</targetStyle>
                    <settlementAdjustmentStyle>VariedStrike</settlementAdjustmentStyle>
                </knockoutLevel>
            </target>
            <expirySchedule>
                <dateAdjustments>
                    <businessDayConvention>MODFOLLOWING</businessDayConvention>
                    <businessCenters>
                        <businessCenter>DEFR</businessCenter>
                    </businessCenters>
                </dateAdjustments>
                <adjustedDate>2014-12-23</adjustedDate>
                <adjustedDate>2015-01-27</adjustedDate>
                <adjustedDate>2015-02-25</adjustedDate>
                <adjustedDate>2015-03-26</adjustedDate>
                <finalExpiryDate>2015-03-26</finalExpiryDate>
                <expiryTime>
                    <hourMinuteTime>14:15:00</hourMinuteTime>
                    <businessCenter>DEFR</businessCenter>
                </expiryTime>
            </expirySchedule>
            <settlementSchedule>
                <dateAdjustments>
                    <businessDayConvention>MODFOLLOWING</businessDayConvention>
                    <businessCenters>
                        <businessCenter>EUTA</businessCenter>
                        <businessCenter>USNY</businessCenter>
                    </businessCenters>
                </dateAdjustments>
                <adjustedDate>2014-12-24</adjustedDate>
                <adjustedDate>2015-01-28</adjustedDate>
                <adjustedDate>2015-02-26</adjustedDate>
                <adjustedDate>2015-03-27</adjustedDate>
                <finalSettlementDate>2015-03-27</finalSettlementDate>
            </settlementSchedule>
            <fixingInformationSource>
                <rateSource>Reuters</rateSource>
                <rateSourcePage>ECB37</rateSourcePage>
                <fixingTime>
                    <hourMinuteTime>14:15:00</hourMinuteTime>
                    <businessCenter>DEFR</businessCenter>
                </fixingTime>
            </fixingInformationSource>
            <linearPayoffRegion>
                <exchangedCurrency1>
                    <payerPartyReference href="ptyB"/>
                    <receiverPartyReference href="ptyA"/>
                    <currency>USD</currency>
                </exchangedCurrency1>
                <exchangedCurrency2>
                    <payerPartyReference href="ptyA"/>
                    <receiverPartyReference href="ptyB"/>
                    <currency>EUR</currency>
                </exchangedCurrency2>
                <strike id="s1">
                    <initialValue>1.2350</initialValue>
                </strike>
                <counterCurrencyAmount>
                    <initialValue>2090000.00</initialValue>
                    <currency>USD</currency>
                </counterCurrencyAmount>
            </linearPayoffRegion>
            <barrier>
                <barrierType>Knockout</barrierType>
                <style>American</style>
                <scope>Global</scope>
                <condition>AtOrAbove</condition>
                <triggerRate>
                    <initialValue>1.3750</initialValue>
                </triggerRate>
            </barrier>
        </fxTargetKnockoutForward>
        <calculationAgent>
            <calculationAgentPartyReference href="ptyA"/>
        </calculationAgent>
    </trade>
    <party id="ptyA">
        <partyId partyIdScheme="http://www.fpml.org/coding-scheme/dummy-party-id">Party A</partyId>
    </party>
    <party id="ptyB">
        <partyId partyIdScheme="http://www.fpml.org/coding-scheme/dummy-party-id">Party B</partyId>
    </party>
</executionNotification>