<?xml version="1.0" encoding="utf-8"?>
<!--View is reporting-->
<!--Version is 5-11-->
<!--NS is http://www.fpml.org/FpML-5/reporting-->
<!--
  == Copyright (c) 2014- All rights reserved.
  == Financial Products Markup Language is subject to the FpML public license.
  == A copy of this license is available at http://www.fpml.org/license/license.html
  -->
<requestPositionReport xmlns="http://www.fpml.org/FpML-5/reporting" xmlns:xsi="http://www.w3.org/2001/XMLSchema-instance" fpmlVersion="5-11" xsi:schemaLocation="http://www.fpml.org/FpML-5/reporting ../fpml-main-5-11.xsd http://www.w3.org/2000/09/xmldsig# ../xmldsig-core-schema.xsd">
  <header>
    <messageId messageIdScheme="http://www.abc.com/mid">ABC0005</messageId>
    <sentBy>ABCDUS33</sentBy>
    <sendTo>RECSERV</sendTo>
    <creationTimestamp>2006-04-28T15:38:00Z</creationTimestamp>
  </header>
  <isCorrection>false</isCorrection>
  <correlationId correlationIdScheme="http://www.recserv.com/cid">CID12345</correlationId>
  <sequenceNumber>1</sequenceNumber>
  <asOfDate>2006-04-26</asOfDate>
  <requestedPositions>
    <queryPortfolio>
      <queryParameter>
        <queryParameterId queryParameterIdScheme="http://www.abc.com/coding-scheme/queryParamterId">Product</queryParameterId>
        <queryParameterValue>fxSingleLeg</queryParameterValue>
      </queryParameter>
      <queryParameter>
        <queryParameterId queryParameterIdScheme="http://www.abc.com/coding-scheme/queryParamterId">Currency</queryParameterId>
        <queryParameterValue>GBP</queryParameterValue>
      </queryParameter>
    </queryPortfolio>
  </requestedPositions>
  <party id="dealer">
    <partyId partyIdScheme="http://www.fpml.org/coding-scheme/dummy-party-id">ABCDU33</partyId>
  </party>
  <party id="fund">
    <partyId partyIdScheme="http://www.fpml.org/coding-scheme/dummy-party-id">HEDGUS33</partyId>
  </party>
</requestPositionReport>

