<?xml version="1.0" encoding="utf-8"?>
<!--View is confirmation-->
<!--Version is 5-11-->
<!--NS is http://www.fpml.org/FpML-5/confirmation-->
<!--
        == Copyright (c) 2014- All rights reserved.
        == Financial Products Markup Language is subject to the FpML public license.
        == A copy of this license is available at http://www.fpml.org/license/license.html
-->
<dataDocument xmlns="http://www.fpml.org/FpML-5/confirmation" xmlns:xsi="http://www.w3.org/2001/XMLSchema-instance" fpmlVersion="5-11" xsi:schemaLocation="http://www.fpml.org/FpML-5/confirmation ../../fpml-main-5-11.xsd http://www.w3.org/2000/09/xmldsig# ../../xmldsig-core-schema.xsd">
  <trade>
    <tradeHeader>
      <partyTradeIdentifier>
        <partyReference href="PartyA" />
        <tradeId tradeIdScheme="http://www.PartyA.com/com-trade-id">SUSNUMERIS</tradeId>
      </partyTradeIdentifier>
      <tradeDate id="TradeDate">2014-01-15</tradeDate>
    </tradeHeader>
    <commodityPerformanceSwap>
      <primaryAssetClass>Commodity</primaryAssetClass>
      <productType>Commodity:Energy:Index:Swap:Cash</productType>
      <effectiveDate>
        <adjustableDate>
          <unadjustedDate>2014-03-01</unadjustedDate>
          <dateAdjustments>
            <businessDayConvention>NONE</businessDayConvention>
          </dateAdjustments>
        </adjustableDate>
      </effectiveDate>
      <terminationDate id="TerminationDate">
        <adjustableDate>
          <unadjustedDate>2014-07-31</unadjustedDate>
          <dateAdjustments>
            <businessDayConvention>FOLLOWING</businessDayConvention>
          </dateAdjustments>
        </adjustableDate>
      </terminationDate>
      <settlementCurrency>USD</settlementCurrency>
      <commodityInterestLeg>
        <payerPartyReference href="PartyB" />
        <receiverPartyReference href="PartyA" />
        <calculationPeriodsSchedule id="interestLegCalculationPeriodsSchedule">
          <periodMultiplier>1</periodMultiplier>
          <period>M</period>
          <balanceOfFirstPeriod>false</balanceOfFirstPeriod>
        </calculationPeriodsSchedule>
        <relativePaymentDates>
          <payRelativeTo>CalculationPeriodEndDate</payRelativeTo>
          <calculationPeriodsScheduleReference href="interestLegCalculationPeriodsSchedule" />
          <paymentDaysOffset>
            <periodMultiplier>2</periodMultiplier>
            <period>D</period>
            <dayType>Business</dayType>
            <businessDayConvention>FOLLOWING</businessDayConvention>
          </paymentDaysOffset>
          <businessCenters>
            <businessCenter>USNY</businessCenter>
          </businessCenters>
        </relativePaymentDates>
        <notionalAmountReference href="returnLegNotionalAmount" />
        <commodityFixedInterestCalculation>
          <fixedRate>0.0321</fixedRate>
          <dayCountFraction>ACT/365.FIXED</dayCountFraction>
        </commodityFixedInterestCalculation>
      </commodityInterestLeg>
      <commodityReturnLeg>
        <payerPartyReference href="PartyA" />
        <receiverPartyReference href="PartyB" />
        <calculationPeriodsScheduleReference href="interestLegCalculationPeriodsSchedule" />
        <relativePaymentDates>
          <payRelativeTo>CalculationPeriodEndDate</payRelativeTo>
          <calculationPeriodsScheduleReference href="interestLegCalculationPeriodsSchedule" />
          <paymentDaysOffset>
            <periodMultiplier>2</periodMultiplier>
            <period>D</period>
            <dayType>Business</dayType>
            <businessDayConvention>FOLLOWING</businessDayConvention>
          </paymentDaysOffset>
          <businessCenters>
            <businessCenter>USNY</businessCenter>
          </businessCenters>
        </relativePaymentDates>
        <commodity>
<!-- Note:   instrumentId is required only in Confirmation View  -->
          <instrumentId instrumentIdScheme="http://www.fpml.org/coding-scheme/commodity-reference-price-3-0">S+P GSCI™ Lean Hogs Index Total Return</instrumentId>
          <specifiedPrice>Closing</specifiedPrice>
        </commodity>
        <notionalAmount id="returnLegNotionalAmount">
<!-- Note that, because this swap has a reinvestment feature on the notional -->
<!-- that the 'amount' below is the initial notional amount                  -->
          <currency>USD</currency>
          <amount>1000000.00</amount>
          <reinvestmentFeature>true</reinvestmentFeature>
        </notionalAmount>
        <commodityReturnCalculation>
          <formula>SimpleFormula</formula>
          <pricingDates>
            <calculationPeriodsScheduleReference href="interestLegCalculationPeriodsSchedule" />
            <dayType>CommodityBusiness</dayType>
            <dayDistribution>All</dayDistribution>
          </pricingDates>
          <valuationDates>
            <calculationPeriodsScheduleReference href="interestLegCalculationPeriodsSchedule" />
            <dayType>CommodityBusiness</dayType>
            <dayDistribution>Last</dayDistribution>
          </valuationDates>
        </commodityReturnCalculation>
      </commodityReturnLeg>
      <marketDisruption>
        <marketDisruptionEvent>AsSpecifiedInConfirmation</marketDisruptionEvent>
        <disruptionFallbacks>AsSpecifiedInConfirmation</disruptionFallbacks>
      </marketDisruption>
    </commodityPerformanceSwap>
    <documentation>
      <masterAgreement>
        <masterAgreementType>ISDA</masterAgreementType>
        <masterAgreementDate>2011-10-04</masterAgreementDate>
      </masterAgreement>
      <contractualDefinitions>ISDA2006</contractualDefinitions>
      <contractualDefinitions>ISDA2005Commodity</contractualDefinitions>
    </documentation>
  </trade>
  <party id="PartyA">
    <partyId partyIdScheme="http://www.fpml.org/coding-scheme/external/iso17442">95980020140005196564</partyId>
    <country>US</country>
    <organizationType>SwapDealer</organizationType>
  </party>
  <party id="PartyB">
    <partyId partyIdScheme="http://www.fpml.org/coding-scheme/external/iso17442">549300XQFX97CITUR430</partyId>
    <organizationType>Non-SD_Non-MSP</organizationType>
  </party>
</dataDocument>

