<?xml version="1.0" encoding="utf-8"?>
<!--View is confirmation-->
<!--Version is 5-11-->
<!--NS is http://www.fpml.org/FpML-5/confirmation-->
<!--
   == Copyright (c) 2014- All rights reserved.
   == Financial Products Markup Language is subject to the FpML public license.
   == A copy of this license is available at http://www.fpml.org/license/license.html
-->
<dataDocument xmlns="http://www.fpml.org/FpML-5/confirmation" xmlns:xsi="http://www.w3.org/2001/XMLSchema-instance" fpmlVersion="5-11" xsi:schemaLocation="http://www.fpml.org/FpML-5/confirmation ../../fpml-main-5-11.xsd http://www.w3.org/2000/09/xmldsig# ../../xmldsig-core-schema.xsd">
  <trade>
    <tradeHeader>
      <partyTradeIdentifier>
        <partyReference href="partyA" />
        <tradeId tradeIdScheme="http://www.PartyA.com/com-trade-id">1234</tradeId>
      </partyTradeIdentifier>
      <partyTradeIdentifier>
        <partyReference href="partyB" />
        <tradeId tradeIdScheme="http://www.PartyB.com/com-trade-id">2345</tradeId>
      </partyTradeIdentifier>
      <tradeDate>2006-07-28</tradeDate>
    </tradeHeader>
    <commoditySwap>
      <effectiveDate>
        <adjustableDate>
          <unadjustedDate>2009-01-01</unadjustedDate>
          <dateAdjustments>
            <businessDayConvention>NotApplicable</businessDayConvention>
          </dateAdjustments>
        </adjustableDate>
      </effectiveDate>
      <terminationDate>
        <adjustableDate>
          <unadjustedDate>2009-12-31</unadjustedDate>
          <dateAdjustments>
            <businessDayConvention>NotApplicable</businessDayConvention>
          </dateAdjustments>
        </adjustableDate>
      </terminationDate>
      <settlementCurrency>USD</settlementCurrency>
      <fixedLeg>
        <payerPartyReference href="partyA" />
        <receiverPartyReference href="partyB" />
        <calculationPeriodsScheduleReference href="floatingLegCalculationPeriods" />
        <fixedPrice>
          <price>120.0</price>
          <priceCurrency>USD</priceCurrency>
<!--Changed from MWH to MWh-->
          <priceUnit>MWh</priceUnit>
        </fixedPrice>
        <notionalQuantity>
<!--Changed from MWH to MWh-->
          <quantityUnit>MWh</quantityUnit>
          <quantityFrequency>PerSettlementPeriod</quantityFrequency>
          <quantity>17.0</quantity>
        </notionalQuantity>
        <totalNotionalQuantity>83776.0</totalNotionalQuantity>
        <relativePaymentDates>
          <payRelativeTo>CalculationPeriodEndDate</payRelativeTo>
          <calculationPeriodsScheduleReference href="floatingLegCalculationPeriods" />
          <paymentDaysOffset>
            <periodMultiplier>5</periodMultiplier>
            <period>D</period>
            <dayType>Business</dayType>
            <businessDayConvention>NONE</businessDayConvention>
          </paymentDaysOffset>
          <businessCenters>
            <businessCenter>USNY</businessCenter>
          </businessCenters>
        </relativePaymentDates>
      </fixedLeg>
      <floatingLeg>
        <payerPartyReference href="partyB" />
        <receiverPartyReference href="partyA" />
        <calculationPeriodsSchedule id="floatingLegCalculationPeriods">
          <periodMultiplier>1</periodMultiplier>
          <period>M</period>
          <balanceOfFirstPeriod>false</balanceOfFirstPeriod>
        </calculationPeriodsSchedule>
        <commodity>
<!-- Attention: Updated the instrumentIdScheme, should add this code to the scheme -->
          <instrumentId instrumentIdScheme="http://www.partyA.com/instrumentId/commodity-reference-price">ELECTRICITY-MID-COLUMBIA FIRM (ON-PEAK)-DOW JONES POWER</instrumentId>
          <specifiedPrice>Index</specifiedPrice>
        </commodity>
        <notionalQuantity>
<!--Changed from MWH to MWh-->
          <quantityUnit>MWh</quantityUnit>
          <quantityFrequency>PerSettlementPeriod</quantityFrequency>
          <quantity>17.0</quantity>
        </notionalQuantity>
        <totalNotionalQuantity>83776.0</totalNotionalQuantity>
        <calculation>
          <pricingDates>
            <calculationPeriodsScheduleReference href="floatingLegCalculationPeriods" />
<!-- Attention: This deal I would remodel using settlement periods. Electricity deals typically are looked at on an hour to hour or day to day POV -->
<!-- PCS:  Disagree.  The settlement periods is names in the commodity reference price.See example 5 -->
            <dayType>CommodityBusiness</dayType>
            <dayDistribution>All</dayDistribution>
            <businessCalendar>DowJonesPower</businessCalendar>
          </pricingDates>
          <averagingMethod>Weighted</averagingMethod>
        </calculation>
        <relativePaymentDates>
          <payRelativeTo>CalculationPeriodEndDate</payRelativeTo>
          <calculationPeriodsScheduleReference href="floatingLegCalculationPeriods" />
          <paymentDaysOffset>
            <periodMultiplier>5</periodMultiplier>
            <period>D</period>
            <dayType>Business</dayType>
            <businessDayConvention>NONE</businessDayConvention>
          </paymentDaysOffset>
          <businessCenters>
            <businessCenter>USNY</businessCenter>
          </businessCenters>
        </relativePaymentDates>
      </floatingLeg>
      <marketDisruption>
        <marketDisruptionEvents>AsSpecifiedInMasterAgreement</marketDisruptionEvents>
        <disruptionFallbacks>AsSpecifiedInMasterAgreement</disruptionFallbacks>
      </marketDisruption>
    </commoditySwap>
    <documentation>
      <masterAgreement>
        <masterAgreementType>ISDA</masterAgreementType>
      </masterAgreement>
      <contractualDefinitions>ISDA2005Commodity</contractualDefinitions>
    </documentation>
  </trade>
  <party id="partyA">
    <partyId partyIdScheme="http://www.fpml.org/coding-scheme/external/iso17442">549300KFSLY4U7N3LL12</partyId>
    <partyName>Bank</partyName>
  </party>
  <party id="partyB">
    <partyId partyIdScheme="http://www.fpml.org/coding-scheme/external/iso17442">549300AJRHKBLY9GM262</partyId>
    <partyName>Energy Co.</partyName>
  </party>
</dataDocument>

