<?xml version="1.0" encoding="utf-8"?>
<!--View is confirmation-->
<!--Version is 5-11-->
<!--NS is http://www.fpml.org/FpML-5/confirmation-->
<!--
        == Copyright (c) 2014- All rights reserved.
        == Financial Products Markup Language is subject to the FpML public license.
        == A copy of this license is available at http://www.fpml.org/license/license.html
-->
<!--
Loan Bulk Servicing notifications provide a means for agent banks to communicate multiple events for 1 asset, such as floating rate margin resets and/or 
re-definitions of the way in which outstanding contracts are structured. In this example, a loan contract is rolling over and a new base rate is set for the new contract.

-->
<loanBulkServicingNotification xmlns="http://www.fpml.org/FpML-5/confirmation" fpmlVersion="5-11">591346 AGENTBMEI LENDERMEI 2013-10-21T09:30:47Z BKLoanSys 1.0 2012-12-06 false 2013-10-21 false 72200 2013-10-23 76432 2013-10-23 USD 209000000 59714285.71 48174 30/360 USD-LIBOR-LIBO 3 M 0.0155 2013-10-23 2013-11-25 33 2013-10-21 0.0017 0.0172 72253 2013-10-23 2013-10-21 0.017 F123452TLA Term Loan A 2013-09-18 USD 209000000 59714285.71 87125 AGENTBMEI Bank of Agents N.A. Investor Relations Work 302-894-6010 Fax 212-994-0961 global.loans.support@bankofagents.com 2 Penns Way, Suite 100 New Castle DE US 19720 BORROWERMEI Borrower Inc. COBORRMEI Co-Borrower Inc. LENDERMEI Lender Corp. GUARAMEI Guarantor Partners LLC 
<header>
<!-- LN88 No message id in the original notice -->
  <messageId messageIdScheme="http://www.bankofagentsna.com/messaging/messageids">591346</messageId>
<!-- LN88 Not sure of this content? -->
  <sentBy messageAddressScheme="http://www.loanmarketdirectory.com/external/schemes/MEI">AGENTBMEI</sentBy>
  <sendTo messageAddressScheme="http://www.loanmarketdirectory.com/external/schemes/MEI">LENDERMEI</sendTo>
  <creationTimestamp>2013-10-21T09:30:47Z</creationTimestamp>
  <implementationSpecification>
    <name>BKLoanSys</name>
    <version implementationSpecificationVersionScheme="http://www.bkloansys.com/">1.0</version>
    <date>2012-12-06</date>
  </implementationSpecification>
</header>
<isCorrection>false</isCorrection>
<noticeDate>2013-10-21</noticeDate>
<isGlobalOnly>false</isGlobalOnly>
<rollover>
  <eventIdentifier>
    <partyReference href="agent" />
<!-- LN77 No event id provided in the notice -->
    <eventId eventIdScheme="http://www.bankofagentsna.com/messaging/eventids">72200</eventId>
  </eventIdentifier>
  <effectiveDate>2013-10-23</effectiveDate>
  <currentContracts>
    <loanContractReference href="contract" />
  </currentContracts>
  <newContracts>
    <contract>
      <identifier id="loan_contract_new">
        <partyReference href="agent" />
        <contractId contractIdScheme="http://www.bankofagentsna.com/messaging/contractids">76432</contractId>
        <facilityReference href="facility" />
      </identifier>
      <effectiveDate>2013-10-23</effectiveDate>
      <borrowerPartyReference href="borrower" />
      <amount>
        <currency currencyScheme="http://www.fpml.org/coding-scheme/external/iso4217-2001-08-15">USD</currency>
        <amount>209000000</amount>
        <shareAmount>59714285.71</shareAmount>
      </amount>
      <floatingRateAccrual>
        <accrualOptionId accrualTypeIdScheme="http://www.bankofagentsna.com/messaging/accrualtypeids">48174</accrualOptionId>
        <dayCountFraction dayCountFractionScheme="http://www.fpml.org/coding-scheme/day-count-fraction">30/360</dayCountFraction>
        <floatingRateIndex floatingRateIndexScheme="http://www.fpml.org/coding-scheme/floating-rate-index">USD-LIBOR-LIBO</floatingRateIndex>
        <indexTenor>
          <periodMultiplier>3</periodMultiplier>
          <period>M</period>
        </indexTenor>
        <spread>0.0155</spread>
        <startDate>2013-10-23</startDate>
        <endDate>2013-11-25</endDate>
        <numberOfDays>33</numberOfDays>
        <rateFixingDate>2013-10-21</rateFixingDate>
        <baseRate>0.0017</baseRate>
        <allInRate>0.0172</allInRate>
      </floatingRateAccrual>
    </contract>
  </newContracts>
</rollover>
<baseRateSet>
  <eventIdentifier>
    <partyReference href="agent" />
<!-- LN 77 No event id provided in the notice -->
    <eventId eventIdScheme="http://www.bankofagentsna.com/messaging/eventids">72253</eventId>
  </eventIdentifier>
  <lenderPartyReference href="lender" />
  <agentPartyReference href="agent" />
  <borrowerPartyReference href="borrower" />
  <effectiveDate>2013-10-23</effectiveDate>
  <loanContractReference href="loan_contract_new" />
  <fixingDate>2013-10-21</fixingDate>
  <rate>0.017</rate>
</baseRateSet>
<facilitySummary id="facility">
  <instrumentId instrumentIdScheme="http://www.cusip.com/">F123452TLA</instrumentId>
  <description>Term Loan A</description>
  <borrowerPartyReference href="borrower" />
  <agentPartyReference href="agent" />
  <startDate>2013-09-18</startDate>
  <currentCommitment>
    <totalCommitmentAmount>
      <currency currencyScheme="http://www.fpml.org/coding-scheme/external/iso4217-2001-08-15">USD</currency>
<!-- LN100 Was blanked out in the notice, placeholder amount -->
<!-- LN101 Actually not sure if the XX.XX amount in the notice refers to the original or the current commitment? -->
<!-- LN102 Making an assumption that the single contract represents the full commitment amount on the facility -->
      <amount>209000000</amount>
<!-- LN104 Not provided in the original notice (assumption as above) -->
      <shareAmount>59714285.71</shareAmount>
    </totalCommitmentAmount>
  </currentCommitment>
</facilitySummary>
<contractIdentifier id="contract">
  <partyReference href="agent" />
  <contractId contractIdScheme="http://www.bankofagentsna.com/messaging/contractids">87125</contractId>
  <facilityReference href="facility" />
</contractIdentifier>
<party id="agent">
  <partyId partyIdScheme="http://www.loanmarketdirectory.com/external/schemes/MEI">AGENTBMEI</partyId>
  <partyName partyNameScheme="http://www.loanmarketdirectory.com/external/schemes">Bank of Agents N.A.</partyName>
  <businessUnit>
    <name>Investor Relations</name>
    <contactInfo>
      <telephone>
        <type>Work</type>
        <number>302-894-6010</number>
      </telephone>
      <telephone>
        <type>Fax</type>
        <number>212-994-0961</number>
      </telephone>
      <email>global.loans.support@bankofagents.com</email>
      <address>
        <streetAddress>
          <streetLine>2 Penns Way, Suite 100</streetLine>
        </streetAddress>
        <city>New Castle</city>
        <state>DE</state>
        <country>US</country>
        <postalCode>19720</postalCode>
      </address>
    </contactInfo>
  </businessUnit>
</party>
<party id="borrower">
  <partyId partyIdScheme="http://www.loanmarketdirectory.com/external/schemes/MEI">BORROWERMEI</partyId>
  <partyName partyNameScheme="http://www.loanmarketdirectory.com/external/schemes">Borrower Inc.</partyName>
</party>
<party id="coborrower">
  <partyId partyIdScheme="http://www.loanmarketdirectory.com/external/schemes/MEI">COBORRMEI</partyId>
  <partyName partyNameScheme="http://www.loanmarketdirectory.com/external/schemes">Co-Borrower Inc.</partyName>
</party>
<party id="lender">
  <partyId partyIdScheme="http://www.loanmarketdirectory.com/external/schemes/MEI">LENDERMEI</partyId>
  <partyName partyNameScheme="http://www.loanmarketdirectory.com/external/schemes/MEI">Lender Corp.</partyName>
</party>
<party id="guarantor">
  <partyId partyIdScheme="http://www.loanmarketdirectory.com/external/schemes/MEI">GUARAMEI</partyId>
  <partyName partyNameScheme="http://www.loanmarketdirectory.com/external/schemes">Guarantor Partners LLC</partyName>
</party>
</loanBulkServicingNotification>

