<?xml version="1.0" encoding="utf-8"?>
<!--View is confirmation-->
<!--Version is 5-11-->
<!--NS is http://www.fpml.org/FpML-5/confirmation-->
<!--
        == Copyright (c) 2014- All rights reserved.
        == Financial Products Markup Language is subject to the FpML public license.
        == A copy of this license is available at http://www.fpml.org/license/license.html
-->
<loanNotificationRetracted xmlns="http://www.fpml.org/FpML-5/confirmation" fpmlVersion="5-11">BBPLC00001549667579 GB1L104502 US1L142580 2018-03-01T16:35:58.568-05:00 001 GB1L104502 
<header>
  <messageId messageIdScheme="http://www.barclays.com/fpml/coding-scheme/internal/message-id">BBPLC00001549667579</messageId>
  <sentBy messageAddressScheme="http://www.loanmarketdirectory.com/external/schemes/MEI">GB1L104502</sentBy>
  <sendTo messageAddressScheme="http://www.loanmarketdirectory.com/external/schemes/MEI">US1L142580</sendTo>
  <creationTimestamp>2018-03-01T16:35:58.568-05:00</creationTimestamp>
</header>
<eventIdentifier>
  <partyReference href="GB1L104502" />
  <eventId eventIdScheme="http://www.barclays.com/fpml/coding-scheme/internal/event-id">001</eventId>
</eventIdentifier>
<party id="GB1L104502">
  <partyId partyIdScheme="http://www.loanmarketdirectory.com/external/schemes/MEI">GB1L104502</partyId>
</party>
</loanNotificationRetracted>

