<?xml version="1.0" encoding="utf-8"?>
<!--View is confirmation-->
<!--Version is 5-11-->
<!--NS is http://www.fpml.org/FpML-5/confirmation-->
<!--
        == Copyright (c) 2014- All rights reserved.
        == Financial Products Markup Language is subject to the FpML public license.
        == A copy of this license is available at http://www.fpml.org/license/license.html
-->
<!--
Rollover event notifications provide a means for agent banks to communicate floating rate margin resets and/or re-definitions of the way 
in which outstanding contracts are structured. For example:
        - Borrowers can manipulate debt allocation across various contract types.
        - Certain contracts periodically reset (rate-wise).
        - Underlying balances may shift.
Rollovers can be used to represent any/all of the above.

This example represents a:
        - LIBOR F/X contract repricing
        - LIBOR F/X contract interest payment
-->
<loanContractNotification xmlns="http://www.fpml.org/FpML-5/confirmation" fpmlVersion="5-11">615243 US2A432121 US5L567878 2013-10-21T09:30:47Z BKLoanSys 1.0 2012-12-06 false 2014-01-13 false GBP 1919.24 2014-01-15 FOLLOWING 64125 64125 RolloverGroup13 64102 64125 GBP 1919.24 GBP 0.00 2014-01-15 2013-12-16 2013-12-31 ContractPositionThruPeriod GBP 13647.95 1919.24 2013-12-16 2013-12-31 16 GBP 8100000.00 1139062.50 0.0205 GBP 10000.00 1023.60 2014-01-01 2014-01-14 14 GBP 8100000.00 1139062.50 0.0205 GBP 8500.00 895.64 F123999REV Revolver CC1234 2013-12-16 GBP 8100000.00 1139062.50 US2A432121 US3B789454 US4C147258 US5L567878 US6G852363 
<header>
<!-- No message id in the original notice -->
  <messageId messageIdScheme="http://www.bankofagentsna.com/messaging/messageids">615243</messageId>
<!-- Not sure of this content? -->
  <sentBy messageAddressScheme="http://www.loanmarketdirectory.com/external/schemes/MEI">US2A432121</sentBy>
  <sendTo messageAddressScheme="http://www.loanmarketdirectory.com/external/schemes/MEI">US5L567878</sendTo>
  <creationTimestamp>2013-10-21T09:30:47Z</creationTimestamp>
  <implementationSpecification>
    <name>BKLoanSys</name>
    <version implementationSpecificationVersionScheme="http://www.bkloansys.com/">1.0</version>
    <date>2012-12-06</date>
  </implementationSpecification>
</header>
<isCorrection>false</isCorrection>
<noticeDate>2014-01-13</noticeDate>
<isGlobalOnly>false</isGlobalOnly>
<eventPayment>
  <payerPartyReference href="BANKOFAGENTSNA" />
  <receiverPartyReference href="LENDERCORP" />
  <paymentAmount>
    <currency currencyScheme="http://www.fpml.org/coding-scheme/external/iso4217-2001-08-15">GBP</currency>
    <amount>1919.24</amount>
  </paymentAmount>
  <paymentDate>
    <adjustableDate>
      <unadjustedDate>2014-01-15</unadjustedDate>
      <dateAdjustments>
        <businessDayConvention>FOLLOWING</businessDayConvention>
      </dateAdjustments>
    </adjustableDate>
  </paymentDate>
  <eventIdentifier>
    <partyReference href="BANKOFAGENTSNA" />
    <eventId>64125</eventId>
  </eventIdentifier>
</eventPayment>
<interestPayment>
  <eventIdentifier>
    <partyReference href="BANKOFAGENTSNA" />
<!-- LN88 No event id provided in the notice -->
    <eventId eventIdScheme="http://www.bankofagentsna.com/messaging/eventids">64125</eventId>
  </eventIdentifier>
  <parentEventIdentifier>
    <partyReference href="BANKOFAGENTSNA" />
    <eventId>RolloverGroup13</eventId>
    <childEventIdentifier>
      <partyReference href="BANKOFAGENTSNA" />
      <eventId>64102</eventId>
    </childEventIdentifier>
    <childEventIdentifier>
      <partyReference href="BANKOFAGENTSNA" />
      <eventId>64125</eventId>
    </childEventIdentifier>
  </parentEventIdentifier>
  <lenderPartyReference href="LENDERCORP" />
  <cashPayable>
    <payerPartyReference href="BANKOFAGENTSNA" />
    <receiverPartyReference href="LENDERCORP" />
    <netAmount>
      <currency currencyScheme="http://www.fpml.org/coding-scheme/external/iso4217-2001-08-15">GBP</currency>
      <amount>1919.24</amount>
    </netAmount>
    <taxWithholding>
      <amount>
        <currency currencyScheme="http://www.fpml.org/coding-scheme/external/iso4217-2001-08-15">GBP</currency>
        <amount>0.00</amount>
      </amount>
    </taxWithholding>
  </cashPayable>
  <agentPartyReference href="BANKOFAGENTSNA" />
  <borrowerPartyReference href="BORROWERINC" />
  <effectiveDate>2014-01-15</effectiveDate>
  <loanContractReference href="CONT12345" />
  <startDate>2013-12-16</startDate>
  <endDate>2013-12-31</endDate>
  <calculationMethod>ContractPositionThruPeriod</calculationMethod>
  <amount>
    <currency currencyScheme="http://www.fpml.org/coding-scheme/external/iso4217-2001-08-15">GBP</currency>
    <amount>13647.95</amount>
    <shareAmount>1919.24</shareAmount>
  </amount>
  <accrualSchedule>
    <startDate>2013-12-16</startDate>
    <endDate>2013-12-31</endDate>
    <numberOfDays>16</numberOfDays>
    <referenceAmount>
      <currency currencyScheme="http://www.fpml.org/coding-scheme/external/iso4217-2001-08-15">GBP</currency>
<!-- The global underlying contract amount was NOT provided in the schedule. It is now required. -->
      <amount>8100000.00</amount>
      <shareAmount>1139062.50</shareAmount>
    </referenceAmount>
    <rate>0.0205</rate>
    <accrualAmount>
      <currency currencyScheme="http://www.fpml.org/coding-scheme/external/iso4217-2001-08-15">GBP</currency>
<!-- The global accrual amount was NOT provided in the schedule. It is now required. -->
      <amount>10000.00</amount>
      <shareAmount>1023.60</shareAmount>
    </accrualAmount>
  </accrualSchedule>
  <accrualSchedule>
    <startDate>2014-01-01</startDate>
    <endDate>2014-01-14</endDate>
    <numberOfDays>14</numberOfDays>
    <referenceAmount>
      <currency currencyScheme="http://www.fpml.org/coding-scheme/external/iso4217-2001-08-15">GBP</currency>
<!-- The global underlying contract amount was NOT provided in the schedule. It is now required. -->
      <amount>8100000.00</amount>
      <shareAmount>1139062.50</shareAmount>
    </referenceAmount>
    <rate>0.0205</rate>
    <accrualAmount>
      <currency currencyScheme="http://www.fpml.org/coding-scheme/external/iso4217-2001-08-15">GBP</currency>
<!-- The global accrual amount was NOT provided in the schedule. It is now required. -->
      <amount>8500.00</amount>
      <shareAmount>895.64</shareAmount>
    </accrualAmount>
  </accrualSchedule>
</interestPayment>
<facilityIdentifier id="FAC54321">
  <instrumentId instrumentIdScheme="http://www.cusip.com/">F123999REV</instrumentId>
  <description>Revolver</description>
</facilityIdentifier>
<contractSummary>
  <identifier id="CONT12345">
    <partyReference href="BANKOFAGENTSNA" />
    <contractId contractIdScheme="http://www.bankofagentsna.com/messaging/contractids">CC1234</contractId>
    <facilityReference href="FAC54321" />
  </identifier>
<!-- Not provided on the notice but deduced from the interest payment period -->
  <effectiveDate>2013-12-16</effectiveDate>
  <borrowerPartyReference href="BORROWERINC" />
  <amount>
    <currency currencyScheme="http://www.fpml.org/coding-scheme/external/iso4217-2001-08-15">GBP</currency>
    <amount>8100000.00</amount>
    <shareAmount>1139062.50</shareAmount>
  </amount>
</contractSummary>
<party id="BANKOFAGENTSNA">
  <partyId partyIdScheme="http://www.loanmarketdirectory.com/external/schemes/MEI">US2A432121</partyId>
</party>
<party id="BORROWERINC">
  <partyId partyIdScheme="http://www.loanmarketdirectory.com/external/schemes/MEI">US3B789454</partyId>
</party>
<party id="COBORROWERINC">
  <partyId partyIdScheme="http://www.loanmarketdirectory.com/external/schemes/MEI">US4C147258</partyId>
</party>
<party id="LENDERCORP">
  <partyId partyIdScheme="http://www.loanmarketdirectory.com/external/schemes/MEI">US5L567878</partyId>
</party>
<party id="GUARANTORPARTNERSLLC">
  <partyId partyIdScheme="http://www.loanmarketdirectory.com/external/schemes/MEI">US6G852363</partyId>
</party>
</loanContractNotification>

