<?xml version="1.0" encoding="utf-8"?>
<!--View is confirmation-->
<!--Version is 5-11-->
<!--NS is http://www.fpml.org/FpML-5/confirmation-->
<!--
        == Copyright (c) 2014- All rights reserved.
        == Financial Products Markup Language is subject to the FpML public license.
        == A copy of this license is available at http://www.fpml.org/license/license.html
-->
<loanAllocationNotification xmlns="http://www.fpml.org/FpML-5/confirmation" fpmlVersion="5-11">BPLC0000970545267 GB1L213246 US1L022337 2017-09-08T20:41:32.4388996-04:00 false 2017-09-08 Buyer EVENT4 false USD 3500.0 USD 3500.0 GB1L213246 A1 GB1L213246 T1 USD 10000000.0 CUSIP0001 GB1L213246 US1LF00001 
<header>
  <messageId messageIdScheme="http://www.barclays.com/coding-scheme/message-id-1-0">BPLC0000970545267</messageId>
  <sentBy messageAddressScheme="http://www.fpml.org/coding-scheme/external/party-id-MEI-1-0">GB1L213246</sentBy>
  <sendTo messageAddressScheme="http://www.fpml.org/coding-scheme/external/party-id-MEI-1-0">US1L022337</sendTo>
  <creationTimestamp>2017-09-08T20:41:32.4388996-04:00</creationTimestamp>
</header>
<isCorrection>false</isCorrection>
<noticeDate>2017-09-08</noticeDate>
<partyReference href="GB1L213246" />
<role tradingPartyRoleScheme="http://www.fpml.org/coding-scheme/trading-party-role-1-0">Buyer</role>
<loanAllocationFeeOwed>
  <eventIdentifier>
    <partyReference href="GB1L213246" />
    <eventId eventIdScheme="http://www.barclays.com/coding-scheme/event-id-1-0">EVENT4</eventId>
  </eventIdentifier>
  <allocationReference href="A1" />
  <waivedFlag>false</waivedFlag>
  <creditAgreementAmount>
    <currency currencyScheme="http://www.fpml.org/coding-scheme/currency-1-0">USD</currency>
    <amount>3500.0</amount>
  </creditAgreementAmount>
  <agentAmount>
    <currency currencyScheme="http://www.fpml.org/coding-scheme/currency-1-0">USD</currency>
    <amount>3500.0</amount>
  </agentAmount>
</loanAllocationFeeOwed>
<allocationId id="A1">
  <issuer issuerIdScheme="http://www.fpml.org/coding-scheme/external/party-id-MEI-1-0">GB1L213246</issuer>
  <tradeId tradeIdScheme="http://www.barclays.com/coding-scheme/allocation-id-1-0">A1</tradeId>
  <loanTradeReference href="T1" />
</allocationId>
<tradeSummary>
  <tradeIdentifier id="T1">
    <issuer issuerIdScheme="http://www.fpml.org/coding-scheme/external/party-id-MEI-1-0">GB1L213246</issuer>
    <tradeId tradeIdScheme="http://www.barclays.com/coding-scheme/trade-id-1-0">T1</tradeId>
  </tradeIdentifier>
  <facilityReference href="CUSIP0001" />
  <amount>
    <currency currencyScheme="http://www.fpml.org/coding-scheme/currency-1-0">USD</currency>
    <amount>10000000.0</amount>
  </amount>
</tradeSummary>
<facilityIdentifier id="CUSIP0001">
  <instrumentId instrumentIdScheme="http://www.fpml.org/coding-scheme/external/instrument-id-CUSIP-1-0">CUSIP0001</instrumentId>
</facilityIdentifier>
<party id="GB1L213246">
  <partyId partyIdScheme="http://www.fpml.org/coding-scheme/external/party-id-MEI-1-0">GB1L213246</partyId>
</party>
<party id="US1LF00001">
  <partyId partyIdScheme="http://www.fpml.org/coding-scheme/external/party-id-MEI-1-0">US1LF00001</partyId>
</party>
</loanAllocationNotification>

