<?xml version="1.0" encoding="utf-8"?>
<!--View is confirmation-->
<!--Version is 5-11-->
<!--NS is http://www.fpml.org/FpML-5/confirmation-->
<!--
  == Copyright (c) 2014- All rights reserved.
  == Financial Products Markup Language is subject to the FpML public license.
  == A copy of this license is available at http://www.fpml.org/license/license.html
  -->
<loanNotificationException xmlns="http://www.fpml.org/FpML-5/confirmation" fpmlVersion="5-11">X133S1441 BPLC0000444445555 US1L022337 GB1L213246 2017-09-08T20:45:23-04:00 110 Message corrupted EID12345 US1LFM0001 
<header>
  <messageId messageIdScheme="http://www.abcbank.com/message-id">X133S1441</messageId>
  <inReplyTo messageIdScheme="http://www.abcbank.com/coding-scheme/message-id-1-0">BPLC0000444445555</inReplyTo>
  <sentBy messageAddressScheme="http://www.fpml.org/coding-scheme/external/party-id-MEI-1-0">US1L022337</sentBy>
  <sendTo messageAddressScheme="http://www.fpml.org/coding-scheme/external/party-id-MEI-1-0">GB1L213246</sendTo>
  <creationTimestamp>2017-09-08T20:45:23-04:00</creationTimestamp>
</header>
<reason>
  <reasonCode reasonCodeScheme="http://www.fpml.org/coding-scheme/reason-code">110</reasonCode>
  <description>Message corrupted</description>
</reason>
<eventIdentifier>
  <partyReference href="BANK67890" />
  <eventId eventIdScheme="http://www.barclays.com/coding-scheme/event-id-1-0">EID12345</eventId>
</eventIdentifier>
<party id="BANK67890">
  <partyId partyIdScheme="http://www.fpml.org/coding-scheme/external/party-id-MEI-1-0">US1LFM0001</partyId>
</party>
</loanNotificationException>

