<?xml version="1.0" encoding="utf-8"?>
<!--View is confirmation-->
<!--Version is 5-11-->
<!--NS is http://www.fpml.org/FpML-5/confirmation-->
<!--
        == Copyright (c) 2014- All rights reserved.
        == Financial Products Markup Language is subject to the FpML public license.
        == A copy of this license is available at http://www.fpml.org/license/license.html
-->
<loanPartyTradingInstructionOverrideStatement xmlns="http://www.fpml.org/FpML-5/confirmation" fpmlVersion="5-11">TradingInstructionOverrideMessageID1 EatonVance JPMorganChase 2017-09-25T09:30:47Z Loan FpML v5.11 2017-09-10 false OVERID5678 T1 SettlementInstructionID1 USD Fedwire Eaton Vance 6789 Main Street New York NY USA 10001 000000000002 Settlement TN12345 USD 5000000 Secondary Loan Trade F3454673TLB USD 1BN Term Loan B 2015-01-01 2020-01-01 USD 1000000000 5000000 EV1000001 USA Work 5552222222 buyer.contact@eatonvance.com 6789 Main Street New York NY USA 10001 JPM001011 USA Work 5551111111 seller.contact@jpmorgan.com 12345 Main Street New York NY USA 10001 AMZ1111111 USA Work 5553333333 borrower.contact@amazon.com 1111 Main Street New York NY USA 10001 JPM001011 JPMorganChase USA Work 5554444444 agent.contact@jpmorgan.com 12345 Main Street New York NY USA 10001 
<header>
  <messageId messageIdScheme="http://www.company.com/messageIdScheme">TradingInstructionOverrideMessageID1</messageId>
  <sentBy messageAddressScheme="http://www.company.com/messageAddressScheme">EatonVance</sentBy>
  <sendTo messageAddressScheme="http://www.company.com/messageAddressScheme">JPMorganChase</sendTo>
  <creationTimestamp>2017-09-25T09:30:47Z</creationTimestamp>
  <implementationSpecification>
    <name>Loan FpML</name>
    <version implementationSpecificationVersionScheme="http://www.company.com/implementationSpecificationVersion">v5.11</version>
    <date>2017-09-10</date>
  </implementationSpecification>
</header>
<isCorrection>false</isCorrection>
<override>
  <overrideIdentifier>
    <partyReference href="EatonVance" />
    <overrideId overrideIdScheme="http://www.company.com/overrideIdScheme">OVERID5678</overrideId>
  </overrideIdentifier>
  <allocationIdentifier id="LoanAllocation1">
    <partyReference href="EatonVance" />
    <tradeId tradeIdScheme="http://www.company.com/tradeIdScheme" id="AllocationID1">T1</tradeId>
    <loanTradeReference href="T1" />
  </allocationIdentifier>
  <settlementDetails>
    <id settlementInstructionIdScheme="http://www.company.com/settlementInstructionIdScheme">SettlementInstructionID1</id>
    <currency currencyScheme="http://www.fpml.org/coding-scheme/currency-1-0">USD</currency>
    <settlementInstruction>
      <settlementMethod settlementMethodScheme="http://www.fpml.org/coding-scheme/settlement-method">Fedwire</settlementMethod>
      <beneficiary>
        <routingExplicitDetails>
          <routingName>Eaton Vance</routingName>
          <routingAddress>
            <streetAddress>
              <streetLine>6789 Main Street</streetLine>
            </streetAddress>
            <city>New York</city>
            <state>NY</state>
            <country countryScheme="http://www.fpml.org/coding-scheme/external/iso3166">USA</country>
            <postalCode>10001</postalCode>
          </routingAddress>
          <routingAccountNumber>000000000002</routingAccountNumber>
          <routingReferenceText>Settlement</routingReferenceText>
        </routingExplicitDetails>
      </beneficiary>
    </settlementInstruction>
  </settlementDetails>
</override>
<tradeSummary>
  <tradeIdentifier id="T1">
    <partyReference href="JPMorganChase" />
    <tradeId tradeIdScheme="http://www.company.com/tradeIdScheme" id="TradeID">TN12345</tradeId>
  </tradeIdentifier>
  <facilityReference href="FAC12345" />
  <amount>
    <currency currencyScheme="http://www.fpml.org/coding-scheme/currency-1-0">USD</currency>
    <amount>5000000</amount>
  </amount>
  <comment>Secondary Loan Trade</comment>
</tradeSummary>
<facilitySummary id="FAC12345">
  <instrumentId instrumentIdScheme="http://www.fpml.org/coding-scheme/external/instrument-id-CUSIP-1-0">F3454673TLB</instrumentId>
  <description>USD 1BN Term Loan B</description>
  <borrowerPartyReference href="Amazon" />
  <agentPartyReference href="JPMorganChase" />
  <startDate>2015-01-01</startDate>
  <maturityDate>2020-01-01</maturityDate>
  <currentCommitment>
    <totalCommitmentAmount>
      <currency currencyScheme="http://www.fpml.org/coding-scheme/currency-1-0">USD</currency>
      <amount>1000000000</amount>
      <shareAmount>5000000</shareAmount>
    </totalCommitmentAmount>
  </currentCommitment>
</facilitySummary>
<party id="EatonVance">
  <partyId partyIdScheme="http://www.fpml.org/coding-scheme/external/party-id-MEI-1-0">EV1000001</partyId>
  <country countryScheme="http://www.fpml.org/coding-scheme/external/iso3166">USA</country>
  <contactInfo>
    <telephone>
      <type>Work</type>
      <number>5552222222</number>
    </telephone>
    <email>buyer.contact@eatonvance.com</email>
    <address>
      <streetAddress>
        <streetLine>6789 Main Street</streetLine>
      </streetAddress>
      <city>New York</city>
      <state>NY</state>
      <country countryScheme="http://www.fpml.org/coding-scheme/external/iso3166">USA</country>
      <postalCode>10001</postalCode>
    </address>
  </contactInfo>
</party>
<party id="JPMorganChase">
  <partyId partyIdScheme="http://www.fpml.org/coding-scheme/external/party-id-MEI-1-0">JPM001011</partyId>
  <country countryScheme="http://www.fpml.org/coding-scheme/external/iso3166">USA</country>
  <contactInfo>
    <telephone>
      <type>Work</type>
      <number>5551111111</number>
    </telephone>
    <email>seller.contact@jpmorgan.com</email>
    <address>
      <streetAddress>
        <streetLine>12345 Main Street</streetLine>
      </streetAddress>
      <city>New York</city>
      <state>NY</state>
      <country countryScheme="http://www.fpml.org/coding-scheme/external/iso3166">USA</country>
      <postalCode>10001</postalCode>
    </address>
  </contactInfo>
</party>
<party id="Amazon">
  <partyId partyIdScheme="http://www.fpml.org/coding-scheme/external/party-id-MEI-1-0">AMZ1111111</partyId>
  <country countryScheme="http://www.fpml.org/coding-scheme/external/iso3166">USA</country>
  <contactInfo>
    <telephone>
      <type>Work</type>
      <number>5553333333</number>
    </telephone>
    <email>borrower.contact@amazon.com</email>
    <address>
      <streetAddress>
        <streetLine>1111 Main Street</streetLine>
      </streetAddress>
      <city>New York</city>
      <state>NY</state>
      <country countryScheme="http://www.fpml.org/coding-scheme/external/iso3166">USA</country>
      <postalCode>10001</postalCode>
    </address>
  </contactInfo>
</party>
<party id="AgentParty">
  <partyId partyIdScheme="http://www.fpml.org/coding-scheme/external/party-id-MEI-1-0">JPM001011</partyId>
  <partyName partyNameScheme="http://www.company.com/partyNameScheme">JPMorganChase</partyName>
  <country countryScheme="http://www.fpml.org/coding-scheme/external/iso3166">USA</country>
  <contactInfo>
    <telephone>
      <type>Work</type>
      <number>5554444444</number>
    </telephone>
    <email>agent.contact@jpmorgan.com</email>
    <address>
      <streetAddress>
        <streetLine>12345 Main Street</streetLine>
      </streetAddress>
      <city>New York</city>
      <state>NY</state>
      <country countryScheme="http://www.fpml.org/coding-scheme/external/iso3166">USA</country>
      <postalCode>10001</postalCode>
    </address>
  </contactInfo>
</party>
</loanPartyTradingInstructionOverrideStatement>

