<?xml version="1.0" encoding="utf-8"?>
<!--View is confirmation-->
<!--Version is 5-11-->
<!--NS is http://www.fpml.org/FpML-5/confirmation-->
<!--
        == Copyright (c) 2014- All rights reserved.
        == Financial Products Markup Language is subject to the FpML public license.
        == A copy of this license is available at http://www.fpml.org/license/license.html
-->
<!--
Letter of credit event notifications provide a means for agent bank to communicate issuance, amendment and termination of L/Cs.
The agent bank also acts as a conduit between the issuing bank and lenders.

This example represents an L/C fee payment against two outstanding standby letter of credits. The example is transmitted as 3 notices:
        - fee payment against SBLC #1
        - fee payment against SBLC #2
        - combined payment details
-->
<lcNotification xmlns="http://www.fpml.org/FpML-5/confirmation" fpmlVersion="5-11">724152 US2A432121 US5L567878 2013-10-21T09:30:47Z BKLoanSys 1.0 2012-12-06 false 2014-11-12 false USD 88.11 2014-11-12 FOLLOWING 65159 65159 2014-06-30 54325 2014-05-01 2014-06-29 USD 1487.50 88.11 2014-05-01 2014-06-29 60 USD 100000.00 41461.54 0.01275 USD 88.11 F234564REV Revolver ISO000376 US2A432121 US3B789454 US1B987656 US5L567878 Sujith Kumar 
<header>
<!-- No message id in the original notice -->
  <messageId messageIdScheme="http://www.bankofagentsna.com/messaging/messageids">724152</messageId>
<!-- Not sure of this content? -->
  <sentBy messageAddressScheme="http://www.loanmarketdirectory.com/external/schemes/MEI">US2A432121</sentBy>
  <sendTo messageAddressScheme="http://www.loanmarketdirectory.com/external/schemes/MEI">US5L567878</sendTo>
  <creationTimestamp>2013-10-21T09:30:47Z</creationTimestamp>
  <implementationSpecification>
    <name>BKLoanSys</name>
    <version implementationSpecificationVersionScheme="http://www.bkloansys.com/">1.0</version>
    <date>2012-12-06</date>
  </implementationSpecification>
</header>
<isCorrection>false</isCorrection>
<noticeDate>2014-11-12</noticeDate>
<isGlobalOnly>false</isGlobalOnly>
<eventPayment>
  <payerPartyReference href="BORROWERINC" />
  <receiverPartyReference href="LENDERCORP" />
  <paymentAmount>
    <currency currencyScheme="http://www.fpml.org/coding-scheme/external/iso4217-2001-08-15">USD</currency>
    <amount>88.11</amount>
  </paymentAmount>
  <paymentDate>
    <adjustableDate>
      <unadjustedDate>2014-11-12</unadjustedDate>
      <dateAdjustments>
        <businessDayConvention>FOLLOWING</businessDayConvention>
      </dateAdjustments>
    </adjustableDate>
  </paymentDate>
  <eventIdentifier>
    <partyReference href="BANKOFAGENTSNA" />
    <eventId>65159</eventId>
  </eventIdentifier>
</eventPayment>
<lcIssuanceFeePayment>
  <eventIdentifier>
    <partyReference href="BANKOFAGENTSNA" />
<!-- LN88 No event id provided in the notice -->
    <eventId eventIdScheme="http://www.bankofagentsna.com/messaging/eventids">65159</eventId>
  </eventIdentifier>
  <lenderPartyReference href="LENDERCORP" />
  <effectiveDate>2014-06-30</effectiveDate>
  <letterOfCreditReference href="LOC2" />
  <id accrualTypeIdScheme="http://www.bankofagentsna.com/messaging/accrualtypeids">54325</id>
  <startDate>2014-05-01</startDate>
  <endDate>2014-06-29</endDate>
  <amount>
    <currency currencyScheme="http://www.fpml.org/coding-scheme/external/iso4217-2001-08-15">USD</currency>
    <amount>1487.50</amount>
    <shareAmount>88.11</shareAmount>
  </amount>
  <accrualSchedule>
    <startDate>2014-05-01</startDate>
    <endDate>2014-06-29</endDate>
    <numberOfDays>60</numberOfDays>
    <referenceAmount>
      <currency currencyScheme="http://www.fpml.org/coding-scheme/external/iso4217-2001-08-15">USD</currency>
<!-- Global reference amount not provided, just share -->
      <amount>100000.00</amount>
      <shareAmount>41461.54</shareAmount>
    </referenceAmount>
    <rate>0.01275</rate>
    <accrualAmount>
      <currency currencyScheme="http://www.fpml.org/coding-scheme/external/iso4217-2001-08-15">USD</currency>
      <amount>88.11</amount>
    </accrualAmount>
  </accrualSchedule>
</lcIssuanceFeePayment>
<!-- The facility CUSIP/ISIN was not provided -->
<facilityIdentifier id="FAC67890">
  <instrumentId instrumentIdScheme="http://www.cusip.com/">F234564REV</instrumentId>
  <description>Revolver</description>
</facilityIdentifier>
<letterOfCreditIdentifier id="LOC2">
  <partyReference href="BANKOFAGENTSNA" />
  <contractId contractIdScheme="http://www.bankofagentsna.com/messaging/contractids">ISO000376</contractId>
  <facilityReference href="FAC67890" />
</letterOfCreditIdentifier>
<party id="BANKOFAGENTSNA">
  <partyId partyIdScheme="http://www.loanmarketdirectory.com/external/schemes/MEI">US2A432121</partyId>
</party>
<party id="BORROWERINC">
  <partyId partyIdScheme="http://www.loanmarketdirectory.com/external/schemes/MEI">US3B789454</partyId>
</party>
<party id="BENEFICIARYINC">
  <partyId partyIdScheme="http://www.loanmarketdirectory.com/external/schemes/MEI">US1B987656</partyId>
</party>
<party id="LENDERCORP">
  <partyId partyIdScheme="http://www.loanmarketdirectory.com/external/schemes/MEI">US5L567878</partyId>
  <person>
    <firstName>Sujith</firstName>
    <surname>Kumar</surname>
  </person>
</party>
</lcNotification>

