<?xml version="1.0" encoding="utf-8"?>
<!--View is confirmation-->
<!--Version is 5-11-->
<!--NS is http://www.fpml.org/FpML-5/confirmation-->
<!--
        == Copyright (c) 2014- All rights reserved.
        == Financial Products Markup Language is subject to the FpML public license.
        == A copy of this license is available at http://www.fpml.org/license/license.html
-->
<loanTradeNotification xmlns="http://www.fpml.org/FpML-5/confirmation" fpmlVersion="5-11">SentMessageID3 JPMorganChase EatonVance 2017-09-16T09:30:47Z LoanFpML v5.11 2017-09-10 false 2017-09-16 Agent TASK1 2017-09-16 2017-09-17 Active Buyer Trade Allocation Required BuyerAllocation TradeNumber USD 5000000 Secondary Loan Trade CUSIP0001 USD 1BN Term Loan B 2015-01-01 2020-01-01 USD 1000000000 5000000 JPM001011 JPMorganChase USA Work 5551111111 seller.contact@jpmorgan.com 12345 Main Street New York NY USA 10001 EV1000001 EatonVance USA Work 5552222222 buyer.contact@eatonvance.com 6789 Main Street New York NY USA 10001 AMZ1111111 Amazon USA Work 5553333333 borrower.contact@amazon.com 1111 Main Street New York NY USA 10001 JPM001011 JPMorganChase USA Work 5554444444 agent.contact@jpmorgan.com 12345 Main Street New York NY USA 10001 
<header>
  <messageId messageIdScheme="http://www.company.com/messageIdScheme">SentMessageID3</messageId>
  <sentBy messageAddressScheme="http://www.company.com/messageAddressScheme">JPMorganChase</sentBy>
  <sendTo messageAddressScheme="http://www.company.com/messageAddressScheme">EatonVance</sendTo>
  <creationTimestamp>2017-09-16T09:30:47Z</creationTimestamp>
  <implementationSpecification>
    <name>LoanFpML</name>
    <version implementationSpecificationVersionScheme="http://www.company.com/implementationSpecificationVersion">v5.11</version>
    <date>2017-09-10</date>
  </implementationSpecification>
</header>
<validation validationScheme="a" />
<isCorrection>false</isCorrection>
<noticeDate>2017-09-16</noticeDate>
<partyReference href="JPMorganChase" />
<role tradingPartyRoleScheme="http://www.company.com/tradingPartyRoleScheme">Agent</role>
<settlementTask>
  <taskIdentifier>
    <partyReference href="JPMorganChase" />
    <taskId taskIdScheme="http://www.company.com/tradeTaskIdScheme">TASK1</taskId>
  </taskIdentifier>
  <responsibleParty href="EatonVance" />
  <dates>
    <raisedDate>2017-09-16</raisedDate>
    <expectedDate>2017-09-17</expectedDate>
  </dates>
  <status>Active</status>
  <comment>Buyer Trade Allocation Required</comment>
  <loanTradeReference href="LoanTrade1" />
  <type tradeSettlementTaskTypeScheme="http://www.company.com/tradeSettlementTaskTypeScheme">BuyerAllocation</type>
</settlementTask>
<tradeSummary>
  <tradeIdentifier id="LoanTrade1">
    <partyReference href="JPMorganChase" />
    <tradeId tradeIdScheme="http://www.company.com/tradeIdScheme" id="TradeID1">TradeNumber</tradeId>
  </tradeIdentifier>
  <facilityReference href="TermLoanB" />
  <amount>
    <currency currencyScheme="http://www.fpml.org/coding-scheme/currency-1-0">USD</currency>
    <amount>5000000</amount>
  </amount>
  <comment>Secondary Loan Trade</comment>
</tradeSummary>
<facilitySummary id="TermLoanB">
  <instrumentId instrumentIdScheme="http://www.fpml.org/coding-scheme/external/instrument-id-CUSIP-1-0">CUSIP0001</instrumentId>
  <description>USD 1BN Term Loan B</description>
  <borrowerPartyReference href="Amazon" />
  <agentPartyReference href="JPMorganChase" />
  <startDate>2015-01-01</startDate>
  <maturityDate>2020-01-01</maturityDate>
  <currentCommitment>
    <totalCommitmentAmount>
      <currency currencyScheme="http://www.fpml.org/coding-scheme/currency-1-0">USD</currency>
      <amount>1000000000</amount>
      <shareAmount>5000000</shareAmount>
    </totalCommitmentAmount>
  </currentCommitment>
</facilitySummary>
<party id="JPMorganChase">
  <partyId partyIdScheme="http://www.fpml.org/coding-scheme/external/party-id-MEI-1-0">JPM001011</partyId>
  <partyName partyNameScheme="http://www.company.com/partyNameScheme">JPMorganChase</partyName>
  <country countryScheme="http://www.fpml.org/coding-scheme/external/iso3166">USA</country>
  <contactInfo>
    <telephone>
      <type>Work</type>
      <number>5551111111</number>
    </telephone>
    <email>seller.contact@jpmorgan.com</email>
    <address>
      <streetAddress>
        <streetLine>12345 Main Street</streetLine>
      </streetAddress>
      <city>New York</city>
      <state>NY</state>
      <country countryScheme="http://www.fpml.org/coding-scheme/external/iso3166">USA</country>
      <postalCode>10001</postalCode>
    </address>
  </contactInfo>
</party>
<party id="EatonVance">
  <partyId partyIdScheme="http://www.fpml.org/coding-scheme/external/party-id-MEI-1-0">EV1000001</partyId>
  <partyName partyNameScheme="http://www.company.com/partyNameScheme">EatonVance</partyName>
  <country countryScheme="http://www.fpml.org/coding-scheme/external/iso3166">USA</country>
  <contactInfo>
    <telephone>
      <type>Work</type>
      <number>5552222222</number>
    </telephone>
    <email>buyer.contact@eatonvance.com</email>
    <address>
      <streetAddress>
        <streetLine>6789 Main Street</streetLine>
      </streetAddress>
      <city>New York</city>
      <state>NY</state>
      <country countryScheme="http://www.fpml.org/coding-scheme/external/iso3166">USA</country>
      <postalCode>10001</postalCode>
    </address>
  </contactInfo>
</party>
<party id="Amazon">
  <partyId partyIdScheme="http://www.fpml.org/coding-scheme/external/party-id-MEI-1-0">AMZ1111111</partyId>
  <partyName partyNameScheme="http://www.company.com/partyNameScheme">Amazon</partyName>
  <country countryScheme="http://www.fpml.org/coding-scheme/external/iso3166">USA</country>
  <contactInfo>
    <telephone>
      <type>Work</type>
      <number>5553333333</number>
    </telephone>
    <email>borrower.contact@amazon.com</email>
    <address>
      <streetAddress>
        <streetLine>1111 Main Street</streetLine>
      </streetAddress>
      <city>New York</city>
      <state>NY</state>
      <country countryScheme="http://www.fpml.org/coding-scheme/external/iso3166">USA</country>
      <postalCode>10001</postalCode>
    </address>
  </contactInfo>
</party>
<party id="AgentParty">
  <partyId partyIdScheme="http://www.fpml.org/coding-scheme/external/party-id-MEI-1-0">JPM001011</partyId>
  <partyName partyNameScheme="http://www.company.com/partyNameScheme">JPMorganChase</partyName>
  <country countryScheme="http://www.fpml.org/coding-scheme/external/iso3166">USA</country>
  <contactInfo>
    <telephone>
      <type>Work</type>
      <number>5554444444</number>
    </telephone>
    <email>agent.contact@jpmorgan.com</email>
    <address>
      <streetAddress>
        <streetLine>12345 Main Street</streetLine>
      </streetAddress>
      <city>New York</city>
      <state>NY</state>
      <country countryScheme="http://www.fpml.org/coding-scheme/external/iso3166">USA</country>
      <postalCode>10001</postalCode>
    </address>
  </contactInfo>
</party>
</loanTradeNotification>

