<?xml version="1.0" encoding="utf-8"?>
<!--View is confirmation-->
<!--Version is 5-11-->
<!--NS is http://www.fpml.org/FpML-5/confirmation-->
<!--
        == Copyright (c) 2014- All rights reserved.
        == Financial Products Markup Language is subject to the FpML public license.
        == A copy of this license is available at http://www.fpml.org/license/license.html
-->
<!--
Rollover event notifications provide a means for agent banks to communicate floating rate margin resets and/or re-definitions of the way 
in which outstanding contracts are structured. For example:
        - Borrowers can manipulate debt allocation across various contract types.
        - Certain contracts periodically reset (rate-wise).
        - Underlying balances may shift.
Rollovers can be used to represent any/all of the above.

This example represents a:
        - Single LIBOR contract repricing (maturing)
        - Interest payment on the LIBOR loan
        - The LIBOR loan is being increased as part of the rollover
-->
<loanContractNotification xmlns="http://www.fpml.org/FpML-5/confirmation" fpmlVersion="5-11">715439 US2A432121 US5L567878 2013-10-21T09:30:47Z BKLoanSys 1.0 2012-12-06 false 2014-01-14 false USD 16852.39 2013-09-30 FOLLOWING 62956 62956 RolloverGroup10 73400 73472 62956 61948 USD 16852.39 USD 0.00 2013-09-30 2013-08-30 2013-09-29 ContractPositionThruPeriod USD 750510.00 16852.39 2013-08-30 2013-09-29 31 USD 324000000.00 7275284.72 Funded 0.0269 USD 750510.00 16852.39 F123999REV Revolver 2013-01-01 USD 1110000000.00 24924586.53 CC4321 US2A432121 US3B789454 US4C147258 US5L567878 US6G852363 
<header>
<!-- No message id in the original notice -->
  <messageId messageIdScheme="http://www.bankofagentsna.com/messaging/messageids">715439</messageId>
<!-- Not sure of this content? -->
  <sentBy messageAddressScheme="http://www.loanmarketdirectory.com/external/schemes/MEI">US2A432121</sentBy>
  <sendTo messageAddressScheme="http://www.loanmarketdirectory.com/external/schemes/MEI">US5L567878</sendTo>
  <creationTimestamp>2013-10-21T09:30:47Z</creationTimestamp>
  <implementationSpecification>
    <name>BKLoanSys</name>
    <version implementationSpecificationVersionScheme="http://www.bkloansys.com/">1.0</version>
    <date>2012-12-06</date>
  </implementationSpecification>
</header>
<isCorrection>false</isCorrection>
<noticeDate>2014-01-14</noticeDate>
<isGlobalOnly>false</isGlobalOnly>
<eventPayment>
  <payerPartyReference href="BANKOFAGENTSNA" />
  <receiverPartyReference href="LENDERCORP" />
  <paymentAmount>
    <currency currencyScheme="http://www.fpml.org/coding-scheme/external/iso4217-2001-08-15">USD</currency>
    <amount>16852.39</amount>
  </paymentAmount>
  <paymentDate>
    <adjustableDate>
      <unadjustedDate>2013-09-30</unadjustedDate>
      <dateAdjustments>
        <businessDayConvention>FOLLOWING</businessDayConvention>
      </dateAdjustments>
    </adjustableDate>
  </paymentDate>
  <eventIdentifier>
    <partyReference href="BANKOFAGENTSNA" />
    <eventId>62956</eventId>
  </eventIdentifier>
</eventPayment>
<interestPayment>
  <eventIdentifier>
    <partyReference href="BANKOFAGENTSNA" />
<!-- LN88 No event id provided in the notice -->
    <eventId eventIdScheme="http://www.bankofagentsna.com/messaging/eventids">62956</eventId>
  </eventIdentifier>
  <parentEventIdentifier>
    <partyReference href="BANKOFAGENTSNA" />
    <eventId>RolloverGroup10</eventId>
    <childEventIdentifier>
      <partyReference href="BANKOFAGENTSNA" />
      <eventId>73400</eventId>
    </childEventIdentifier>
    <childEventIdentifier>
      <partyReference href="BANKOFAGENTSNA" />
      <eventId>73472</eventId>
    </childEventIdentifier>
    <childEventIdentifier>
      <partyReference href="BANKOFAGENTSNA" />
      <eventId>62956</eventId>
    </childEventIdentifier>
    <childEventIdentifier>
      <partyReference href="BANKOFAGENTSNA" />
      <eventId>61948</eventId>
    </childEventIdentifier>
  </parentEventIdentifier>
  <lenderPartyReference href="LENDERCORP" />
  <cashPayable>
    <payerPartyReference href="BANKOFAGENTSNA" />
    <receiverPartyReference href="LENDERCORP" />
    <netAmount>
      <currency currencyScheme="http://www.fpml.org/coding-scheme/external/iso4217-2001-08-15">USD</currency>
      <amount>16852.39</amount>
    </netAmount>
    <taxWithholding>
      <amount>
        <currency currencyScheme="http://www.fpml.org/coding-scheme/external/iso4217-2001-08-15">USD</currency>
        <amount>0.00</amount>
      </amount>
    </taxWithholding>
  </cashPayable>
  <agentPartyReference href="BANKOFAGENTSNA" />
  <borrowerPartyReference href="BORROWERINC" />
  <effectiveDate>2013-09-30</effectiveDate>
  <loanContractReference href="CONT54321" />
  <startDate>2013-08-30</startDate>
  <endDate>2013-09-29</endDate>
  <calculationMethod>ContractPositionThruPeriod</calculationMethod>
  <amount>
    <currency currencyScheme="http://www.fpml.org/coding-scheme/external/iso4217-2001-08-15">USD</currency>
    <amount>750510.00</amount>
    <shareAmount>16852.39</shareAmount>
  </amount>
  <accrualSchedule>
    <startDate>2013-08-30</startDate>
    <endDate>2013-09-29</endDate>
    <numberOfDays>31</numberOfDays>
    <referenceAmount>
      <currency currencyScheme="http://www.fpml.org/coding-scheme/external/iso4217-2001-08-15">USD</currency>
      <amount>324000000.00</amount>
      <shareAmount>7275284.72</shareAmount>
    </referenceAmount>
    <referenceAmountType>Funded</referenceAmountType>
    <rate>0.0269</rate>
    <accrualAmount>
      <currency currencyScheme="http://www.fpml.org/coding-scheme/external/iso4217-2001-08-15">USD</currency>
      <amount>750510.00</amount>
      <shareAmount>16852.39</shareAmount>
    </accrualAmount>
  </accrualSchedule>
</interestPayment>
<facilitySummary id="FAC54321">
  <instrumentId instrumentIdScheme="http://www.cusip.com/">F123999REV</instrumentId>
  <description>Revolver</description>
  <borrowerPartyReference href="BORROWERINC" />
  <agentPartyReference href="BANKOFAGENTSNA" />
<!-- Start date of the facility not provided in the original notice -->
  <startDate>2013-01-01</startDate>
  <currentCommitment>
    <totalCommitmentAmount>
      <currency currencyScheme="http://www.fpml.org/coding-scheme/external/iso4217-2001-08-15">USD</currency>
<!-- LN88 Was blanked out in the notice, placeholder amount  - sum of the outstanding contracts-->
      <amount>1110000000.00</amount>
<!-- LN88 Not provided in the original notice (assumption as above) -->
      <shareAmount>24924586.53</shareAmount>
    </totalCommitmentAmount>
  </currentCommitment>
</facilitySummary>
<contractIdentifier id="CONT54321">
  <partyReference href="BANKOFAGENTSNA" />
  <contractId contractIdScheme="http://www.bankofagentsna.com/messaging/contractids">CC4321</contractId>
  <facilityReference href="FAC54321" />
</contractIdentifier>
<party id="BANKOFAGENTSNA">
  <partyId partyIdScheme="http://www.loanmarketdirectory.com/external/schemes/MEI">US2A432121</partyId>
</party>
<party id="BORROWERINC">
  <partyId partyIdScheme="http://www.loanmarketdirectory.com/external/schemes/MEI">US3B789454</partyId>
</party>
<party id="COBORROWERINC">
  <partyId partyIdScheme="http://www.loanmarketdirectory.com/external/schemes/MEI">US4C147258</partyId>
</party>
<party id="LENDERCORP">
  <partyId partyIdScheme="http://www.loanmarketdirectory.com/external/schemes/MEI">US5L567878</partyId>
</party>
<party id="GUARANTORPARTNERSLLC">
  <partyId partyIdScheme="http://www.loanmarketdirectory.com/external/schemes/MEI">US6G852363</partyId>
</party>
</loanContractNotification>

