<?xml version="1.0" encoding="utf-8"?>
<!--View is confirmation-->
<!--Version is 5-11-->
<!--NS is http://www.fpml.org/FpML-5/confirmation-->
<!--
        == Copyright (c) 2014- All rights reserved.
        == Financial Products Markup Language is subject to the FpML public license.
        == A copy of this license is available at http://www.fpml.org/license/license.html
-->
<!--
Letter of credit event notifications provide a means for agent bank to communicate issuance, amendment and termination of L/Cs.
The agent bank also acts as a conduit between the issuing bank and lenders.

This example represents an L/C fee payment against two outstanding standby letter of credits. The example is transmitted as 3 notices:
        - fee payment against SBLC #1
        - fee payment against SBLC #2
        - combined payment details
-->
<lcNotification xmlns="http://www.fpml.org/FpML-5/confirmation" fpmlVersion="5-11">517252 US2A432121 US5L567878 2013-10-21T09:30:47Z BKLoanSys 1.0 2012-12-06 false 2014-11-12 false 71827 71827 2014-06-30 54325 2014-05-01 2014-06-29 USD 684.62 40.55 F234564REV Revolver SM223440 US2A432121 US3B789454 US1B987656 US5L567878 Sujith Kumar 
<header>
<!-- No message id in the original notice -->
  <messageId messageIdScheme="http://www.bankofagentsna.com/messaging/messageids">517252</messageId>
<!-- Not sure of this content? -->
  <sentBy messageAddressScheme="http://www.loanmarketdirectory.com/external/schemes/MEI">US2A432121</sentBy>
  <sendTo messageAddressScheme="http://www.loanmarketdirectory.com/external/schemes/MEI">US5L567878</sendTo>
  <creationTimestamp>2013-10-21T09:30:47Z</creationTimestamp>
  <implementationSpecification>
    <name>BKLoanSys</name>
    <version implementationSpecificationVersionScheme="http://www.bkloansys.com/">1.0</version>
    <date>2012-12-06</date>
  </implementationSpecification>
</header>
<isCorrection>false</isCorrection>
<noticeDate>2014-11-12</noticeDate>
<isGlobalOnly>false</isGlobalOnly>
<eventPayment>
  <payerPartyReference href="BORROWERINC" />
  <receiverPartyReference href="LENDERCORP" />
  <eventIdentifier>
    <eventId>71827</eventId>
  </eventIdentifier>
</eventPayment>
<lcIssuanceFeePayment>
  <eventIdentifier>
    <partyReference href="BANKOFAGENTSNA" />
<!-- LN88 No event id provided in the notice -->
    <eventId eventIdScheme="http://www.bankofagentsna.com/messaging/eventids">71827</eventId>
  </eventIdentifier>
  <lenderPartyReference href="LENDERCORP" />
  <effectiveDate>2014-06-30</effectiveDate>
  <letterOfCreditReference href="LOC3" />
  <id accrualTypeIdScheme="http://www.bankofagentsna.com/messaging/accrualtypeids">54325</id>
  <startDate>2014-05-01</startDate>
  <endDate>2014-06-29</endDate>
  <amount>
    <currency currencyScheme="http://www.fpml.org/coding-scheme/external/iso4217-2001-08-15">USD</currency>
    <amount>684.62</amount>
    <shareAmount>40.55</shareAmount>
  </amount>
</lcIssuanceFeePayment>
<!-- The facility CUSIP/ISIN was not provided -->
<facilityIdentifier id="FAC67890">
  <instrumentId instrumentIdScheme="http://www.cusip.com/">F234564REV</instrumentId>
  <description>Revolver</description>
</facilityIdentifier>
<!-- There is no Issuing Bank in the L/C schema, but there is one on the notice -->
<letterOfCreditIdentifier id="LOC3">
  <partyReference href="BANKOFAGENTSNA" />
  <contractId contractIdScheme="http://www.bankofagentsna.com/messaging/contractids">SM223440</contractId>
  <facilityReference href="FAC67890" />
</letterOfCreditIdentifier>
<party id="BANKOFAGENTSNA">
  <partyId partyIdScheme="http://www.loanmarketdirectory.com/external/schemes/MEI">US2A432121</partyId>
</party>
<party id="BORROWERINC">
  <partyId partyIdScheme="http://www.loanmarketdirectory.com/external/schemes/MEI">US3B789454</partyId>
</party>
<party id="BENEFICIARYINC">
  <partyId partyIdScheme="http://www.loanmarketdirectory.com/external/schemes/MEI">US1B987656</partyId>
</party>
<party id="LENDERCORP">
  <partyId partyIdScheme="http://www.loanmarketdirectory.com/external/schemes/MEI">US5L567878</partyId>
  <person>
    <firstName>Sujith</firstName>
    <surname>Kumar</surname>
  </person>
</party>
</lcNotification>

