<?xml version="1.0" encoding="utf-8"?>
<!--View is confirmation-->
<!--Version is 5-11-->
<!--NS is http://www.fpml.org/FpML-5/confirmation-->
<!--
        == Copyright (c) 2014- All rights reserved.
        == Financial Products Markup Language is subject to the FpML public license.
        == A copy of this license is available at http://www.fpml.org/license/license.html
-->
<!--
Letter of credit event notifications provide a means for agent bank to communicate issuance, amendment and termination of L/Cs.
The agent bank also acts as a conduit between the issuing bank and lenders.

This example represents issuance of a standby letter of credit.
-->
<lcNotification xmlns="http://www.fpml.org/FpML-5/confirmation" fpmlVersion="5-11">724152 US2A432121 US5L567878 2013-10-21T09:30:47Z BKLoanSys 1.0 2012-12-06 false 2014-11-12 true 65334 2014-11-12 USD 100000.00 F234564REV US86181YAB11 Revolver FPMLNEWLCS StandBy 2014-11-12 USD 100000.00 2018-08-21 71524 ACT/360 0.02 US2A432121 Sandy Sumislawski 7045902756 US3B789454 US6I874125 US1B987656 
<header>
<!-- No message id in the original notice -->
  <messageId messageIdScheme="http://www.bankofagentsna.com/messaging/messageids">724152</messageId>
<!-- Not sure of this content? -->
  <sentBy messageAddressScheme="http://www.loanmarketdirectory.com/external/schemes/MEI">US2A432121</sentBy>
  <sendTo messageAddressScheme="http://www.loanmarketdirectory.com/external/schemes/MEI">US5L567878</sendTo>
  <creationTimestamp>2013-10-21T09:30:47Z</creationTimestamp>
  <implementationSpecification>
    <name>BKLoanSys</name>
    <version implementationSpecificationVersionScheme="http://www.bkloansys.com/">1.0</version>
    <date>2012-12-06</date>
  </implementationSpecification>
</header>
<isCorrection>false</isCorrection>
<noticeDate>2014-11-12</noticeDate>
<isGlobalOnly>true</isGlobalOnly>
<lcIssuance>
  <eventIdentifier>
    <partyReference href="BANKOFAGENTSNA" />
<!-- LN88 No event id provided in the notice -->
    <eventId eventIdScheme="http://www.bankofagentsna.com/messaging/eventids">65334</eventId>
  </eventIdentifier>
  <effectiveDate>2014-11-12</effectiveDate>
  <letterOfCreditReference href="LOC123" />
  <amount>
    <currency currencyScheme="http://www.fpml.org/coding-scheme/external/iso4217-2001-08-15">USD</currency>
    <amount>100000.00</amount>
  </amount>
</lcIssuance>
<!-- The deal CUSIP/ISIN were also provided. We don't have a place for them in the notice -->
<facilityIdentifier id="FAC67890">
  <instrumentId instrumentIdScheme="http://www.cusip.com/">F234564REV</instrumentId>
  <instrumentId instrumentIdScheme="http://www.isin.com/">US86181YAB11</instrumentId>
  <description>Revolver</description>
</facilityIdentifier>
<!-- There is no Issuing Bank in the L/C schema, but there is one on the notice -->
<letterOfCredit>
  <identifier id="LOC123">
    <partyReference href="BANKOFAGENTSNA" />
    <contractId contractIdScheme="http://www.bankofagentsna.com/messaging/contractids">FPMLNEWLCS</contractId>
    <facilityReference href="FAC67890" />
  </identifier>
  <type lcTypeScheme="http://www.fpml.org/coding-scheme/lc-type">StandBy</type>
  <effectiveDate>2014-11-12</effectiveDate>
  <borrowerPartyReference href="BORROWERINC" />
  <issuingBankPartyReference href="ISSUINGBANKINC" />
  <beneficiaryPartyReference href="BENEFICIARYINC" />
  <amount>
    <currency currencyScheme="http://www.fpml.org/coding-scheme/external/iso4217-2001-08-15">USD</currency>
    <amount>100000.00</amount>
  </amount>
  <expiryDate>2018-08-21</expiryDate>
  <lcAccrual>
<!-- No accrual id, day count or rate on the original notice -->
    <accrualOptionId accrualTypeIdScheme="http://www.bankofagentsna.com/messaging/accrualids">71524</accrualOptionId>
    <dayCountFraction>ACT/360</dayCountFraction>
    <rate>0.02</rate>
  </lcAccrual>
</letterOfCredit>
<party id="BANKOFAGENTSNA">
  <partyId partyIdScheme="http://www.loanmarketdirectory.com/external/schemes/MEI">US2A432121</partyId>
  <person>
    <firstName>Sandy</firstName>
    <surname>Sumislawski</surname>
    <contactInfo>
      <telephone>
        <number>7045902756</number>
      </telephone>
    </contactInfo>
  </person>
</party>
<party id="BORROWERINC">
  <partyId partyIdScheme="http://www.loanmarketdirectory.com/external/schemes/MEI">US3B789454</partyId>
</party>
<party id="ISSUINGBANKINC">
  <partyId partyIdScheme="http://www.loanmarketdirectory.com/external/schemes/MEI">US6I874125</partyId>
</party>
<party id="BENEFICIARYINC">
  <partyId partyIdScheme="http://www.loanmarketdirectory.com/external/schemes/MEI">US1B987656</partyId>
</party>
</lcNotification>

