<?xml version="1.0" encoding="utf-8"?>
<!--View is confirmation-->
<!--Version is 5-11-->
<!--NS is http://www.fpml.org/FpML-5/confirmation-->
<!--
        == Copyright (c) 2014- All rights reserved.
        == Financial Products Markup Language is subject to the FpML public license.
        == A copy of this license is available at http://www.fpml.org/license/license.html
-->
<loanTradeNotification xmlns="http://www.fpml.org/FpML-5/confirmation" fpmlVersion="5-11">BBPLC00001549667579 GB1L104502 US1L142580 2018-03-08T16:35:58.568-05:00 false 2018-03-08 Agent 001 Test event for sample FpML messages. USD 3500.00 2018-03-12 BBPLC_T_001 USD 10000000.00 Test trade for FpML sample messages. 2018-03-01 Secondary false LSTA Assignment Seller 100.00000 SplitFull USD 3500.00 Par SettledWithoutAccrued true Buyer CUSIP1003 Term Loan A GB1L104502 US1L142580 
<header>
  <messageId messageIdScheme="http://www.barclays.com/fpml/coding-scheme/internal/message-id">BBPLC00001549667579</messageId>
  <sentBy messageAddressScheme="http://www.loanmarketdirectory.com/external/schemes/MEI">GB1L104502</sentBy>
  <sendTo messageAddressScheme="http://www.loanmarketdirectory.com/external/schemes/MEI">US1L142580</sendTo>
  <creationTimestamp>2018-03-08T16:35:58.568-05:00</creationTimestamp>
</header>
<isCorrection>false</isCorrection>
<noticeDate>2018-03-08</noticeDate>
<partyReference href="GB1L104502" />
<role tradingPartyRoleScheme="http://www.fpml.org/coding-scheme/trading-party-role">Agent</role>
<loanTradeFeeDue>
  <eventIdentifier>
    <partyReference href="GB1L104502" />
    <eventId eventIdScheme="http://www.barclays.com/fpml/coding-scheme/internal/loan-transfer-fee-owed-event-id">001</eventId>
  </eventIdentifier>
  <lenderPartyReference href="US1L142580" />
  <comment>Test event for sample FpML messages.</comment>
  <loanTradeReference href="TI_BBPLC_T_001" />
  <amount>
    <currency currencyScheme="http://www.fpml.org/coding-scheme/external/iso4217-2001-08-15">USD</currency>
    <amount>3500.00</amount>
  </amount>
  <dueDate>2018-03-12</dueDate>
</loanTradeFeeDue>
<trade id="T_BBPLC_T_001">
  <tradeIdentifier id="TI_BBPLC_T_001">
    <partyReference href="GB1L104502" />
    <tradeId tradeIdScheme="http://www.barclays.com/fpml/coding-scheme/internal/trade-id" id="BBPLC_T_001">BBPLC_T_001</tradeId>
  </tradeIdentifier>
  <facilityReference href="CUSIP1003" />
  <amount>
    <currency currencyScheme="http://www.fpml.org/coding-scheme/external/iso4217-2001-08-15">USD</currency>
    <amount>10000000.00</amount>
  </amount>
  <comment>Test trade for FpML sample messages.</comment>
  <tradeDate>2018-03-01</tradeDate>
  <buyerPartyReference href="US1L142580" />
  <sellerPartyReference href="GB1L104502" />
  <type>Secondary</type>
  <whenIssuedFlag>false</whenIssuedFlag>
  <tradingAssociation>LSTA</tradingAssociation>
  <formOfPurchase>Assignment</formOfPurchase>
  <remittedBy>Seller</remittedBy>
  <price>100.00000</price>
  <transferFee>
    <paidBy>SplitFull</paidBy>
    <totalAmount>
      <currency currencyScheme="http://www.fpml.org/coding-scheme/external/iso4217-2001-08-15">USD</currency>
      <amount>3500.00</amount>
    </totalAmount>
  </transferFee>
  <documentationType>Par</documentationType>
  <accrualSettlementType>SettledWithoutAccrued</accrualSettlementType>
  <delayedCompensationFlag>true</delayedCompensationFlag>
  <otherFeesBenefactor>Buyer</otherFeesBenefactor>
</trade>
<facilityIdentifier id="CUSIP1003">
  <instrumentId instrumentIdScheme="http://www.fpml.org/coding-scheme/external/instrument-id-CUSIP">CUSIP1003</instrumentId>
  <description>Term Loan A</description>
</facilityIdentifier>
<party id="GB1L104502">
  <partyId partyIdScheme="http://www.loanmarketdirectory.com/external/schemes/MEI">GB1L104502</partyId>
</party>
<party id="US1L142580">
  <partyId partyIdScheme="http://www.loanmarketdirectory.com/external/schemes/MEI">US1L142580</partyId>
</party>
</loanTradeNotification>

