<?xml version="1.0" encoding="utf-8"?>
<!--View is confirmation-->
<!--Version is 5-11-->
<!--NS is http://www.fpml.org/FpML-5/confirmation-->
<!--
        == Copyright (c) 2014- All rights reserved.
        == Financial Products Markup Language is subject to the FpML public license.
        == A copy of this license is available at http://www.fpml.org/license/license.html
-->
<!--
Accruing fee payment notification - this notification shows a facility commitment fee being charged.
The notice example does not seem to be lender-specific, so this is an example of a global fee payment event taking place.
-->
<facilityNotification xmlns="http://www.fpml.org/FpML-5/confirmation" fpmlVersion="5-11">119922 US2A432121 US5L567878 2013-10-21T09:30:47Z BKLoanSys 1.0 2012-12-06 false 2014-03-27 true USD 369863.01 2014-03-27 FOLLOWING 61382 61382 2014-03-31 72192 2013-12-31 2014-03-31 USD 369863.01 2013-12-31 2013-12-31 1 USD 1000000000.00 Commitment 0.0015 USD 4109.59 2014-01-01 2014-03-31 89 USD 1000000000.00 Commitment 0.0015 USD 365753.42 F123452TLA Term Loan A US2A432121 Christopher Nelson christopher.w.nelson@bankofagents.com US3B789454 US4C147258 US5L567878 US6G852363 
<header>
<!-- LN88 No message id in the original notice -->
  <messageId messageIdScheme="http://www.bankofagentsna.com/messaging/messageids">119922</messageId>
  <sentBy messageAddressScheme="http://www.loanmarketdirectory.com/external/schemes/MEI">US2A432121</sentBy>
  <sendTo messageAddressScheme="http://www.loanmarketdirectory.com/external/schemes/MEI">US5L567878</sendTo>
  <creationTimestamp>2013-10-21T09:30:47Z</creationTimestamp>
  <implementationSpecification>
    <name>BKLoanSys</name>
    <version implementationSpecificationVersionScheme="http://www.bkloansys.com/">1.0</version>
    <date>2012-12-06</date>
  </implementationSpecification>
</header>
<isCorrection>false</isCorrection>
<noticeDate>2014-03-27</noticeDate>
<isGlobalOnly>true</isGlobalOnly>
<eventPayment>
  <payerPartyReference href="BORROWERINC" />
  <receiverPartyReference href="LENDERCORP" />
  <paymentAmount>
    <currency currencyScheme="http://www.fpml.org/coding-scheme/external/iso4217-2001-08-15">USD</currency>
    <amount>369863.01</amount>
  </paymentAmount>
  <paymentDate>
    <adjustableDate>
      <unadjustedDate>2014-03-27</unadjustedDate>
      <dateAdjustments>
        <businessDayConvention>FOLLOWING</businessDayConvention>
      </dateAdjustments>
    </adjustableDate>
  </paymentDate>
  <eventIdentifier>
    <partyReference href="BANKOFAGENTSNA" />
    <eventId eventIdScheme="http://www.bankofagentsna.com/messaging/eventids">61382</eventId>
  </eventIdentifier>
</eventPayment>
<accruingFeePayment>
  <eventIdentifier>
    <partyReference href="BANKOFAGENTSNA" />
<!-- LN88 No event id provided in the notice -->
    <eventId eventIdScheme="http://www.bankofagentsna.com/messaging/eventids">61382</eventId>
  </eventIdentifier>
  <agentPartyReference href="BANKOFAGENTSNA" />
  <borrowerPartyReference href="BORROWERINC" />
  <effectiveDate>2014-03-31</effectiveDate>
  <facilityReference href="FAC12345" />
  <id accrualTypeIdScheme="http://www.bankofagentsna.com/messaging/accrualtypeids">72192</id>
  <startDate>2013-12-31</startDate>
  <endDate>2014-03-31</endDate>
  <amount>
    <currency currencyScheme="http://www.fpml.org/coding-scheme/external/iso4217-2001-08-15">USD</currency>
    <amount>369863.01</amount>
  </amount>
  <accrualSchedule>
    <startDate>2013-12-31</startDate>
    <endDate>2013-12-31</endDate>
    <numberOfDays>1</numberOfDays>
    <referenceAmount>
      <currency currencyScheme="http://www.fpml.org/coding-scheme/external/iso4217-2001-08-15">USD</currency>
      <amount>1000000000.00</amount>
    </referenceAmount>
    <referenceAmountType>Commitment</referenceAmountType>
    <rate>0.0015</rate>
    <accrualAmount>
      <currency currencyScheme="http://www.fpml.org/coding-scheme/external/iso4217-2001-08-15">USD</currency>
      <amount>4109.59</amount>
    </accrualAmount>
  </accrualSchedule>
  <accrualSchedule>
    <startDate>2014-01-01</startDate>
    <endDate>2014-03-31</endDate>
    <numberOfDays>89</numberOfDays>
    <referenceAmount>
      <currency currencyScheme="http://www.fpml.org/coding-scheme/external/iso4217-2001-08-15">USD</currency>
      <amount>1000000000.00</amount>
    </referenceAmount>
    <referenceAmountType>Commitment</referenceAmountType>
    <rate>0.0015</rate>
    <accrualAmount>
      <currency currencyScheme="http://www.fpml.org/coding-scheme/external/iso4217-2001-08-15">USD</currency>
      <amount>365753.42</amount>
    </accrualAmount>
  </accrualSchedule>
</accruingFeePayment>
<facilityIdentifier id="FAC12345">
  <instrumentId instrumentIdScheme="http://www.cusip.com/">F123452TLA</instrumentId>
  <description>Term Loan A</description>
</facilityIdentifier>
<party id="BANKOFAGENTSNA">
  <partyId partyIdScheme="http://www.loanmarketdirectory.com/external/schemes/MEI">US2A432121</partyId>
  <person>
    <firstName>Christopher</firstName>
    <surname>Nelson</surname>
    <contactInfo>
      <email>christopher.w.nelson@bankofagents.com</email>
    </contactInfo>
  </person>
</party>
<party id="BORROWERINC">
  <partyId partyIdScheme="http://www.loanmarketdirectory.com/external/schemes/MEI">US3B789454</partyId>
</party>
<party id="COBORROWERINC">
  <partyId partyIdScheme="http://www.loanmarketdirectory.com/external/schemes/MEI">US4C147258</partyId>
</party>
<party id="LENDERCORP">
  <partyId partyIdScheme="http://www.loanmarketdirectory.com/external/schemes/MEI">US5L567878</partyId>
</party>
<party id="GUARANTORPARTNERSLLC">
  <partyId partyIdScheme="http://www.loanmarketdirectory.com/external/schemes/MEI">US6G852363</partyId>
</party>
</facilityNotification>

