<?xml version="1.0" encoding="utf-8"?>
<!--View is confirmation-->
<!--Version is 5-11-->
<!--NS is http://www.fpml.org/FpML-5/confirmation-->
<!--
        == Copyright (c) 2014- All rights reserved.
        == Financial Products Markup Language is subject to the FpML public license.
        == A copy of this license is available at http://www.fpml.org/license/license.html
-->
<!--
Rollover event notifications provide a means for agent banks to communicate floating rate margin resets and/or re-definitions of the way 
in which outstanding contracts are structured. For example:
        - Borrowers can manipulate debt allocation across various contract types.
        - Certain contracts periodically reset (rate-wise).
        - Underlying balances may shift.
Rollovers can be used to represent any/all of the above.

This example represents a:
        - single ABR contract rolling over
-->
<loanContractNotification xmlns="http://www.fpml.org/FpML-5/confirmation" fpmlVersion="5-11">448794 US2A432121 US5L567878 2013-10-21T09:30:47Z BKLoanSys 1.0 2012-12-06 false 2013-09-30 false USD 10849.32 2013-09-30 FOLLOWING 67342 67342 RolloverGroup4 67300 67342 USD 10849.32 USD 0.00 a 2013-09-30 2013-08-15 2013-09-30 ContractPositionThruPeriod USD 1000000.00 10849.32 2013-08-15 2013-08-31 16 USD 500000000.00 1200000.00 0.075 USD 500000.00 3945.21 2013-08-31 2013-09-09 9 USD 500000000.00 1200000.00 0.075 USD 500000.00 2219.18 2013-09-09 2013-09-30 21 USD 500000000.00 1085714.29 0.075 USD 500000.00 4684.93 F123452TLA Term Loan A 2013-07-31 USD 4000000 59714285.71 CC1234 US2A432121 Investor Relations Work 302-894-6010 Fax 212-994-0961 global.loans.support@bankofagents.com 2 Penns Way, Suite 100 New Castle DE US 19720 US3B789454 US4C147258 US5L567878 US6G852363 
<header>
<!-- No message id in the original notice -->
  <messageId messageIdScheme="http://www.bankofagentsna.com/messaging/messageids">448794</messageId>
<!-- Not sure of this content? -->
  <sentBy messageAddressScheme="http://www.loanmarketdirectory.com/external/schemes/MEI">US2A432121</sentBy>
  <sendTo messageAddressScheme="http://www.loanmarketdirectory.com/external/schemes/MEI">US5L567878</sendTo>
  <creationTimestamp>2013-10-21T09:30:47Z</creationTimestamp>
  <implementationSpecification>
    <name>BKLoanSys</name>
    <version implementationSpecificationVersionScheme="http://www.bkloansys.com/">1.0</version>
    <date>2012-12-06</date>
  </implementationSpecification>
</header>
<isCorrection>false</isCorrection>
<noticeDate>2013-09-30</noticeDate>
<isGlobalOnly>false</isGlobalOnly>
<eventPayment>
  <payerPartyReference href="BANKOFAGENTSNA" />
  <receiverPartyReference href="LENDERCORP" />
  <paymentAmount>
    <currency currencyScheme="http://www.fpml.org/coding-scheme/external/iso4217-2001-08-15">USD</currency>
    <amount>10849.32</amount>
  </paymentAmount>
  <paymentDate>
    <adjustableDate>
      <unadjustedDate>2013-09-30</unadjustedDate>
      <dateAdjustments>
        <businessDayConvention>FOLLOWING</businessDayConvention>
      </dateAdjustments>
    </adjustableDate>
  </paymentDate>
  <eventIdentifier>
    <partyReference href="BANKOFAGENTSNA" />
    <eventId eventIdScheme="http://www.bankofagentsna.com/messaging/eventids">67342</eventId>
  </eventIdentifier>
</eventPayment>
<!-- The notice provides limited details of the maturing ABR contract. -->
<!-- The maturity date was provided in the notice. No field in the contract summary (only in the full contract). -->
<interestPayment>
  <eventIdentifier>
    <partyReference href="BANKOFAGENTSNA" />
<!-- No event id provided in the notice -->
    <eventId eventIdScheme="http://www.bankofagentsna.com/messaging/eventids">67342</eventId>
  </eventIdentifier>
  <parentEventIdentifier>
    <partyReference href="BANKOFAGENTSNA" />
    <eventId>RolloverGroup4</eventId>
    <childEventIdentifier>
      <partyReference href="BANKOFAGENTSNA" />
      <eventId>67300</eventId>
    </childEventIdentifier>
    <childEventIdentifier>
      <partyReference href="BANKOFAGENTSNA" />
      <eventId>67342</eventId>
    </childEventIdentifier>
  </parentEventIdentifier>
  <lenderPartyReference href="LENDERCORP" />
  <cashPayable>
    <payerPartyReference href="BANKOFAGENTSNA" />
    <receiverPartyReference href="LENDERCORP" />
    <netAmount>
      <currency currencyScheme="http://www.fpml.org/coding-scheme/external/iso4217-2001-08-15">USD</currency>
      <amount>10849.32</amount>
    </netAmount>
    <taxWithholding>
      <amount>
        <currency currencyScheme="http://www.fpml.org/coding-scheme/external/iso4217-2001-08-15">USD</currency>
        <amount>0.00</amount>
      </amount>
    </taxWithholding>
  </cashPayable>
  <comment>a</comment>
  <agentPartyReference href="BANKOFAGENTSNA" />
  <borrowerPartyReference href="BORROWERINC" />
  <effectiveDate>2013-09-30</effectiveDate>
  <loanContractReference href="CONT12345" />
  <startDate>2013-08-15</startDate>
  <endDate>2013-09-30</endDate>
  <calculationMethod>ContractPositionThruPeriod</calculationMethod>
  <amount>
    <currency currencyScheme="http://www.fpml.org/coding-scheme/external/iso4217-2001-08-15">USD</currency>
<!-- Dummy amount. The global interest payment amount was not provided - need to agree that it MUST be, for future notices -->
    <amount>1000000.00</amount>
    <shareAmount>10849.32</shareAmount>
  </amount>
<!-- The accrual schedule details on the notice provide the day count also. We assume it from the existing contract details (accrual period) -->
  <accrualSchedule>
    <startDate>2013-08-15</startDate>
    <endDate>2013-08-31</endDate>
    <numberOfDays>16</numberOfDays>
    <referenceAmount>
      <currency currencyScheme="http://www.fpml.org/coding-scheme/external/iso4217-2001-08-15">USD</currency>
<!-- Dummy amount. The global underlying contract amount was NOT provided in the schedule. It is now required. -->
      <amount>500000000.00</amount>
      <shareAmount>1200000.00</shareAmount>
    </referenceAmount>
    <rate>0.075</rate>
    <accrualAmount>
      <currency currencyScheme="http://www.fpml.org/coding-scheme/external/iso4217-2001-08-15">USD</currency>
<!-- Dummy amount. The global interest amount was NOT provided in the schedule. It is now required. -->
      <amount>500000.00</amount>
      <shareAmount>3945.21</shareAmount>
    </accrualAmount>
  </accrualSchedule>
  <accrualSchedule>
    <startDate>2013-08-31</startDate>
    <endDate>2013-09-09</endDate>
    <numberOfDays>9</numberOfDays>
    <referenceAmount>
      <currency currencyScheme="http://www.fpml.org/coding-scheme/external/iso4217-2001-08-15">USD</currency>
<!-- Dummy amount. The global underlying contract amount was NOT provided in the schedule. It is now required. -->
      <amount>500000000.00</amount>
      <shareAmount>1200000.00</shareAmount>
    </referenceAmount>
    <rate>0.075</rate>
    <accrualAmount>
      <currency currencyScheme="http://www.fpml.org/coding-scheme/external/iso4217-2001-08-15">USD</currency>
<!-- Dummy amount. The global interest amount was NOT provided in the schedule. It is now required. -->
      <amount>500000.00</amount>
      <shareAmount>2219.18</shareAmount>
    </accrualAmount>
  </accrualSchedule>
  <accrualSchedule>
    <startDate>2013-09-09</startDate>
    <endDate>2013-09-30</endDate>
    <numberOfDays>21</numberOfDays>
    <referenceAmount>
      <currency currencyScheme="http://www.fpml.org/coding-scheme/external/iso4217-2001-08-15">USD</currency>
<!-- Dummy amount. The global underlying contract amount was NOT provided in the schedule. It is now required. -->
      <amount>500000000.00</amount>
      <shareAmount>1085714.29</shareAmount>
    </referenceAmount>
    <rate>0.075</rate>
    <accrualAmount>
      <currency currencyScheme="http://www.fpml.org/coding-scheme/external/iso4217-2001-08-15">USD</currency>
<!-- Dummy amount. The global interest amount was NOT provided in the schedule. It is now required. -->
      <amount>500000.00</amount>
      <shareAmount>4684.93</shareAmount>
    </accrualAmount>
  </accrualSchedule>
</interestPayment>
<facilitySummary id="FAC12345">
  <instrumentId instrumentIdScheme="http://www.cusip.com/">F123452TLA</instrumentId>
  <description>Term Loan A</description>
  <borrowerPartyReference href="BORROWERINC" />
  <agentPartyReference href="BANKOFAGENTSNA" />
  <startDate>2013-07-31</startDate>
  <currentCommitment>
    <totalCommitmentAmount>
      <currency currencyScheme="http://www.fpml.org/coding-scheme/external/iso4217-2001-08-15">USD</currency>
<!-- LN88 Was blanked out in the notice, placeholder amount -->
<!-- LN88 Actually not sure if the XX.XX amount in the notice refers to the original or the current commitment? -->
<!-- LN88 Making an assumption that the single contract represents the full commitment amount on the facility -->
      <amount>4000000</amount>
<!-- LN88 Not provided in the original notice (assumption as above) -->
      <shareAmount>59714285.71</shareAmount>
    </totalCommitmentAmount>
  </currentCommitment>
</facilitySummary>
<contractIdentifier id="CONT12345">
  <partyReference href="BANKOFAGENTSNA" />
  <contractId contractIdScheme="http://www.bankofagentsna.com/messaging/contractids">CC1234</contractId>
  <facilityReference href="FAC12345" />
</contractIdentifier>
<party id="BANKOFAGENTSNA">
  <partyId partyIdScheme="http://www.loanmarketdirectory.com/external/schemes/MEI">US2A432121</partyId>
  <businessUnit>
    <name>Investor Relations</name>
    <contactInfo>
      <telephone>
        <type>Work</type>
        <number>302-894-6010</number>
      </telephone>
      <telephone>
        <type>Fax</type>
        <number>212-994-0961</number>
      </telephone>
      <email>global.loans.support@bankofagents.com</email>
      <address>
        <streetAddress>
          <streetLine>2 Penns Way, Suite 100</streetLine>
        </streetAddress>
        <city>New Castle</city>
        <state>DE</state>
        <country>US</country>
        <postalCode>19720</postalCode>
      </address>
    </contactInfo>
  </businessUnit>
</party>
<party id="BORROWERINC">
  <partyId partyIdScheme="http://www.loanmarketdirectory.com/external/schemes/MEI">US3B789454</partyId>
</party>
<party id="COBORROWERINC">
  <partyId partyIdScheme="http://www.loanmarketdirectory.com/external/schemes/MEI">US4C147258</partyId>
</party>
<party id="LENDERCORP">
  <partyId partyIdScheme="http://www.loanmarketdirectory.com/external/schemes/MEI">US5L567878</partyId>
</party>
<party id="GUARANTORPARTNERSLLC">
  <partyId partyIdScheme="http://www.loanmarketdirectory.com/external/schemes/MEI">US6G852363</partyId>
</party>
</loanContractNotification>

