<?xml version="1.0" encoding="utf-8"?>
<!--View is confirmation-->
<!--Version is 5-11-->
<!--NS is http://www.fpml.org/FpML-5/confirmation-->
<!--
        == Copyright (c) 2014- All rights reserved.
        == Financial Products Markup Language is subject to the FpML public license.
        == A copy of this license is available at http://www.fpml.org/license/license.html
-->
<loanTradeNotification xmlns="http://www.fpml.org/FpML-5/confirmation" fpmlVersion="5-11">SentMessageID1 JPMorganChase EatonVance 2017-09-15T09:30:47Z LoanFpML v5.10 2017-09-10 false 2017-09-15 Seller TradeEvent1 TN12345 USD 5000000 Secondary Loan Trade 2017-09-15 Secondary false LSTA Assignment Seller 98.0 SplitFull Par SettledWithoutAccrued true Buyer true PassedOnToBuyer CUSIP0001 USD 1BN Term Loan B 2015-01-01 2020-01-01 USD 1000000000 5000000 JPM001011 JPMorganChase USA Work 5551111111 seller.contact@jpmorgan.com 12345 Main Street New York NY USA 10001 EV1000001 EatonVance USA Work 5552222222 buyer.contact@eatonvance.com 6789 Main Street New York NY USA 10001 AMZ1111111 Amazon USA Work 5553333333 borrower.contact@amazon.com 1111 Main Street New York NY USA 10001 
<header>
  <messageId messageIdScheme="http://www.company.com/messageIdScheme">SentMessageID1</messageId>
  <sentBy messageAddressScheme="http://www.company.com/messageAddressScheme">JPMorganChase</sentBy>
  <sendTo messageAddressScheme="http://www.company.com/messageAddressScheme">EatonVance</sendTo>
  <creationTimestamp>2017-09-15T09:30:47Z</creationTimestamp>
  <implementationSpecification>
    <name>LoanFpML</name>
    <version implementationSpecificationVersionScheme="http://www.company.com/implementationSpecificationVersion">v5.10</version>
    <date>2017-09-10</date>
  </implementationSpecification>
</header>
<isCorrection>false</isCorrection>
<noticeDate>2017-09-15</noticeDate>
<partyReference href="JPMorganChase" />
<role tradingPartyRoleScheme="http://www.company.com/tradingPartyRoleScheme">Seller</role>
<loanTrade>
  <eventIdentifier>
    <partyReference href="JPMorganChase" />
    <eventId eventIdScheme="http://www.company.com/eventIdScheme">TradeEvent1</eventId>
  </eventIdentifier>
  <loanTradeReference href="LoanTrade1" />
</loanTrade>
<trade>
  <tradeIdentifier id="LoanTrade1">
    <partyReference href="JPMorganChase" />
    <tradeId tradeIdScheme="http://www.company.com/tradeIdScheme" id="TradeID1">TN12345</tradeId>
  </tradeIdentifier>
  <facilityReference href="TermLoanB" />
  <amount>
    <currency currencyScheme="http://www.fpml.org/coding-scheme/currency-1-0">USD</currency>
    <amount>5000000</amount>
  </amount>
  <comment>Secondary Loan Trade</comment>
  <tradeDate>2017-09-15</tradeDate>
  <buyerPartyReference href="EatonVance" />
  <sellerPartyReference href="JPMorganChase" />
  <type>Secondary</type>
  <whenIssuedFlag>false</whenIssuedFlag>
  <tradingAssociation>LSTA</tradingAssociation>
  <formOfPurchase>Assignment</formOfPurchase>
  <remittedBy>Seller</remittedBy>
  <price>98.0</price>
  <transferFee>
    <paidBy>SplitFull</paidBy>
  </transferFee>
  <documentationType>Par</documentationType>
  <accrualSettlementType>SettledWithoutAccrued</accrualSettlementType>
  <delayedCompensationFlag>true</delayedCompensationFlag>
  <otherFeesBenefactor>Buyer</otherFeesBenefactor>
  <collateralRequiredFlag>true</collateralRequiredFlag>
  <votingRights>PassedOnToBuyer</votingRights>
</trade>
<facilitySummary id="TermLoanB">
  <instrumentId instrumentIdScheme="http://www.fpml.org/coding-scheme/external/instrument-id-CUSIP-1-0">CUSIP0001</instrumentId>
  <description>USD 1BN Term Loan B</description>
  <borrowerPartyReference href="Amazon" />
  <agentPartyReference href="JPMorganChase" />
  <startDate>2015-01-01</startDate>
  <maturityDate>2020-01-01</maturityDate>
  <currentCommitment>
    <totalCommitmentAmount>
      <currency currencyScheme="http://www.fpml.org/coding-scheme/currency-1-0">USD</currency>
      <amount>1000000000</amount>
      <shareAmount>5000000</shareAmount>
    </totalCommitmentAmount>
  </currentCommitment>
</facilitySummary>
<party id="JPMorganChase">
  <partyId partyIdScheme="http://www.fpml.org/coding-scheme/external/party-id-MEI-1-0">JPM001011</partyId>
  <partyName partyNameScheme="http://www.company.com/partyNameScheme">JPMorganChase</partyName>
  <country countryScheme="http://www.fpml.org/coding-scheme/external/iso3166">USA</country>
  <contactInfo>
    <telephone>
      <type>Work</type>
      <number>5551111111</number>
    </telephone>
    <email>seller.contact@jpmorgan.com</email>
    <address>
      <streetAddress>
        <streetLine>12345 Main Street</streetLine>
      </streetAddress>
      <city>New York</city>
      <state>NY</state>
      <country countryScheme="http://www.fpml.org/coding-scheme/external/iso3166">USA</country>
      <postalCode>10001</postalCode>
    </address>
  </contactInfo>
</party>
<party id="EatonVance">
  <partyId partyIdScheme="http://www.fpml.org/coding-scheme/external/party-id-MEI-1-0">EV1000001</partyId>
  <partyName partyNameScheme="http://www.company.com/partyNameScheme">EatonVance</partyName>
  <country countryScheme="http://www.fpml.org/coding-scheme/external/iso3166">USA</country>
  <contactInfo>
    <telephone>
      <type>Work</type>
      <number>5552222222</number>
    </telephone>
    <email>buyer.contact@eatonvance.com</email>
    <address>
      <streetAddress>
        <streetLine>6789 Main Street</streetLine>
      </streetAddress>
      <city>New York</city>
      <state>NY</state>
      <country countryScheme="http://www.fpml.org/coding-scheme/external/iso3166">USA</country>
      <postalCode>10001</postalCode>
    </address>
  </contactInfo>
</party>
<party id="Amazon">
  <partyId partyIdScheme="http://www.fpml.org/coding-scheme/external/party-id-MEI-1-0">AMZ1111111</partyId>
  <partyName partyNameScheme="http://www.company.com/partyNameScheme">Amazon</partyName>
  <country countryScheme="http://www.fpml.org/coding-scheme/external/iso3166">USA</country>
  <contactInfo>
    <telephone>
      <type>Work</type>
      <number>5553333333</number>
    </telephone>
    <email>borrower.contact@amazon.com</email>
    <address>
      <streetAddress>
        <streetLine>1111 Main Street</streetLine>
      </streetAddress>
      <city>New York</city>
      <state>NY</state>
      <country countryScheme="http://www.fpml.org/coding-scheme/external/iso3166">USA</country>
      <postalCode>10001</postalCode>
    </address>
  </contactInfo>
</party>
</loanTradeNotification>

