<?xml version="1.0" encoding="utf-8"?>
<!--View is confirmation-->
<!--Version is 5-11-->
<!--NS is http://www.fpml.org/FpML-5/confirmation-->
<!--
        == Copyright (c) 2014- All rights reserved.
        == Financial Products Markup Language is subject to the FpML public license.
        == A copy of this license is available at http://www.fpml.org/license/license.html
-->
<!--
Accruing fee payment notification - this notification shows an unutilized fee being paid.
-->
<facilityNotification xmlns="http://www.fpml.org/FpML-5/confirmation" fpmlVersion="5-11">612983 US2A432121 US5L567878 2013-10-21T09:30:47Z BKLoanSys 1.0 2012-12-06 false 2014-09-29 false USD 20794.52 2014-09-29 FOLLOWING 61027 61027 USD 20794.52 USD 0 2014-09-30 71625 2014-06-30 2014-09-29 USD 100000.00 20794.52 2014-06-30 2014-09-29 92 USD 100000000.00 30000000.00 Unutilized 0.00275 USD 100000.00 20794.52 F123452TLA Term Loan A US2A432121 Robert Madak 3026348459 robert.madak@bankofagents.com 500 Stanton Christiana Rd Newark DE US 19713 US3B789454 US4C147258 US5L567878 US6G852363 
<!-- LN88 No message id in the original notice -->
<header>
  <messageId messageIdScheme="http://www.bankofagentsna.com/messaging/messageids">612983</messageId>
  <sentBy messageAddressScheme="http://www.loanmarketdirectory.com/external/schemes/MEI">US2A432121</sentBy>
  <sendTo messageAddressScheme="http://www.loanmarketdirectory.com/external/schemes/MEI">US5L567878</sendTo>
  <creationTimestamp>2013-10-21T09:30:47Z</creationTimestamp>
  <implementationSpecification>
    <name>BKLoanSys</name>
    <version implementationSpecificationVersionScheme="http://www.bkloansys.com/">1.0</version>
    <date>2012-12-06</date>
  </implementationSpecification>
</header>
<isCorrection>false</isCorrection>
<noticeDate>2014-09-29</noticeDate>
<isGlobalOnly>false</isGlobalOnly>
<eventPayment>
  <payerPartyReference href="BORROWERINC" />
  <receiverPartyReference href="LENDERCORP" />
  <paymentAmount>
    <currency currencyScheme="http://www.fpml.org/coding-scheme/external/iso4217-2001-08-15">USD</currency>
    <amount>20794.52</amount>
  </paymentAmount>
  <paymentDate>
    <adjustableDate>
      <unadjustedDate>2014-09-29</unadjustedDate>
      <dateAdjustments>
        <businessDayConvention>FOLLOWING</businessDayConvention>
      </dateAdjustments>
    </adjustableDate>
  </paymentDate>
  <eventIdentifier>
    <partyReference href="BANKOFAGENTSNA" />
    <eventId eventIdScheme="http://www.bankofagentsna.com/messaging/eventids">61027</eventId>
  </eventIdentifier>
</eventPayment>
<accruingFeePayment>
  <eventIdentifier>
    <partyReference href="BANKOFAGENTSNA" />
<!-- LN88 No event id provided in the notice -->
    <eventId eventIdScheme="http://www.bankofagentsna.com/messaging/eventids">61027</eventId>
  </eventIdentifier>
  <lenderPartyReference href="LENDERCORP" />
  <cashPayable>
    <payerPartyReference href="BANKOFAGENTSNA" />
    <receiverPartyReference href="LENDERCORP" />
    <netAmount>
      <currency currencyScheme="http://www.fpml.org/coding-scheme/external/iso4217-2001-08-15">USD</currency>
      <amount>20794.52</amount>
    </netAmount>
    <taxWithholding>
      <amount>
        <currency currencyScheme="http://www.fpml.org/coding-scheme/external/iso4217-2001-08-15">USD</currency>
        <amount>0</amount>
      </amount>
    </taxWithholding>
  </cashPayable>
  <agentPartyReference href="BANKOFAGENTSNA" />
  <borrowerPartyReference href="BORROWERINC" />
  <effectiveDate>2014-09-30</effectiveDate>
  <facilityReference href="FAC12345" />
  <id accrualTypeIdScheme="http://www.bankofagentsna.com/messaging/accrualtypeids">71625</id>
  <startDate>2014-06-30</startDate>
  <endDate>2014-09-29</endDate>
  <amount>
    <currency currencyScheme="http://www.fpml.org/coding-scheme/external/iso4217-2001-08-15">USD</currency>
<!-- The global amount was not provided in the original notice -->
    <amount>100000.00</amount>
    <shareAmount>20794.52</shareAmount>
  </amount>
  <accrualSchedule>
    <startDate>2014-06-30</startDate>
    <endDate>2014-09-29</endDate>
    <numberOfDays>92</numberOfDays>
    <referenceAmount>
      <currency currencyScheme="http://www.fpml.org/coding-scheme/external/iso4217-2001-08-15">USD</currency>
<!-- The global amount was not provided in the original notice -->
      <amount>100000000.00</amount>
      <shareAmount>30000000.00</shareAmount>
    </referenceAmount>
    <referenceAmountType>Unutilized</referenceAmountType>
    <rate>0.00275</rate>
    <accrualAmount>
      <currency currencyScheme="http://www.fpml.org/coding-scheme/external/iso4217-2001-08-15">USD</currency>
<!-- The global amount was not provided in the original notice -->
      <amount>100000.00</amount>
      <shareAmount>20794.52</shareAmount>
    </accrualAmount>
  </accrualSchedule>
</accruingFeePayment>
<facilityIdentifier id="FAC12345">
  <instrumentId instrumentIdScheme="http://www.cusip.com/">F123452TLA</instrumentId>
  <description>Term Loan A</description>
</facilityIdentifier>
<party id="BANKOFAGENTSNA">
  <partyId partyIdScheme="http://www.loanmarketdirectory.com/external/schemes/MEI">US2A432121</partyId>
  <person>
    <firstName>Robert</firstName>
    <surname>Madak</surname>
    <contactInfo>
      <telephone>
        <number>3026348459</number>
      </telephone>
      <email>robert.madak@bankofagents.com</email>
      <address>
        <streetAddress>
          <streetLine>500 Stanton Christiana Rd</streetLine>
        </streetAddress>
        <city>Newark</city>
        <state>DE</state>
        <country countryScheme="http://www.fpml.org/coding-scheme/external/iso3166">US</country>
        <postalCode>19713</postalCode>
      </address>
    </contactInfo>
  </person>
</party>
<party id="BORROWERINC">
  <partyId partyIdScheme="http://www.loanmarketdirectory.com/external/schemes/MEI">US3B789454</partyId>
</party>
<party id="COBORROWERINC">
  <partyId partyIdScheme="http://www.loanmarketdirectory.com/external/schemes/MEI">US4C147258</partyId>
</party>
<party id="LENDERCORP">
  <partyId partyIdScheme="http://www.loanmarketdirectory.com/external/schemes/MEI">US5L567878</partyId>
</party>
<party id="GUARANTORPARTNERSLLC">
  <partyId partyIdScheme="http://www.loanmarketdirectory.com/external/schemes/MEI">US6G852363</partyId>
</party>
</facilityNotification>

