<?xml version="1.0" encoding="utf-8"?>
<!--View is confirmation-->
<!--Version is 5-11-->
<!--NS is http://www.fpml.org/FpML-5/confirmation-->
<!--
        == Copyright (c) 2014- All rights reserved.
        == Financial Products Markup Language is subject to the FpML public license.
        == A copy of this license is available at http://www.fpml.org/license/license.html
-->
<!--
Rollover event notifications provide a means for agent banks to communicate floating rate margin resets and/or re-definitions of the way 
in which outstanding contracts are structured. For example:
        - Borrowers can manipulate debt allocation across various contract types.
        - Certain contracts periodically reset (rate-wise).
        - Underlying balances may shift.
Rollovers can be used to represent any/all of the above.

This example represents a:
        - single maturing contract
        - single interest payment
        - single new contract definition (for which the rate has NOT yet been fixed)
-->
<loanContractNotification xmlns="http://www.fpml.org/FpML-5/confirmation" fpmlVersion="5-11">564981 US2A432121 US5L567878 2013-10-21T09:30:47Z BKLoanSys 1.0 2012-12-06 false 2013-10-18 false 87100 RolloverGroup2 87100 87154 2013-09-23 45114 2013-10-23 USD 209000000 59714285.71 2013-11-25 98642 30/360 USD-LIBOR-LIBO 3 M 0.0155 2013-10-23 2013-11-25 33 2013-10-21 F123452TLA Term Loan A 2013-09-18 USD 209000000 59714285.71 CC1234 2013-09-23 USD 209000000 59714285.71 US2A432121 Bank of Agents N.A. Investor Relations Work 302-894-6010 Fax 212-994-0961 global.loans.support@bankofagents.com 2 Penns Way, Suite 100 New Castle DE US 19720 US3B789454 Borrower Inc. US4C147258 Co-Borrower Inc. US5L567878 Lender Corp. US6G852363 Guarantor Partners LLC 
<header>
<!-- LN88 No message id in the original notice -->
  <messageId messageIdScheme="http://www.bankofagentsna.com/messaging/messageids">564981</messageId>
<!-- LN88 Not sure of this content? -->
  <sentBy messageAddressScheme="http://www.loanmarketdirectory.com/external/schemes/MEI">US2A432121</sentBy>
  <sendTo messageAddressScheme="http://www.loanmarketdirectory.com/external/schemes/MEI">US5L567878</sendTo>
  <creationTimestamp>2013-10-21T09:30:47Z</creationTimestamp>
  <implementationSpecification>
    <name>BKLoanSys</name>
    <version implementationSpecificationVersionScheme="http://www.bkloansys.com/">1.0</version>
    <date>2012-12-06</date>
  </implementationSpecification>
</header>
<isCorrection>false</isCorrection>
<noticeDate>2013-10-18</noticeDate>
<isGlobalOnly>false</isGlobalOnly>
<rollover>
  <eventIdentifier>
    <partyReference href="BANKOFAGENTSNA" />
    <eventId eventIdScheme="http://www.bankofagentsna.com/messaging/eventids">87100</eventId>
  </eventIdentifier>
  <parentEventIdentifier>
    <partyReference href="BANKOFAGENTSNA" />
    <eventId>RolloverGroup2</eventId>
    <childEventIdentifier>
      <partyReference href="BANKOFAGENTSNA" />
      <eventId>87100</eventId>
    </childEventIdentifier>
    <childEventIdentifier>
      <partyReference href="BANKOFAGENTSNA" />
      <eventId>87154</eventId>
    </childEventIdentifier>
  </parentEventIdentifier>
<!-- LN53 The notice provides details of the maturing contracts, hence we are representing a summary here. -->
  <effectiveDate>2013-09-23</effectiveDate>
  <currentContracts>
    <loanContractReference href="CONT12345" />
  </currentContracts>
  <newContracts>
    <contract>
      <identifier id="CONT67890">
        <partyReference href="BANKOFAGENTSNA" />
        <contractId contractIdScheme="http://www.bankofagentsna.com/messaging/contractids">45114</contractId>
        <facilityReference href="FAC12345" />
      </identifier>
      <effectiveDate>2013-10-23</effectiveDate>
      <borrowerPartyReference href="BORROWERINC" />
      <amount>
        <currency currencyScheme="http://www.fpml.org/coding-scheme/external/iso4217-2001-08-15">USD</currency>
        <amount>209000000</amount>
        <shareAmount>59714285.71</shareAmount>
      </amount>
      <maturityDate>2013-11-25</maturityDate>
      <floatingRateAccrual>
        <accrualOptionId accrualTypeIdScheme="http://www.bankofagentsna.com/messaging/accrualtypeids">98642</accrualOptionId>
        <dayCountFraction dayCountFractionScheme="http://www.fpml.org/coding-scheme/day-count-fraction">30/360</dayCountFraction>
        <floatingRateIndex floatingRateIndexScheme="http://www.fpml.org/coding-scheme/floating-rate-index">USD-LIBOR-LIBO</floatingRateIndex>
        <indexTenor>
          <periodMultiplier>3</periodMultiplier>
          <period>M</period>
        </indexTenor>
<!-- Spread not provided on the notice, but can we assume it will be? -->
        <spread>0.0155</spread>
        <startDate>2013-10-23</startDate>
        <endDate>2013-11-25</endDate>
        <numberOfDays>33</numberOfDays>
<!-- Rate is not yet fixed -->
        <rateFixingDate>2013-10-21</rateFixingDate>
      </floatingRateAccrual>
    </contract>
  </newContracts>
</rollover>
<facilitySummary id="FAC12345">
  <instrumentId instrumentIdScheme="http://www.cusip.com/">F123452TLA</instrumentId>
  <description>Term Loan A</description>
  <borrowerPartyReference href="BORROWERINC" />
  <agentPartyReference href="BANKOFAGENTSNA" />
  <startDate>2013-09-18</startDate>
  <currentCommitment>
    <totalCommitmentAmount>
      <currency currencyScheme="http://www.fpml.org/coding-scheme/external/iso4217-2001-08-15">USD</currency>
<!-- LN88 Was blanked out in the notice, placeholder amount -->
<!-- LN88 Actually not sure if the XX.XX amount in the notice refers to the original or the current commitment? -->
<!-- LN88 Making an assumption that the single contract represents the full commitment amount on the facility -->
      <amount>209000000</amount>
      <shareAmount>59714285.71</shareAmount>
    </totalCommitmentAmount>
  </currentCommitment>
</facilitySummary>
<contractSummary>
  <identifier id="CONT12345">
    <partyReference href="BANKOFAGENTSNA" />
    <contractId contractIdScheme="http://www.bankofagentsna.com/messaging/contractids">CC1234</contractId>
    <facilityReference href="FAC12345" />
  </identifier>
  <effectiveDate>2013-09-23</effectiveDate>
  <borrowerPartyReference href="BORROWERINC" />
  <amount>
    <currency currencyScheme="http://www.fpml.org/coding-scheme/external/iso4217-2001-08-15">USD</currency>
    <amount>209000000</amount>
    <shareAmount>59714285.71</shareAmount>
  </amount>
</contractSummary>
<party id="BANKOFAGENTSNA">
  <partyId partyIdScheme="http://www.loanmarketdirectory.com/external/schemes/MEI">US2A432121</partyId>
  <partyName partyNameScheme="http://www.loanmarketdirectory.com/external/schemes">Bank of Agents N.A.</partyName>
  <businessUnit>
    <name>Investor Relations</name>
    <contactInfo>
      <telephone>
        <type>Work</type>
        <number>302-894-6010</number>
      </telephone>
      <telephone>
        <type>Fax</type>
        <number>212-994-0961</number>
      </telephone>
      <email>global.loans.support@bankofagents.com</email>
      <address>
        <streetAddress>
          <streetLine>2 Penns Way, Suite 100</streetLine>
        </streetAddress>
        <city>New Castle</city>
        <state>DE</state>
        <country>US</country>
        <postalCode>19720</postalCode>
      </address>
    </contactInfo>
  </businessUnit>
</party>
<party id="BORROWERINC">
  <partyId partyIdScheme="http://www.loanmarketdirectory.com/external/schemes/MEI">US3B789454</partyId>
  <partyName partyNameScheme="http://www.loanmarketdirectory.com/external/schemes">Borrower Inc.</partyName>
</party>
<party id="COBORROWERINC">
  <partyId partyIdScheme="http://www.loanmarketdirectory.com/external/schemes/MEI">US4C147258</partyId>
  <partyName partyNameScheme="http://www.loanmarketdirectory.com/external/schemes">Co-Borrower Inc.</partyName>
</party>
<party id="LENDERCORP">
  <partyId partyIdScheme="http://www.loanmarketdirectory.com/external/schemes/MEI">US5L567878</partyId>
  <partyName partyNameScheme="http://www.loanmarketdirectory.com/external/schemes/MEI">Lender Corp.</partyName>
</party>
<party id="GUARANTORPARTNERSLLC">
  <partyId partyIdScheme="http://www.loanmarketdirectory.com/external/schemes/MEI">US6G852363</partyId>
  <partyName partyNameScheme="http://www.loanmarketdirectory.com/external/schemes">Guarantor Partners LLC</partyName>
</party>
</loanContractNotification>

