<?xml version="1.0" encoding="utf-8"?>
<!--View is confirmation-->
<!--Version is 5-11-->
<!--NS is http://www.fpml.org/FpML-5/confirmation-->
<!--
        == Copyright (c) 2014- All rights reserved.
        == Financial Products Markup Language is subject to the FpML public license.
        == A copy of this license is available at http://www.fpml.org/license/license.html
-->
<!--
Letter of credit event notifications provide a means for agent bank to communicate issuance, amendment and termination of L/Cs.
The agent bank also acts as a conduit between the issuing bank and lenders.

This example represents issuance of a trade letter of credit.
-->
<lcNotification xmlns="http://www.fpml.org/FpML-5/confirmation" fpmlVersion="5-11">724152 US2A432121 US5L567878 2013-10-21T09:30:47Z BKLoanSys 1.0 2012-12-06 false 2014-10-02 false 65334 2014-09-24 USD 500000.00 153846.15 FAC234564REV US86181YAB11 Revolver OCTOBERTESTING Trade 2014-09-24 USD 500000.00 153846.15 2016-08-04 71884 ACT/360 0.02 US2A432121 Molly Brietz 7044272546 US3B789454 US6I874125 US1B987656 US5L567878 Jeannie Blank 
<header>
<!-- No message id in the original notice -->
  <messageId messageIdScheme="http://www.bankofagentsna.com/messaging/messageids">724152</messageId>
<!-- Not sure of this content? -->
  <sentBy messageAddressScheme="http://www.loanmarketdirectory.com/external/schemes/MEI">US2A432121</sentBy>
  <sendTo messageAddressScheme="http://www.loanmarketdirectory.com/external/schemes/MEI">US5L567878</sendTo>
  <creationTimestamp>2013-10-21T09:30:47Z</creationTimestamp>
  <implementationSpecification>
    <name>BKLoanSys</name>
    <version implementationSpecificationVersionScheme="http://www.bkloansys.com/">1.0</version>
    <date>2012-12-06</date>
  </implementationSpecification>
</header>
<isCorrection>false</isCorrection>
<noticeDate>2014-10-02</noticeDate>
<isGlobalOnly>false</isGlobalOnly>
<lcIssuance>
  <eventIdentifier>
    <partyReference href="BANKOFAGENTSNA" />
<!-- LN88 No event id provided in the notice -->
    <eventId eventIdScheme="http://www.bankofagentsna.com/messaging/eventids">65334</eventId>
  </eventIdentifier>
  <lenderPartyReference href="LENDERCORP" />
  <effectiveDate>2014-09-24</effectiveDate>
  <letterOfCreditReference href="LOC789" />
  <amount>
    <currency currencyScheme="http://www.fpml.org/coding-scheme/external/iso4217-2001-08-15">USD</currency>
    <amount>500000.00</amount>
    <shareAmount>153846.15</shareAmount>
  </amount>
</lcIssuance>
<!-- The deal CUSIP/ISIN were also provided. We don't have a place for the in the notice -->
<facilityIdentifier id="FAC67890">
  <instrumentId instrumentIdScheme="http://www.cusip.com/">FAC234564REV</instrumentId>
  <instrumentId instrumentIdScheme="http://www.isin.com/">US86181YAB11</instrumentId>
  <description>Revolver</description>
</facilityIdentifier>
<!-- There is no Issuing Bank in the L/C schema, but there is one on the notice -->
<letterOfCredit>
  <identifier id="LOC789">
    <partyReference href="BANKOFAGENTSNA" />
    <contractId contractIdScheme="http://www.bankofagentsna.com/messaging/contractids">OCTOBERTESTING</contractId>
    <facilityReference href="FAC67890" />
  </identifier>
  <type lcTypeScheme="http://www.fpml.org/coding-scheme/lc-type">Trade</type>
  <effectiveDate>2014-09-24</effectiveDate>
  <borrowerPartyReference href="BORROWERINC" />
  <issuingBankPartyReference href="ISSUINGBANKINC" />
  <beneficiaryPartyReference href="BENEFICIARYINC" />
  <amount>
    <currency currencyScheme="http://www.fpml.org/coding-scheme/external/iso4217-2001-08-15">USD</currency>
    <amount>500000.00</amount>
    <shareAmount>153846.15</shareAmount>
  </amount>
  <expiryDate>2016-08-04</expiryDate>
  <lcAccrual>
<!-- No accrual id, day count or rate on the original notice -->
    <accrualOptionId accrualTypeIdScheme="http://www.bankofagentsna.com/messaging/accrualids">71884</accrualOptionId>
    <dayCountFraction>ACT/360</dayCountFraction>
    <rate>0.02</rate>
  </lcAccrual>
</letterOfCredit>
<party id="BANKOFAGENTSNA">
  <partyId partyIdScheme="http://www.loanmarketdirectory.com/external/schemes/MEI">US2A432121</partyId>
  <person>
    <firstName>Molly</firstName>
    <surname>Brietz</surname>
    <contactInfo>
      <telephone>
        <number>7044272546</number>
      </telephone>
    </contactInfo>
  </person>
</party>
<party id="BORROWERINC">
  <partyId partyIdScheme="http://www.loanmarketdirectory.com/external/schemes/MEI">US3B789454</partyId>
</party>
<party id="ISSUINGBANKINC">
  <partyId partyIdScheme="http://www.loanmarketdirectory.com/external/schemes/MEI">US6I874125</partyId>
</party>
<party id="BENEFICIARYINC">
  <partyId partyIdScheme="http://www.loanmarketdirectory.com/external/schemes/MEI">US1B987656</partyId>
</party>
<party id="LENDERCORP">
  <partyId partyIdScheme="http://www.loanmarketdirectory.com/external/schemes/MEI">US5L567878</partyId>
  <person>
    <firstName>Jeannie</firstName>
    <surname>Blank</surname>
  </person>
</party>
</lcNotification>

