<?xml version="1.0" encoding="utf-8"?>
<!--View is confirmation-->
<!--Version is 5-11-->
<!--NS is http://www.fpml.org/FpML-5/confirmation-->
<!--
        == Copyright (c) 2014- All rights reserved.
        == Financial Products Markup Language is subject to the FpML public license.
        == A copy of this license is available at http://www.fpml.org/license/license.html
-->
<!--
Rollover event notifications provide a means for agent banks to communicate floating rate margin resets and/or re-definitions of the way 
in which outstanding contracts are structured. For example:
        - Borrowers can manipulate debt allocation across various contract types.
        - Certain contracts periodically reset (rate-wise).
        - Underlying balances may shift.
Rollovers can be used to represent any/all of the above.

This example represents a:
        - LIBOR F/X contract repricing
        - LIBOR F/X contract interest payment
-->
<loanContractNotification xmlns="http://www.fpml.org/FpML-5/confirmation" fpmlVersion="5-11">615243 US2A432121 US5L567878 2013-10-21T09:30:47Z BKLoanSys 1.0 2012-12-06 false 2014-01-13 false 64102 RolloverGroup13 64102 64125 2014-01-15 NC5678 2014-01-15 GBP 8100000.00 1139062.50 2014-02-14 51525 ACT/365.FIXED GBP-LIBOR-LIBO 0.0155 2014-01-15 2014-02-14 30 2014-01-15 2014-02-14 GBP 13581.37 1909.88 GBP USD Currency1PerCurrency2 1.6448 F123999REV Revolver CC1234 2013-12-16 GBP 8100000.00 1139062.50 US2A432121 US3B789454 US4C147258 US5L567878 US6G852363 
<header>
<!-- No message id in the original notice -->
  <messageId messageIdScheme="http://www.bankofagentsna.com/messaging/messageids">615243</messageId>
<!-- Not sure of this content? -->
  <sentBy messageAddressScheme="http://www.loanmarketdirectory.com/external/schemes/MEI">US2A432121</sentBy>
  <sendTo messageAddressScheme="http://www.loanmarketdirectory.com/external/schemes/MEI">US5L567878</sendTo>
  <creationTimestamp>2013-10-21T09:30:47Z</creationTimestamp>
  <implementationSpecification>
    <name>BKLoanSys</name>
    <version implementationSpecificationVersionScheme="http://www.bkloansys.com/">1.0</version>
    <date>2012-12-06</date>
  </implementationSpecification>
</header>
<isCorrection>false</isCorrection>
<noticeDate>2014-01-13</noticeDate>
<isGlobalOnly>false</isGlobalOnly>
<rollover>
  <eventIdentifier>
    <partyReference href="BANKOFAGENTSNA" />
<!-- LN88 No event id provided in the notice -->
    <eventId eventIdScheme="http://www.bankofagentsna.com/messaging/eventids">64102</eventId>
  </eventIdentifier>
  <parentEventIdentifier>
    <partyReference href="BANKOFAGENTSNA" />
    <eventId>RolloverGroup13</eventId>
    <childEventIdentifier>
      <partyReference href="BANKOFAGENTSNA" />
      <eventId>64102</eventId>
    </childEventIdentifier>
    <childEventIdentifier>
      <partyReference href="BANKOFAGENTSNA" />
      <eventId>64125</eventId>
    </childEventIdentifier>
  </parentEventIdentifier>
  <effectiveDate>2014-01-15</effectiveDate>
  <currentContracts>
    <loanContractReference href="CONT12345" />
  </currentContracts>
  <newContracts>
    <contract>
      <identifier id="CONT67890">
        <partyReference href="BANKOFAGENTSNA" />
        <contractId contractIdScheme="http://www.bankofagentsna.com/messaging/contractids">NC5678</contractId>
        <facilityReference href="FAC54321" />
      </identifier>
      <effectiveDate>2014-01-15</effectiveDate>
      <borrowerPartyReference href="BORROWERINC" />
      <amount>
        <currency currencyScheme="http://www.fpml.org/coding-scheme/external/iso4217-2001-08-15">GBP</currency>
        <amount>8100000.00</amount>
        <shareAmount>1139062.50</shareAmount>
      </amount>
      <repricingDate>2014-02-14</repricingDate>
      <floatingRateAccrual>
        <accrualOptionId accrualTypeIdScheme="http://www.bankofagentsna.com/messaging/accrualtypeids">51525</accrualOptionId>
        <dayCountFraction dayCountFractionScheme="http://www.fpml.org/coding-scheme/day-count-fraction">ACT/365.FIXED</dayCountFraction>
        <floatingRateIndex floatingRateIndexScheme="http://www.fpml.org/coding-scheme/floating-rate-index">GBP-LIBOR-LIBO</floatingRateIndex>
        <spread>0.0155</spread>
        <startDate>2014-01-15</startDate>
        <endDate>2014-02-14</endDate>
<!-- Number of days not provided on the original notice -->
        <numberOfDays>30</numberOfDays>
        <rateFixingDate>2014-01-15</rateFixingDate>
        <paymentProjection>
          <nextPaymentDate>2014-02-14</nextPaymentDate>
          <projectedAmount>
            <currency currencyScheme="http://www.fpml.org/coding-scheme/external/iso4217-2001-08-15">GBP</currency>
            <amount>13581.37</amount>
            <shareAmount>1909.88</shareAmount>
          </projectedAmount>
        </paymentProjection>
      </floatingRateAccrual>
      <facilityFxRate>
        <quotedCurrencyPair>
          <currency1 currencyScheme="http://www.fpml.org/coding-scheme/external/iso4217-2001-08-15">GBP</currency1>
          <currency2 currencyScheme="http://www.fpml.org/coding-scheme/external/iso4217-2001-08-15">USD</currency2>
          <quoteBasis>Currency1PerCurrency2</quoteBasis>
        </quotedCurrencyPair>
        <rate>1.6448</rate>
      </facilityFxRate>
    </contract>
  </newContracts>
</rollover>
<facilityIdentifier id="FAC54321">
  <instrumentId instrumentIdScheme="http://www.cusip.com/">F123999REV</instrumentId>
  <description>Revolver</description>
</facilityIdentifier>
<contractSummary>
  <identifier id="CONT12345">
    <partyReference href="BANKOFAGENTSNA" />
    <contractId contractIdScheme="http://www.bankofagentsna.com/messaging/contractids">CC1234</contractId>
    <facilityReference href="FAC54321" />
  </identifier>
<!-- Not provided on the notice but deduced from the interest payment period -->
  <effectiveDate>2013-12-16</effectiveDate>
  <borrowerPartyReference href="BORROWERINC" />
  <amount>
    <currency currencyScheme="http://www.fpml.org/coding-scheme/external/iso4217-2001-08-15">GBP</currency>
    <amount>8100000.00</amount>
    <shareAmount>1139062.50</shareAmount>
  </amount>
</contractSummary>
<party id="BANKOFAGENTSNA">
  <partyId partyIdScheme="http://www.loanmarketdirectory.com/external/schemes/MEI">US2A432121</partyId>
</party>
<party id="BORROWERINC">
  <partyId partyIdScheme="http://www.loanmarketdirectory.com/external/schemes/MEI">US3B789454</partyId>
</party>
<party id="COBORROWERINC">
  <partyId partyIdScheme="http://www.loanmarketdirectory.com/external/schemes/MEI">US4C147258</partyId>
</party>
<party id="LENDERCORP">
  <partyId partyIdScheme="http://www.loanmarketdirectory.com/external/schemes/MEI">US5L567878</partyId>
</party>
<party id="GUARANTORPARTNERSLLC">
  <partyId partyIdScheme="http://www.loanmarketdirectory.com/external/schemes/MEI">US6G852363</partyId>
</party>
</loanContractNotification>

