<?xml version="1.0" encoding="utf-8"?>
<!--View is confirmation-->
<!--Version is 5-11-->
<!--NS is http://www.fpml.org/FpML-5/confirmation-->
<!--
        == Copyright (c) 2014- All rights reserved.
        == Financial Products Markup Language is subject to the FpML public license.
        == A copy of this license is available at http://www.fpml.org/license/license.html
-->
<loanBulkServicingNotification xmlns="http://www.fpml.org/FpML-5/confirmation" fpmlVersion="5-11">SentProfileMessageID1 JPMorganChase EatonVance 2017-09-30T09:30:47Z Loan FpML v5.11 2017-09-10 false 2017-09-30 true USD 7500 2017-09-30 FOLLOWING ACFP1 IP1 USD 1000000000 5000000 USD 1000000000 5000000 USD 1000000000 5000000 USD 1000000000 5000000 ACFP1 USD 100000 Accruing Fee Payment 2017-06-30 Utilization 2017-06-30 2017-09-30 USD 100000 5000 IP1 USD 2500 Interest Payment 2017-09-30 2017-06-30 2017-09-30 ContractPositionThruPeriod USD 50000 2500 123456ABC USD 1BN Term Loan B 2015-01-01 2020-01-01 USD 1000000000 5000000 LoanContract1 EV1000001 USA Work 5552222222 buyer.contact@eatonvance.com 6789 Main Street New York NY USA 10001 JPM001011 USA Work 5554444444 agent.contact@jpmorgan.com 12345 Main Street New York NY USA 10001 AMZ1111111 USA Work 5553333333 borrower.contact@amazon.com 1111 Main Street New York NY USA 10001 
<header>
  <messageId messageIdScheme="http://www.company.com/messageIdScheme">SentProfileMessageID1</messageId>
  <sentBy messageAddressScheme="http://www.company.com/messageAddressScheme">JPMorganChase</sentBy>
  <sendTo messageAddressScheme="http://www.company.com/messageAddressScheme">EatonVance</sendTo>
  <creationTimestamp>2017-09-30T09:30:47Z</creationTimestamp>
  <implementationSpecification>
    <name>Loan FpML</name>
    <version implementationSpecificationVersionScheme="http://www.company.com/implementationSpecificationVersion">v5.11</version>
    <date>2017-09-10</date>
  </implementationSpecification>
</header>
<isCorrection>false</isCorrection>
<noticeDate>2017-09-30</noticeDate>
<isGlobalOnly>true</isGlobalOnly>
<eventPayment>
  <payerPartyReference href="JPMorganChase" />
  <receiverPartyReference href="EatonVance" />
  <paymentAmount>
    <currency>USD</currency>
    <amount>7500</amount>
  </paymentAmount>
  <paymentDate>
    <adjustableDate>
      <unadjustedDate>2017-09-30</unadjustedDate>
      <dateAdjustments>
        <businessDayConvention>FOLLOWING</businessDayConvention>
      </dateAdjustments>
    </adjustableDate>
  </paymentDate>
  <eventIdentifier>
    <partyReference href="JPMorganChase" />
    <eventId eventIdScheme="http://www.company.com/eventIdScheme">ACFP1</eventId>
  </eventIdentifier>
  <eventIdentifier>
    <partyReference href="JPMorganChase" />
    <eventId eventIdScheme="http://www.company.com/eventIdScheme">IP1</eventId>
  </eventIdentifier>
</eventPayment>
<facilityOutstandingsPosition>
  <facilityReference href="TermLoanB" />
  <commitment>
    <totalCommitmentAmount>
      <currency>USD</currency>
      <amount>1000000000</amount>
      <shareAmount>5000000</shareAmount>
    </totalCommitmentAmount>
    <requiredFundedAmount>
      <currency>USD</currency>
      <amount>1000000000</amount>
      <shareAmount>5000000</shareAmount>
    </requiredFundedAmount>
    <unavailableToUtilizeAmount>
      <currency>USD</currency>
      <amount>1000000000</amount>
      <shareAmount>5000000</shareAmount>
    </unavailableToUtilizeAmount>
  </commitment>
  <outstandingsPosition>
    <loanContractReference href="LoanContract1" />
    <amount>
      <currency>USD</currency>
      <amount>1000000000</amount>
      <shareAmount>5000000</shareAmount>
    </amount>
  </outstandingsPosition>
</facilityOutstandingsPosition>
<accruingFeePayment>
  <eventIdentifier>
    <partyReference href="JPMorganChase" />
    <eventId eventIdScheme="http://www.company.com/eventIdScheme">ACFP1</eventId>
  </eventIdentifier>
  <lenderPartyReference href="EatonVance" />
  <cashPayable>
    <payerPartyReference href="JPMorganChase" />
    <receiverPartyReference href="EatonVance" />
    <netAmount>
      <currency>USD</currency>
      <amount>100000</amount>
    </netAmount>
  </cashPayable>
  <comment>Accruing Fee Payment</comment>
  <agentPartyReference href="JPMorganChase" />
  <borrowerPartyReference href="Amazon" />
  <effectiveDate>2017-06-30</effectiveDate>
  <facilityReference href="TermLoanB" />
  <id accrualTypeIdScheme="http://www.company.com/accrualTypeIdScheme">Utilization</id>
  <startDate>2017-06-30</startDate>
  <endDate>2017-09-30</endDate>
  <amount>
    <currency>USD</currency>
    <amount>100000</amount>
    <shareAmount>5000</shareAmount>
  </amount>
</accruingFeePayment>
<interestPayment>
  <eventIdentifier>
    <partyReference href="JPMorganChase" />
    <eventId eventIdScheme="http://www.company.com/eventIdScheme">IP1</eventId>
  </eventIdentifier>
  <lenderPartyReference href="EatonVance" />
  <cashPayable>
    <payerPartyReference href="JPMorganChase" />
    <receiverPartyReference href="EatonVance" />
    <netAmount>
      <currency>USD</currency>
      <amount>2500</amount>
    </netAmount>
  </cashPayable>
  <comment>Interest Payment</comment>
  <agentPartyReference href="JPMorganChase" />
  <borrowerPartyReference href="Amazon" />
  <effectiveDate>2017-09-30</effectiveDate>
  <loanContractReference href="LoanContract1" />
  <startDate>2017-06-30</startDate>
  <endDate>2017-09-30</endDate>
  <calculationMethod>ContractPositionThruPeriod</calculationMethod>
  <amount>
    <currency>USD</currency>
    <amount>50000</amount>
    <shareAmount>2500</shareAmount>
  </amount>
</interestPayment>
<facilitySummary id="TermLoanB">
  <instrumentId instrumentIdScheme="http://www.fpml.org/coding-scheme/external/instrument-id-CUSIP-1-0">123456ABC</instrumentId>
  <description>USD 1BN Term Loan B</description>
  <borrowerPartyReference href="Amazon" />
  <agentPartyReference href="JPMorganChase" />
  <startDate>2015-01-01</startDate>
  <maturityDate>2020-01-01</maturityDate>
  <currentCommitment>
    <totalCommitmentAmount>
      <currency currencyScheme="http://www.fpml.org/coding-scheme/currency-1-0">USD</currency>
      <amount>1000000000</amount>
      <shareAmount>5000000</shareAmount>
    </totalCommitmentAmount>
  </currentCommitment>
</facilitySummary>
<contractIdentifier id="LoanContract1">
  <partyReference href="JPMorganChase" />
  <contractId contractIdScheme="http://www.company.com/LoanContractIdScheme">LoanContract1</contractId>
  <facilityReference href="TermLoanB" />
</contractIdentifier>
<party id="EatonVance">
  <partyId partyIdScheme="http://www.fpml.org/coding-scheme/external/party-id-MEI-1-0">EV1000001</partyId>
  <country countryScheme="http://www.fpml.org/coding-scheme/external/iso3166">USA</country>
  <contactInfo>
    <telephone>
      <type>Work</type>
      <number>5552222222</number>
    </telephone>
    <email>buyer.contact@eatonvance.com</email>
    <address>
      <streetAddress>
        <streetLine>6789 Main Street</streetLine>
      </streetAddress>
      <city>New York</city>
      <state>NY</state>
      <country>USA</country>
      <postalCode>10001</postalCode>
    </address>
  </contactInfo>
</party>
<party id="JPMorganChase">
  <partyId partyIdScheme="http://www.fpml.org/coding-scheme/external/party-id-MEI-1-0">JPM001011</partyId>
  <country countryScheme="http://www.fpml.org/coding-scheme/external/iso3166">USA</country>
  <contactInfo>
    <telephone>
      <type>Work</type>
      <number>5554444444</number>
    </telephone>
    <email>agent.contact@jpmorgan.com</email>
    <address>
      <streetAddress>
        <streetLine>12345 Main Street</streetLine>
      </streetAddress>
      <city>New York</city>
      <state>NY</state>
      <country>USA</country>
      <postalCode>10001</postalCode>
    </address>
  </contactInfo>
</party>
<party id="Amazon">
  <partyId partyIdScheme="http://www.fpml.org/coding-scheme/external/party-id-MEI-1-0">AMZ1111111</partyId>
  <country countryScheme="http://www.fpml.org/coding-scheme/external/iso3166">USA</country>
  <contactInfo>
    <telephone>
      <type>Work</type>
      <number>5553333333</number>
    </telephone>
    <email>borrower.contact@amazon.com</email>
    <address>
      <streetAddress>
        <streetLine>1111 Main Street</streetLine>
      </streetAddress>
      <city>New York</city>
      <state>NY</state>
      <country>USA</country>
      <postalCode>10001</postalCode>
    </address>
  </contactInfo>
</party>
</loanBulkServicingNotification>

