<?xml version="1.0" encoding="utf-8"?>
<!--View is confirmation-->
<!--Version is 5-11-->
<!--NS is http://www.fpml.org/FpML-5/confirmation-->
<!--
        == Copyright (c) 2014- All rights reserved.
        == Financial Products Markup Language is subject to the FpML public license.
        == A copy of this license is available at http://www.fpml.org/license/license.html
-->
<!--
Rollover event notifications provide a means for agent banks to communicate floating rate margin resets and/or re-definitions of the way 
in which outstanding contracts are structured. For example:
        - Borrowers can manipulate debt allocation across various contract types.
        - Certain contracts periodically reset (rate-wise).
        - Underlying balances may shift.
Rollovers can be used to represent any/all of the above.

This example represents a:
        - LIBOR contract maturing
        - loan interest payment
        - contract renewal with a conversion to PRIME
-->
<loanContractNotification xmlns="http://www.fpml.org/FpML-5/confirmation" fpmlVersion="5-11">448873 US2A00001 US5L00004 2013-10-21T09:30:47Z BKLoanSys 1.0 2012-12-06 false 2014-09-04 false USD 14972.22 2014-09-04 FOLLOWING 45128 45101 RolloverGroup7 45101 45128 2014-09-05 NC6789 2014-09-05 USD 5000000.00 5000000.00 2014-09-30 58451 30/360 USD-Prime-Reference Banks 0.01 2014-09-05 2014-09-30 25 2014-09-03 F123452TLA Term Loan A 2014-04-11 USD 25000000.00 25000000.00 CC1234 2014-06-09 USD 5000000.00 5000000.00 US2A00001 Investor Relations 2 Penns Way, Suite 100 New Castle DE US 19720 US3B00002 US4CB0003 US5L00004 US6G00005 
<header>
<!-- No message id in the original notice -->
  <messageId messageIdScheme="http://www.bankofagentsna.com/messaging/messageids">448873</messageId>
<!-- Not sure of this content? -->
  <sentBy messageAddressScheme="http://www.loanmarketdirectory.com/external/schemes/MEI">US2A00001</sentBy>
  <sendTo messageAddressScheme="http://www.loanmarketdirectory.com/external/schemes/MEI">US5L00004</sendTo>
  <creationTimestamp>2013-10-21T09:30:47Z</creationTimestamp>
  <implementationSpecification>
    <name>BKLoanSys</name>
    <version implementationSpecificationVersionScheme="http://www.bkloansys.com/">1.0</version>
    <date>2012-12-06</date>
  </implementationSpecification>
</header>
<isCorrection>false</isCorrection>
<noticeDate>2014-09-04</noticeDate>
<isGlobalOnly>false</isGlobalOnly>
<eventPayment>
  <payerPartyReference href="BANKOFAGENTSNA" />
  <receiverPartyReference href="LENDERCORP" />
  <paymentAmount>
    <currency currencyScheme="http://www.fpml.org/coding-scheme/external/iso4217-2001-08-15">USD</currency>
    <amount>14972.22</amount>
  </paymentAmount>
  <paymentDate>
    <adjustableDate>
      <unadjustedDate>2014-09-04</unadjustedDate>
      <dateAdjustments>
        <businessDayConvention>FOLLOWING</businessDayConvention>
      </dateAdjustments>
    </adjustableDate>
  </paymentDate>
  <eventIdentifier>
    <partyReference href="BANKOFAGENTSNA" />
<!-- LN88 No event id provided in the notice -->
    <eventId eventIdScheme="http://www.bankofagentsna.com/messaging/eventids">45128</eventId>
  </eventIdentifier>
</eventPayment>
<!-- The notice provides not details of the maturing prime contract but the assumption is that is is the same notional as the new contract. -->
<!-- There is nothing in the notice itself to illustrate the fact that the maturing contract is a PRIME contract. Not sure that we care...? -->
<rollover>
  <eventIdentifier>
    <partyReference href="BANKOFAGENTSNA" />
<!-- LN88 No event id provided in the notice -->
    <eventId eventIdScheme="http://www.bankofagentsna.com/messaging/eventids">45101</eventId>
  </eventIdentifier>
  <parentEventIdentifier>
    <partyReference href="BANKOFAGENTSNA" />
    <eventId>RolloverGroup7</eventId>
    <childEventIdentifier>
      <partyReference href="BANKOFAGENTSNA" />
      <eventId>45101</eventId>
    </childEventIdentifier>
    <childEventIdentifier>
      <partyReference href="BANKOFAGENTSNA" />
      <eventId>45128</eventId>
    </childEventIdentifier>
  </parentEventIdentifier>
  <effectiveDate>2014-09-05</effectiveDate>
  <currentContracts>
    <loanContractReference href="CONT12345" />
  </currentContracts>
  <newContracts>
    <contract>
      <identifier id="CONT67890">
        <partyReference href="BANKOFAGENTSNA" />
        <contractId contractIdScheme="http://www.bankofagentsna.com/messaging/contractids">NC6789</contractId>
        <facilityReference href="FAC12345" />
      </identifier>
      <effectiveDate>2014-09-05</effectiveDate>
      <borrowerPartyReference href="BORROWERINC" />
      <amount>
        <currency currencyScheme="http://www.fpml.org/coding-scheme/external/iso4217-2001-08-15">USD</currency>
        <amount>5000000.00</amount>
        <shareAmount>5000000.00</shareAmount>
      </amount>
<!-- The notice provide the number of days associated with the loan contract. Should we have something here to represent that? -->
<!-- Note that the number of days are actually defined in the accrual period itself - maybe we don't need it in both locations? -->
      <maturityDate>2014-09-30</maturityDate>
      <floatingRateAccrual>
        <accrualOptionId accrualTypeIdScheme="http://www.bankofagentsna.com/messaging/accrualtypeids">58451</accrualOptionId>
<!-- Dummy values. Day count, LIBOR type etc. not provided. -->
        <dayCountFraction dayCountFractionScheme="http://www.fpml.org/coding-scheme/day-count-fraction">30/360</dayCountFraction>
        <floatingRateIndex floatingRateIndexScheme="http://www.fpml.org/coding-scheme/floating-rate-index">USD-Prime-Reference Banks</floatingRateIndex>
<!-- Spread not provided on the notice, but can we assume it will be? -->
        <spread>0.01</spread>
        <startDate>2014-09-05</startDate>
        <endDate>2014-09-30</endDate>
        <numberOfDays>25</numberOfDays>
<!-- Rate is not yet fixed -->
<!-- The rate fixing date is BEFORE the notice date (on the example). Assume this is a typo on the original notice? -->
        <rateFixingDate>2014-09-03</rateFixingDate>
      </floatingRateAccrual>
    </contract>
  </newContracts>
</rollover>
<facilitySummary id="FAC12345">
  <instrumentId instrumentIdScheme="http://www.cusip.com/">F123452TLA</instrumentId>
  <description>Term Loan A</description>
  <borrowerPartyReference href="BORROWERINC" />
  <agentPartyReference href="BANKOFAGENTSNA" />
  <startDate>2014-04-11</startDate>
  <currentCommitment>
    <totalCommitmentAmount>
      <currency currencyScheme="http://www.fpml.org/coding-scheme/external/iso4217-2001-08-15">USD</currency>
<!-- LN88 Was blanked out in the notice, placeholder amount -->
<!-- LN88 Actually not sure if the XX.XX amount in the notice refers to the original or the current commitment? -->
<!-- LN88 Making an assumption that the single contract represents the full commitment amount on the facility -->
      <amount>25000000.00</amount>
<!-- LN88 Not provided in the original notice (assumption as above) -->
      <shareAmount>25000000.00</shareAmount>
    </totalCommitmentAmount>
  </currentCommitment>
</facilitySummary>
<contractSummary>
  <identifier id="CONT12345">
    <partyReference href="BANKOFAGENTSNA" />
    <contractId contractIdScheme="http://www.bankofagentsna.com/messaging/contractids">CC1234</contractId>
    <facilityReference href="FAC12345" />
  </identifier>
  <effectiveDate>2014-06-09</effectiveDate>
  <borrowerPartyReference href="BORROWERINC" />
  <amount>
    <currency currencyScheme="http://www.fpml.org/coding-scheme/external/iso4217-2001-08-15">USD</currency>
    <amount>5000000.00</amount>
<!-- The share amount that was maturing wasn't shown on the notice. Am taking this figure assuming a single lender. -->
    <shareAmount>5000000.00</shareAmount>
  </amount>
</contractSummary>
<party id="BANKOFAGENTSNA">
  <partyId partyIdScheme="http://www.loanmarketdirectory.com/external/schemes/MEI">US2A00001</partyId>
  <businessUnit>
    <name>Investor Relations</name>
    <contactInfo>
      <address>
        <streetAddress>
          <streetLine>2 Penns Way, Suite 100</streetLine>
        </streetAddress>
        <city>New Castle</city>
        <state>DE</state>
        <country>US</country>
        <postalCode>19720</postalCode>
      </address>
    </contactInfo>
  </businessUnit>
</party>
<party id="BORROWERINC">
  <partyId partyIdScheme="http://www.loanmarketdirectory.com/external/schemes/MEI">US3B00002</partyId>
</party>
<party id="COBORROWERINC">
  <partyId partyIdScheme="http://www.loanmarketdirectory.com/external/schemes/MEI">US4CB0003</partyId>
</party>
<party id="LENDERCORP">
  <partyId partyIdScheme="http://www.loanmarketdirectory.com/external/schemes/MEI">US5L00004</partyId>
</party>
<party id="GUARANTORPARTNERSLLC">
  <partyId partyIdScheme="http://www.loanmarketdirectory.com/external/schemes/MEI">US6G00005</partyId>
</party>
</loanContractNotification>

