<?xml version="1.0" encoding="utf-8"?>
<!--View is confirmation-->
<!--Version is 5-11-->
<!--NS is http://www.fpml.org/FpML-5/confirmation-->
<!--
        == Copyright (c) 2014- All rights reserved.
        == Financial Products Markup Language is subject to the FpML public license.
        == A copy of this license is available at http://www.fpml.org/license/license.html
-->
<loanPartyEventInstructionOverrideStatement xmlns="http://www.fpml.org/FpML-5/confirmation" fpmlVersion="5-11">EventInstructionOverrideMessageID1 EatonVance JPMorganChase 2017-09-27T09:30:47Z Loan FpML v5.10 2017-09-10 false OVERID1234 ServicingEvent1 SettlementInstructionID1 USD Fedwire EatonVance 6789 Main Street New York NY USA 10001 000000000002 Special Settlement EV1000001 USA Work 5552222222 buyer.contact@eatonvance.com 6789 Main Street New York NY USA 10001 JPM001011 USA Work 5554444444 agent.contact@jpmorgan.com 12345 Main Street New York NY USA 10001 
<header>
  <messageId messageIdScheme="http://www.company.com/messageIdScheme">EventInstructionOverrideMessageID1</messageId>
  <sentBy messageAddressScheme="http://www.company.com/messageAddressScheme">EatonVance</sentBy>
  <sendTo messageAddressScheme="http://www.company.com/messageAddressScheme">JPMorganChase</sendTo>
  <creationTimestamp>2017-09-27T09:30:47Z</creationTimestamp>
  <implementationSpecification>
    <name>Loan FpML</name>
    <version implementationSpecificationVersionScheme="http://www.company.com/implementationSpecificationVersion">v5.10</version>
    <date>2017-09-10</date>
  </implementationSpecification>
</header>
<isCorrection>false</isCorrection>
<override>
  <overrideIdentifier>
    <partyReference href="EatonVance" />
    <overrideId overrideIdScheme="http://www.company.com/overrideIdScheme">OVERID1234</overrideId>
  </overrideIdentifier>
  <eventIdentifier>
    <partyReference href="JPMorganChase" />
    <eventId eventIdScheme="http://www.company.com/eventIdScheme" id="ServicingEvent">ServicingEvent1</eventId>
  </eventIdentifier>
  <settlementDetails>
    <id settlementInstructionIdScheme="http://www.company.com/settlementInstructionIdScheme">SettlementInstructionID1</id>
    <currency currencyScheme="http://www.fpml.org/coding-scheme/currency-1-0">USD</currency>
    <settlementInstruction>
      <settlementMethod settlementMethodScheme="http://www.fpml.org/coding-scheme/settlement-method">Fedwire</settlementMethod>
      <beneficiary>
        <routingExplicitDetails>
          <routingName>EatonVance</routingName>
          <routingAddress>
            <streetAddress>
              <streetLine>6789 Main Street</streetLine>
            </streetAddress>
            <city>New York</city>
            <state>NY</state>
            <country countryScheme="http://www.fpml.org/coding-scheme/external/iso3166">USA</country>
            <postalCode>10001</postalCode>
          </routingAddress>
          <routingAccountNumber>000000000002</routingAccountNumber>
          <routingReferenceText>Special Settlement</routingReferenceText>
        </routingExplicitDetails>
      </beneficiary>
    </settlementInstruction>
  </settlementDetails>
</override>
<party id="EatonVance">
  <partyId partyIdScheme="http://www.fpml.org/coding-scheme/external/party-id-MEI-1-0">EV1000001</partyId>
  <country countryScheme="http://www.fpml.org/coding-scheme/external/iso3166">USA</country>
  <contactInfo>
    <telephone>
      <type>Work</type>
      <number>5552222222</number>
    </telephone>
    <email>buyer.contact@eatonvance.com</email>
    <address>
      <streetAddress>
        <streetLine>6789 Main Street</streetLine>
      </streetAddress>
      <city>New York</city>
      <state>NY</state>
      <country countryScheme="http://www.fpml.org/coding-scheme/external/iso3166">USA</country>
      <postalCode>10001</postalCode>
    </address>
  </contactInfo>
</party>
<party id="JPMorganChase">
  <partyId partyIdScheme="http://www.fpml.org/coding-scheme/external/party-id-MEI-1-0">JPM001011</partyId>
  <country countryScheme="http://www.fpml.org/coding-scheme/external/iso3166">USA</country>
  <contactInfo>
    <telephone>
      <type>Work</type>
      <number>5554444444</number>
    </telephone>
    <email>agent.contact@jpmorgan.com</email>
    <address>
      <streetAddress>
        <streetLine>12345 Main Street</streetLine>
      </streetAddress>
      <city>New York</city>
      <state>NY</state>
      <country countryScheme="http://www.fpml.org/coding-scheme/external/iso3166">USA</country>
      <postalCode>10001</postalCode>
    </address>
  </contactInfo>
</party>
</loanPartyEventInstructionOverrideStatement>

