<?xml version="1.0" encoding="utf-8"?>
<!--View is confirmation-->
<!--Version is 5-11-->
<!--NS is http://www.fpml.org/FpML-5/confirmation-->
<!--
        == Copyright (c) 2014- All rights reserved.
        == Financial Products Markup Language is subject to the FpML public license.
        == A copy of this license is available at http://www.fpml.org/license/license.html
-->
<!--
Rollover event notifications provide a means for agent banks to communicate floating rate margin resets and/or re-definitions of the way 
in which outstanding contracts are structured. For example:
        - Borrowers can manipulate debt allocation across various contract types.
        - Certain contracts periodically reset (rate-wise).
        - Underlying balances may shift.
Rollovers can be used to represent any/all of the above.

This example represents a:
        - consolidation of two LIBOR contracts into a single LIBOR contract
        - interest payments against each existing contract
-->
<loanContractNotification xmlns="http://www.fpml.org/FpML-5/confirmation" fpmlVersion="5-11">449977 US2A432121 US5L567878 2013-10-21T09:30:47Z BKLoanSys 1.0 2012-12-06 false 2009-07-13 false USD 788.24 2009-07-13 FOLLOWING 67562 65228 67301 RolloverGroup5 67301 67562 65228 2009-07-15 NC5678 2009-07-15 USD 5700000.00 1411764.70 2009-08-17 51412 30/360 USD-LIBOR-LIBO 3 M 0.01 2009-07-15 2009-08-17 33 2009-07-13 F123452TLA Term Loan A 2008-12-05 USD 209000000 59714285.71 CC1234 2009-06-15 USD 5225000.00 1294117.64 CC4321 2009-06-15 USD 475000.00 117647.06 US2A432121 Investor Relations 2 Penns Way, Suite 100 New Castle DE US 19720 US3B789454 US4C147258 US5L567878 US6G852363 
<header>
<!-- No message id in the original notice -->
  <messageId messageIdScheme="http://www.bankofagentsna.com/messaging/messageids">449977</messageId>
<!-- Not sure of this content? -->
  <sentBy messageAddressScheme="http://www.loanmarketdirectory.com/external/schemes/MEI">US2A432121</sentBy>
  <sendTo messageAddressScheme="http://www.loanmarketdirectory.com/external/schemes/MEI">US5L567878</sendTo>
  <creationTimestamp>2013-10-21T09:30:47Z</creationTimestamp>
  <implementationSpecification>
    <name>BKLoanSys</name>
    <version implementationSpecificationVersionScheme="http://www.bkloansys.com/">1.0</version>
    <date>2012-12-06</date>
  </implementationSpecification>
</header>
<isCorrection>false</isCorrection>
<noticeDate>2009-07-13</noticeDate>
<isGlobalOnly>false</isGlobalOnly>
<eventPayment>
  <payerPartyReference href="BANKOFAGENTSNA" />
  <receiverPartyReference href="LENDERCORP" />
  <paymentAmount>
    <currency currencyScheme="http://www.fpml.org/coding-scheme/external/iso4217-2001-08-15">USD</currency>
    <amount>788.24</amount>
  </paymentAmount>
  <paymentDate>
    <adjustableDate>
      <unadjustedDate>2009-07-13</unadjustedDate>
      <dateAdjustments>
        <businessDayConvention>FOLLOWING</businessDayConvention>
      </dateAdjustments>
    </adjustableDate>
  </paymentDate>
  <eventIdentifier>
    <partyReference href="BANKOFAGENTSNA" />
    <eventId eventIdScheme="http://www.bankofagentsna.com/messaging/eventids">67562</eventId>
  </eventIdentifier>
  <eventIdentifier>
    <partyReference href="BANKOFAGENTSNA" />
    <eventId eventIdScheme="http://www.bankofagentsna.com/messaging/eventids">65228</eventId>
  </eventIdentifier>
</eventPayment>
<!-- The notice provides not details of the maturing prime contract but the assumption is that is is the same notional as the new contract. -->
<!-- There is nothing in the notice itself to illustrate the fact that the maturing contract is a PRIME contract. Not sure that we care...? -->
<rollover>
  <eventIdentifier>
    <partyReference href="BANKOFAGENTSNA" />
<!-- LN88 No event id provided in the notice -->
    <eventId eventIdScheme="http://www.bankofagentsna.com/messaging/eventids">67301</eventId>
  </eventIdentifier>
  <parentEventIdentifier>
    <partyReference href="BANKOFAGENTSNA" />
    <eventId>RolloverGroup5</eventId>
    <childEventIdentifier>
      <partyReference href="BANKOFAGENTSNA" />
      <eventId>67301</eventId>
    </childEventIdentifier>
    <childEventIdentifier>
      <partyReference href="BANKOFAGENTSNA" />
      <eventId>67562</eventId>
    </childEventIdentifier>
    <childEventIdentifier>
      <partyReference href="BANKOFAGENTSNA" />
      <eventId>65228</eventId>
    </childEventIdentifier>
  </parentEventIdentifier>
  <effectiveDate>2009-07-15</effectiveDate>
  <currentContracts>
    <loanContractReference href="CONT12345" />
    <loanContractReference href="CONT54321" />
  </currentContracts>
  <newContracts>
    <contract>
      <identifier id="CONT67890">
        <partyReference href="BANKOFAGENTSNA" />
        <contractId contractIdScheme="http://www.bankofagentsna.com/messaging/contractids">NC5678</contractId>
        <facilityReference href="FAC12345" />
      </identifier>
      <effectiveDate>2009-07-15</effectiveDate>
      <borrowerPartyReference href="BORROWERINC" />
      <amount>
        <currency currencyScheme="http://www.fpml.org/coding-scheme/external/iso4217-2001-08-15">USD</currency>
        <amount>5700000.00</amount>
        <shareAmount>1411764.70</shareAmount>
      </amount>
<!-- The notice provide the number of days associated with the loan contract. Should we have something here to represent that? -->
<!-- Note that the number of days are actually defined in the accrual period itself - maybe we don't need it in both locations? -->
      <maturityDate>2009-08-17</maturityDate>
      <floatingRateAccrual>
        <accrualOptionId accrualTypeIdScheme="http://www.bankofagentsna.com/messaging/accrualtypeids">51412</accrualOptionId>
<!-- Dummy values. Day count, LIBOR type etc. not provided. -->
        <dayCountFraction dayCountFractionScheme="http://www.fpml.org/coding-scheme/day-count-fraction">30/360</dayCountFraction>
        <floatingRateIndex floatingRateIndexScheme="http://www.fpml.org/coding-scheme/floating-rate-index">USD-LIBOR-LIBO</floatingRateIndex>
        <indexTenor>
          <periodMultiplier>3</periodMultiplier>
          <period>M</period>
        </indexTenor>
<!-- Spread not provided on the notice, but can we assume it will be? -->
        <spread>0.01</spread>
        <startDate>2009-07-15</startDate>
        <endDate>2009-08-17</endDate>
        <numberOfDays>33</numberOfDays>
<!-- Rate is not yet fixed -->
<!-- The rate fixing date is BEFORE the notice date (on the example). Assume this is a typo on the original notice? -->
        <rateFixingDate>2009-07-13</rateFixingDate>
      </floatingRateAccrual>
    </contract>
  </newContracts>
</rollover>
<facilitySummary id="FAC12345">
  <instrumentId instrumentIdScheme="http://www.cusip.com/">F123452TLA</instrumentId>
  <description>Term Loan A</description>
  <borrowerPartyReference href="BORROWERINC" />
  <agentPartyReference href="BANKOFAGENTSNA" />
  <startDate>2008-12-05</startDate>
  <currentCommitment>
    <totalCommitmentAmount>
      <currency currencyScheme="http://www.fpml.org/coding-scheme/external/iso4217-2001-08-15">USD</currency>
<!-- LN88 Was blanked out in the notice, placeholder amount -->
<!-- LN88 Actually not sure if the XX.XX amount in the notice refers to the original or the current commitment? -->
<!-- LN88 Making an assumption that the single contract represents the full commitment amount on the facility -->
      <amount>209000000</amount>
<!-- LN88 Not provided in the original notice (assumption as above) -->
      <shareAmount>59714285.71</shareAmount>
    </totalCommitmentAmount>
  </currentCommitment>
</facilitySummary>
<contractSummary>
  <identifier id="CONT12345">
    <partyReference href="BANKOFAGENTSNA" />
    <contractId contractIdScheme="http://www.bankofagentsna.com/messaging/contractids">CC1234</contractId>
    <facilityReference href="FAC12345" />
  </identifier>
  <effectiveDate>2009-06-15</effectiveDate>
  <borrowerPartyReference href="BORROWERINC" />
  <amount>
    <currency currencyScheme="http://www.fpml.org/coding-scheme/external/iso4217-2001-08-15">USD</currency>
    <amount>5225000.00</amount>
<!-- The share amount that was maturing wasn't shown on the notice. Am taking this figure from the interest payment schedule. -->
    <shareAmount>1294117.64</shareAmount>
  </amount>
</contractSummary>
<contractSummary>
  <identifier id="CONT54321">
    <partyReference href="BANKOFAGENTSNA" />
    <contractId contractIdScheme="http://www.bankofagentsna.com/messaging/contractids">CC4321</contractId>
    <facilityReference href="FAC12345" />
  </identifier>
  <effectiveDate>2009-06-15</effectiveDate>
  <borrowerPartyReference href="BORROWERINC" />
  <amount>
    <currency currencyScheme="http://www.fpml.org/coding-scheme/external/iso4217-2001-08-15">USD</currency>
    <amount>475000.00</amount>
<!-- The share amount that was maturing wasn't shown on the notice. Am taking this figure from the interest payment schedule. -->
    <shareAmount>117647.06</shareAmount>
  </amount>
</contractSummary>
<party id="BANKOFAGENTSNA">
  <partyId partyIdScheme="http://www.loanmarketdirectory.com/external/schemes/MEI">US2A432121</partyId>
  <businessUnit>
    <name>Investor Relations</name>
    <contactInfo>
      <address>
        <streetAddress>
          <streetLine>2 Penns Way, Suite 100</streetLine>
        </streetAddress>
        <city>New Castle</city>
        <state>DE</state>
        <country>US</country>
        <postalCode>19720</postalCode>
      </address>
    </contactInfo>
  </businessUnit>
</party>
<party id="BORROWERINC">
  <partyId partyIdScheme="http://www.loanmarketdirectory.com/external/schemes/MEI">US3B789454</partyId>
</party>
<party id="COBORROWERINC">
  <partyId partyIdScheme="http://www.loanmarketdirectory.com/external/schemes/MEI">US4C147258</partyId>
</party>
<party id="LENDERCORP">
  <partyId partyIdScheme="http://www.loanmarketdirectory.com/external/schemes/MEI">US5L567878</partyId>
</party>
<party id="GUARANTORPARTNERSLLC">
  <partyId partyIdScheme="http://www.loanmarketdirectory.com/external/schemes/MEI">US6G852363</partyId>
</party>
</loanContractNotification>

