<?xml version="1.0" encoding="utf-8"?>
<!--View is confirmation-->
<!--Version is 5-11-->
<!--NS is http://www.fpml.org/FpML-5/confirmation-->
<!--
        == Copyright (c) 2014- All rights reserved.
        == Financial Products Markup Language is subject to the FpML public license.
        == A copy of this license is available at http://www.fpml.org/license/license.html
-->
<loanTradeNotification xmlns="http://www.fpml.org/FpML-5/confirmation" fpmlVersion="5-11">SentMessageID9 JPMorganChase EatonVance 2017-09-19T09:30:47Z LoanFpML v5.11 2017-09-10 false 2017-09-19 Agent EVENT1A USD 3500 2017-09-26 TN001 USD 5000000 Secondary Loan Trade CUSIP0001 USD 1BN Term Loan B 2015-01-01 2020-01-01 USD 1000000000 5000000 JPM001011 USA Work 5551111111 seller.contact@jpmorgan.com 12345 Main Street New York NY USA 10001 AMZ1111111 USA Work 5553333333 borrower.contact@amazon.com 1111 Main Street New York NY USA 10001 JPM001011 JPMorganChase USA Work 5554444444 agent.contact@jpmorgan.com 12345 Main Street New York NY USA 10001 
<header>
  <messageId messageIdScheme="http://www.company.com/messageIdScheme">SentMessageID9</messageId>
  <sentBy messageAddressScheme="http://www.company.com/messageAddressScheme">JPMorganChase</sentBy>
  <sendTo messageAddressScheme="http://www.company.com/messageAddressScheme">EatonVance</sendTo>
  <creationTimestamp>2017-09-19T09:30:47Z</creationTimestamp>
  <implementationSpecification>
    <name>LoanFpML</name>
    <version implementationSpecificationVersionScheme="http://www.company.com/implementationSpecificationVersion">v5.11</version>
    <date>2017-09-10</date>
  </implementationSpecification>
</header>
<isCorrection>false</isCorrection>
<noticeDate>2017-09-19</noticeDate>
<partyReference href="JPMorganChase" />
<role tradingPartyRoleScheme="http://www.company.com/tradingPartyRoleScheme">Agent</role>
<loanTradeFeeDue>
  <eventIdentifier>
    <partyReference href="JPMorganChase" />
    <eventId eventIdScheme="http://www.company.com/eventIdScheme">EVENT1A</eventId>
  </eventIdentifier>
  <loanTradeReference href="LoanTrade1" />
  <amount>
    <currency currencyScheme="http://www.fpml.org/coding-scheme/currency-1-0">USD</currency>
    <amount>3500</amount>
  </amount>
  <dueDate>2017-09-26</dueDate>
</loanTradeFeeDue>
<tradeSummary>
  <tradeIdentifier id="LoanTrade1">
    <partyReference href="JPMorganChase" />
    <tradeId tradeIdScheme="http://www.company.com/tradeIdScheme" id="TradeID1">TN001</tradeId>
  </tradeIdentifier>
  <facilityReference href="TermLoanB" />
  <amount>
    <currency currencyScheme="http://www.fpml.org/coding-scheme/currency-1-0">USD</currency>
    <amount>5000000</amount>
  </amount>
  <comment>Secondary Loan Trade</comment>
</tradeSummary>
<facilitySummary id="TermLoanB">
  <instrumentId instrumentIdScheme="http://www.fpml.org/coding-scheme/external/instrument-id-CUSIP-1-0">CUSIP0001</instrumentId>
  <description>USD 1BN Term Loan B</description>
  <borrowerPartyReference href="Amazon" />
  <agentPartyReference href="JPMorganChase" />
  <startDate>2015-01-01</startDate>
  <maturityDate>2020-01-01</maturityDate>
  <currentCommitment>
    <totalCommitmentAmount>
      <currency currencyScheme="http://www.fpml.org/coding-scheme/currency-1-0">USD</currency>
      <amount>1000000000</amount>
      <shareAmount>5000000</shareAmount>
    </totalCommitmentAmount>
  </currentCommitment>
</facilitySummary>
<party id="JPMorganChase">
  <partyId partyIdScheme="http://www.fpml.org/coding-scheme/external/party-id-MEI-1-0">JPM001011</partyId>
  <country countryScheme="http://www.fpml.org/coding-scheme/external/iso3166">USA</country>
  <contactInfo>
    <telephone>
      <type>Work</type>
      <number>5551111111</number>
    </telephone>
    <email>seller.contact@jpmorgan.com</email>
    <address>
      <streetAddress>
        <streetLine>12345 Main Street</streetLine>
      </streetAddress>
      <city>New York</city>
      <state>NY</state>
      <country countryScheme="http://www.fpml.org/coding-scheme/external/iso3166">USA</country>
      <postalCode>10001</postalCode>
    </address>
  </contactInfo>
</party>
<party id="Amazon">
  <partyId partyIdScheme="http://www.fpml.org/coding-scheme/external/party-id-MEI-1-0">AMZ1111111</partyId>
  <country countryScheme="http://www.fpml.org/coding-scheme/external/iso3166">USA</country>
  <contactInfo>
    <telephone>
      <type>Work</type>
      <number>5553333333</number>
    </telephone>
    <email>borrower.contact@amazon.com</email>
    <address>
      <streetAddress>
        <streetLine>1111 Main Street</streetLine>
      </streetAddress>
      <city>New York</city>
      <state>NY</state>
      <country countryScheme="http://www.fpml.org/coding-scheme/external/iso3166">USA</country>
      <postalCode>10001</postalCode>
    </address>
  </contactInfo>
</party>
<party id="AgentParty">
  <partyId partyIdScheme="http://www.fpml.org/coding-scheme/external/party-id-MEI-1-0">JPM001011</partyId>
  <partyName partyNameScheme="http://www.company.com/partyNameScheme">JPMorganChase</partyName>
  <country countryScheme="http://www.fpml.org/coding-scheme/external/iso3166">USA</country>
  <contactInfo>
    <telephone>
      <type>Work</type>
      <number>5554444444</number>
    </telephone>
    <email>agent.contact@jpmorgan.com</email>
    <address>
      <streetAddress>
        <streetLine>12345 Main Street</streetLine>
      </streetAddress>
      <city>New York</city>
      <state>NY</state>
      <country countryScheme="http://www.fpml.org/coding-scheme/external/iso3166">USA</country>
      <postalCode>10001</postalCode>
    </address>
  </contactInfo>
</party>
</loanTradeNotification>

