<?xml version="1.0" encoding="utf-8"?>
<!--View is confirmation-->
<!--Version is 5-11-->
<!--NS is http://www.fpml.org/FpML-5/confirmation-->
<!--
        == Copyright (c) 2014- All rights reserved.
        == Financial Products Markup Language is subject to the FpML public license.
        == A copy of this license is available at http://www.fpml.org/license/license.html
-->
<loanAllocationNotification xmlns="http://www.fpml.org/FpML-5/confirmation" fpmlVersion="5-11">SentMessageID4 EatonVance JPMorganChase 2017-09-17T09:30:47Z LoanFpML v5.11 2017-09-10 false 2017-09-17 Buyer AllocationEvent1 ALLOC1 USD 1000000 Senior Loan Fund I ALLOC2 USD 2000000 Senior Loan Fund II ALLOC3 USD 2000000 CLO 2017-A TN001 USD 5000000 Secondary Loan Trade CUSIP0001 USD 1BN Term Loan B 2015-01-01 2020-01-01 USD 1000000000 5000000 JPM001011 USA Work 5551111111 seller.contact@jpmorgan.com 12345 Main Street New York NY USA 10001 EV1000001 USA Work 5552222222 buyer.contact@eatonvance.com 6789 Main Street New York NY USA 10001 AMZ1111111 USA Work 5553333333 borrower.contact@amazon.com 1111 Main Street New York NY USA 10001 SLFI100000 USA Work 5555555555 allocation.contact@seniorloanfundi.com 5555 Main Street New York NY USA 10001 SLFII100000 USA Work 5556666666 allocation.contact@seniorloanfundii.com 6666 Main Street New York NY USA 10001 CLO2017A111 USA Work 5557777777 allocation.contact@clo2017a.com 7777 Main Street New York NY USA 10001 
<header>
  <messageId messageIdScheme="http://www.company.com/messageIdScheme">SentMessageID4</messageId>
  <sentBy messageAddressScheme="http://www.company.com/messageAddressScheme">EatonVance</sentBy>
  <sendTo messageAddressScheme="http://www.company.com/messageAddressScheme">JPMorganChase</sendTo>
  <creationTimestamp>2017-09-17T09:30:47Z</creationTimestamp>
  <implementationSpecification>
    <name>LoanFpML</name>
    <version implementationSpecificationVersionScheme="http://www.company.com/implementationSpecificationVersion">v5.11</version>
    <date>2017-09-10</date>
  </implementationSpecification>
</header>
<isCorrection>false</isCorrection>
<noticeDate>2017-09-17</noticeDate>
<partyReference href="EatonVance" />
<role tradingPartyRoleScheme="http://www.company.com/tradingPartyRoleScheme">Buyer</role>
<loanAllocation>
  <eventIdentifier>
    <partyReference href="EatonVance" />
    <eventId eventIdScheme="http://www.company.com/eventIdScheme">AllocationEvent1</eventId>
  </eventIdentifier>
  <allocationReference href="LoanAllocation1" />
</loanAllocation>
<allocation>
  <allocationIdentifier id="LoanAllocation1">
    <partyReference href="EatonVance" />
    <tradeId tradeIdScheme="http://www.company.com/tradeIdScheme" id="AllocationID1">ALLOC1</tradeId>
    <loanTradeReference href="LoanTrade1" />
  </allocationIdentifier>
  <amount>
    <currency currencyScheme="http://www.fpml.org/coding-scheme/currency-1-0">USD</currency>
    <amount>1000000</amount>
  </amount>
  <comment>Senior Loan Fund I</comment>
  <originalPartyReference href="EatonVance" />
  <allocatedPartyReference href="SeniorLoanFundI" />
  <buyerPartyReference href="EatonVance" />
  <sellerPartyReference href="JPMorganChase" />
</allocation>
<allocation>
  <allocationIdentifier id="LoanAllocation2">
    <partyReference href="EatonVance" />
    <tradeId tradeIdScheme="http://www.company.com/tradeIdScheme" id="AllocationID2">ALLOC2</tradeId>
    <loanTradeReference href="LoanTrade1" />
  </allocationIdentifier>
  <amount>
    <currency currencyScheme="http://www.fpml.org/coding-scheme/currency-1-0">USD</currency>
    <amount>2000000</amount>
  </amount>
  <comment>Senior Loan Fund II</comment>
  <originalPartyReference href="EatonVance" />
  <allocatedPartyReference href="SeniorLoanFundII" />
  <buyerPartyReference href="EatonVance" />
  <sellerPartyReference href="JPMorganChase" />
</allocation>
<allocation>
  <allocationIdentifier id="LoanAllocation3">
    <partyReference href="EatonVance" />
    <tradeId tradeIdScheme="http://www.company.com/tradeIdScheme" id="AllocationID3">ALLOC3</tradeId>
    <loanTradeReference href="LoanTrade1" />
  </allocationIdentifier>
  <amount>
    <currency currencyScheme="http://www.fpml.org/coding-scheme/currency-1-0">USD</currency>
    <amount>2000000</amount>
  </amount>
  <comment>CLO 2017-A</comment>
  <originalPartyReference href="EatonVance" />
  <allocatedPartyReference href="CLO2017-A" />
  <buyerPartyReference href="EatonVance" />
  <sellerPartyReference href="JPMorganChase" />
</allocation>
<tradeSummary>
  <tradeIdentifier id="LoanTrade1">
    <partyReference href="JPMorganChase" />
    <tradeId tradeIdScheme="http://www.company.com/tradeIdScheme" id="TradeID1">TN001</tradeId>
  </tradeIdentifier>
  <facilityReference href="TermLoanB" />
  <amount>
    <currency currencyScheme="http://www.fpml.org/coding-scheme/currency-1-0">USD</currency>
    <amount>5000000</amount>
  </amount>
  <comment>Secondary Loan Trade</comment>
</tradeSummary>
<facilitySummary id="TermLoanB">
  <instrumentId instrumentIdScheme="http://www.fpml.org/coding-scheme/external/instrument-id-CUSIP-1-0">CUSIP0001</instrumentId>
  <description>USD 1BN Term Loan B</description>
  <borrowerPartyReference href="Amazon" />
  <agentPartyReference href="JPMorganChase" />
  <startDate>2015-01-01</startDate>
  <maturityDate>2020-01-01</maturityDate>
  <currentCommitment>
    <totalCommitmentAmount>
      <currency currencyScheme="http://www.fpml.org/coding-scheme/currency-1-0">USD</currency>
      <amount>1000000000</amount>
      <shareAmount>5000000</shareAmount>
    </totalCommitmentAmount>
  </currentCommitment>
</facilitySummary>
<party id="JPMorganChase">
  <partyId partyIdScheme="http://www.fpml.org/coding-scheme/external/party-id-MEI-1-0">JPM001011</partyId>
  <country countryScheme="http://www.fpml.org/coding-scheme/external/iso3166">USA</country>
  <contactInfo>
    <telephone>
      <type>Work</type>
      <number>5551111111</number>
    </telephone>
    <email>seller.contact@jpmorgan.com</email>
    <address>
      <streetAddress>
        <streetLine>12345 Main Street</streetLine>
      </streetAddress>
      <city>New York</city>
      <state>NY</state>
      <country countryScheme="http://www.fpml.org/coding-scheme/external/iso3166">USA</country>
      <postalCode>10001</postalCode>
    </address>
  </contactInfo>
</party>
<party id="EatonVance">
  <partyId partyIdScheme="http://www.fpml.org/coding-scheme/external/party-id-MEI-1-0">EV1000001</partyId>
  <country countryScheme="http://www.fpml.org/coding-scheme/external/iso3166">USA</country>
  <contactInfo>
    <telephone>
      <type>Work</type>
      <number>5552222222</number>
    </telephone>
    <email>buyer.contact@eatonvance.com</email>
    <address>
      <streetAddress>
        <streetLine>6789 Main Street</streetLine>
      </streetAddress>
      <city>New York</city>
      <state>NY</state>
      <country countryScheme="http://www.fpml.org/coding-scheme/external/iso3166">USA</country>
      <postalCode>10001</postalCode>
    </address>
  </contactInfo>
</party>
<party id="Amazon">
  <partyId partyIdScheme="http://www.fpml.org/coding-scheme/external/party-id-MEI-1-0">AMZ1111111</partyId>
  <country countryScheme="http://www.fpml.org/coding-scheme/external/iso3166">USA</country>
  <contactInfo>
    <telephone>
      <type>Work</type>
      <number>5553333333</number>
    </telephone>
    <email>borrower.contact@amazon.com</email>
    <address>
      <streetAddress>
        <streetLine>1111 Main Street</streetLine>
      </streetAddress>
      <city>New York</city>
      <state>NY</state>
      <country countryScheme="http://www.fpml.org/coding-scheme/external/iso3166">USA</country>
      <postalCode>10001</postalCode>
    </address>
  </contactInfo>
</party>
<party id="SeniorLoanFundI">
  <partyId partyIdScheme="http://www.fpml.org/coding-scheme/external/party-id-MEI-1-0">SLFI100000</partyId>
  <country countryScheme="http://www.fpml.org/coding-scheme/external/iso3166">USA</country>
  <contactInfo>
    <telephone>
      <type>Work</type>
      <number>5555555555</number>
    </telephone>
    <email>allocation.contact@seniorloanfundi.com</email>
    <address>
      <streetAddress>
        <streetLine>5555 Main Street</streetLine>
      </streetAddress>
      <city>New York</city>
      <state>NY</state>
      <country countryScheme="http://www.fpml.org/coding-scheme/external/iso3166">USA</country>
      <postalCode>10001</postalCode>
    </address>
  </contactInfo>
</party>
<party id="SeniorLoanFundII">
  <partyId partyIdScheme="http://www.fpml.org/coding-scheme/external/party-id-MEI-1-0">SLFII100000</partyId>
  <country countryScheme="http://www.fpml.org/coding-scheme/external/iso3166">USA</country>
  <contactInfo>
    <telephone>
      <type>Work</type>
      <number>5556666666</number>
    </telephone>
    <email>allocation.contact@seniorloanfundii.com</email>
    <address>
      <streetAddress>
        <streetLine>6666 Main Street</streetLine>
      </streetAddress>
      <city>New York</city>
      <state>NY</state>
      <country countryScheme="http://www.fpml.org/coding-scheme/external/iso3166">USA</country>
      <postalCode>10001</postalCode>
    </address>
  </contactInfo>
</party>
<party id="CLO2017-A">
  <partyId partyIdScheme="http://www.fpml.org/coding-scheme/external/party-id-MEI-1-0">CLO2017A111</partyId>
  <country countryScheme="http://www.fpml.org/coding-scheme/external/iso3166">USA</country>
  <contactInfo>
    <telephone>
      <type>Work</type>
      <number>5557777777</number>
    </telephone>
    <email>allocation.contact@clo2017a.com</email>
    <address>
      <streetAddress>
        <streetLine>7777 Main Street</streetLine>
      </streetAddress>
      <city>New York</city>
      <state>NY</state>
      <country countryScheme="http://www.fpml.org/coding-scheme/external/iso3166">USA</country>
      <postalCode>10001</postalCode>
    </address>
  </contactInfo>
</party>
</loanAllocationNotification>

