<?xml version="1.0" encoding="utf-8"?>
<!--View is confirmation-->
<!--Version is 5-11-->
<!--NS is http://www.fpml.org/FpML-5/confirmation-->
<!--
        == Copyright (c) 2014- All rights reserved.
        == Financial Products Markup Language is subject to the FpML public license.
        == A copy of this license is available at http://www.fpml.org/license/license.html
-->
<!--
Rollover event notifications provide a means for agent banks to communicate floating rate margin resets and/or re-definitions of the way 
in which outstanding contracts are structured. For example:
        - Borrowers can manipulate debt allocation across various contract types.
        - Certain contracts periodically reset (rate-wise).
        - Underlying balances may shift.
Rollovers can be used to represent any/all of the above.

This example represents a:
        - LIBOR contract repricing
        - LIBOR contract interest payment
        - part of the LIBOR loan repays
        - remaining LIBOR contract rolls over
-->
<loanContractNotification xmlns="http://www.fpml.org/FpML-5/confirmation" fpmlVersion="5-11">461378 US2A432121 US5L567878 2013-10-21T09:30:47Z BKLoanSys 1.0 2012-12-06 false 2014-11-12 false 64100 RolloverGroup12 64100 64125 85124 2014-08-29 NC5678 2014-08-29 USD 28660000.00 2014-09-30 51245 ACT/360 USD-LIBOR-LIBO 0.03 2014-08-29 2014-09-30 30 2014-09-03 F123999REV Revolver CC1234 2014-07-31 USD 29210000.00 US2A432121 US3B789454 US4C147258 US5L567878 US6G852363 
<header>
<!-- No message id in the original notice -->
  <messageId messageIdScheme="http://www.bankofagentsna.com/messaging/messageids">461378</messageId>
<!-- Not sure of this content? -->
  <sentBy messageAddressScheme="http://www.loanmarketdirectory.com/external/schemes/MEI">US2A432121</sentBy>
  <sendTo messageAddressScheme="http://www.loanmarketdirectory.com/external/schemes/MEI">US5L567878</sendTo>
  <creationTimestamp>2013-10-21T09:30:47Z</creationTimestamp>
  <implementationSpecification>
    <name>BKLoanSys</name>
    <version implementationSpecificationVersionScheme="http://www.bkloansys.com/">1.0</version>
    <date>2012-12-06</date>
  </implementationSpecification>
</header>
<isCorrection>false</isCorrection>
<noticeDate>2014-11-12</noticeDate>
<isGlobalOnly>false</isGlobalOnly>
<!-- The notice provides no details of the maturing prime contract but the assumption is that this is the same notional as the new contract. -->
<!-- There is nothing in the notice itself to illustrate the fact that the maturing contract is a PRIME contract. Not sure that we care...? -->
<rollover>
  <eventIdentifier>
    <partyReference href="BANKOFAGENTSNA" />
<!-- LN88 No event id provided in the notice -->
    <eventId eventIdScheme="http://www.bankofagentsna.com/messaging/eventids">64100</eventId>
  </eventIdentifier>
  <parentEventIdentifier>
    <partyReference href="BANKOFAGENTSNA" />
    <eventId>RolloverGroup12</eventId>
    <childEventIdentifier>
      <partyReference href="BANKOFAGENTSNA" />
      <eventId>64100</eventId>
    </childEventIdentifier>
    <childEventIdentifier>
      <partyReference href="BANKOFAGENTSNA" />
      <eventId>64125</eventId>
    </childEventIdentifier>
    <childEventIdentifier>
      <partyReference href="BANKOFAGENTSNA" />
      <eventId>85124</eventId>
    </childEventIdentifier>
  </parentEventIdentifier>
  <effectiveDate>2014-08-29</effectiveDate>
  <currentContracts>
    <loanContractReference href="CONT12345" />
  </currentContracts>
  <newContracts>
    <contract>
      <identifier id="CONT67890">
        <partyReference href="BANKOFAGENTSNA" />
        <contractId contractIdScheme="http://www.bankofagentsna.com/messaging/contractids">NC5678</contractId>
        <facilityReference href="FAC54321" />
      </identifier>
      <effectiveDate>2014-08-29</effectiveDate>
      <borrowerPartyReference href="BORROWERINC" />
      <amount>
        <currency currencyScheme="http://www.fpml.org/coding-scheme/external/iso4217-2001-08-15">USD</currency>
        <amount>28660000.00</amount>
      </amount>
      <repricingDate>2014-09-30</repricingDate>
      <floatingRateAccrual>
        <accrualOptionId accrualTypeIdScheme="http://www.bankofagentsna.com/messaging/accrualtypeids">51245</accrualOptionId>
<!-- Dummy values. Day count, LIBOR type etc. not provided. -->
        <dayCountFraction dayCountFractionScheme="http://www.fpml.org/coding-scheme/day-count-fraction">ACT/360</dayCountFraction>
        <floatingRateIndex floatingRateIndexScheme="http://www.fpml.org/coding-scheme/floating-rate-index">USD-LIBOR-LIBO</floatingRateIndex>
<!-- Spread not provided on the notice, but can we assume it will be? -->
        <spread>0.03</spread>
        <startDate>2014-08-29</startDate>
        <endDate>2014-09-30</endDate>
<!-- Number of days not provided on the original notice -->
        <numberOfDays>30</numberOfDays>
<!-- Rate is not yet fixed -->
<!-- The rate fixing date is BEFORE the notice date (on the example). Assume this is a typo on the original notice? -->
        <rateFixingDate>2014-09-03</rateFixingDate>
      </floatingRateAccrual>
    </contract>
  </newContracts>
</rollover>
<facilityIdentifier id="FAC54321">
  <instrumentId instrumentIdScheme="http://www.cusip.com/">F123999REV</instrumentId>
  <description>Revolver</description>
</facilityIdentifier>
<contractSummary>
  <identifier id="CONT12345">
    <partyReference href="BANKOFAGENTSNA" />
    <contractId contractIdScheme="http://www.bankofagentsna.com/messaging/contractids">CC1234</contractId>
    <facilityReference href="FAC54321" />
  </identifier>
<!-- Not provided on the notice but deduced from the interest payment period -->
  <effectiveDate>2014-07-31</effectiveDate>
  <borrowerPartyReference href="BORROWERINC" />
  <amount>
    <currency currencyScheme="http://www.fpml.org/coding-scheme/external/iso4217-2001-08-15">USD</currency>
    <amount>29210000.00</amount>
  </amount>
</contractSummary>
<party id="BANKOFAGENTSNA">
  <partyId partyIdScheme="http://www.loanmarketdirectory.com/external/schemes/MEI">US2A432121</partyId>
</party>
<party id="BORROWERINC">
  <partyId partyIdScheme="http://www.loanmarketdirectory.com/external/schemes/MEI">US3B789454</partyId>
</party>
<party id="COBORROWERINC">
  <partyId partyIdScheme="http://www.loanmarketdirectory.com/external/schemes/MEI">US4C147258</partyId>
</party>
<party id="LENDERCORP">
  <partyId partyIdScheme="http://www.loanmarketdirectory.com/external/schemes/MEI">US5L567878</partyId>
</party>
<party id="GUARANTORPARTNERSLLC">
  <partyId partyIdScheme="http://www.loanmarketdirectory.com/external/schemes/MEI">US6G852363</partyId>
</party>
</loanContractNotification>

