<?xml version="1.0" encoding="utf-8"?>
<!--View is confirmation-->
<!--Version is 5-11-->
<!--NS is http://www.fpml.org/FpML-5/confirmation-->
<!--
        == Copyright (c) 2014- All rights reserved.
        == Financial Products Markup Language is subject to the FpML public license.
        == A copy of this license is available at http://www.fpml.org/license/license.html
-->
<!--
Rollover event notifications provide a means for agent banks to communicate floating rate margin resets and/or re-definitions of the way 
in which outstanding contracts are structured. For example:
        - Borrowers can manipulate debt allocation across various contract types.
        - Certain contracts periodically reset (rate-wise).
        - Underlying balances may shift.
Rollovers can be used to represent any/all of the above.

This example represents a:
        - single ABR contract rolling over
-->
<loanContractNotification xmlns="http://www.fpml.org/FpML-5/confirmation" fpmlVersion="5-11">448794 US2A432121 US5L567878 2013-10-21T09:30:47Z BKLoanSys 1.0 2012-12-06 false 2013-09-30 false 67300 RolloverGroup4 67300 67342 2013-09-30 99654 2013-09-30 USD 4000000.00 1085714.29 2013-12-31 51485 30/360 USD-LIBOR-LIBO 3 M 0.01 2013-09-30 2013-12-31 92 2013-09-26 F123452TLA Term Loan A 2013-07-31 USD 4000000 59714285.71 CC1234 2013-08-15 USD 4000000.00 1085714.29 US2A432121 Investor Relations Work 302-894-6010 Fax 212-994-0961 global.loans.support@bankofagents.com 2 Penns Way, Suite 100 New Castle DE US 19720 US3B789454 US4C147258 US5L567878 US6G852363 
<header>
<!-- No message id in the original notice -->
  <messageId messageIdScheme="http://www.bankofagentsna.com/messaging/messageids">448794</messageId>
<!-- Not sure of this content? -->
  <sentBy messageAddressScheme="http://www.loanmarketdirectory.com/external/schemes/MEI">US2A432121</sentBy>
  <sendTo messageAddressScheme="http://www.loanmarketdirectory.com/external/schemes/MEI">US5L567878</sendTo>
  <creationTimestamp>2013-10-21T09:30:47Z</creationTimestamp>
  <implementationSpecification>
    <name>BKLoanSys</name>
    <version implementationSpecificationVersionScheme="http://www.bkloansys.com/">1.0</version>
    <date>2012-12-06</date>
  </implementationSpecification>
</header>
<isCorrection>false</isCorrection>
<noticeDate>2013-09-30</noticeDate>
<isGlobalOnly>false</isGlobalOnly>
<rollover>
  <eventIdentifier>
    <partyReference href="BANKOFAGENTSNA" />
    <eventId eventIdScheme="http://www.bankofagentsna.com/messaging/eventids">67300</eventId>
  </eventIdentifier>
  <parentEventIdentifier>
    <partyReference href="BANKOFAGENTSNA" />
    <eventId>RolloverGroup4</eventId>
    <childEventIdentifier>
      <partyReference href="BANKOFAGENTSNA" />
      <eventId>67300</eventId>
    </childEventIdentifier>
    <childEventIdentifier>
      <partyReference href="BANKOFAGENTSNA" />
      <eventId>67342</eventId>
    </childEventIdentifier>
  </parentEventIdentifier>
  <effectiveDate>2013-09-30</effectiveDate>
  <currentContracts>
    <loanContractReference href="CONT12345" />
  </currentContracts>
  <newContracts>
    <contract>
      <identifier id="CONT67890">
        <partyReference href="BANKOFAGENTSNA" />
        <contractId contractIdScheme="http://www.bankofagentsna.com/messaging/contractids">99654</contractId>
        <facilityReference href="FAC12345" />
      </identifier>
      <effectiveDate>2013-09-30</effectiveDate>
      <borrowerPartyReference href="BORROWERINC" />
      <amount>
        <currency currencyScheme="http://www.fpml.org/coding-scheme/external/iso4217-2001-08-15">USD</currency>
        <amount>4000000.00</amount>
        <shareAmount>1085714.29</shareAmount>
      </amount>
<!-- The notice provide the number of days associated with the loan contract. Should we have something here to represent that? -->
<!-- Note that the number of days are actually defined in the accrual period itself - maybe we don't need it in both locations? -->
      <maturityDate>2013-12-31</maturityDate>
      <floatingRateAccrual>
        <accrualOptionId accrualTypeIdScheme="http://www.bankofagentsna.com/messaging/accrualtypeids">51485</accrualOptionId>
<!-- Dummy values. Day count, LIBOR type etc. not provided. -->
        <dayCountFraction dayCountFractionScheme="http://www.fpml.org/coding-scheme/day-count-fraction">30/360</dayCountFraction>
        <floatingRateIndex floatingRateIndexScheme="http://www.fpml.org/coding-scheme/floating-rate-index">USD-LIBOR-LIBO</floatingRateIndex>
        <indexTenor>
          <periodMultiplier>3</periodMultiplier>
          <period>M</period>
        </indexTenor>
<!-- Spread not provided on the notice, but can we assume it will be? -->
        <spread>0.01</spread>
        <startDate>2013-09-30</startDate>
        <endDate>2013-12-31</endDate>
        <numberOfDays>92</numberOfDays>
<!-- Rate is not yet fixed -->
<!-- The rate fixing date is BEFORE the notice date (on the example). Assume this is a typo on the original notice? -->
        <rateFixingDate>2013-09-26</rateFixingDate>
      </floatingRateAccrual>
    </contract>
  </newContracts>
</rollover>
<facilitySummary id="FAC12345">
  <instrumentId instrumentIdScheme="http://www.cusip.com/">F123452TLA</instrumentId>
  <description>Term Loan A</description>
  <borrowerPartyReference href="BORROWERINC" />
  <agentPartyReference href="BANKOFAGENTSNA" />
  <startDate>2013-07-31</startDate>
  <currentCommitment>
    <totalCommitmentAmount>
      <currency currencyScheme="http://www.fpml.org/coding-scheme/external/iso4217-2001-08-15">USD</currency>
<!-- LN88 Was blanked out in the notice, placeholder amount -->
<!-- LN88 Actually not sure if the XX.XX amount in the notice refers to the original or the current commitment? -->
<!-- LN88 Making an assumption that the single contract represents the full commitment amount on the facility -->
      <amount>4000000</amount>
<!-- LN88 Not provided in the original notice (assumption as above) -->
      <shareAmount>59714285.71</shareAmount>
    </totalCommitmentAmount>
  </currentCommitment>
</facilitySummary>
<contractSummary>
  <identifier id="CONT12345">
    <partyReference href="BANKOFAGENTSNA" />
    <contractId contractIdScheme="http://www.bankofagentsna.com/messaging/contractids">CC1234</contractId>
    <facilityReference href="FAC12345" />
  </identifier>
  <effectiveDate>2013-08-15</effectiveDate>
  <borrowerPartyReference href="BORROWERINC" />
  <amount>
    <currency currencyScheme="http://www.fpml.org/coding-scheme/external/iso4217-2001-08-15">USD</currency>
    <amount>4000000.00</amount>
    <shareAmount>1085714.29</shareAmount>
  </amount>
</contractSummary>
<party id="BANKOFAGENTSNA">
  <partyId partyIdScheme="http://www.loanmarketdirectory.com/external/schemes/MEI">US2A432121</partyId>
  <businessUnit>
    <name>Investor Relations</name>
    <contactInfo>
      <telephone>
        <type>Work</type>
        <number>302-894-6010</number>
      </telephone>
      <telephone>
        <type>Fax</type>
        <number>212-994-0961</number>
      </telephone>
      <email>global.loans.support@bankofagents.com</email>
      <address>
        <streetAddress>
          <streetLine>2 Penns Way, Suite 100</streetLine>
        </streetAddress>
        <city>New Castle</city>
        <state>DE</state>
        <country>US</country>
        <postalCode>19720</postalCode>
      </address>
    </contactInfo>
  </businessUnit>
</party>
<party id="BORROWERINC">
  <partyId partyIdScheme="http://www.loanmarketdirectory.com/external/schemes/MEI">US3B789454</partyId>
</party>
<party id="COBORROWERINC">
  <partyId partyIdScheme="http://www.loanmarketdirectory.com/external/schemes/MEI">US4C147258</partyId>
</party>
<party id="LENDERCORP">
  <partyId partyIdScheme="http://www.loanmarketdirectory.com/external/schemes/MEI">US5L567878</partyId>
</party>
<party id="GUARANTORPARTNERSLLC">
  <partyId partyIdScheme="http://www.loanmarketdirectory.com/external/schemes/MEI">US6G852363</partyId>
</party>
</loanContractNotification>

