<?xml version="1.0" encoding="utf-8"?>
<!--View is confirmation-->
<!--Version is 5-11-->
<!--NS is http://www.fpml.org/FpML-5/confirmation-->
<!--
        == Copyright (c) 2014- All rights reserved.
        == Financial Products Markup Language is subject to the FpML public license.
        == A copy of this license is available at http://www.fpml.org/license/license.html
-->
<!--
Rollover event notifications provide a means for agent banks to communicate floating rate margin resets and/or re-definitions of the way 
in which outstanding contracts are structured. For example:
        - Borrowers can manipulate debt allocation across various contract types.
        - Certain contracts periodically reset (rate-wise).
        - Underlying balances may shift.
Rollovers can be used to represent any/all of the above.

This example represents a:
        - Single LIBOR contract repricing (maturing)
        - Interest payment on the LIBOR loan
        - The LIBOR loan is being increased as part of the rollover
-->
<loanContractNotification xmlns="http://www.fpml.org/FpML-5/confirmation" fpmlVersion="5-11">715439 US2A432121 US5L567878 2013-10-21T09:30:47Z BKLoanSys 1.0 2012-12-06 false 2014-01-14 false 73400 RolloverGroup10 73400 73472 62956 61948 2013-09-30 NC5678 2013-09-30 USD 786000000.00 17649301.81 2013-10-31 51962 ACT/360 USD-LIBOR-LIBO 0.025 2013-09-30 2013-10-31 30 2013-09-30 0.0018 0.0268 2013-10-31 USD 1813913.33 40730.67 NC8765 2013-09-30 USD 314000000.00 7050738.89 2013-10-31 51962 ACT/360 USD-LIBOR-LIBO 0.025 2013-09-30 2013-10-31 30 2013-09-30 0.0018 0.0268 2013-10-31 USD 724642.22 16271.54 NC7654 2013-09-30 USD 10000000.00 224545.83 63425 ACT/360 USD-Prime-Reference Banks 0.00 2013-09-30 2013-10-31 30 F123999REV Revolver 2013-01-01 USD 1110000000.00 24924586.53 CC1234 2013-08-30 USD 786000000.00 17649301.81 CC4321 2013-08-30 USD 324000000.00 7275284.72 US2A432121 US3B789454 US4C147258 US5L567878 US6G852363 
<header>
<!-- No message id in the original notice -->
  <messageId messageIdScheme="http://www.bankofagentsna.com/messaging/messageids">715439</messageId>
<!-- Not sure of this content? -->
  <sentBy messageAddressScheme="http://www.loanmarketdirectory.com/external/schemes/MEI">US2A432121</sentBy>
  <sendTo messageAddressScheme="http://www.loanmarketdirectory.com/external/schemes/MEI">US5L567878</sendTo>
  <creationTimestamp>2013-10-21T09:30:47Z</creationTimestamp>
  <implementationSpecification>
    <name>BKLoanSys</name>
    <version implementationSpecificationVersionScheme="http://www.bkloansys.com/">1.0</version>
    <date>2012-12-06</date>
  </implementationSpecification>
</header>
<isCorrection>false</isCorrection>
<noticeDate>2014-01-14</noticeDate>
<isGlobalOnly>false</isGlobalOnly>
<rollover>
  <eventIdentifier>
    <partyReference href="BANKOFAGENTSNA" />
<!-- LN88 No event id provided in the notice -->
    <eventId eventIdScheme="http://www.bankofagentsna.com/messaging/eventids">73400</eventId>
  </eventIdentifier>
  <parentEventIdentifier>
    <partyReference href="BANKOFAGENTSNA" />
    <eventId>RolloverGroup10</eventId>
    <childEventIdentifier>
      <partyReference href="BANKOFAGENTSNA" />
      <eventId>73400</eventId>
    </childEventIdentifier>
    <childEventIdentifier>
      <partyReference href="BANKOFAGENTSNA" />
      <eventId>73472</eventId>
    </childEventIdentifier>
    <childEventIdentifier>
      <partyReference href="BANKOFAGENTSNA" />
      <eventId>62956</eventId>
    </childEventIdentifier>
    <childEventIdentifier>
      <partyReference href="BANKOFAGENTSNA" />
      <eventId>61948</eventId>
    </childEventIdentifier>
  </parentEventIdentifier>
  <effectiveDate>2013-09-30</effectiveDate>
  <currentContracts>
    <loanContractReference href="CONT12345" />
    <loanContractReference href="CONT54321" />
  </currentContracts>
  <newContracts>
    <contract>
      <identifier id="CONT67890">
        <partyReference href="BANKOFAGENTSNA" />
        <contractId contractIdScheme="http://www.bankofagentsna.com/messaging/contractids">NC5678</contractId>
        <facilityReference href="FAC54321" />
      </identifier>
      <effectiveDate>2013-09-30</effectiveDate>
      <borrowerPartyReference href="BORROWERINC" />
      <amount>
        <currency currencyScheme="http://www.fpml.org/coding-scheme/external/iso4217-2001-08-15">USD</currency>
        <amount>786000000.00</amount>
        <shareAmount>17649301.81</shareAmount>
      </amount>
<!-- The notice provide the number of days associated with the loan contract. Should we have something here to represent that? -->
<!-- Note that the number of days are actually defined in the accrual period itself - maybe we don't need it in both locations? -->
<!-- The example notice uses the term "repricing date" -->
      <repricingDate>2013-10-31</repricingDate>
      <floatingRateAccrual>
        <accrualOptionId accrualTypeIdScheme="http://www.bankofagentsna.com/messaging/accrualtypeids">51962</accrualOptionId>
<!-- Dummy values. Day count, LIBOR type etc. not provided. -->
        <dayCountFraction dayCountFractionScheme="http://www.fpml.org/coding-scheme/day-count-fraction">ACT/360</dayCountFraction>
        <floatingRateIndex floatingRateIndexScheme="http://www.fpml.org/coding-scheme/floating-rate-index">USD-LIBOR-LIBO</floatingRateIndex>
<!-- Spread not provided on the notice, but can we assume it will be? -->
        <spread>0.025</spread>
        <startDate>2013-09-30</startDate>
        <endDate>2013-10-31</endDate>
<!-- Number of days are not provided in the original notice -->
        <numberOfDays>30</numberOfDays>
        <rateFixingDate>2013-09-30</rateFixingDate>
        <baseRate>0.0018</baseRate>
        <allInRate>0.0268</allInRate>
        <paymentProjection>
          <nextPaymentDate>2013-10-31</nextPaymentDate>
          <projectedAmount>
            <currency currencyScheme="http://www.fpml.org/coding-scheme/external/iso4217-2001-08-15">USD</currency>
            <amount>1813913.33</amount>
            <shareAmount>40730.67</shareAmount>
          </projectedAmount>
        </paymentProjection>
      </floatingRateAccrual>
    </contract>
    <contract>
      <identifier id="CONT09876">
        <partyReference href="BANKOFAGENTSNA" />
        <contractId contractIdScheme="http://www.bankofagentsna.com/messaging/contractids">NC8765</contractId>
        <facilityReference href="FAC54321" />
      </identifier>
      <effectiveDate>2013-09-30</effectiveDate>
      <borrowerPartyReference href="BORROWERINC" />
      <amount>
        <currency currencyScheme="http://www.fpml.org/coding-scheme/external/iso4217-2001-08-15">USD</currency>
        <amount>314000000.00</amount>
        <shareAmount>7050738.89</shareAmount>
      </amount>
<!-- The notice provide the number of days associated with the loan contract. Should we have something here to represent that? -->
<!-- Note that the number of days are actually defined in the accrual period itself - maybe we don't need it in both locations? -->
<!-- The example notice uses the term "repricing date" -->
      <repricingDate>2013-10-31</repricingDate>
      <floatingRateAccrual>
        <accrualOptionId accrualTypeIdScheme="http://www.bankofagentsna.com/messaging/accrualtypeids">51962</accrualOptionId>
<!-- Dummy values. Day count, LIBOR type etc. not provided. -->
        <dayCountFraction dayCountFractionScheme="http://www.fpml.org/coding-scheme/day-count-fraction">ACT/360</dayCountFraction>
        <floatingRateIndex floatingRateIndexScheme="http://www.fpml.org/coding-scheme/floating-rate-index">USD-LIBOR-LIBO</floatingRateIndex>
<!-- Spread not provided on the notice, but can we assume it will be? -->
        <spread>0.025</spread>
        <startDate>2013-09-30</startDate>
        <endDate>2013-10-31</endDate>
<!-- Number of days are not provided in the original notice -->
        <numberOfDays>30</numberOfDays>
        <rateFixingDate>2013-09-30</rateFixingDate>
        <baseRate>0.0018</baseRate>
        <allInRate>0.0268</allInRate>
        <paymentProjection>
          <nextPaymentDate>2013-10-31</nextPaymentDate>
          <projectedAmount>
            <currency currencyScheme="http://www.fpml.org/coding-scheme/external/iso4217-2001-08-15">USD</currency>
            <amount>724642.22</amount>
            <shareAmount>16271.54</shareAmount>
          </projectedAmount>
        </paymentProjection>
      </floatingRateAccrual>
    </contract>
    <contract>
      <identifier id="CONT76543">
        <partyReference href="BANKOFAGENTSNA" />
        <contractId contractIdScheme="http://www.bankofagentsna.com/messaging/contractids">NC7654</contractId>
        <facilityReference href="FAC54321" />
      </identifier>
      <effectiveDate>2013-09-30</effectiveDate>
      <borrowerPartyReference href="BORROWERINC" />
      <amount>
        <currency currencyScheme="http://www.fpml.org/coding-scheme/external/iso4217-2001-08-15">USD</currency>
        <amount>10000000.00</amount>
        <shareAmount>224545.83</shareAmount>
      </amount>
<!-- The notice provide the number of days associated with the loan contract. Should we have something here to represent that? -->
<!-- Note that the number of days are actually defined in the accrual period itself - maybe we don't need it in both locations? -->
<!-- The example notice uses the term "repricing date" -->
      <floatingRateAccrual>
        <accrualOptionId accrualTypeIdScheme="http://www.bankofagentsna.com/messaging/accrualtypeids">63425</accrualOptionId>
<!-- Dummy values. Day count, LIBOR type etc. not provided. -->
        <dayCountFraction dayCountFractionScheme="http://www.fpml.org/coding-scheme/day-count-fraction">ACT/360</dayCountFraction>
        <floatingRateIndex floatingRateIndexScheme="http://www.fpml.org/coding-scheme/floating-rate-index">USD-Prime-Reference Banks</floatingRateIndex>
<!-- Spread not provided on the notice, but can we assume it will be? -->
        <spread>0.00</spread>
        <startDate>2013-09-30</startDate>
        <endDate>2013-10-31</endDate>
<!-- Number of days are not provided in the original notice -->
        <numberOfDays>30</numberOfDays>
      </floatingRateAccrual>
    </contract>
  </newContracts>
</rollover>
<facilitySummary id="FAC54321">
  <instrumentId instrumentIdScheme="http://www.cusip.com/">F123999REV</instrumentId>
  <description>Revolver</description>
  <borrowerPartyReference href="BORROWERINC" />
  <agentPartyReference href="BANKOFAGENTSNA" />
<!-- Start date of the facility not provided in the original notice -->
  <startDate>2013-01-01</startDate>
  <currentCommitment>
    <totalCommitmentAmount>
      <currency currencyScheme="http://www.fpml.org/coding-scheme/external/iso4217-2001-08-15">USD</currency>
<!-- LN88 Was blanked out in the notice, placeholder amount  - sum of the outstanding contracts-->
      <amount>1110000000.00</amount>
      <shareAmount>24924586.53</shareAmount>
    </totalCommitmentAmount>
  </currentCommitment>
</facilitySummary>
<contractSummary>
  <identifier id="CONT12345">
    <partyReference href="BANKOFAGENTSNA" />
    <contractId contractIdScheme="http://www.bankofagentsna.com/messaging/contractids">CC1234</contractId>
    <facilityReference href="FAC54321" />
  </identifier>
<!-- Not provided on the notice but deduced from the interest payment period -->
  <effectiveDate>2013-08-30</effectiveDate>
  <borrowerPartyReference href="BORROWERINC" />
  <amount>
    <currency currencyScheme="http://www.fpml.org/coding-scheme/external/iso4217-2001-08-15">USD</currency>
    <amount>786000000.00</amount>
    <shareAmount>17649301.81</shareAmount>
  </amount>
</contractSummary>
<contractSummary>
  <identifier id="CONT54321">
    <partyReference href="BANKOFAGENTSNA" />
    <contractId contractIdScheme="http://www.bankofagentsna.com/messaging/contractids">CC4321</contractId>
    <facilityReference href="FAC54321" />
  </identifier>
<!-- Not provided on the notice but deduced from the interest payment period -->
  <effectiveDate>2013-08-30</effectiveDate>
  <borrowerPartyReference href="BORROWERINC" />
  <amount>
    <currency currencyScheme="http://www.fpml.org/coding-scheme/external/iso4217-2001-08-15">USD</currency>
    <amount>324000000.00</amount>
    <shareAmount>7275284.72</shareAmount>
  </amount>
</contractSummary>
<party id="BANKOFAGENTSNA">
  <partyId partyIdScheme="http://www.loanmarketdirectory.com/external/schemes/MEI">US2A432121</partyId>
</party>
<party id="BORROWERINC">
  <partyId partyIdScheme="http://www.loanmarketdirectory.com/external/schemes/MEI">US3B789454</partyId>
</party>
<party id="COBORROWERINC">
  <partyId partyIdScheme="http://www.loanmarketdirectory.com/external/schemes/MEI">US4C147258</partyId>
</party>
<party id="LENDERCORP">
  <partyId partyIdScheme="http://www.loanmarketdirectory.com/external/schemes/MEI">US5L567878</partyId>
</party>
<party id="GUARANTORPARTNERSLLC">
  <partyId partyIdScheme="http://www.loanmarketdirectory.com/external/schemes/MEI">US6G852363</partyId>
</party>
</loanContractNotification>

