<?xml version="1.0" encoding="utf-8"?>
<!--View is confirmation-->
<!--Version is 5-11-->
<!--NS is http://www.fpml.org/FpML-5/confirmation-->
<!--
        == Copyright (c) 2014- All rights reserved.
        == Financial Products Markup Language is subject to the FpML public license.
        == A copy of this license is available at http://www.fpml.org/license/license.html
-->
<!--
Rollover event notifications provide a means for agent banks to communicate floating rate margin resets and/or re-definitions of the way 
in which outstanding contracts are structured. For example:
        - Borrowers can manipulate debt allocation across various contract types.
        - Certain contracts periodically reset (rate-wise).
        - Underlying balances may shift.
Rollovers can be used to represent any/all of the above.

This example represents a:
        - consolidation of two LIBOR contracts into a single LIBOR contract
        - interest payments against each existing contract
-->
<loanContractNotification xmlns="http://www.fpml.org/FpML-5/confirmation" fpmlVersion="5-11">449977 US2A432121 US5L567878 2013-10-21T09:30:47Z BKLoanSys 1.0 2012-12-06 false 2009-07-13 false 67562 RolloverGroup5 67301 67562 65228 USD 722.55 USD 0.00 2009-07-15 2009-06-15 2009-07-15 ContractPositionThruPeriod USD 1000000.00 722.55 2009-06-15 2009-07-15 30 USD 500000000.00 1294117.64 0.0067 USD 500000.00 722.55 F123452TLA Term Loan A 2008-12-05 USD 209000000 59714285.71 CC4321 US2A432121 Investor Relations 2 Penns Way, Suite 100 New Castle DE US 19720 US3B789454 US4C147258 US5L567878 US6G852363 
<header>
<!-- No message id in the original notice -->
  <messageId messageIdScheme="http://www.bankofagentsna.com/messaging/messageids">449977</messageId>
<!-- Not sure of this content? -->
  <sentBy messageAddressScheme="http://www.loanmarketdirectory.com/external/schemes/MEI">US2A432121</sentBy>
  <sendTo messageAddressScheme="http://www.loanmarketdirectory.com/external/schemes/MEI">US5L567878</sendTo>
  <creationTimestamp>2013-10-21T09:30:47Z</creationTimestamp>
  <implementationSpecification>
    <name>BKLoanSys</name>
    <version implementationSpecificationVersionScheme="http://www.bkloansys.com/">1.0</version>
    <date>2012-12-06</date>
  </implementationSpecification>
</header>
<isCorrection>false</isCorrection>
<noticeDate>2009-07-13</noticeDate>
<isGlobalOnly>false</isGlobalOnly>
<interestPayment>
  <eventIdentifier>
    <partyReference href="BANKOFAGENTSNA" />
<!-- LN88 No event id provided in the notice -->
    <eventId eventIdScheme="http://www.bankofagentsna.com/messaging/eventids">67562</eventId>
  </eventIdentifier>
  <parentEventIdentifier>
    <partyReference href="BANKOFAGENTSNA" />
    <eventId>RolloverGroup5</eventId>
    <childEventIdentifier>
      <partyReference href="BANKOFAGENTSNA" />
      <eventId>67301</eventId>
    </childEventIdentifier>
    <childEventIdentifier>
      <partyReference href="BANKOFAGENTSNA" />
      <eventId>67562</eventId>
    </childEventIdentifier>
    <childEventIdentifier>
      <partyReference href="BANKOFAGENTSNA" />
      <eventId>65228</eventId>
    </childEventIdentifier>
  </parentEventIdentifier>
  <lenderPartyReference href="LENDERCORP" />
  <cashPayable>
    <payerPartyReference href="BANKOFAGENTSNA" />
    <receiverPartyReference href="LENDERCORP" />
    <netAmount>
      <currency currencyScheme="http://www.fpml.org/coding-scheme/external/iso4217-2001-08-15">USD</currency>
      <amount>722.55</amount>
    </netAmount>
    <taxWithholding>
      <amount>
        <currency currencyScheme="http://www.fpml.org/coding-scheme/external/iso4217-2001-08-15">USD</currency>
        <amount>0.00</amount>
      </amount>
    </taxWithholding>
  </cashPayable>
  <agentPartyReference href="BANKOFAGENTSNA" />
  <borrowerPartyReference href="LENDERCORP" />
  <effectiveDate>2009-07-15</effectiveDate>
  <loanContractReference href="CONT12345" />
  <startDate>2009-06-15</startDate>
  <endDate>2009-07-15</endDate>
  <calculationMethod>ContractPositionThruPeriod</calculationMethod>
  <amount>
    <currency currencyScheme="http://www.fpml.org/coding-scheme/external/iso4217-2001-08-15">USD</currency>
<!-- Dummy amount. The global interest payment amount was not provided - need to agree that it MUST be, for future notices -->
    <amount>1000000.00</amount>
    <shareAmount>722.55</shareAmount>
  </amount>
<!-- The accrual schedule details on the notice provide the day count also. We assume it from the existing contract details (accrual period). -->
  <accrualSchedule>
    <startDate>2009-06-15</startDate>
    <endDate>2009-07-15</endDate>
    <numberOfDays>30</numberOfDays>
    <referenceAmount>
      <currency currencyScheme="http://www.fpml.org/coding-scheme/external/iso4217-2001-08-15">USD</currency>
<!-- Dummy amount. The global underlying contract amount was NOT provided in the schedule. It is now required. -->
      <amount>500000000.00</amount>
      <shareAmount>1294117.64</shareAmount>
    </referenceAmount>
    <rate>0.0067</rate>
    <accrualAmount>
      <currency currencyScheme="http://www.fpml.org/coding-scheme/external/iso4217-2001-08-15">USD</currency>
<!-- Dummy amount. The global interest amount was NOT provided in the schedule. It is now required. -->
      <amount>500000.00</amount>
      <shareAmount>722.55</shareAmount>
    </accrualAmount>
  </accrualSchedule>
</interestPayment>
<facilitySummary id="FAC12345">
  <instrumentId instrumentIdScheme="http://www.cusip.com/">F123452TLA</instrumentId>
  <description>Term Loan A</description>
  <borrowerPartyReference href="BORROWERINC" />
  <agentPartyReference href="BANKOFAGENTSNA" />
  <startDate>2008-12-05</startDate>
  <currentCommitment>
    <totalCommitmentAmount>
      <currency currencyScheme="http://www.fpml.org/coding-scheme/external/iso4217-2001-08-15">USD</currency>
<!-- LN88 Was blanked out in the notice, placeholder amount -->
<!-- LN88 Actually not sure if the XX.XX amount in the notice refers to the original or the current commitment? -->
<!-- LN88 Making an assumption that the single contract represents the full commitment amount on the facility -->
      <amount>209000000</amount>
<!-- LN88 Not provided in the original notice (assumption as above) -->
      <shareAmount>59714285.71</shareAmount>
    </totalCommitmentAmount>
  </currentCommitment>
</facilitySummary>
<contractIdentifier id="CONT12345">
  <partyReference href="BANKOFAGENTSNA" />
  <contractId contractIdScheme="http://www.bankofagentsna.com/messaging/contractids">CC4321</contractId>
  <facilityReference href="FAC12345" />
</contractIdentifier>
<party id="BANKOFAGENTSNA">
  <partyId partyIdScheme="http://www.loanmarketdirectory.com/external/schemes/MEI">US2A432121</partyId>
  <businessUnit>
    <name>Investor Relations</name>
    <contactInfo>
      <address>
        <streetAddress>
          <streetLine>2 Penns Way, Suite 100</streetLine>
        </streetAddress>
        <city>New Castle</city>
        <state>DE</state>
        <country>US</country>
        <postalCode>19720</postalCode>
      </address>
    </contactInfo>
  </businessUnit>
</party>
<party id="BORROWERINC">
  <partyId partyIdScheme="http://www.loanmarketdirectory.com/external/schemes/MEI">US3B789454</partyId>
</party>
<party id="COBORROWERINC">
  <partyId partyIdScheme="http://www.loanmarketdirectory.com/external/schemes/MEI">US4C147258</partyId>
</party>
<party id="LENDERCORP">
  <partyId partyIdScheme="http://www.loanmarketdirectory.com/external/schemes/MEI">US5L567878</partyId>
</party>
<party id="GUARANTORPARTNERSLLC">
  <partyId partyIdScheme="http://www.loanmarketdirectory.com/external/schemes/MEI">US6G852363</partyId>
</party>
</loanContractNotification>

