<?xml version="1.0" encoding="utf-8"?>
<!--View is confirmation-->
<!--Version is 5-11-->
<!--NS is http://www.fpml.org/FpML-5/confirmation-->
<!--
        == Copyright (c) 2014- All rights reserved.
        == Financial Products Markup Language is subject to the FpML public license.
        == A copy of this license is available at http://www.fpml.org/license/license.html
-->
<loanAllocationNotification xmlns="http://www.fpml.org/FpML-5/confirmation" fpmlVersion="5-11">SentMessageID7 EatonVance JPMorganChase 2017-09-18T09:30:47Z LoanFpML v5.11 2017-09-10 false 2017-09-18 Buyer EVENT2 Senior Loan Fund I 2017-09-21 2 18:00:00-04:00 EVENT3 Senior Loan Fund II 2017-09-21 2 18:00:00-04:00 EVENT4 CLO 2017-A 2017-09-21 2 18:00:00-04:00 ALLOC1 ALLOC2 ALLOC3 TN001 USD 5000000 Secondary Loan Trade CUSIP0001 USD 1BN Term Loan B 2015-01-01 2020-01-01 USD 1000000000 5000000 JPM001011 USA Work 5551111111 seller.contact@jpmorgan.com 12345 Main Street New York NY USA 10001 EV1000001 USA Work 5552222222 buyer.contact@eatonvance.com 6789 Main Street New York NY USA 10001 AMZ1111111 USA Work 5553333333 borrower.contact@amazon.com 1111 Main Street New York NY USA 10001 JPM001011 JPMorganChase USA Work 5554444444 agent.contact@jpmorgan.com 12345 Main Street New York NY USA 10001 
<header>
  <messageId messageIdScheme="http://www.company.com/messageIdScheme">SentMessageID7</messageId>
  <sentBy messageAddressScheme="http://www.company.com/messageAddressScheme">EatonVance</sentBy>
  <sendTo messageAddressScheme="http://www.company.com/messageAddressScheme">JPMorganChase</sendTo>
  <creationTimestamp>2017-09-18T09:30:47Z</creationTimestamp>
  <implementationSpecification>
    <name>LoanFpML</name>
    <version implementationSpecificationVersionScheme="http://www.company.com/implementationSpecificationVersion">v5.11</version>
    <date>2017-09-10</date>
  </implementationSpecification>
</header>
<isCorrection>false</isCorrection>
<noticeDate>2017-09-18</noticeDate>
<partyReference href="EatonVance" />
<role tradingPartyRoleScheme="http://www.company.com/tradingPartyRoleScheme">Buyer</role>
<loanAllocationSettlementDateAvailability>
  <eventIdentifier>
    <partyReference href="EatonVance" />
    <eventId eventIdScheme="http://www.company.com/eventIdScheme">EVENT2</eventId>
  </eventIdentifier>
  <comment>Senior Loan Fund I</comment>
  <allocationReference href="LoanAllocation1" />
  <onOrAfterDate>2017-09-21</onOrAfterDate>
  <leadDays>2</leadDays>
  <cutOffTime>18:00:00-04:00</cutOffTime>
</loanAllocationSettlementDateAvailability>
<loanAllocationSettlementDateAvailability>
  <eventIdentifier>
    <partyReference href="EatonVance" />
    <eventId eventIdScheme="http://www.company.com/eventIdScheme">EVENT3</eventId>
  </eventIdentifier>
  <comment>Senior Loan Fund II</comment>
  <allocationReference href="LoanAllocation2" />
  <onOrAfterDate>2017-09-21</onOrAfterDate>
  <leadDays>2</leadDays>
  <cutOffTime>18:00:00-04:00</cutOffTime>
</loanAllocationSettlementDateAvailability>
<loanAllocationSettlementDateAvailability>
  <eventIdentifier>
    <partyReference href="EatonVance" />
    <eventId eventIdScheme="http://www.company.com/eventIdScheme">EVENT4</eventId>
  </eventIdentifier>
  <comment>CLO 2017-A</comment>
  <allocationReference href="LoanAllocation3" />
  <onOrAfterDate>2017-09-21</onOrAfterDate>
  <leadDays>2</leadDays>
  <cutOffTime>18:00:00-04:00</cutOffTime>
</loanAllocationSettlementDateAvailability>
<allocationId id="LoanAllocation1">
  <partyReference href="EatonVance" />
  <tradeId tradeIdScheme="http://www.company.com/tradeIdScheme" id="AllocationID1">ALLOC1</tradeId>
  <loanTradeReference href="LoanTrade1" />
</allocationId>
<allocationId id="LoanAllocation2">
  <partyReference href="EatonVance" />
  <tradeId tradeIdScheme="http://www.company.com/tradeIdScheme" id="AllocationID2">ALLOC2</tradeId>
  <loanTradeReference href="LoanTrade1" />
</allocationId>
<allocationId id="LoanAllocation3">
  <partyReference href="EatonVance" />
  <tradeId tradeIdScheme="http://www.company.com/tradeIdScheme" id="AllocationID3">ALLOC3</tradeId>
  <loanTradeReference href="LoanTrade1" />
</allocationId>
<tradeSummary>
  <tradeIdentifier id="LoanTrade1">
    <partyReference href="JPMorganChase" />
    <tradeId tradeIdScheme="http://www.company.com/tradeIdScheme" id="TradeID1">TN001</tradeId>
  </tradeIdentifier>
  <facilityReference href="TermLoanB" />
  <amount>
    <currency currencyScheme="http://www.fpml.org/coding-scheme/currency-1-0">USD</currency>
    <amount>5000000</amount>
  </amount>
  <comment>Secondary Loan Trade</comment>
</tradeSummary>
<facilitySummary id="TermLoanB">
  <instrumentId instrumentIdScheme="http://www.fpml.org/coding-scheme/external/instrument-id-CUSIP-1-0">CUSIP0001</instrumentId>
  <description>USD 1BN Term Loan B</description>
  <borrowerPartyReference href="Amazon" />
  <agentPartyReference href="JPMorganChase" />
  <startDate>2015-01-01</startDate>
  <maturityDate>2020-01-01</maturityDate>
  <currentCommitment>
    <totalCommitmentAmount>
      <currency currencyScheme="http://www.fpml.org/coding-scheme/currency-1-0">USD</currency>
      <amount>1000000000</amount>
      <shareAmount>5000000</shareAmount>
    </totalCommitmentAmount>
  </currentCommitment>
</facilitySummary>
<party id="JPMorganChase">
  <partyId partyIdScheme="http://www.fpml.org/coding-scheme/external/party-id-MEI-1-0">JPM001011</partyId>
  <country countryScheme="http://www.fpml.org/coding-scheme/external/iso3166">USA</country>
  <contactInfo>
    <telephone>
      <type>Work</type>
      <number>5551111111</number>
    </telephone>
    <email>seller.contact@jpmorgan.com</email>
    <address>
      <streetAddress>
        <streetLine>12345 Main Street</streetLine>
      </streetAddress>
      <city>New York</city>
      <state>NY</state>
      <country countryScheme="http://www.fpml.org/coding-scheme/external/iso3166">USA</country>
      <postalCode>10001</postalCode>
    </address>
  </contactInfo>
</party>
<party id="EatonVance">
  <partyId partyIdScheme="http://www.fpml.org/coding-scheme/external/party-id-MEI-1-0">EV1000001</partyId>
  <country countryScheme="http://www.fpml.org/coding-scheme/external/iso3166">USA</country>
  <contactInfo>
    <telephone>
      <type>Work</type>
      <number>5552222222</number>
    </telephone>
    <email>buyer.contact@eatonvance.com</email>
    <address>
      <streetAddress>
        <streetLine>6789 Main Street</streetLine>
      </streetAddress>
      <city>New York</city>
      <state>NY</state>
      <country countryScheme="http://www.fpml.org/coding-scheme/external/iso3166">USA</country>
      <postalCode>10001</postalCode>
    </address>
  </contactInfo>
</party>
<party id="Amazon">
  <partyId partyIdScheme="http://www.fpml.org/coding-scheme/external/party-id-MEI-1-0">AMZ1111111</partyId>
  <country countryScheme="http://www.fpml.org/coding-scheme/external/iso3166">USA</country>
  <contactInfo>
    <telephone>
      <type>Work</type>
      <number>5553333333</number>
    </telephone>
    <email>borrower.contact@amazon.com</email>
    <address>
      <streetAddress>
        <streetLine>1111 Main Street</streetLine>
      </streetAddress>
      <city>New York</city>
      <state>NY</state>
      <country countryScheme="http://www.fpml.org/coding-scheme/external/iso3166">USA</country>
      <postalCode>10001</postalCode>
    </address>
  </contactInfo>
</party>
<party id="AgentParty">
  <partyId partyIdScheme="http://www.fpml.org/coding-scheme/external/party-id-MEI-1-0">JPM001011</partyId>
  <partyName partyNameScheme="http://www.company.com/partyNameScheme">JPMorganChase</partyName>
  <country countryScheme="http://www.fpml.org/coding-scheme/external/iso3166">USA</country>
  <contactInfo>
    <telephone>
      <type>Work</type>
      <number>5554444444</number>
    </telephone>
    <email>agent.contact@jpmorgan.com</email>
    <address>
      <streetAddress>
        <streetLine>12345 Main Street</streetLine>
      </streetAddress>
      <city>New York</city>
      <state>NY</state>
      <country countryScheme="http://www.fpml.org/coding-scheme/external/iso3166">USA</country>
      <postalCode>10001</postalCode>
    </address>
  </contactInfo>
</party>
</loanAllocationNotification>

