<?xml version="1.0" encoding="utf-8"?>
<!--View is reporting-->
<!--Version is 5-11-->
<!--NS is http://www.fpml.org/FpML-5/reporting-->
<!--
  == Copyright (c) 2014- All rights reserved.
  == Financial Products Markup Language is subject to the FpML public license.
  == A copy of this license is available at http://www.fpml.org/license/license.html
  -->
<!--View is reporting-->
<!--Version is 5-0-->
<!--NS is http://www.fpml.org/FpML-5/master-->
<!--Omit some adjustments, details of procedures, and other information not required for a report-->
<positionReport xmlns="http://www.fpml.org/FpML-5/reporting" xmlns:xsi="http://www.w3.org/2001/XMLSchema-instance" fpmlVersion="5-11" xsi:schemaLocation="http://www.fpml.org/FpML-5/reporting ../fpml-main-5-11.xsd http://www.w3.org/2000/09/xmldsig# ../xmldsig-core-schema.xsd">
  <header>
    <messageId messageIdScheme="http://www.abc.com/mid">XXX00123</messageId>
    <sentBy>ABCDUS33</sentBy>
    <sendTo>HEDGUS33</sendTo>
    <creationTimestamp>2004-08-02T15:38:00Z</creationTimestamp>
  </header>
  <asOfDate>2004-06-02</asOfDate>
  <dataSetName>Valuation</dataSetName>
<!-- CDS - single name -->
<!-- upfront fees:  is this an initial payment or an independent amount? -->
  <position>
    <positionId positionIdScheme="http://www.abc.com/positionId">123ABC</positionId>
    <reportingRoles>
      <baseParty href="hedge_global" />
    </reportingRoles>
    <constituent>
      <trade>
        <tradeHeader>
          <tradeDate>2009-08-31</tradeDate>
        </tradeHeader>
        <creditDefaultSwap>
          <productType productTypeScheme="http://www.fpml.org/coding-scheme/product-type-simple">CreditDefaultSwap</productType>
          <assetClass>Credit</assetClass>
          <generalTerms>
            <effectiveDate>
              <unadjustedDate>2009-09-01</unadjustedDate>
            </effectiveDate>
            <scheduledTerminationDate>
              <unadjustedDate>2012-06-20</unadjustedDate>
            </scheduledTerminationDate>
            <buyerPartyReference href="hedge_global" />
            <referenceInformation>
              <referenceEntity>
                <entityName>International Paper Company</entityName>
                <entityId entityIdScheme="http://www.fpml.org/spec/2003/entity-id-RED-1-0">4A615AAD0</entityId>
              </referenceEntity>
              <referenceObligation>
                <bond>
                  <instrumentId instrumentIdScheme="http://www.fpml.org/spec/2002/instrument-id-CUSIP-1-0">US460146BU61</instrumentId>
                </bond>
              </referenceObligation>
            </referenceInformation>
          </generalTerms>
          <feeLeg>
            <initialPayment>
              <paymentAmount>
                <currency>USD</currency>
                <amount>22032</amount>
<!-- upfront amount -->
              </paymentAmount>
            </initialPayment>
            <periodicPayment>
              <fixedAmountCalculation>
                <fixedRate>0.01</fixedRate>
<!-- fixed spread -->
              </fixedAmountCalculation>
            </periodicPayment>
          </feeLeg>
          <protectionTerms>
            <calculationAmount>
              <currency>USD</currency>
              <amount>2500000</amount>
<!-- notional -->
            </calculationAmount>
            <creditEvents>
              <restructuring>
                <restructuringType>ModR</restructuringType>
              </restructuring>
            </creditEvents>
          </protectionTerms>
        </creditDefaultSwap>
        <documentation>
          <creditSupportAgreement>
            <date>2007-04-05</date>
          </creditSupportAgreement>
        </documentation>
      </trade>
    </constituent>
    <valuation>
      <quote>
        <value>0.0196</value>
<!-- current spread -->
        <measureType>CreditSpread</measureType>
      </quote>
      <quote>
        <value>520123.50</value>
        <measureType>NPV</measureType>
        <currency>USD</currency>
        <currencyType>QuoteCurrency</currencyType>
      </quote>
      <quote>
        <value>520123.50</value>
        <measureType>NPV</measureType>
        <currency>USD</currency>
        <currencyType>ReportCurrency</currencyType>
      </quote>
      <quote>
        <value>363621.02</value>
        <measureType>NPV</measureType>
        <currency>EUR</currency>
        <currencyType>UnitCurrency</currencyType>
      </quote>
      <quote>
        <value>520123.50</value>
        <measureType>NPV</measureType>
        <currency>USD</currency>
        <currencyType>SettlementCurrency</currencyType>
      </quote>
      <fxRate>
        <quotedCurrencyPair>
          <currency1>EUR</currency1>
<!-- base currency -->
          <currency2>USD</currency2>
<!-- quote currency -->
          <quoteBasis>Currency2PerCurrency1</quoteBasis>
<!-- units of quote ccy equiv to 1 unit of base ccy -->
        </quotedCurrencyPair>
        <rate>1.43040</rate>
      </fxRate>
    </valuation>
  </position>
<!-- CDS - Index -->
<!-- Current Spread: 1.96 -> fixed rate? -->
  <position>
    <positionId positionIdScheme="http://www.abc.com/positionId">234DEF</positionId>
    <reportingRoles>
      <baseParty href="hedge_global" />
    </reportingRoles>
    <constituent>
      <trade>
        <tradeHeader>
          <tradeDate>2009-08-31</tradeDate>
        </tradeHeader>
        <creditDefaultSwap>
          <productType productTypeScheme="http://www.fpml.org/coding-scheme/product-type-simple">CreditDefaultIndex</productType>
          <assetClass>Credit</assetClass>
          <generalTerms>
            <effectiveDate>
              <unadjustedDate>2009-09-01</unadjustedDate>
            </effectiveDate>
            <scheduledTerminationDate>
              <unadjustedDate>2012-06-20</unadjustedDate>
            </scheduledTerminationDate>
            <sellerPartyReference href="hedge_global" />
            <indexReferenceInformation>
              <indexName>iTraxx Japan Series Number 11</indexName>
              <indexId indexIdScheme="http://www.fpml.org/spec/2003/index-id-RED-1-0">2I668HAK0</indexId>
<!-- this coding scheme value doesn't exist ... should one be created? -->
              <tranche />
            </indexReferenceInformation>
          </generalTerms>
          <feeLeg>
            <initialPayment>
              <paymentAmount>
                <currency>USD</currency>
                <amount>192464</amount>
<!-- upfront amount -->
              </paymentAmount>
            </initialPayment>
            <periodicPayment>
              <fixedAmountCalculation>
                <fixedRate>0.05</fixedRate>
<!-- fixed spread -->
              </fixedAmountCalculation>
            </periodicPayment>
          </feeLeg>
          <protectionTerms>
            <calculationAmount>
              <currency>USD</currency>
              <amount>10000000</amount>
<!-- notional -->
            </calculationAmount>
          </protectionTerms>
        </creditDefaultSwap>
        <documentation>
          <creditSupportAgreement>
            <date>2007-04-05</date>
          </creditSupportAgreement>
        </documentation>
      </trade>
    </constituent>
    <valuation>
      <quote>
        <value>0.03345</value>
<!-- current spread -->
        <measureType>CreditSpread</measureType>
      </quote>
      <quote>
        <value>7124523</value>
        <measureType>NPV</measureType>
        <currency>JPY</currency>
        <currencyType>QuoteCurrency</currencyType>
      </quote>
      <quote>
        <value>76623.59</value>
        <measureType>NPV</measureType>
        <currency>USD</currency>
        <currencyType>ReportCurrency</currencyType>
      </quote>
      <quote>
        <value>53567.95</value>
        <measureType>NPV</measureType>
        <currency>EUR</currency>
        <currencyType>UnitCurrency</currencyType>
      </quote>
      <quote>
        <value>7124523</value>
        <measureType>NPV</measureType>
        <currency>JPY</currency>
        <currencyType>SettlementCurrency</currencyType>
      </quote>
      <fxRate>
        <quotedCurrencyPair>
          <currency1>USD</currency1>
<!-- base ccy -->
          <currency2>JPY</currency2>
<!-- quote ccy -->
          <quoteBasis>Currency2PerCurrency1</quoteBasis>
        </quotedCurrencyPair>
        <rate>92.98080</rate>
      </fxRate>
      <fxRate>
        <quotedCurrencyPair>
          <currency1>EUR</currency1>
<!-- base -->
          <currency2>USD</currency2>
<!-- quote -->
          <quoteBasis>Currency2PerCurrency1</quoteBasis>
        </quotedCurrencyPair>
        <rate>1.43040</rate>
      </fxRate>
    </valuation>
  </position>
<!-- CDS - Index Tranche -->
  <position>
    <positionId positionIdScheme="http://www.abc.com/positionId">345CDE</positionId>
    <reportingRoles>
      <baseParty href="hedge_asia" />
    </reportingRoles>
    <constituent>
      <trade>
        <tradeHeader>
          <tradeDate>2009-08-31</tradeDate>
        </tradeHeader>
        <creditDefaultSwap>
          <productType productTypeScheme="http://www.fpml.org/coding-scheme/product-type-simple">CreditDefaultIndexTranche</productType>
          <assetClass>Credit</assetClass>
          <generalTerms>
            <effectiveDate>
              <unadjustedDate>2009-09-01</unadjustedDate>
            </effectiveDate>
            <scheduledTerminationDate>
              <unadjustedDate>2012-06-20</unadjustedDate>
            </scheduledTerminationDate>
            <buyerPartyReference href="hedge_asia" />
            <indexReferenceInformation>
              <indexName>iTraxx Europe s9 6%-9%</indexName>
              <indexId indexIdScheme="http://www.fpml.org/spec/2003/index-id-RED-1-0">2I666VAI6</indexId>
            </indexReferenceInformation>
          </generalTerms>
          <feeLeg>
            <initialPayment>
              <paymentAmount>
                <currency>USD</currency>
                <amount>5323454</amount>
<!-- upfront amount -->
              </paymentAmount>
            </initialPayment>
            <periodicPayment>
              <fixedAmountCalculation>
                <fixedRate>0.05</fixedRate>
<!-- fixed spread -->
              </fixedAmountCalculation>
            </periodicPayment>
          </feeLeg>
          <protectionTerms>
            <calculationAmount>
              <currency>USD</currency>
              <amount>200000000</amount>
<!-- notional -->
            </calculationAmount>
          </protectionTerms>
        </creditDefaultSwap>
        <documentation>
          <creditSupportAgreement>
            <date>2007-04-05</date>
          </creditSupportAgreement>
        </documentation>
      </trade>
    </constituent>
    <valuation>
      <quote>
        <value>0.0422</value>
<!-- current spread -->
        <measureType>CreditSpread</measureType>
      </quote>
      <quote>
        <value>-180345.00</value>
        <measureType>NPV</measureType>
        <currency>EUR</currency>
        <currencyType>QuoteCurrency</currencyType>
      </quote>
      <quote>
        <value>-257965.49</value>
        <measureType>NPV</measureType>
        <currency>USD</currency>
        <currencyType>ReportCurrency</currencyType>
      </quote>
      <quote>
        <value>-23985837.45</value>
        <measureType>NPV</measureType>
        <currency>JPY</currency>
        <currencyType>UnitCurrency</currencyType>
      </quote>
      <quote>
        <value>-180345.00</value>
        <measureType>NPV</measureType>
        <currency>JPY</currency>
        <currencyType>SettlementCurrency</currencyType>
      </quote>
      <fxRate>
        <quotedCurrencyPair>
          <currency1>EUR</currency1>
<!-- base currency -->
          <currency2>USD</currency2>
<!-- quote currency -->
          <quoteBasis>Currency2PerCurrency1</quoteBasis>
<!-- units of quote ccy equiv to 1 unit of base ccy -->
        </quotedCurrencyPair>
        <rate>1.43040</rate>
      </fxRate>
      <fxRate>
        <quotedCurrencyPair>
          <currency1>USD</currency1>
<!-- base ccy -->
          <currency2>JPY</currency2>
<!-- quote ccy -->
          <quoteBasis>Currency2PerCurrency1</quoteBasis>
        </quotedCurrencyPair>
        <rate>92.98080</rate>
      </fxRate>
    </valuation>
  </position>
  <party id="party1">
    <partyId partyIdScheme="http://www.fpml.org/coding-scheme/external/iso17442">QGPGHQ1ENZOOLJRFTH41</partyId>
    <partyName>ABCD Securities Inc.</partyName>
  </party>
  <party id="hedge_global">
    <partyId partyIdScheme="http://www.fpml.org/coding-scheme/dummy-party-id">HEDG-GLOB</partyId>
    <partyName>HedgeCo Global Growth</partyName>
  </party>
  <party id="hedge_asia">
    <partyId partyIdScheme="http://www.fpml.org/coding-scheme/dummy-party-id">HEDG-ASIA</partyId>
    <partyName>HedgeCo Asia Fund</partyName>
  </party>
</positionReport>

