<?xml version="1.0" encoding="utf-8"?>
<!--View is reporting-->
<!--Version is 5-11-->
<!--NS is http://www.fpml.org/FpML-5/reporting-->
<!--
  == Copyright (c) 2014- All rights reserved.
  == Financial Products Markup Language is subject to the FpML public license.
  == A copy of this license is available at http://www.fpml.org/license/license.html
  -->
<!--View is reporting-->
<!--Version is 5-0-->
<!--NS is http://www.fpml.org/FpML-5/master-->
<!--Omit some adjustments, details of procedures, and other information not required for a report-->
<positionReport xmlns="http://www.fpml.org/FpML-5/reporting" xmlns:xsi="http://www.w3.org/2001/XMLSchema-instance" fpmlVersion="5-11" xsi:schemaLocation="http://www.fpml.org/FpML-5/reporting ../fpml-main-5-11.xsd http://www.w3.org/2000/09/xmldsig# ../xmldsig-core-schema.xsd">
  <header>
    <messageId messageIdScheme="http://www.abc.com/mid">XXX00123</messageId>
    <sentBy>ABCDUS33</sentBy>
    <sendTo>HEDGUS33</sendTo>
    <creationTimestamp>2004-08-02T15:38:00Z</creationTimestamp>
  </header>
  <asOfDate>2004-06-02</asOfDate>
  <dataSetName>Valuation</dataSetName>
<!-- TRS on equity (USD) -->
  <position>
    <positionId positionIdScheme="http://www.abc.com/positionId">TBD</positionId>
    <reportingRoles>
      <baseParty href="hedge_global" />
    </reportingRoles>
    <constituent>
      <trade>
        <tradeHeader>
          <tradeDate>2009-01-01</tradeDate>
<!-- tbd -->
        </tradeHeader>
        <returnSwap>
          <productType productTypeScheme="http://www.fpml.org/coding-scheme/product-type-simple">TotalReturnSwap</productType>
<!-- should we add equity swap or equity return swap to the scheme? -->
          <assetClass>Equity</assetClass>
          <returnLeg>
            <terminationDate>
              <adjustableDate>
                <unadjustedDate>2010-05-16</unadjustedDate>
              </adjustableDate>
            </terminationDate>
            <underlyer>
              <singleUnderlyer>
                <equity>
                  <instrumentId instrumentIdScheme="ticker">IBM</instrumentId>
                  <description>IBM COMMON STOCK</description>
                  <currency>USD</currency>
                </equity>
                <openUnits>106535.00</openUnits>
              </singleUnderlyer>
            </underlyer>
            <notional>
              <notionalAmount>
                <currency>USD</currency>
                <amount>406963.70</amount>
              </notionalAmount>
            </notional>
          </returnLeg>
          <interestLeg>
            <interestCalculation>
              <floatingRateCalculation>
                <floatingRateIndex>USD-LIBOR-BBA</floatingRateIndex>
                <indexTenor>
                  <periodMultiplier>1</periodMultiplier>
                  <period>M</period>
                </indexTenor>
                <spreadSchedule>
                  <initialValue>0.0100</initialValue>
                </spreadSchedule>
              </floatingRateCalculation>
              <dayCountFraction>ACT/360</dayCountFraction>
            </interestCalculation>
          </interestLeg>
        </returnSwap>
        <collateral>
          <independentAmount>
            <paymentDetail>
              <paymentRule xsi:type="PercentageRule">
                <paymentPercent>0.0025</paymentPercent>
              </paymentRule>
            </paymentDetail>
          </independentAmount>
        </collateral>
      </trade>
    </constituent>
    <valuation>
      <quote>
        <value>437858.85</value>
        <measureType>NPV</measureType>
        <currency>USD</currency>
        <currencyType>QuoteCurrency</currencyType>
      </quote>
      <quote>
        <value>437858.85</value>
        <measureType>NPV</measureType>
        <currency>USD</currency>
        <currencyType>ReportCurrency</currencyType>
      </quote>
      <quote>
        <value>306109.38</value>
        <measureType>NPV</measureType>
        <currency>EUR</currency>
        <currencyType>UnitCurrency</currencyType>
      </quote>
      <quote>
        <value>437858.85</value>
        <measureType>NPV</measureType>
        <currency>USD</currency>
        <currencyType>SettlementCurrency</currencyType>
      </quote>
      <fxRate>
        <quotedCurrencyPair>
          <currency1>EUR</currency1>
<!-- base currency -->
          <currency2>USD</currency2>
<!-- quote currency -->
          <quoteBasis>Currency2PerCurrency1</quoteBasis>
<!-- units of quote ccy equiv to 1 unit of base ccy -->
        </quotedCurrencyPair>
        <rate>1.43040</rate>
      </fxRate>
    </valuation>
  </position>
<!-- TRS on equity (EUR) -->
  <position>
    <positionId positionIdScheme="http://www.abc.com/positionId">TBD</positionId>
    <reportingRoles>
      <baseParty href="hedge_asia" />
    </reportingRoles>
    <constituent>
      <trade>
        <tradeHeader>
          <tradeDate>2009-01-01</tradeDate>
<!-- tbd -->
        </tradeHeader>
        <returnSwap>
          <productType productTypeScheme="http://www.fpml.org/coding-scheme/product-type-simple">TotalReturnSwap</productType>
<!-- should we add equity swap or equity return swap to the scheme? -->
          <assetClass>Equity</assetClass>
          <returnLeg>
            <terminationDate>
              <adjustableDate>
                <unadjustedDate>2010-08-26</unadjustedDate>
              </adjustableDate>
            </terminationDate>
            <underlyer>
              <singleUnderlyer>
                <equity>
                  <instrumentId instrumentIdScheme="ticker">DB</instrumentId>
                  <description>DB COMMON STOCK</description>
                  <currency>EUR</currency>
                </equity>
                <openUnits>124013.00</openUnits>
              </singleUnderlyer>
            </underlyer>
            <notional>
              <notionalAmount>
                <currency>EUR</currency>
                <amount>21999990.62</amount>
              </notionalAmount>
            </notional>
          </returnLeg>
          <interestLeg>
            <interestCalculation>
              <floatingRateCalculation>
                <floatingRateIndex>EUR-EURIBOR-Reuters</floatingRateIndex>
                <indexTenor>
                  <periodMultiplier>1</periodMultiplier>
                  <period>M</period>
                </indexTenor>
                <spreadSchedule>
                  <initialValue>0.0100</initialValue>
                </spreadSchedule>
              </floatingRateCalculation>
              <dayCountFraction>ACT/360</dayCountFraction>
            </interestCalculation>
          </interestLeg>
        </returnSwap>
        <collateral>
          <independentAmount>
            <paymentDetail>
              <paymentRule xsi:type="PercentageRule">
                <paymentPercent>0.0005</paymentPercent>
              </paymentRule>
            </paymentDetail>
          </independentAmount>
        </collateral>
      </trade>
    </constituent>
    <valuation>
      <quote>
        <value>2178288.34</value>
        <measureType>NPV</measureType>
        <currency>EUR</currency>
        <currencyType>QuoteCurrency</currencyType>
      </quote>
      <quote>
        <value>3115823.64</value>
        <measureType>NPV</measureType>
        <currency>USD</currency>
        <currencyType>ReportCurrency</currencyType>
      </quote>
      <quote>
        <value>289688388.05</value>
        <measureType>NPV</measureType>
        <currency>JPY</currency>
        <currencyType>UnitCurrency</currencyType>
      </quote>
      <quote>
        <value>2178288.34</value>
        <measureType>NPV</measureType>
        <currency>EUR</currency>
        <currencyType>SettlementCurrency</currencyType>
      </quote>
      <fxRate>
        <quotedCurrencyPair>
          <currency1>EUR</currency1>
<!-- base currency -->
          <currency2>USD</currency2>
<!-- quote currency -->
          <quoteBasis>Currency2PerCurrency1</quoteBasis>
<!-- units of quote ccy equiv to 1 unit of base ccy -->
        </quotedCurrencyPair>
        <rate>1.43040</rate>
      </fxRate>
      <fxRate>
        <quotedCurrencyPair>
          <currency1>EUR</currency1>
<!-- base currency -->
          <currency2>JPY</currency2>
<!-- quote currency -->
          <quoteBasis>Currency2PerCurrency1</quoteBasis>
<!-- units of quote ccy equiv to 1 unit of base ccy -->
        </quotedCurrencyPair>
        <rate>132.989</rate>
      </fxRate>
    </valuation>
  </position>
<!-- OTC equity option -->
  <position>
    <positionId positionIdScheme="http://www.abc.com/positionId">TBD</positionId>
    <reportingRoles>
      <baseParty href="hedge_global" />
    </reportingRoles>
    <constituent>
      <trade>
        <tradeHeader>
          <tradeDate>2007-11-26</tradeDate>
        </tradeHeader>
        <equityOption>
          <productType productTypeScheme="http://www.fpml.org/coding-scheme/product-type-simple">EquityOption</productType>
<!-- should we add equity swap or equity return swap to the scheme? -->
          <assetClass>Equity</assetClass>
          <buyerPartyReference href="hedge_global" />
          <optionType>Put</optionType>
          <underlyer>
            <singleUnderlyer>
              <equity>
                <instrumentId instrumentIdScheme="ticker">IBM</instrumentId>
                <description>IBM COMMON STOCK</description>
              </equity>
            </singleUnderlyer>
          </underlyer>
          <notional>
            <currency>USD</currency>
            <amount>1480000</amount>
          </notional>
          <equityExercise>
            <equityAmericanExercise>
              <expirationDate>
                <adjustableDate>
                  <unadjustedDate>2010-01-15</unadjustedDate>
                </adjustableDate>
              </expirationDate>
            </equityAmericanExercise>
          </equityExercise>
          <strike>
            <strikePrice>80</strikePrice>
          </strike>
          <numberOfOptions>1000000</numberOfOptions>
          <equityPremium>
            <pricePerOption>
              <currency>USD</currency>
              <amount>1.48</amount>
            </pricePerOption>
          </equityPremium>
        </equityOption>
      </trade>
    </constituent>
    <valuation>
      <quote>
        <value>1050000.00</value>
        <measureType>NPV</measureType>
        <currency>USD</currency>
        <currencyType>QuoteCurrency</currencyType>
      </quote>
      <quote>
        <value>1050000.00</value>
        <measureType>NPV</measureType>
        <currency>USD</currency>
        <currencyType>ReportCurrency</currencyType>
      </quote>
      <quote>
        <value>734060.40</value>
        <measureType>NPV</measureType>
        <currency>EUR</currency>
        <currencyType>UnitCurrency</currencyType>
      </quote>
      <quote>
        <value>1050000.00</value>
        <measureType>NPV</measureType>
        <currency>USD</currency>
        <currencyType>SettlementCurrency</currencyType>
      </quote>
      <fxRate>
        <quotedCurrencyPair>
          <currency1>EUR</currency1>
<!-- base currency -->
          <currency2>USD</currency2>
<!-- quote currency -->
          <quoteBasis>Currency2PerCurrency1</quoteBasis>
<!-- units of quote ccy equiv to 1 unit of base ccy -->
        </quotedCurrencyPair>
        <rate>1.43040</rate>
      </fxRate>
    </valuation>
  </position>
  <party id="party1">
    <partyId partyIdScheme="http://www.fpml.org/coding-scheme/external/iso17442">QGPGHQ1ENZOOLJRFTH41</partyId>
    <partyName>ABCD Securities Inc.</partyName>
  </party>
  <party id="hedge_global">
    <partyId partyIdScheme="http://www.fpml.org/coding-scheme/dummy-party-id">HEDG-GLOB</partyId>
    <partyName>HedgeCo Global Growth</partyName>
  </party>
  <party id="hedge_asia">
    <partyId partyIdScheme="http://www.fpml.org/coding-scheme/dummy-party-id">HEDG-ASIA</partyId>
    <partyName>HedgeCo Asia Fund</partyName>
  </party>
</positionReport>

