<?xml version="1.0" encoding="utf-8"?>
<!--View is reporting-->
<!--Version is 5-11-->
<!--NS is http://www.fpml.org/FpML-5/reporting-->
<!--
  == Copyright (c) 2014- All rights reserved.
  == Financial Products Markup Language is subject to the FpML public license.
  == A copy of this license is available at http://www.fpml.org/license/license.html
  -->
<!--View is reporting-->
<!--Version is 5-0-->
<!--NS is http://www.fpml.org/FpML-5/master-->
<!--Omit some adjustments, details of procedures, and other information not required for a report-->
<positionReport xmlns="http://www.fpml.org/FpML-5/reporting" xmlns:xsi="http://www.w3.org/2001/XMLSchema-instance" fpmlVersion="5-11" xsi:schemaLocation="http://www.fpml.org/FpML-5/reporting ../fpml-main-5-11.xsd http://www.w3.org/2000/09/xmldsig# ../xmldsig-core-schema.xsd">
  <header>
    <messageId messageIdScheme="http://www.abc.com/mid">XXX00123</messageId>
    <sentBy>ABCDUS33</sentBy>
    <sendTo>HEDGUS33</sendTo>
    <creationTimestamp>2004-08-02T15:38:00Z</creationTimestamp>
  </header>
  <asOfDate>2004-06-02</asOfDate>
  <dataSetName>Valuation</dataSetName>
<!-- IR Cap -->
  <position>
    <positionId positionIdScheme="http://www.abc.com/positionId">CFABCOTCDER2009XXX17</positionId>
    <reportingRoles>
      <baseParty href="hedge_asia" />
    </reportingRoles>
    <constituent>
      <trade>
        <tradeHeader>
          <tradeDate>2009-08-12</tradeDate>
        </tradeHeader>
        <capFloor>
          <productType productTypeScheme="http://www.fpml.org/coding-scheme/product-type-simple">CapFloor</productType>
          <assetClass>InterestRate</assetClass>
          <capFloorStream>
            <payerPartyReference href="hedge_asia" />
            <calculationPeriodDates>
              <effectiveDate>
                <unadjustedDate>2009-08-12</unadjustedDate>
              </effectiveDate>
              <terminationDate>
                <unadjustedDate>2013-02-10</unadjustedDate>
                <dateAdjustments>
                  <businessDayConvention>MODFOLLOWING</businessDayConvention>
                </dateAdjustments>
              </terminationDate>
              <calculationPeriodDatesAdjustments>
                <businessDayConvention>MODFOLLOWING</businessDayConvention>
              </calculationPeriodDatesAdjustments>
            </calculationPeriodDates>
            <calculationPeriodAmount>
              <calculation>
                <notionalSchedule>
                  <notionalStepSchedule>
                    <initialValue>8000000</initialValue>
                    <currency>USD</currency>
                  </notionalStepSchedule>
                </notionalSchedule>
                <floatingRateCalculation>
                  <floatingRateIndex>USD-LIBOR-BBA</floatingRateIndex>
                  <indexTenor>
                    <periodMultiplier>1</periodMultiplier>
                    <period>M</period>
                  </indexTenor>
                  <capRateSchedule>
                    <initialValue>0.0400</initialValue>
                    <step>
                      <stepDate>2010-08-02</stepDate>
                      <stepValue>0.0425</stepValue>
                    </step>
                    <step>
                      <stepDate>2011-08-01</stepDate>
                      <stepValue>0.0450</stepValue>
                    </step>
                    <step>
                      <stepDate>2012-08-01</stepDate>
                      <stepValue>0.0475</stepValue>
                    </step>
                    <buyer>Receiver</buyer>
                    <seller>Payer</seller>
                  </capRateSchedule>
                </floatingRateCalculation>
                <dayCountFraction>ACT/360</dayCountFraction>
              </calculation>
            </calculationPeriodAmount>
          </capFloorStream>
          <premium>
            <payerPartyReference href="party1" />
            <paymentAmount>
              <currency>USD</currency>
              <amount>135000</amount>
            </paymentAmount>
          </premium>
        </capFloor>
      </trade>
    </constituent>
    <valuation>
      <quote>
        <value>64023.1</value>
        <measureType>NPV</measureType>
        <currency>USD</currency>
        <currencyType>QuoteCurrency</currencyType>
      </quote>
      <quote>
        <value>64023.1</value>
        <measureType>NPV</measureType>
        <currency>USD</currency>
        <currencyType>ReportCurrency</currencyType>
      </quote>
      <quote>
        <value>5952919.06</value>
        <measureType>NPV</measureType>
        <currency>JPY</currency>
        <currencyType>UnitCurrency</currencyType>
      </quote>
      <quote>
        <value>64023.1</value>
        <measureType>NPV</measureType>
        <currency>USD</currency>
        <currencyType>SettlementCurrency</currencyType>
      </quote>
      <fxRate>
        <quotedCurrencyPair>
          <currency1>USD</currency1>
<!-- base ccy -->
          <currency2>JPY</currency2>
<!-- quote ccy -->
          <quoteBasis>Currency2PerCurrency1</quoteBasis>
        </quotedCurrencyPair>
        <rate>92.98080</rate>
      </fxRate>
    </valuation>
  </position>
<!-- IR Swap -->
  <position>
    <positionId positionIdScheme="http://www.abc.com/positionId">CFABCOTCDER2009XXX18</positionId>
    <reportingRoles>
      <baseParty href="hedge_global" />
<!-- 
            <baseDirection>Long</baseDirection>
            -->
    </reportingRoles>
    <constituent>
      <trade>
        <tradeHeader>
          <tradeDate>2009-08-04</tradeDate>
        </tradeHeader>
        <swap>
          <productType productTypeScheme="http://www.fpml.org/coding-scheme/product-type-simple">InterestRateSwap</productType>
          <assetClass>InterestRate</assetClass>
<!-- it is difficult to record which party pays fixed in a compact form.  Should we do something to simplify reporting of this? -->
          <swapStream>
            <payerPartyReference href="hedge_global" />
            <calculationPeriodDates id="floatingCalcPeriodDates">
              <effectiveDate>
                <unadjustedDate>2009-08-04</unadjustedDate>
              </effectiveDate>
              <terminationDate>
                <unadjustedDate>2021-03-01</unadjustedDate>
                <dateAdjustments>
                  <businessDayConvention>MODFOLLOWING</businessDayConvention>
                </dateAdjustments>
              </terminationDate>
              <calculationPeriodDatesAdjustments>
                <businessDayConvention>MODFOLLOWING</businessDayConvention>
              </calculationPeriodDatesAdjustments>
            </calculationPeriodDates>
            <calculationPeriodAmount>
              <calculation>
                <notionalSchedule>
                  <notionalStepSchedule>
                    <initialValue>623161.01</initialValue>
                    <step>
                      <stepDate>2009-09-01</stepDate>
                      <stepValue>617840.01</stepValue>
                    </step>
<!-- .... intermediate values removed -->
                    <step>
                      <stepDate>2021-01-01</stepDate>
                      <stepValue>9792.01</stepValue>
                    </step>
                    <step>
                      <stepDate>2021-02-01</stepDate>
                      <stepValue>5486.01</stepValue>
                    </step>
                    <currency>USD</currency>
                  </notionalStepSchedule>
                </notionalSchedule>
                <floatingRateCalculation>
                  <floatingRateIndex>USD-LIBOR-BBA</floatingRateIndex>
                  <indexTenor>
                    <periodMultiplier>1</periodMultiplier>
                    <period>M</period>
                  </indexTenor>
                  <spreadSchedule>
                    <initialValue>3.40</initialValue>
                  </spreadSchedule>
                </floatingRateCalculation>
                <dayCountFraction>ACT/360</dayCountFraction>
              </calculation>
            </calculationPeriodAmount>
          </swapStream>
          <swapStream>
            <receiverPartyReference href="hedge_global" />
            <calculationPeriodAmount>
              <calculation>
                <notionalSchedule>
                  <notionalStepSchedule>
                    <initialValue>623161.01</initialValue>
                    <step>
                      <stepDate>2009-09-01</stepDate>
                      <stepValue>617840.01</stepValue>
                    </step>
<!-- .... intermediate values removed -->
                    <step>
                      <stepDate>2021-01-01</stepDate>
                      <stepValue>9792.01</stepValue>
                    </step>
                    <step>
                      <stepDate>2021-02-01</stepDate>
                      <stepValue>5486.01</stepValue>
                    </step>
                    <currency>USD</currency>
                  </notionalStepSchedule>
                </notionalSchedule>
                <fixedRateSchedule>
                  <initialValue>0.0711</initialValue>
                </fixedRateSchedule>
                <dayCountFraction>ACT/360</dayCountFraction>
              </calculation>
            </calculationPeriodAmount>
          </swapStream>
        </swap>
      </trade>
    </constituent>
    <valuation>
      <quote>
        <value>-25663.29</value>
        <measureType>NPV</measureType>
        <currency>USD</currency>
        <currencyType>QuoteCurrency</currencyType>
      </quote>
      <quote>
        <value>-25663.29</value>
        <measureType>NPV</measureType>
        <currency>USD</currency>
        <currencyType>ReportCurrency</currencyType>
      </quote>
      <quote>
        <value>-17941.34</value>
        <measureType>NPV</measureType>
        <currency>EUR</currency>
        <currencyType>UnitCurrency</currencyType>
      </quote>
      <quote>
        <value>-25663.29</value>
        <measureType>NPV</measureType>
        <currency>USD</currency>
        <currencyType>SettlementCurrency</currencyType>
      </quote>
      <fxRate>
        <quotedCurrencyPair>
          <currency1>EUR</currency1>
<!-- base currency -->
          <currency2>USD</currency2>
<!-- quote currency -->
          <quoteBasis>Currency2PerCurrency1</quoteBasis>
<!-- units of quote ccy equiv to 1 unit of base ccy -->
        </quotedCurrencyPair>
        <rate>1.43040</rate>
      </fxRate>
    </valuation>
  </position>
<!-- IR Swaption -->
  <position>
    <positionId positionIdScheme="http://www.abc.com/positionId">CFABCOTCDER2009XXX19</positionId>
    <reportingRoles>
      <baseParty href="hedge_global" />
    </reportingRoles>
    <constituent>
      <trade>
        <tradeHeader>
          <tradeDate>2009-01-07</tradeDate>
        </tradeHeader>
        <swaption>
          <productType productTypeScheme="http://www.fpml.org/coding-scheme/product-type-simple">InterestRateSwaption</productType>
          <assetClass>InterestRate</assetClass>
          <sellerPartyReference href="hedge_global" />
          <premium>
            <payerPartyReference href="party1" />
            <receiverPartyReference href="hedge_global" />
            <paymentAmount>
              <currency>USD</currency>
              <amount>100000</amount>
            </paymentAmount>
          </premium>
          <europeanExercise>
            <expirationDate>
              <adjustableDate>
                <unadjustedDate>2010-02-02</unadjustedDate>
                <dateAdjustments>
                  <businessDayConvention>FOLLOWING</businessDayConvention>
                </dateAdjustments>
              </adjustableDate>
            </expirationDate>
          </europeanExercise>
          <swaptionStraddle>false</swaptionStraddle>
          <swap>
            <swapStream>
              <payerPartyReference href="hedge_global" />
              <calculationPeriodDates>
                <effectiveDate>
                  <unadjustedDate>2010-02-02</unadjustedDate>
                </effectiveDate>
                <terminationDate>
                  <unadjustedDate>2010-02-04</unadjustedDate>
                </terminationDate>
                <calculationPeriodDatesAdjustments>
                  <businessDayConvention>MODFOLLOWING</businessDayConvention>
                </calculationPeriodDatesAdjustments>
              </calculationPeriodDates>
              <calculationPeriodAmount>
                <calculation>
                  <notionalSchedule>
                    <notionalStepSchedule>
                      <initialValue>100000000</initialValue>
                      <currency>USD</currency>
                    </notionalStepSchedule>
                  </notionalSchedule>
                  <fixedRateSchedule>
                    <initialValue>0.023760</initialValue>
                  </fixedRateSchedule>
                  <dayCountFraction>30/360</dayCountFraction>
                </calculation>
              </calculationPeriodAmount>
            </swapStream>
            <swapStream>
              <receiverPartyReference href="hedge_global" />
              <calculationPeriodAmount>
                <calculation>
                  <floatingRateCalculation>
                    <floatingRateIndex>USD-LIBOR-BBA</floatingRateIndex>
                    <indexTenor>
                      <periodMultiplier>3</periodMultiplier>
                      <period>M</period>
                    </indexTenor>
                  </floatingRateCalculation>
                  <dayCountFraction>ACT/360</dayCountFraction>
                </calculation>
              </calculationPeriodAmount>
            </swapStream>
          </swap>
        </swaption>
      </trade>
    </constituent>
    <valuation>
      <quote>
        <value>133035.27</value>
        <measureType>NPV</measureType>
        <currency>USD</currency>
        <currencyType>QuoteCurrency</currencyType>
      </quote>
      <quote>
        <value>133035.27</value>
        <measureType>NPV</measureType>
        <currency>USD</currency>
        <currencyType>ReportCurrency</currencyType>
      </quote>
      <quote>
        <value>93005.64</value>
        <measureType>NPV</measureType>
        <currency>EUR</currency>
        <currencyType>UnitCurrency</currencyType>
      </quote>
      <quote>
        <value>133035.27</value>
        <measureType>NPV</measureType>
        <currency>USD</currency>
        <currencyType>SettlementCurrency</currencyType>
      </quote>
      <fxRate>
        <quotedCurrencyPair>
          <currency1>EUR</currency1>
<!-- base currency -->
          <currency2>USD</currency2>
<!-- quote currency -->
          <quoteBasis>Currency2PerCurrency1</quoteBasis>
<!-- units of quote ccy equiv to 1 unit of base ccy -->
        </quotedCurrencyPair>
        <rate>1.43040</rate>
      </fxRate>
    </valuation>
  </position>
<!-- Cross Currency Swap -->
  <position>
    <positionId positionIdScheme="http://www.abc.com/positionId">CFABCOTCDER2009XXX20</positionId>
    <reportingRoles>
      <baseParty href="hedge_global" />
    </reportingRoles>
    <constituent>
      <trade>
        <tradeHeader>
          <tradeDate>2009-03-13</tradeDate>
        </tradeHeader>
        <swap>
          <productType productTypeScheme="http://www.fpml.org/coding-scheme/product-type-simple">CrossCurrencySwap</productType>
          <assetClass>InterestRate</assetClass>
          <swapStream>
            <payerPartyReference href="hedge_global" />
            <calculationPeriodDates>
              <effectiveDate>
                <unadjustedDate>2009-07-01</unadjustedDate>
              </effectiveDate>
              <terminationDate>
                <unadjustedDate>2011-07-01</unadjustedDate>
              </terminationDate>
              <calculationPeriodFrequency>
                <periodMultiplier>6</periodMultiplier>
                <period>M</period>
                <rollConvention>1</rollConvention>
              </calculationPeriodFrequency>
            </calculationPeriodDates>
            <paymentDates>
              <calculationPeriodDatesReference href="floatingCalcPeriodDates" />
              <paymentFrequency>
                <periodMultiplier>6</periodMultiplier>
                <period>M</period>
              </paymentFrequency>
              <payRelativeTo>CalculationPeriodEndDate</payRelativeTo>
              <paymentDaysOffset>
                <periodMultiplier>-2</periodMultiplier>
                <period>D</period>
              </paymentDaysOffset>
            </paymentDates>
            <calculationPeriodAmount>
              <calculation>
                <notionalSchedule>
                  <notionalStepSchedule>
                    <initialValue>65000000.00</initialValue>
                    <currency>USD</currency>
                  </notionalStepSchedule>
                </notionalSchedule>
                <fixedRateSchedule>
                  <initialValue>0.10625</initialValue>
                </fixedRateSchedule>
                <dayCountFraction>30/360</dayCountFraction>
              </calculation>
            </calculationPeriodAmount>
            <principalExchanges>
              <initialExchange>true</initialExchange>
              <finalExchange>true</finalExchange>
              <intermediateExchange>false</intermediateExchange>
            </principalExchanges>
          </swapStream>
          <swapStream>
            <receiverPartyReference href="hedge_global" />
            <calculationPeriodAmount>
              <calculation>
                <notionalSchedule>
                  <notionalStepSchedule>
                    <initialValue>53870379.58</initialValue>
                    <currency>EUR</currency>
                  </notionalStepSchedule>
                </notionalSchedule>
                <fixedRateSchedule>
                  <initialValue>0.0999</initialValue>
                </fixedRateSchedule>
                <dayCountFraction>30/360</dayCountFraction>
              </calculation>
            </calculationPeriodAmount>
            <principalExchanges>
              <initialExchange>true</initialExchange>
              <finalExchange>true</finalExchange>
              <intermediateExchange>false</intermediateExchange>
            </principalExchanges>
          </swapStream>
        </swap>
      </trade>
    </constituent>
    <valuation>
      <quote>
        <value>-9095124.44</value>
        <measureType>NPV</measureType>
        <currency>EUR</currency>
        <currencyType>QuoteCurrency</currencyType>
      </quote>
      <quote>
        <value>-13009666.00</value>
        <measureType>NPV</measureType>
        <currency>USD</currency>
        <currencyType>ReportCurrency</currencyType>
      </quote>
      <quote>
        <value>-9095124.44</value>
        <measureType>NPV</measureType>
        <currency>EUR</currency>
        <currencyType>UnitCurrency</currencyType>
      </quote>
      <quote>
        <value>-13009666.00</value>
        <measureType>NPV</measureType>
        <currency>USD</currency>
        <currencyType>SettlementCurrency</currencyType>
      </quote>
      <fxRate>
        <quotedCurrencyPair>
          <currency1>EUR</currency1>
<!-- base currency -->
          <currency2>USD</currency2>
<!-- quote currency -->
          <quoteBasis>Currency2PerCurrency1</quoteBasis>
<!-- units of quote ccy equiv to 1 unit of base ccy -->
        </quotedCurrencyPair>
        <rate>1.43040</rate>
      </fxRate>
    </valuation>
  </position>
  <party id="party1">
    <partyId partyIdScheme="http://www.fpml.org/coding-scheme/external/iso17442">QGPGHQ1ENZOOLJRFTH41</partyId>
    <partyName>ABCD Securities Inc.</partyName>
  </party>
  <party id="hedge_global">
    <partyId partyIdScheme="http://www.fpml.org/coding-scheme/dummy-party-id">HEDG-GLOB</partyId>
    <partyName>HedgeCo Global Growth</partyName>
  </party>
  <party id="hedge_asia">
    <partyId partyIdScheme="http://www.fpml.org/coding-scheme/dummy-party-id">HEDG-ASIA</partyId>
    <partyName>HedgeCo Asia Fund</partyName>
  </party>
</positionReport>

