<?xml version="1.0" encoding="utf-8"?>
<!--View is reporting-->
<!--Version is 5-11-->
<!--NS is http://www.fpml.org/FpML-5/reporting-->
<!--
  == Copyright (c) 2014- All rights reserved.
  == Financial Products Markup Language is subject to the FpML public license.
  == A copy of this license is available at http://www.fpml.org/license/license.html
  -->
<!--View is reporting-->
<!--Version is 5-0-->
<!--NS is http://www.fpml.org/FpML-5/master-->
<!--Omit some adjustments, details of procedures, and other information not required for a report-->
<positionActivityReport xmlns="http://www.fpml.org/FpML-5/reporting" xmlns:xsi="http://www.w3.org/2001/XMLSchema-instance" fpmlVersion="5-11" xsi:schemaLocation="http://www.fpml.org/FpML-5/reporting ../fpml-main-5-11.xsd http://www.w3.org/2000/09/xmldsig# ../xmldsig-core-schema.xsd">
  <header>
    <messageId messageIdScheme="http://www.clearingco.com/mid">XXX00123</messageId>
    <sentBy>CLEARCO</sentBy>
    <sendTo>ABC</sendTo>
    <creationTimestamp>2004-08-02T15:38:00Z</creationTimestamp>
  </header>
  <correlationId correlationIdScheme="http://www.clearingco.com/report_id">ACT_2004-06-02_123</correlationId>
  <sequenceNumber>1</sequenceNumber>
  <asOfDate>2004-06-02</asOfDate>
  <fromDateTime>2004-06-01T21:23:00Z</fromDateTime>
  <toDateTime>2004-06-02T21:47:00Z</toDateTime>
  <submissionsComplete>false</submissionsComplete>
  <positionUpdate>
    <timestamp>2004-06-02T08:01:23Z</timestamp>
    <type>Created</type>
    <reason>
      <code>Netting</code>
    </reason>
    <position>
      <positionId positionIdScheme="http://www.abc.com/positionId">CDS-POS-01</positionId>
      <constituent>
        <trade>
          <tradeHeader>
            <partyTradeIdentifier>
              <partyReference href="clearing-svc" />
              <tradeId tradeIdScheme="http://clearingco.com/tradeId">125</tradeId>
              <linkId linkIdScheme="http://clearingco.com/linkId">123</linkId>
              <linkId linkIdScheme="http://clearingco.com/linkId">124</linkId>
            </partyTradeIdentifier>
            <tradeDate>2002-12-02</tradeDate>
          </tradeHeader>
          <creditDefaultSwap>
            <productType productTypeScheme="http://www.fpml.org/coding-scheme/external/dtcc/product-type-copper">CreditDefaultSwapShort</productType>
            <assetClass>Credit</assetClass>
            <generalTerms>
              <scheduledTerminationDate>
                <unadjustedDate>2007-12-05</unadjustedDate>
              </scheduledTerminationDate>
              <buyerPartyReference href="clearing-svc" />
              <sellerPartyReference href="member-firm" />
              <referenceInformation>
                <referenceEntity id="referenceEntity1">
                  <entityName>ACOM CO., LTD.</entityName>
                </referenceEntity>
              </referenceInformation>
            </generalTerms>
            <feeLeg>
              <periodicPayment>
                <fixedAmountCalculation>
                  <fixedRate>0.007</fixedRate>
                </fixedAmountCalculation>
              </periodicPayment>
            </feeLeg>
            <protectionTerms>
              <calculationAmount>
                <currency>EUR</currency>
                <amount>15000000</amount>
              </calculationAmount>
            </protectionTerms>
          </creditDefaultSwap>
        </trade>
      </constituent>
    </position>
  </positionUpdate>
  <positionUpdate>
    <timestamp>2004-06-02T08:01:23Z</timestamp>
    <type>Deleted</type>
    <reason>
      <code>Netting</code>
      <comment>Corrected trade date</comment>
    </reason>
    <position>
      <positionId positionIdScheme="http://www.abc.com/positionId">CDS-POS-01</positionId>
      <constituent>
        <trade>
          <tradeHeader>
            <partyTradeIdentifier>
              <partyReference href="clearing-svc" />
              <tradeId tradeIdScheme="http://clearingco.com/tradeId">123</tradeId>
              <linkId linkIdScheme="http://clearingco.com/linkId">125</linkId>
            </partyTradeIdentifier>
            <tradeDate>2004-06-02</tradeDate>
          </tradeHeader>
          <creditDefaultSwap>
            <productType productTypeScheme="http://www.fpml.org/coding-scheme/external/dtcc/product-type-copper">CreditDefaultSwapShort</productType>
            <assetClass>Credit</assetClass>
            <generalTerms>
              <scheduledTerminationDate>
                <unadjustedDate>2007-12-05</unadjustedDate>
              </scheduledTerminationDate>
              <buyerPartyReference href="clearing-svc" />
              <sellerPartyReference href="member-firm" />
              <referenceInformation>
                <referenceEntity id="referenceEntity2">
                  <entityName>ACOM CO., LTD.</entityName>
                </referenceEntity>
              </referenceInformation>
            </generalTerms>
            <feeLeg>
              <periodicPayment>
                <fixedAmountCalculation>
                  <fixedRate>0.007</fixedRate>
                </fixedAmountCalculation>
              </periodicPayment>
            </feeLeg>
            <protectionTerms>
              <calculationAmount>
                <currency>EUR</currency>
                <amount>5000000</amount>
              </calculationAmount>
            </protectionTerms>
          </creditDefaultSwap>
        </trade>
      </constituent>
    </position>
  </positionUpdate>
  <positionUpdate>
    <timestamp>2004-06-02T08:01:23Z</timestamp>
    <type>Deleted</type>
    <reason>
      <code>Netting</code>
    </reason>
    <position>
      <positionId positionIdScheme="http://www.abc.com/positionId">CDS-POS-01</positionId>
      <constituent>
        <trade>
          <tradeHeader>
            <partyTradeIdentifier>
              <partyReference href="clearing-svc" />
              <tradeId tradeIdScheme="http://clearingco.com/tradeId">124</tradeId>
              <linkId linkIdScheme="http://clearingco.com/linkId">125</linkId>
            </partyTradeIdentifier>
            <tradeDate>2004-06-02</tradeDate>
          </tradeHeader>
          <creditDefaultSwap>
            <productType productTypeScheme="http://www.fpml.org/coding-scheme/external/dtcc/product-type-copper">CreditDefaultSwapShort</productType>
            <assetClass>Credit</assetClass>
            <generalTerms>
              <scheduledTerminationDate>
                <unadjustedDate>2007-12-05</unadjustedDate>
              </scheduledTerminationDate>
              <buyerPartyReference href="clearing-svc" />
              <sellerPartyReference href="member-firm" />
              <referenceInformation>
                <referenceEntity id="referenceEntity3">
                  <entityName>ACOM CO., LTD.</entityName>
                </referenceEntity>
              </referenceInformation>
            </generalTerms>
            <feeLeg>
              <periodicPayment>
                <fixedAmountCalculation>
                  <fixedRate>0.007</fixedRate>
                </fixedAmountCalculation>
              </periodicPayment>
            </feeLeg>
            <protectionTerms>
              <calculationAmount>
                <currency>EUR</currency>
                <amount>10000000</amount>
              </calculationAmount>
            </protectionTerms>
          </creditDefaultSwap>
        </trade>
      </constituent>
    </position>
  </positionUpdate>
  <party id="clearing-svc">
    <partyId partyIdScheme="http://www.fpml.org/coding-scheme/dummy-party-id">CLEARCO</partyId>
  </party>
  <party id="member-firm">
    <partyId partyIdScheme="http://www.fpml.org/coding-scheme/dummy-party-id">ABC</partyId>
    <partyName>ABCD Securities Inc.</partyName>
  </party>
</positionActivityReport>

