<?xml version="1.0" encoding="utf-8"?>
<!--View is reporting-->
<!--Version is 5-11-->
<!--NS is http://www.fpml.org/FpML-5/reporting-->
<!--
  == Copyright (c) 2018-2020 All rights reserved.
  == Financial Products Markup Language is subject to the FpML public license.
  == A copy of this license is available at http://www.fpml.org/license/license.html
  -->
<!--View is reporting-->
<!--Version is 5-0-->
<!--NS is http://www.fpml.org/FpML-5/master-->
<!--Omit some adjustments, details of procedures, and other information not required for a report-->
<terminatingEventsReport xmlns="http://www.fpml.org/FpML-5/reporting" xmlns:xsi="http://www.w3.org/2001/XMLSchema-instance" fpmlVersion="5-11" xsi:schemaLocation="http://www.fpml.org/FpML-5/reporting ../fpml-main-5-11.xsd http://www.w3.org/2000/09/xmldsig# ../xmldsig-core-schema.xsd">
  <header>
    <messageId messageIdScheme="http://www.abc.com/mid">XXX00123</messageId>
    <sentBy>ABCDUS33</sentBy>
    <sendTo>HEDGUS33</sendTo>
    <creationTimestamp>2010-12-06T15:38:00Z</creationTimestamp>
  </header>
  <asOfDate>2010-12-06</asOfDate>
  <reportContents>
    <partyReference href="party2" />
    <accountReference href="account1" />
  </reportContents>
  <fromDateTime>2010-12-05T15:40:02Z</fromDateTime>
  <toDateTime>2010-12-06T15:37:59Z</toDateTime>
  <tradeMaturity>
    <tradeIdentifier>
      <partyReference href="party1" />
      <tradeId tradeIdScheme="http://www.abcd.com/trade-id">IRS1</tradeId>
    </tradeIdentifier>
    <date>2010-12-03</date>
  </tradeMaturity>
  <tradeMaturity>
    <tradeIdentifier>
      <partyReference href="party1" />
      <tradeId tradeIdScheme="http://www.abcd.com/trade-id">IRS2</tradeId>
    </tradeIdentifier>
    <date>2010-12-05</date>
  </tradeMaturity>
  <optionExpiry>
    <tradeIdentifier>
      <partyReference href="party1" />
      <tradeId tradeIdScheme="http://www.abcd.com/trade-id">SWPTN1</tradeId>
    </tradeIdentifier>
    <date>2010-12-03</date>
    <time>02:00:00</time>
  </optionExpiry>
  <optionExpiry>
    <tradeIdentifier>
      <partyReference href="party1" />
      <tradeId tradeIdScheme="http://www.abcd.com/trade-id">SWPTN2</tradeId>
    </tradeIdentifier>
    <date>2010-12-05</date>
    <time>02:00:00</time>
  </optionExpiry>
  <party id="party1">
    <partyName>ABCD Securities Inc.</partyName>
  </party>
  <party id="party2">
    <partyId partyIdScheme="http://www.fpml.org/coding-scheme/external/iso17442">J6W9XJWVE853A9CVRQ85</partyId>
    <partyName>HedgeCo Capital L.L.C.</partyName>
  </party>
  <account id="account1">
    <accountId>Global Equities Fund</accountId>
    <accountBeneficiary href="party2" />
  </account>
</terminatingEventsReport>

