<?xml version="1.0" encoding="utf-8"?>
<!--View is reporting-->
<!--Version is 5-11-->
<!--NS is http://www.fpml.org/FpML-5/reporting-->
<!--
  == Copyright (c) 2014- All rights reserved.
  == Financial Products Markup Language is subject to the FpML public license.
  == A copy of this license is available at http://www.fpml.org/license/license.html
  -->
<!--View is reporting-->
<!--Version is 5-0-->
<!--NS is http://www.fpml.org/FpML-5/master-->
<!--Omit some adjustments, details of procedures, and other information not required for a report-->
<positionReport xmlns="http://www.fpml.org/FpML-5/reporting" xmlns:xsi="http://www.w3.org/2001/XMLSchema-instance" fpmlVersion="5-11" xsi:schemaLocation="http://www.fpml.org/FpML-5/reporting ../fpml-main-5-11.xsd http://www.w3.org/2000/09/xmldsig# ../xmldsig-core-schema.xsd">
  <header>
    <messageId messageIdScheme="http://www.abc.com/mid">XXX00123</messageId>
    <sentBy>ABCDUS33</sentBy>
    <sendTo>HEDGUS33</sendTo>
    <creationTimestamp>2004-08-02T15:38:00Z</creationTimestamp>
  </header>
  <asOfDate>2004-06-02</asOfDate>
  <dataSetName>Valuation</dataSetName>
<!-- Crude Oil swap-->
  <position>
    <positionId positionIdScheme="http://www.abc.com/positionId">TBD</positionId>
    <reportingRoles>
      <baseParty href="hedge_asia" />
    </reportingRoles>
    <constituent>
      <trade>
        <tradeHeader>
          <tradeDate>2009-08-04</tradeDate>
        </tradeHeader>
        <commoditySwap>
          <productType productTypeScheme="http://www.fpml.org/coding-scheme/product-type-simple">CommoditySwap</productType>
<!-- needs to be added to the scheme -->
          <assetClass>Commodity</assetClass>
          <effectiveDate>
            <adjustableDate>
              <unadjustedDate>2009-10-01</unadjustedDate>
            </adjustableDate>
          </effectiveDate>
          <terminationDate>
            <adjustableDate>
              <unadjustedDate>2009-12-31</unadjustedDate>
            </adjustableDate>
          </terminationDate>
          <settlementCurrency>USD</settlementCurrency>
          <fixedLeg>
            <receiverPartyReference href="hedge_asia" />
            <fixedPrice>
              <price>79.37</price>
              <priceCurrency>USD</priceCurrency>
              <priceUnit>BBL</priceUnit>
            </fixedPrice>
            <notionalQuantity>
              <quantityUnit>BBL</quantityUnit>
              <quantityFrequency>PerSettlementPeriod</quantityFrequency>
              <quantity>65000</quantity>
            </notionalQuantity>
            <totalNotionalQuantity>195000</totalNotionalQuantity>
          </fixedLeg>
          <floatingLeg>
            <payerPartyReference href="hedge_asia" />
            <calculationPeriodsSchedule>
              <periodMultiplier>1</periodMultiplier>
              <period>M</period>
            </calculationPeriodsSchedule>
            <commodity>
              <instrumentId instrumentIdScheme="http://www.fpml.org/coding-scheme/commodity-reference-price-1-0">OIL-BRENT-IPE</instrumentId>
              <specifiedPrice>Settlement</specifiedPrice>
              <deliveryDates>FirstNearby</deliveryDates>
            </commodity>
            <notionalQuantity>
              <quantityUnit>BBL</quantityUnit>
              <quantityFrequency>PerSettlementPeriod</quantityFrequency>
              <quantity>65000.0</quantity>
            </notionalQuantity>
            <totalNotionalQuantity>195000</totalNotionalQuantity>
            <calculation>
              <pricingDates>
                <dayType>CommodityBusiness</dayType>
                <dayDistribution>All</dayDistribution>
              </pricingDates>
            </calculation>
          </floatingLeg>
        </commoditySwap>
      </trade>
    </constituent>
    <valuation>
      <quote>
        <value>-2146716</value>
        <measureType>NPV</measureType>
        <currency>USD</currency>
        <currencyType>QuoteCurrency</currencyType>
      </quote>
      <quote>
        <value>-2146716</value>
        <measureType>NPV</measureType>
        <currency>USD</currency>
        <currencyType>ReportCurrency</currencyType>
      </quote>
      <quote>
        <value>-199603371</value>
        <measureType>NPV</measureType>
        <currency>JPY</currency>
        <currencyType>UnitCurrency</currencyType>
      </quote>
      <quote>
        <value>-2146716</value>
        <measureType>NPV</measureType>
        <currency>USD</currency>
        <currencyType>SettlementCurrency</currencyType>
      </quote>
      <fxRate>
        <quotedCurrencyPair>
          <currency1>USD</currency1>
<!-- base ccy -->
          <currency2>JPY</currency2>
<!-- quote ccy -->
          <quoteBasis>Currency2PerCurrency1</quoteBasis>
        </quotedCurrencyPair>
        <rate>92.98080</rate>
      </fxRate>
    </valuation>
  </position>
<!-- Nat Gas swap-->
  <position>
    <positionId positionIdScheme="http://www.abc.com/positionId">TBD</positionId>
    <reportingRoles>
      <baseParty href="hedge_global" />
    </reportingRoles>
    <constituent>
      <trade>
        <tradeHeader>
          <tradeDate>2009-07-29</tradeDate>
        </tradeHeader>
        <commoditySwap>
          <productType productTypeScheme="http://www.fpml.org/coding-scheme/product-type-simple">CommoditySwap</productType>
<!-- needs to be added to the scheme -->
          <assetClass>Commodity</assetClass>
          <effectiveDate>
            <adjustableDate>
              <unadjustedDate>2009-09-01</unadjustedDate>
            </adjustableDate>
          </effectiveDate>
          <terminationDate>
            <adjustableDate>
              <unadjustedDate>2009-09-30</unadjustedDate>
            </adjustableDate>
          </terminationDate>
          <settlementCurrency>USD</settlementCurrency>
          <fixedLeg>
            <receiverPartyReference href="hedge_global" />
            <fixedPrice>
              <price>3.59</price>
              <priceCurrency>USD</priceCurrency>
              <priceUnit>MMBTU</priceUnit>
            </fixedPrice>
            <notionalQuantity>
              <quantityUnit>MMBTU</quantityUnit>
              <quantityFrequency>PerCalendarDay</quantityFrequency>
              <quantity>5000.0</quantity>
            </notionalQuantity>
            <totalNotionalQuantity>150000</totalNotionalQuantity>
          </fixedLeg>
          <floatingLeg>
            <payerPartyReference href="hedge_global" />
            <calculationPeriodsSchedule>
              <periodMultiplier>1</periodMultiplier>
              <period>M</period>
              <balanceOfFirstPeriod>false</balanceOfFirstPeriod>
            </calculationPeriodsSchedule>
            <commodity>
              <instrumentId instrumentIdScheme="http://www.fpml.org/coding-scheme/commodity-reference-price-1-0">NATURAL GAS-NYMEX</instrumentId>
              <specifiedPrice>Settlement</specifiedPrice>
              <deliveryDates>FirstNearby</deliveryDates>
            </commodity>
            <notionalQuantity>
              <quantityUnit>MMBTU</quantityUnit>
              <quantityFrequency>PerCalendarDay</quantityFrequency>
              <quantity>5000.0</quantity>
            </notionalQuantity>
            <totalNotionalQuantity>150000.0</totalNotionalQuantity>
            <calculation>
              <pricingDates>
                <dayType>CommodityBusiness</dayType>
                <dayDistribution>Last</dayDistribution>
                <businessCalendar>NYMEX-NATURAL-GAS</businessCalendar>
              </pricingDates>
            </calculation>
          </floatingLeg>
        </commoditySwap>
      </trade>
    </constituent>
    <valuation>
      <quote>
        <value>211077</value>
        <measureType>NPV</measureType>
        <currency>USD</currency>
        <currencyType>QuoteCurrency</currencyType>
      </quote>
      <quote>
        <value>211077</value>
        <measureType>NPV</measureType>
        <currency>USD</currency>
        <currencyType>ReportCurrency</currencyType>
      </quote>
      <quote>
        <value>147565.02</value>
        <measureType>NPV</measureType>
        <currency>EUR</currency>
        <currencyType>UnitCurrency</currencyType>
      </quote>
      <quote>
        <value>211077</value>
        <measureType>NPV</measureType>
        <currency>USD</currency>
        <currencyType>SettlementCurrency</currencyType>
      </quote>
      <fxRate>
        <quotedCurrencyPair>
          <currency1>EUR</currency1>
<!-- base currency -->
          <currency2>USD</currency2>
<!-- quote currency -->
          <quoteBasis>Currency2PerCurrency1</quoteBasis>
<!-- units of quote ccy equiv to 1 unit of base ccy -->
        </quotedCurrencyPair>
        <rate>1.43040</rate>
      </fxRate>
    </valuation>
  </position>
  <party id="party1">
    <partyId partyIdScheme="http://www.fpml.org/coding-scheme/external/iso17442">QGPGHQ1ENZOOLJRFTH41</partyId>
    <partyName>ABCD Securities Inc.</partyName>
  </party>
  <party id="hedge_global">
    <partyId partyIdScheme="http://www.fpml.org/coding-scheme/dummy-party-id">HEDG-GLOB</partyId>
    <partyName>HedgeCo Global Growth</partyName>
  </party>
  <party id="hedge_asia">
    <partyId partyIdScheme="http://www.fpml.org/coding-scheme/dummy-party-id">HEDG-ASIA</partyId>
    <partyName>HedgeCo Asia Fund</partyName>
  </party>
</positionReport>

