<?xml version="1.0" encoding="utf-8"?>
<!--View is reporting-->
<!--Version is 5-3-->
<!--NS is http://www.fpml.org/FpML-5/reporting-->
<!--
  == Copyright (c) 2002-2011. All rights reserved.
  == Financial Products Markup Language is subject to the FpML public license.
  == A copy of this license is available at http://www.fpml.org/license/license.html
  
  == 
  -->
<tradeCashflowsMatchResult xmlns="http://www.fpml.org/FpML-5/reporting" xmlns:xsi="http://www.w3.org/2001/XMLSchema-instance" fpmlVersion="5-3" xsi:schemaLocation="http://www.fpml.org/FpML-5/reporting ../fpml-main-5-3.xsd http://www.w3.org/2000/09/xmldsig# ../xmldsig-core-schema.xsd">
  <header>
    <messageId messageIdScheme="http://www.example.com/messageId">CEN/2004/01/05/15-38</messageId>
    <inReplyTo messageIdScheme="http://www.example.com/messageId">CEN/2004/01/05/15-39</inReplyTo>
    <sentBy>TYUMATCHING</sentBy>
    <sendTo>ABC</sendTo>
    <creationTimestamp>2005-11-28T15:00:00Z</creationTimestamp>
  </header>
  <correlationId correlationIdScheme="http://www.example.com/correlationId">CORR/2005/08/01/15-38</correlationId>
  <status eventStatusScheme="http://www.fpml.org/coding-scheme/event-status-1-0">Matched</status>
  <assertedCashflow>
    <asOfDate>2005-11-28T15:00:00Z</asOfDate>
    <tradeCashflowsId tradeCashflowsIdScheme="http://www.abc.com/tradeCashflowsId">tradeCashflowsABC001</tradeCashflowsId>
  </assertedCashflow>
  <proposedMatch>
    <tradeCashflowsId tradeCashflowsIdScheme="http://www.def.com/tradeCashflowsId">tradeCashflowsDEF001</tradeCashflowsId>
    <matchId matchIdScheme="http://www.tyumatching.com/matchId">23453323</matchId>
  </proposedMatch>
  <party id="party1">
    <partyId>ABCBank001</partyId>
  </party>
  <party id="party2">
    <partyId>DEFBank001</partyId>
  </party>
</tradeCashflowsMatchResult>

