<?xml version="1.0" encoding="utf-8"?>
<!--View is reporting-->
<!--Version is 5-10-->
<!--NS is http://www.fpml.org/FpML-5/reporting-->
<!--
  == Copyright (c) 2014-2018 All rights reserved.
  == Financial Products Markup Language is subject to the FpML public license.
  == A copy of this license is available at http://www.fpml.org/license/license.html
  
  == 
  -->
<tradeCashflowsAsserted xmlns="http://www.fpml.org/FpML-5/reporting" xmlns:xsi="http://www.w3.org/2001/XMLSchema-instance" fpmlVersion="5-10" xsi:schemaLocation="http://www.fpml.org/FpML-5/reporting ../fpml-main-5-10.xsd http://www.w3.org/2000/09/xmldsig# ../xmldsig-core-schema.xsd">
  <header>
    <messageId messageIdScheme="http://www.example.com/messageId">CEN/2004/01/05/15-38</messageId>
    <sentBy>ABC</sentBy>
    <sendTo>DEF</sendTo>
    <creationTimestamp>2005-01-05T15:38:00Z</creationTimestamp>
  </header>
  <asOfDate>2005-01-05T15:00:00Z</asOfDate>
  <tradeCashflowsId tradeCashflowsIdScheme="http://www.abc.com/tradeCashflowsId">tradeCashflowsABC001</tradeCashflowsId>
  <tradeIdentifyingItems>
    <partyTradeIdentifier>
      <partyReference href="party1" />
      <tradeId tradeIdScheme="http://www.abc.com/tradeId">trade1abcxxx</tradeId>
    </partyTradeIdentifier>
    <partyTradeIdentifier>
      <partyReference href="party2" />
      <tradeId tradeIdScheme="http://www.def.com/tradeId">123cds</tradeId>
    </partyTradeIdentifier>
  </tradeIdentifyingItems>
  <adjustedPaymentDate>2005-01-31</adjustedPaymentDate>
  <payment>
    <identifier paymentIdScheme="http://www.centralservice.com/netPaymentId">netPaymentABCDEF001</identifier>
    <payerPartyReference href="party1" />
    <receiverPartyReference href="party2" />
    <paymentAmount>
      <currency>EUR</currency>
      <amount>200000</amount>
    </paymentAmount>
  </payment>
  <party id="party1">
    <partyId partyIdScheme="http://www.fpml.org/coding-scheme/external/iso17442">549300S28N49H5RT4J50</partyId>
  </party>
  <party id="party2">
    <partyId partyIdScheme="http://www.fpml.org/coding-scheme/external/iso17442">549300L7VWW3G1702646</partyId>
  </party>
</tradeCashflowsAsserted>

