<?xml version="1.0" encoding="utf-8"?>
<!--View is reporting-->
<!--Version is 5-11-->
<!--NS is http://www.fpml.org/FpML-5/reporting-->
<!--
        == Copyright (c) 2014- All rights reserved.
        == Financial Products Markup Language is subject to the FpML public license.
        == A copy of this license is available at http://www.fpml.org/license/license.html
-->
<!--
Example of a party report
-->
<partyReport xmlns="http://www.fpml.org/FpML-5/reporting" xmlns:xsi="http://www.w3.org/2001/XMLSchema-instance" fpmlVersion="5-11" xsi:schemaLocation="http://www.fpml.org/FpML-5/reporting ../fpml-main-5-11.xsd http://www.w3.org/2000/09/xmldsig# ../xmldsig-core-schema.xsd">
  <header>
    <messageId messageIdScheme="http://www.dealer.com/report_id">XXX00123</messageId>
    <sentBy>DEALER</sentBy>
    <sendTo>REPORTSVC</sendTo>
    <creationTimestamp>2009-10-01T18:00:00Z</creationTimestamp>
  </header>
  <asOfDate>2009-10-01</asOfDate>
  <party id="dealer">
    <partyId partyIdScheme="http://www.fpml.org/coding-scheme/dummy-party-id">DLR1US33</partyId>
    <partyName>Dealer Bank Hedging Services, Inc.</partyName>
    <classification industryClassificationScheme="http://www.fpml.org/coding-scheme/external/north-american-industry-classification-system">523120</classification>
    <country>US</country>
    <jurisdiction>USDE</jurisdiction>
    <relatedParty>
      <partyReference href="reit-parent" />
      <role>CreditSupportProvider</role>
      <documentation>
        <agreement>
          <type>Guarantee</type>
          <date>2006-08-30</date>
          <governingLaw>USNY</governingLaw>
        </agreement>
      </documentation>
    </relatedParty>
    <relatedParty>
      <partyReference href="reit" />
      <role>TradingPartner</role>
      <documentation>
        <masterAgreement>
          <masterAgreementType>ISDA</masterAgreementType>
          <masterAgreementVersion>2002</masterAgreementVersion>
          <masterAgreementDate>2006-08-30</masterAgreementDate>
        </masterAgreement>
        <creditSupportAgreement>
          <date>2006-08-30</date>
        </creditSupportAgreement>
      </documentation>
    </relatedParty>
  </party>
  <party id="reit">
    <partyId partyIdScheme="http://www.fpml.org/coding-scheme/dummy-party-id">REITUS33</partyId>
    <partyName>REITP II Investments, L.P.</partyName>
    <classification industryClassificationScheme="http://www.fpml.org/coding-scheme/external/north-american-industry-classification-system">531110</classification>
    <country>US</country>
    <jurisdiction>USDE</jurisdiction>
    <relatedParty>
      <partyReference href="reit-parent" />
      <role>Guarantor</role>
      <type>AllPositions</type>
      <effectiveDate>2006-08-30</effectiveDate>
      <documentation>
        <agreement>
          <type>Guarantee</type>
          <date>2006-08-30</date>
          <governingLaw>USNY</governingLaw>
        </agreement>
      </documentation>
    </relatedParty>
  </party>
  <party id="reit-parent">
    <partyId partyIdScheme="http://www.fpml.org/coding-scheme/dummy-party-id">REIPUS33</partyId>
    <partyName>REIT Partners, L.P.</partyName>
    <classification industryClassificationScheme="http://www.fpml.org/coding-scheme/external/north-american-industry-classification-system">531110</classification>
    <country>US</country>
    <jurisdiction>USDE</jurisdiction>
  </party>
</partyReport>

