<?xml version="1.0" encoding="utf-8"?>
<!--View is confirmation-->
<!--Version is 5-10-->
<!--NS is http://www.fpml.org/FpML-5/confirmation-->
<!--
        == Copyright (c) 2014-2018 All rights reserved.
        == Financial Products Markup Language is subject to the FpML public license.
        == A copy of this license is available at http://www.fpml.org/documents/license
-->
<requestExecution xmlns="http://www.fpml.org/FpML-5/confirmation" xmlns:xsi="http://www.w3.org/2001/XMLSchema-instance" fpmlVersion="5-10" xsi:schemaLocation="http://www.fpml.org/FpML-5/confirmation ../../fpml-main-5-10.xsd http://www.w3.org/2000/09/xmldsig# ../../xmldsig-core-schema.xsd">
  <header>
    <messageId messageIdScheme="http://www.amag.com/coding-scheme/message-id">0485674</messageId>
    <sentBy>CCSTUS6S</sentBy>
    <sendTo>AMAGGB22XXX</sendTo>
    <creationTimestamp>2010-09-08T14:30:00-00:00</creationTimestamp>
  </header>
  <isCorrection>false</isCorrection>
  <correlationId correlationIdScheme="http://www.imgr.com/schemes/correlation-id">CORR019</correlationId>
  <sequenceNumber>2</sequenceNumber>
  <optionExercise>
    <optionSeller href="SKY" />
<!-- Added , Optional -->
    <optionBuyer href="AMAG" />
<!-- Added , Optional -->
    <tradeIdentifier>
      <partyReference href="SKY" />
      <tradeId tradeIdScheme="http://www.swift.com/coding-scheme/contract-id">IRS2</tradeId>
    </tradeIdentifier>
    <exerciseDate>2010-08-13</exerciseDate>
<!-- choice of expiry or full exercise or (partial exercise - shown below) -->
    <specifiedExercise>
      <exerciseInNotionalAmount>
        <currency>JPY</currency>
        <amount>110000000</amount>
      </exerciseInNotionalAmount>
      <outstandingNotionalAmount>
        <currency>JPY</currency>
        <amount>110000000</amount>
      </outstandingNotionalAmount>
    </specifiedExercise>
    <specifiedExercise>
      <exerciseInNotionalAmount>
        <currency>USD</currency>
        <amount>1000000</amount>
      </exerciseInNotionalAmount>
      <outstandingNotionalAmount>
        <currency>USD</currency>
        <amount>1000000</amount>
      </outstandingNotionalAmount>
    </specifiedExercise>
  </optionExercise>
  <party id="AMAG">
    <partyId partyIdScheme="http://www.fpml.org/coding-scheme/external/iso17442">969500T86SHG919ON888</partyId>
    <partyName>International Bank Asset Management</partyName>
  </party>
  <party id="SKY">
    <partyId partyIdScheme="http://www.fpml.org/coding-scheme/external/iso17442">549300HTD3SZJWA5TS80</partyId>
    <partyName>Sky Limited</partyName>
  </party>
</requestExecution>

