<?xml version="1.0" encoding="utf-8"?>
<!--View is confirmation-->
<!--Version is 5-10-->
<!--NS is http://www.fpml.org/FpML-5/confirmation-->
<!--
        == Copyright (c) 2014-2018 All rights reserved.
        == Financial Products Markup Language is subject to the FpML public license.
        == A copy of this license is available at http://www.fpml.org/license/license.html
-->
<!--
Rollover event notifications provide a means for agent banks to communicate floating rate margin resets and/or re-definitions of the way 
in which outstanding contracts are structured. For example:
        - Borrowers can manipulate debt allocation across various contract types.
        - Certain contracts periodically reset (rate-wise).
        - Underlying balances may shift.
Rollovers can be used to represent any/all of the above.

This example represents a:
        - LIBOR contract repricing
        - LIBOR contract interest payment
        - part of the LIBOR loan repays
        - remaining LIBOR contract rolls over
-->
<rolloverNotification xmlns="http://www.fpml.org/FpML-5/confirmation" xmlns:xsi="http://www.w3.org/2001/XMLSchema-instance" fpmlVersion="5-10" xsi:schemaLocation="http://www.fpml.org/FpML-5/confirmation ../../fpml-main-5-10.xsd http://www.w3.org/2000/09/xmldsig# ../../xmldsig-core-schema.xsd">
  <header>
<!-- No message id in the original notice -->
    <messageId messageIdScheme="http://www.bankofagentsna.com/messaging/messageids">461378</messageId>
<!-- Not sure of this content? -->
    <sentBy messageAddressScheme="http://www.loanmarketdirectory.com/external/schemes/MEI">AGENTBMEI</sentBy>
    <sendTo messageAddressScheme="http://www.loanmarketdirectory.com/external/schemes/MEI">LENDERMEI</sendTo>
    <creationTimestamp>2013-10-21T09:30:47Z</creationTimestamp>
    <implementationSpecification>
      <name>BKLoanSys</name>
      <version implementationSpecificationVersionScheme="http://www.bkloansys.com/">1.0</version>
      <date>2012-12-06</date>
    </implementationSpecification>
  </header>
  <isCorrection>false</isCorrection>
  <noticeDate>2014-11-12</noticeDate>
  <isGlobalOnly>false</isGlobalOnly>
  <eventPayment>
    <payerPartyReference href="agent" />
    <receiverPartyReference href="lender" />
    <paymentAmount>
      <currency currencyScheme="http://www.fpml.org/coding-scheme/external/iso4217-2001-08-15">USD</currency>
      <amount>624355.68</amount>
    </paymentAmount>
    <paymentDate>
      <adjustedDate>2014-08-29</adjustedDate>
    </paymentDate>
    <eventIdentifier>
      <partyReference href="agent" />
<!-- LN88 No event id provided in the notice -->
      <eventId eventIdScheme="http://www.bankofagentsna.com/messaging/eventids">64125</eventId>
    </eventIdentifier>
    <eventIdentifier>
      <partyReference href="agent" />
<!-- LN88 No event id provided in the notice -->
      <eventId eventIdScheme="http://www.bankofagentsna.com/messaging/eventids">85124</eventId>
    </eventIdentifier>
  </eventPayment>
<!-- The notice provides not details of the maturing prime contract but the assumption is that is is the same notional as the new contract. -->
<!-- There is nothing in the notice itself to illustrate the fact that the maturing contract is a PRIME contract. Not sure that we care...? -->
  <rollover>
    <eventIdentifier>
      <partyReference href="agent" />
<!-- LN88 No event id provided in the notice -->
      <eventId eventIdScheme="http://www.bankofagentsna.com/messaging/eventids">64100</eventId>
    </eventIdentifier>
    <parentEventIdentifier>
      <partyReference href="agent" />
      <eventId eventIdScheme="http://www.bankofagentsna.com/messaging/rolloverids">RolloverGroup12</eventId>
    </parentEventIdentifier>
    <effectiveDate>2014-08-29</effectiveDate>
    <facilityReference href="facility" />
    <maturingContracts>
<!-- Do we need to capture a specific date as to when these contracts are maturing? -->
      <contractSummary>
        <identifier id="loan_contract_maturing">
          <partyReference href="agent" />
          <contractId contractIdScheme="http://www.bankofagentsna.com/messaging/contractids">922544</contractId>
          <facilityReference href="facility" />
        </identifier>
<!-- Not provided on the notice but deduced from the interest payment period -->
        <effectiveDate>2014-07-31</effectiveDate>
        <borrowerPartyReference href="borrower" />
        <amount>
          <currency currencyScheme="http://www.fpml.org/coding-scheme/external/iso4217-2001-08-15">USD</currency>
          <amount>29210000.00</amount>
        </amount>
      </contractSummary>
    </maturingContracts>
    <currentContracts>
      <contract>
        <identifier id="loan_contract_new">
          <partyReference href="agent" />
          <contractId contractIdScheme="http://www.bankofagentsna.com/messaging/contractids">46125</contractId>
          <facilityReference href="facility" />
        </identifier>
        <effectiveDate>2014-08-29</effectiveDate>
        <borrowerPartyReference href="borrower" />
        <amount>
          <currency currencyScheme="http://www.fpml.org/coding-scheme/external/iso4217-2001-08-15">USD</currency>
          <amount>28660000</amount>
        </amount>
        <repricingDate>2014-09-30</repricingDate>
        <floatingRateAccrual>
          <accrualOptionId accrualTypeIdScheme="http://www.bankofagentsna.com/messaging/accrualtypeids">51245</accrualOptionId>
<!-- Dummy values. Day count, LIBOR type etc. not provided. -->
          <dayCountFraction dayCountFractionScheme="http://www.fpml.org/coding-scheme/day-count-fraction">ACT/360</dayCountFraction>
          <floatingRateIndex floatingRateIndexScheme="http://www.fpml.org/coding-scheme/floating-rate-index">USD-LIBOR-LIBO</floatingRateIndex>
<!-- Spread not provided on the notice, but can we assume it will be? -->
          <spread>0.03</spread>
          <startDate>2014-08-29</startDate>
          <endDate>2014-09-30</endDate>
<!-- Number of days not provided on the original notice -->
          <numberOfDays>30</numberOfDays>
<!-- Rate is not yet fixed -->
<!-- The rate fixing date is BEFORE the notice date (on the example). Assume this is a typo on the original notice? -->
          <rateFixingDate>2014-09-03</rateFixingDate>
        </floatingRateAccrual>
      </contract>
    </currentContracts>
    <interestPayment>
      <eventIdentifier>
        <partyReference href="agent" />
<!-- LN88 No event id provided in the notice -->
        <eventId eventIdScheme="http://www.bankofagentsna.com/messaging/eventids">64125</eventId>
      </eventIdentifier>
      <parentEventIdentifier>
        <partyReference href="agent" />
        <eventId eventIdScheme="http://www.bankofagentsna.com/messaging/rolloverids">RolloverGroup12</eventId>
      </parentEventIdentifier>
      <lenderPartyReference href="lender" />
      <cashPayable>
        <payerPartyReference href="agent" />
        <receiverPartyReference href="lender" />
        <netAmount>
          <currency currencyScheme="http://www.fpml.org/coding-scheme/external/iso4217-2001-08-15">USD</currency>
          <amount>74355.68</amount>
        </netAmount>
        <taxWithholding>
          <amount>
            <currency currencyScheme="http://www.fpml.org/coding-scheme/external/iso4217-2001-08-15">USD</currency>
            <amount>0.00</amount>
          </amount>
        </taxWithholding>
      </cashPayable>
      <agentPartyReference href="agent" />
      <borrowerPartyReference href="borrower" />
      <effectiveDate>2014-08-29</effectiveDate>
      <loanContractReference href="loan_contract_maturing" />
      <startDate>2014-07-31</startDate>
      <endDate>2014-08-28</endDate>
      <calculationMethod>ContractPositionThruPeriod</calculationMethod>
      <amount>
        <currency currencyScheme="http://www.fpml.org/coding-scheme/external/iso4217-2001-08-15">USD</currency>
        <amount>74355.68</amount>
      </amount>
      <accrualSchedule>
        <startDate>2014-07-31</startDate>
        <endDate>2014-08-28</endDate>
        <numberOfDays>29</numberOfDays>
        <referenceAmount>
          <currency currencyScheme="http://www.fpml.org/coding-scheme/external/iso4217-2001-08-15">USD</currency>
<!-- Dummy amount. The global underlying contract amount was NOT provided in the schedule. It is now required. -->
          <amount>29210000.00</amount>
        </referenceAmount>
        <rate>0.0316</rate>
        <accrualAmount>
          <currency currencyScheme="http://www.fpml.org/coding-scheme/external/iso4217-2001-08-15">USD</currency>
          <amount>74355.68</amount>
        </accrualAmount>
      </accrualSchedule>
    </interestPayment>
    <repayment>
      <eventIdentifier>
        <partyReference href="agent" />
<!-- LN88 No event id provided in the notice -->
        <eventId eventIdScheme="http://www.bankofagentsna.com/messaging/eventids">85124</eventId>
      </eventIdentifier>
      <parentEventIdentifier>
        <partyReference href="agent" />
        <eventId eventIdScheme="http://www.bankofagentsna.com/messaging/rolloverids">RolloverGroup12</eventId>
      </parentEventIdentifier>
      <lenderPartyReference href="lender" />
      <cashPayable>
        <payerPartyReference href="agent" />
        <receiverPartyReference href="lender" />
        <netAmount>
          <currency currencyScheme="http://www.fpml.org/coding-scheme/external/iso4217-2001-08-15">USD</currency>
          <amount>550000.00</amount>
        </netAmount>
        <taxWithholding>
          <amount>
            <currency currencyScheme="http://www.fpml.org/coding-scheme/external/iso4217-2001-08-15">USD</currency>
            <amount>0.00</amount>
          </amount>
        </taxWithholding>
      </cashPayable>
      <agentPartyReference href="agent" />
      <borrowerPartyReference href="borrower" />
      <effectiveDate>2014-08-29</effectiveDate>
      <loanContractReference href="loan_contract_maturing" />
      <amount>
        <currency currencyScheme="http://www.fpml.org/coding-scheme/external/iso4217-2001-08-15">USD</currency>
        <amount>550000.00</amount>
      </amount>
      <refusalAllowed>false</refusalAllowed>
    </repayment>
<!-- 
                        There is a section above which outlines the "current contracts". This is a full definition of new loan contracts
                        which, in effect, is the same as what would be embedded within a borrowing event. Should we have one OR the other 
                        defined rather than both?
                -->
    <borrowing>
      <eventIdentifier>
        <partyReference href="agent" />
<!-- LN88 No event id provided in the notice -->
        <eventId eventIdScheme="http://www.bankofagentsna.com/messaging/eventids">61948</eventId>
      </eventIdentifier>
      <parentEventIdentifier>
        <partyReference href="agent" />
        <eventId eventIdScheme="http://www.bankofagentsna.com/messaging/rolloverids">RolloverGroup12</eventId>
      </parentEventIdentifier>
      <lenderPartyReference href="lender" />
      <agentPartyReference href="agent" />
      <borrowerPartyReference href="borrower" />
      <effectiveDate>2014-09-05</effectiveDate>
      <loanContractReference href="loan_contract_new" />
      <amount>
        <currency currencyScheme="http://www.fpml.org/coding-scheme/external/iso4217-2001-08-15">USD</currency>
        <amount>28660000</amount>
      </amount>
    </borrowing>
  </rollover>
  <facilityIdentifier id="facility">
    <instrumentId instrumentIdScheme="http://www.cusip.com/">F123452TLA</instrumentId>
    <description>Revolver</description>
  </facilityIdentifier>
  <party id="agent">
    <partyId partyIdScheme="http://www.loanmarketdirectory.com/external/schemes/MEI">AGENTBMEI</partyId>
    <partyName partyNameScheme="http://www.loanmarketdirectory.com/external/schemes">Bank of Agents N.A.</partyName>
  </party>
  <party id="borrower">
    <partyId partyIdScheme="http://www.loanmarketdirectory.com/external/schemes/MEI">BORROWERMEI</partyId>
    <partyName partyNameScheme="http://www.loanmarketdirectory.com/external/schemes">Borrower Inc.</partyName>
  </party>
  <party id="coborrower">
    <partyId partyIdScheme="http://www.loanmarketdirectory.com/external/schemes/MEI">COBORRMEI</partyId>
    <partyName partyNameScheme="http://www.loanmarketdirectory.com/external/schemes">Co-Borrower Inc.</partyName>
  </party>
  <party id="lender">
    <partyId partyIdScheme="http://www.loanmarketdirectory.com/external/schemes/MEI">LENDERMEI</partyId>
    <partyName partyNameScheme="http://www.loanmarketdirectory.com/external/schemes/MEI">Lender Corp.</partyName>
  </party>
  <party id="guarantor">
    <partyId partyIdScheme="http://www.loanmarketdirectory.com/external/schemes/MEI">GUARAMEI</partyId>
    <partyName partyNameScheme="http://www.loanmarketdirectory.com/external/schemes">Guarantor Partners LLC</partyName>
  </party>
</rolloverNotification>

