<?xml version="1.0" encoding="utf-8"?>
<!--View is confirmation-->
<!--Version is 5-10-->
<!--NS is http://www.fpml.org/FpML-5/confirmation-->
<!--
        == Copyright (c) 2014-2018 All rights reserved.
        == Financial Products Markup Language is subject to the FpML public license.
        == A copy of this license is available at http://www.fpml.org/license/license.html
-->
<!--
Non-recurring fee payment notification - this notification shows an amendment fee being charged.
-->
<nonRecurringFeePaymentNotification xmlns="http://www.fpml.org/FpML-5/confirmation" xmlns:xsi="http://www.w3.org/2001/XMLSchema-instance" fpmlVersion="5-10" xsi:schemaLocation="http://www.fpml.org/FpML-5/confirmation ../../fpml-main-5-10.xsd http://www.w3.org/2000/09/xmldsig# ../../xmldsig-core-schema.xsd">
  <header>
<!-- LN88 No message id in the original notice -->
    <messageId messageIdScheme="http://www.bankofagentsna.com/messaging/messageids">119922</messageId>
    <sentBy messageAddressScheme="http://www.loanmarketdirectory.com/external/schemes/MEI">AGENTBMEI</sentBy>
    <sendTo messageAddressScheme="http://www.loanmarketdirectory.com/external/schemes/MEI">LENDERMEI</sendTo>
    <creationTimestamp>2013-10-21T09:30:47Z</creationTimestamp>
    <implementationSpecification>
      <name>BKLoanSys</name>
      <version implementationSpecificationVersionScheme="http://www.bkloansys.com/">1.0</version>
      <date>2012-12-06</date>
    </implementationSpecification>
  </header>
  <isCorrection>false</isCorrection>
  <noticeDate>2014-06-02</noticeDate>
  <isGlobalOnly>false</isGlobalOnly>
  <amendmentFeePayment>
    <eventIdentifier>
      <partyReference href="agent" />
<!-- LN88 No event id provided in the notice -->
      <eventId eventIdScheme="http://www.bankofagentsna.com/messaging/eventids">91827</eventId>
    </eventIdentifier>
    <lenderPartyReference href="lender" />
    <comment>1% premium fee for prepayment made on 05/30. As per CA, if borrower make any prepayment on repricing transaction, borrowers shall pay prepayment premium of 1.0% of the amount of the term loan. questions? dimple.x.patel@jpmchase.com</comment>
    <agentPartyReference href="agent" />
    <borrowerPartyReference href="borrower" />
    <effectiveDate>2014-06-02</effectiveDate>
    <facilityReference href="facility" />
    <amount>
      <currency currencyScheme="http://www.fpml.org/coding-scheme/external/iso4217-2001-08-15">USD</currency>
      <amount>650000.00</amount>
      <shareAmount>20885.90</shareAmount>
    </amount>
  </amendmentFeePayment>
  <facilityIdentifier id="facility">
    <instrumentId instrumentIdScheme="http://www.cusip.com/">F123452TLA</instrumentId>
    <description>Term Loan A</description>
  </facilityIdentifier>
  <party id="agent">
    <partyId partyIdScheme="http://www.loanmarketdirectory.com/external/schemes/MEI">AGENTBMEI</partyId>
    <partyName partyNameScheme="http://www.loanmarketdirectory.com/external/schemes">Bank of Agents N.A.</partyName>
    <person>
      <firstName>Dimple</firstName>
      <surname>Patel</surname>
      <contactInfo>
        <telephone>
          <number>3026344154</number>
        </telephone>
        <email>dimple.x.patel@jpmchase.com</email>
      </contactInfo>
    </person>
  </party>
  <party id="borrower">
    <partyId partyIdScheme="http://www.loanmarketdirectory.com/external/schemes/MEI">BORROWERMEI</partyId>
    <partyName partyNameScheme="http://www.loanmarketdirectory.com/external/schemes">Borrower Inc.</partyName>
  </party>
  <party id="coborrower">
    <partyId partyIdScheme="http://www.loanmarketdirectory.com/external/schemes/MEI">COBORRMEI</partyId>
    <partyName partyNameScheme="http://www.loanmarketdirectory.com/external/schemes">Co-Borrower Inc.</partyName>
  </party>
  <party id="lender">
    <partyId partyIdScheme="http://www.loanmarketdirectory.com/external/schemes/MEI">LENDERMEI</partyId>
    <partyName partyNameScheme="http://www.loanmarketdirectory.com/external/schemes/MEI">Lender Corp.</partyName>
  </party>
  <party id="guarantor">
    <partyId partyIdScheme="http://www.loanmarketdirectory.com/external/schemes/MEI">GUARAMEI</partyId>
    <partyName partyNameScheme="http://www.loanmarketdirectory.com/external/schemes">Guarantor Partners LLC</partyName>
  </party>
</nonRecurringFeePaymentNotification>

