<?xml version="1.0" encoding="utf-8"?>
<!--View is confirmation-->
<!--Version is 5-10-->
<!--NS is http://www.fpml.org/FpML-5/confirmation-->
<!--
        == Copyright (c) 2014-2018 All rights reserved.
        == Financial Products Markup Language is subject to the FpML public license.
        == A copy of this license is available at http://www.fpml.org/license/license.html
-->
<loanBulkServicingNotification xmlns="http://www.fpml.org/FpML-5/confirmation" xmlns:xsi="http://www.w3.org/2001/XMLSchema-instance" fpmlVersion="5-10" xsi:schemaLocation="http://www.fpml.org/FpML-5/confirmation ../../fpml-main-5-10.xsd http://www.w3.org/2000/09/xmldsig# ../../xmldsig-core-schema.xsd">
  <header>
    <messageId messageIdScheme="http://www.company.com/messageIdScheme">SentProfileMessageID1</messageId>
    <sentBy messageAddressScheme="http://www.company.com/messageAddressScheme">EatonVance</sentBy>
    <sendTo messageAddressScheme="http://www.company.com/messageAddressScheme">JPMorganChase</sendTo>
    <creationTimestamp>2017-09-30T09:30:47Z</creationTimestamp>
    <implementationSpecification>
      <name>LoanFpML</name>
      <version implementationSpecificationVersionScheme="http://www.company.com/implementationSpecificationVersion">v5.10</version>
      <date>2017-09-10</date>
    </implementationSpecification>
  </header>
  <isCorrection>false</isCorrection>
  <noticeDate>2017-09-30</noticeDate>
  <isGlobalOnly>true</isGlobalOnly>
  <eventPayment>
    <payerPartyReference href="AgentParty" />
    <receiverPartyReference href="LenderParty" />
    <paymentAmount>
      <currency>USD</currency>
      <amount>7500</amount>
    </paymentAmount>
    <eventIdentifier>
      <partyReference href="AgentParty" />
      <eventId eventIdScheme="http://www.company.com/eventIdScheme" id="ServicingEvent">ServicingEvent1</eventId>
    </eventIdentifier>
  </eventPayment>
  <facilityOutstandingsPosition>
    <facilityReference href="TermLoanB" />
    <commitment>
      <totalCommitmentAmount>
        <currency>USD</currency>
        <amount>1000000000</amount>
        <shareAmount>5000000</shareAmount>
      </totalCommitmentAmount>
      <fundedUtilizedAmount>
        <currency>USD</currency>
        <amount>1000000000</amount>
        <shareAmount>5000000</shareAmount>
      </fundedUtilizedAmount>
      <unavailableToUtilizeAmount>
        <currency>USD</currency>
        <amount>1000000000</amount>
        <shareAmount>5000000</shareAmount>
      </unavailableToUtilizeAmount>
    </commitment>
    <outstandingsPosition>
      <loanContractReference href="LoanContract1" />
      <amount>
        <currency>USD</currency>
        <amount>1000000000</amount>
        <shareAmount>5000000</shareAmount>
      </amount>
    </outstandingsPosition>
  </facilityOutstandingsPosition>
  <accruingFeePayment>
    <eventIdentifier id="AccruingFeePayment1">
      <partyReference href="AgentParty" />
      <eventId eventIdScheme="http://www.company.com/eventIdScheme" id="AccruingFeePaymentId1">AccruingFeePaymentId</eventId>
    </eventIdentifier>
    <lenderPartyReference href="LenderParty" />
    <cashPayable>
      <payerPartyReference href="AgentParty" />
      <receiverPartyReference href="LenderParty" />
      <netAmount>
        <currency>USD</currency>
        <amount>100000</amount>
      </netAmount>
    </cashPayable>
    <comment>Accruing Fee Payment</comment>
    <agentPartyReference href="AgentParty" />
    <borrowerPartyReference href="BorrowerParty" />
    <effectiveDate>2017-06-30</effectiveDate>
    <facilityReference href="TermLoanB" />
    <id accrualTypeIdScheme="http://www.company.com/accrualTypeIdScheme">Utilization</id>
    <startDate>2017-06-30</startDate>
    <endDate>2017-09-30</endDate>
    <amount>
      <currency>USD</currency>
      <amount>100000</amount>
      <shareAmount>5000</shareAmount>
    </amount>
  </accruingFeePayment>
  <interestPayment>
    <eventIdentifier id="InterestPayment1">
      <partyReference href="AgentParty" />
      <eventId eventIdScheme="http://www.company.com/eventIdScheme" id="InterestPaymentID1">InterestPaymentNumber</eventId>
    </eventIdentifier>
    <lenderPartyReference href="LenderParty" />
    <cashPayable>
      <payerPartyReference href="AgentParty" />
      <receiverPartyReference href="LenderParty" />
      <netAmount id="ID708">
        <currency>USD</currency>
        <amount>2500</amount>
      </netAmount>
    </cashPayable>
    <comment>Interest Payment</comment>
    <agentPartyReference href="AgentParty" />
    <borrowerPartyReference href="BorrowerParty" />
    <effectiveDate>2017-09-30</effectiveDate>
    <loanContractReference href="LoanContract1" />
    <startDate>2017-06-30</startDate>
    <endDate>2017-09-30</endDate>
    <calculationMethod>ContractPositionThruPeriod</calculationMethod>
    <amount>
      <currency>USD</currency>
      <amount>50000</amount>
      <shareAmount>2500</shareAmount>
    </amount>
  </interestPayment>
  <facilitySummary id="TermLoanB">
    <instrumentId instrumentIdScheme="http://www.fpml.org/coding-scheme/external/instrument-id-CUSIP-1-0">123456ABC</instrumentId>
    <description>USD 1BN Term Loan B</description>
    <borrowerPartyReference href="BorrowerParty" />
    <agentPartyReference href="AgentParty" />
    <startDate>2015-01-01</startDate>
    <maturityDate>2020-01-01</maturityDate>
    <currentCommitment>
      <totalCommitmentAmount>
        <currency currencyScheme="http://www.fpml.org/coding-scheme/currency-1-0">USD</currency>
        <amount>1000000000</amount>
        <shareAmount>5000000</shareAmount>
      </totalCommitmentAmount>
    </currentCommitment>
  </facilitySummary>
  <contractIdentifier>
    <partyReference href="AgentParty" />
    <contractId contractIdScheme="http://www.company.com/LoanContractIdScheme" id="LoanContract1">LoanContractIdentifier</contractId>
    <facilityReference href="TermLoanB" />
  </contractIdentifier>
  <party id="LenderParty">
    <partyId partyIdScheme="http://www.fpml.org/coding-scheme/external/party-id-MEI-1-0">EV1000001</partyId>
    <partyName partyNameScheme="http://www.company.com/partyNameScheme">EatonVance</partyName>
    <country countryScheme="http://www.fpml.org/coding-scheme/external/iso3166">USA</country>
    <contactInfo>
      <telephone>
        <type>Work</type>
        <number>5552222222</number>
      </telephone>
      <email>buyer.contact@eatonvance.com</email>
      <address>
        <streetAddress>
          <streetLine>6789 Main Street</streetLine>
        </streetAddress>
        <city>New York</city>
        <state>NY</state>
        <country>USA</country>
        <postalCode>10001</postalCode>
      </address>
    </contactInfo>
  </party>
  <party id="AgentParty">
    <partyId partyIdScheme="http://www.fpml.org/coding-scheme/external/party-id-MEI-1-0">JPM001011</partyId>
    <partyName partyNameScheme="http://www.company.com/partyNameScheme">JPMorganChase</partyName>
    <country countryScheme="http://www.fpml.org/coding-scheme/external/iso3166">USA</country>
    <contactInfo>
      <telephone>
        <type>Work</type>
        <number>5554444444</number>
      </telephone>
      <email>agent.contact@jpmorgan.com</email>
      <address>
        <streetAddress>
          <streetLine>12345 Main Street</streetLine>
        </streetAddress>
        <city>New York</city>
        <state>NY</state>
        <country>USA</country>
        <postalCode>10001</postalCode>
      </address>
    </contactInfo>
  </party>
  <party id="BorrowerParty">
    <partyId partyIdScheme="http://www.fpml.org/coding-scheme/external/party-id-MEI-1-0">AMZ1111111</partyId>
    <partyName partyNameScheme="http://www.company.com/partyNameScheme">Amazon</partyName>
    <country countryScheme="http://www.fpml.org/coding-scheme/external/iso3166">USA</country>
    <contactInfo>
      <telephone>
        <type>Work</type>
        <number>5553333333</number>
      </telephone>
      <email>borrower.contact@amazon.com</email>
      <address>
        <streetAddress>
          <streetLine>1111 Main Street</streetLine>
        </streetAddress>
        <city>New York</city>
        <state>NY</state>
        <country>USA</country>
        <postalCode>10001</postalCode>
      </address>
    </contactInfo>
  </party>
</loanBulkServicingNotification>

