<?xml version="1.0" encoding="utf-8"?>
<!--View is confirmation-->
<!--Version is 5-10-->
<!--NS is http://www.fpml.org/FpML-5/confirmation-->
<!--
        == Copyright (c) 2014-2018 All rights reserved.
        == Financial Products Markup Language is subject to the FpML public license.
        == A copy of this license is available at http://www.fpml.org/license/license.html
-->
<!--
Rollover event notifications provide a means for agent banks to communicate floating rate margin resets and/or re-definitions of the way 
in which outstanding contracts are structured. For example:
        - Borrowers can manipulate debt allocation across various contract types.
        - Certain contracts periodically reset (rate-wise).
        - Underlying balances may shift.
Rollovers can be used to represent any/all of the above.

This example represents a:
        - bilateral LIBOR contract maturing
        - bilateral loan interest payment
        - bilateral contract renewal with a conversion to PRIME
-->
<rolloverNotification xmlns="http://www.fpml.org/FpML-5/confirmation" xmlns:xsi="http://www.w3.org/2001/XMLSchema-instance" fpmlVersion="5-10" xsi:schemaLocation="http://www.fpml.org/FpML-5/confirmation ../../fpml-main-5-10.xsd http://www.w3.org/2000/09/xmldsig# ../../xmldsig-core-schema.xsd">
  <header>
<!-- No message id in the original notice -->
    <messageId messageIdScheme="http://www.bankofagentsna.com/messaging/messageids">448873</messageId>
<!-- Not sure of this content? -->
    <sentBy messageAddressScheme="http://www.loanmarketdirectory.com/external/schemes/MEI">AGENTBMEI</sentBy>
    <sendTo messageAddressScheme="http://www.loanmarketdirectory.com/external/schemes/MEI">LENDERMEI</sendTo>
    <creationTimestamp>2013-10-21T09:30:47Z</creationTimestamp>
    <implementationSpecification>
      <name>BKLoanSys</name>
      <version implementationSpecificationVersionScheme="http://www.bkloansys.com/">1.0</version>
      <date>2012-12-06</date>
    </implementationSpecification>
  </header>
  <isCorrection>false</isCorrection>
  <noticeDate>2014-09-04</noticeDate>
  <isGlobalOnly>false</isGlobalOnly>
  <eventPayment>
    <payerPartyReference href="agent" />
    <receiverPartyReference href="lender" />
    <paymentAmount>
      <currency currencyScheme="http://www.fpml.org/coding-scheme/external/iso4217-2001-08-15">USD</currency>
      <amount>14972.22</amount>
    </paymentAmount>
    <paymentDate>
      <adjustedDate>2014-09-05</adjustedDate>
    </paymentDate>
    <eventIdentifier>
      <partyReference href="agent" />
<!-- LN88 No event id provided in the notice -->
      <eventId eventIdScheme="http://www.bankofagentsna.com/messaging/eventids">45128</eventId>
    </eventIdentifier>
  </eventPayment>
<!-- The notice provides not details of the maturing prime contract but the assumption is that is is the same notional as the new contract. -->
<!-- There is nothing in the notice itself to illustrate the fact that the maturing contract is a PRIME contract. Not sure that we care...? -->
  <rollover>
    <eventIdentifier>
      <partyReference href="agent" />
<!-- LN88 No event id provided in the notice -->
      <eventId eventIdScheme="http://www.bankofagentsna.com/messaging/eventids">45101</eventId>
    </eventIdentifier>
    <parentEventIdentifier>
      <partyReference href="agent" />
      <eventId eventIdScheme="http://www.bankofagentsna.com/messaging/rolloverids">RolloverGroup7</eventId>
    </parentEventIdentifier>
    <effectiveDate>2014-09-05</effectiveDate>
    <facilityReference href="facility" />
    <maturingContracts>
<!-- Do we need to capture a specific date as to when these contracts are maturing? -->
      <contractSummary>
        <identifier id="loan_contract_maturing">
          <partyReference href="agent" />
          <contractId contractIdScheme="http://www.bankofagentsna.com/messaging/contractids">456555</contractId>
          <facilityReference href="facility" />
        </identifier>
        <effectiveDate>2014-06-09</effectiveDate>
        <borrowerPartyReference href="borrower" />
        <amount>
          <currency currencyScheme="http://www.fpml.org/coding-scheme/external/iso4217-2001-08-15">USD</currency>
          <amount>5000000.00</amount>
<!-- The share amount that was maturing wasn't shown on the notice. Am taking this figure assuming a single lender. -->
          <shareAmount>5000000.00</shareAmount>
        </amount>
      </contractSummary>
    </maturingContracts>
    <currentContracts>
      <contract>
        <identifier id="loan_contract_new">
          <partyReference href="agent" />
          <contractId contractIdScheme="http://www.bankofagentsna.com/messaging/contractids">86215</contractId>
          <facilityReference href="facility" />
        </identifier>
        <effectiveDate>2014-09-05</effectiveDate>
        <borrowerPartyReference href="borrower" />
        <amount>
          <currency currencyScheme="http://www.fpml.org/coding-scheme/external/iso4217-2001-08-15">USD</currency>
          <amount>5000000.00</amount>
          <shareAmount>5000000.00</shareAmount>
        </amount>
<!-- The notice provide the number of days associated with the loan contract. Should we have something here to represent that? -->
<!-- Note that the number of days are actually defined in the accrual period itself - maybe we don't need it in both locations? -->
        <maturityDate>2014-09-30</maturityDate>
        <floatingRateAccrual>
          <accrualOptionId accrualTypeIdScheme="http://www.bankofagentsna.com/messaging/accrualtypeids">58451</accrualOptionId>
<!-- Dummy values. Day count, LIBOR type etc. not provided. -->
          <dayCountFraction dayCountFractionScheme="http://www.fpml.org/coding-scheme/day-count-fraction">30/360</dayCountFraction>
          <floatingRateIndex floatingRateIndexScheme="http://www.fpml.org/coding-scheme/floating-rate-index">USD-Prime-Reference Banks</floatingRateIndex>
<!-- Spread not provided on the notice, but can we assume it will be? -->
          <spread>0.01</spread>
          <startDate>2014-09-05</startDate>
          <endDate>2014-09-30</endDate>
          <numberOfDays>25</numberOfDays>
<!-- Rate is not yet fixed -->
<!-- The rate fixing date is BEFORE the notice date (on the example). Assume this is a typo on the original notice? -->
          <rateFixingDate>2014-09-03</rateFixingDate>
        </floatingRateAccrual>
      </contract>
    </currentContracts>
    <interestPayment>
      <eventIdentifier>
        <partyReference href="agent" />
<!-- LN88 No event id provided in the notice -->
        <eventId eventIdScheme="http://www.bankofagentsna.com/messaging/eventids">45128</eventId>
      </eventIdentifier>
      <parentEventIdentifier>
        <partyReference href="agent" />
        <eventId eventIdScheme="http://www.bankofagentsna.com/messaging/rolloverids">RolloverGroup7</eventId>
      </parentEventIdentifier>
      <lenderPartyReference href="lender" />
      <cashPayable>
        <payerPartyReference href="agent" />
        <receiverPartyReference href="lender" />
        <netAmount>
          <currency currencyScheme="http://www.fpml.org/coding-scheme/external/iso4217-2001-08-15">USD</currency>
          <amount>14972.22</amount>
        </netAmount>
        <taxWithholding>
          <amount>
            <currency currencyScheme="http://www.fpml.org/coding-scheme/external/iso4217-2001-08-15">USD</currency>
            <amount>0.00</amount>
          </amount>
        </taxWithholding>
      </cashPayable>
      <agentPartyReference href="agent" />
      <borrowerPartyReference href="borrower" />
      <effectiveDate>2014-09-05</effectiveDate>
      <loanContractReference href="loan_contract_maturing" />
      <startDate>2014-06-09</startDate>
      <endDate>2014-09-05</endDate>
      <calculationMethod>ContractPositionThruPeriod</calculationMethod>
      <amount>
        <currency currencyScheme="http://www.fpml.org/coding-scheme/external/iso4217-2001-08-15">USD</currency>
<!-- Dummy amount. The global interest payment amount was not provided - need to agree that it MUST be, for future notices -->
<!-- In this case it should be the same as the share amount, sine iuts a bilateral loan -->
        <amount>14972.22</amount>
        <shareAmount>14972.22</shareAmount>
      </amount>
<!-- The accrual schedule details on the notice provide the day count also. We assume it from the existiing contract details (accrual period). -->
      <accrualSchedule>
        <startDate>2014-06-09</startDate>
        <endDate>2014-09-05</endDate>
        <numberOfDays>88</numberOfDays>
        <referenceAmount>
          <currency currencyScheme="http://www.fpml.org/coding-scheme/external/iso4217-2001-08-15">USD</currency>
<!-- Dummy amount. The global underlying contract amount was NOT provided in the schedule. It is now required. -->
          <amount>5000000.00</amount>
          <shareAmount>5000000.00</shareAmount>
        </referenceAmount>
        <rate>0.01225</rate>
        <accrualAmount>
          <currency currencyScheme="http://www.fpml.org/coding-scheme/external/iso4217-2001-08-15">USD</currency>
<!-- Dummy amount. The global interest amount was NOT provided in the schedule. It is now required. -->
          <amount>14972.22</amount>
          <shareAmount>14972.22</shareAmount>
        </accrualAmount>
      </accrualSchedule>
    </interestPayment>
<!-- 
                        There is a section above which outlines the "current contracts". This is a full definition of new loan contracts
                        which, in effect, is the same as what would be embedded within a borrowing event. Should we have one OR the other 
                        defined rather than both?
                -->
    <borrowing>
      <eventIdentifier>
        <partyReference href="agent" />
<!-- LN88 No event id provided in the notice -->
        <eventId eventIdScheme="http://www.bankofagentsna.com/messaging/eventids">59462</eventId>
      </eventIdentifier>
      <parentEventIdentifier>
        <partyReference href="agent" />
        <eventId eventIdScheme="http://www.bankofagentsna.com/messaging/rolloverids">RolloverGroup7</eventId>
      </parentEventIdentifier>
      <lenderPartyReference href="lender" />
      <agentPartyReference href="agent" />
      <borrowerPartyReference href="borrower" />
      <effectiveDate>2014-09-05</effectiveDate>
      <loanContractReference href="loan_contract_new" />
      <amount>
        <currency currencyScheme="http://www.fpml.org/coding-scheme/external/iso4217-2001-08-15">USD</currency>
        <amount>5000000.00</amount>
        <shareAmount>5000000.00</shareAmount>
      </amount>
    </borrowing>
  </rollover>
  <facilitySummary id="facility">
    <instrumentId instrumentIdScheme="http://www.cusip.com/">F123452TLA</instrumentId>
    <description>Term Loan A</description>
    <borrowerPartyReference href="borrower" />
    <agentPartyReference href="agent" />
    <startDate>2014-04-11</startDate>
    <currentCommitment>
      <totalCommitmentAmount>
        <currency currencyScheme="http://www.fpml.org/coding-scheme/external/iso4217-2001-08-15">USD</currency>
<!-- LN88 Was blanked out in the notice, placeholder amount -->
<!-- LN88 Actually not sure if the XX.XX amount in the notice refers to the original or the current commitment? -->
<!-- LN88 Making an assumption that the single contract represents the full commitment amount on the facility -->
        <amount>25000000.00</amount>
<!-- LN88 Not provided in the original notice (assumption as above) -->
        <shareAmount>25000000.00</shareAmount>
      </totalCommitmentAmount>
    </currentCommitment>
  </facilitySummary>
  <party id="agent">
    <partyId partyIdScheme="http://www.loanmarketdirectory.com/external/schemes/MEI">AGENTBMEI</partyId>
    <partyName partyNameScheme="http://www.loanmarketdirectory.com/external/schemes">Bank of Agents N.A.</partyName>
    <businessUnit>
      <name>Investor Relations</name>
      <contactInfo>
        <address>
          <streetAddress>
            <streetLine>2 Penns Way, Suite 100</streetLine>
          </streetAddress>
          <city>New Castle</city>
          <state>DE</state>
          <country>US</country>
          <postalCode>19720</postalCode>
        </address>
      </contactInfo>
    </businessUnit>
  </party>
  <party id="borrower">
    <partyId partyIdScheme="http://www.loanmarketdirectory.com/external/schemes/MEI">BORROWERMEI</partyId>
    <partyName partyNameScheme="http://www.loanmarketdirectory.com/external/schemes">Borrower Inc.</partyName>
  </party>
  <party id="coborrower">
    <partyId partyIdScheme="http://www.loanmarketdirectory.com/external/schemes/MEI">COBORRMEI</partyId>
    <partyName partyNameScheme="http://www.loanmarketdirectory.com/external/schemes">Co-Borrower Inc.</partyName>
  </party>
  <party id="lender">
    <partyId partyIdScheme="http://www.loanmarketdirectory.com/external/schemes/MEI">LENDERMEI</partyId>
    <partyName partyNameScheme="http://www.loanmarketdirectory.com/external/schemes/MEI">Lender Corp.</partyName>
  </party>
  <party id="guarantor">
    <partyId partyIdScheme="http://www.loanmarketdirectory.com/external/schemes/MEI">GUARAMEI</partyId>
    <partyName partyNameScheme="http://www.loanmarketdirectory.com/external/schemes">Guarantor Partners LLC</partyName>
  </party>
</rolloverNotification>

