<?xml version="1.0" encoding="utf-8"?>
<!--View is confirmation-->
<!--Version is 5-10-->
<!--NS is http://www.fpml.org/FpML-5/confirmation-->
<!--
        == Copyright (c) 2014-2018 All rights reserved.
        == Financial Products Markup Language is subject to the FpML public license.
        == A copy of this license is available at http://www.fpml.org/license/license.html
-->
<!--
Rollover event notifications provide a means for agent banks to communicate floating rate margin resets and/or re-definitions of the way 
in which outstanding contracts are structured. For example:
        - Borrowers can manipulate debt allocation across various contract types.
        - Certain contracts periodically reset (rate-wise).
        - Underlying balances may shift.
Rollovers can be used to represent any/all of the above.

This example represents a:
        - single maturing contract
        - single interest payment
        - single new contract definition (for which the rate has NOT yet been fixed)
-->
<rolloverNotification xmlns="http://www.fpml.org/FpML-5/confirmation" xmlns:xsi="http://www.w3.org/2001/XMLSchema-instance" fpmlVersion="5-10" xsi:schemaLocation="http://www.fpml.org/FpML-5/confirmation ../../fpml-main-5-10.xsd http://www.w3.org/2000/09/xmldsig# ../../xmldsig-core-schema.xsd">
  <header>
<!-- LN88 No message id in the original notice -->
    <messageId messageIdScheme="http://www.bankofagentsna.com/messaging/messageids">564981</messageId>
<!-- LN88 Not sure of this content? -->
    <sentBy messageAddressScheme="http://www.loanmarketdirectory.com/external/schemes/MEI">AGENTBMEI</sentBy>
    <sendTo messageAddressScheme="http://www.loanmarketdirectory.com/external/schemes/MEI">LENDERMEI</sendTo>
    <creationTimestamp>2013-10-21T09:30:47Z</creationTimestamp>
    <implementationSpecification>
      <name>BKLoanSys</name>
      <version implementationSpecificationVersionScheme="http://www.bkloansys.com/">1.0</version>
      <date>2012-12-06</date>
    </implementationSpecification>
  </header>
  <isCorrection>false</isCorrection>
  <noticeDate>2013-10-18</noticeDate>
  <isGlobalOnly>false</isGlobalOnly>
  <eventPayment>
    <payerPartyReference href="agent" />
    <receiverPartyReference href="lender" />
    <paymentAmount>
      <currency currencyScheme="http://www.fpml.org/coding-scheme/external/iso4217-2001-08-15">USD</currency>
      <amount>94655.85</amount>
    </paymentAmount>
    <paymentDate>
      <adjustedDate>2013-10-23</adjustedDate>
    </paymentDate>
    <eventIdentifier>
      <partyReference href="agent" />
      <eventId eventIdScheme="http://www.bankofagentsna.com/messaging/eventids">87154</eventId>
    </eventIdentifier>
  </eventPayment>
  <rollover>
    <eventIdentifier>
      <partyReference href="agent" />
      <eventId eventIdScheme="http://www.bankofagentsna.com/messaging/eventids">87100</eventId>
    </eventIdentifier>
    <parentEventIdentifier>
      <partyReference href="agent" />
      <eventId eventIdScheme="http://www.bankofagentsna.com/messaging/rolloverids">RolloverGroup2</eventId>
    </parentEventIdentifier>
<!-- LN53 The notice provides details of the maturing contracts, hence we are representing a summary here. -->
    <effectiveDate>2013-09-23</effectiveDate>
    <facilityReference href="facility" />
    <maturingContracts>
      <contractSummary>
        <identifier id="loan_contract_maturing">
          <partyReference href="agent" />
          <contractId contractIdScheme="http://www.bankofagentsna.com/messaging/contractids">12467</contractId>
          <facilityReference href="facility" />
        </identifier>
        <effectiveDate>2013-09-23</effectiveDate>
        <borrowerPartyReference href="borrower" />
        <amount>
          <currency currencyScheme="http://www.fpml.org/coding-scheme/external/iso4217-2001-08-15">USD</currency>
          <amount>209000000</amount>
          <shareAmount>59714285.71</shareAmount>
        </amount>
      </contractSummary>
    </maturingContracts>
    <currentContracts>
      <contract>
        <identifier id="loan_contract_new">
          <partyReference href="agent" />
          <contractId contractIdScheme="http://www.bankofagentsna.com/messaging/contractids">45114</contractId>
          <facilityReference href="facility" />
        </identifier>
        <effectiveDate>2013-10-23</effectiveDate>
        <borrowerPartyReference href="borrower" />
        <amount>
          <currency currencyScheme="http://www.fpml.org/coding-scheme/external/iso4217-2001-08-15">USD</currency>
          <amount>209000000</amount>
          <shareAmount>59714285.71</shareAmount>
        </amount>
        <maturityDate>2013-11-25</maturityDate>
        <floatingRateAccrual>
          <accrualOptionId accrualTypeIdScheme="http://www.bankofagentsna.com/messaging/accrualtypeids">98642</accrualOptionId>
          <dayCountFraction dayCountFractionScheme="http://www.fpml.org/coding-scheme/day-count-fraction">30/360</dayCountFraction>
          <floatingRateIndex floatingRateIndexScheme="http://www.fpml.org/coding-scheme/floating-rate-index">USD-LIBOR-LIBO</floatingRateIndex>
          <indexTenor>
            <periodMultiplier>3</periodMultiplier>
            <period>M</period>
          </indexTenor>
<!-- Spread not provided on the notice, but can we assume it will be? -->
          <spread>0.0155</spread>
          <startDate>2013-10-23</startDate>
          <endDate>2013-11-25</endDate>
          <numberOfDays>33</numberOfDays>
<!-- Rate is not yet fixed -->
          <rateFixingDate>2013-10-21</rateFixingDate>
        </floatingRateAccrual>
      </contract>
    </currentContracts>
    <interestPayment>
      <eventIdentifier>
        <partyReference href="agent" />
        <eventId eventIdScheme="http://www.bankofagentsna.com/messaging/eventids">87154</eventId>
      </eventIdentifier>
      <parentEventIdentifier>
        <partyReference href="agent" />
        <eventId eventIdScheme="http://www.bankofagentsna.com/messaging/rolloverids">RolloverGroup2</eventId>
      </parentEventIdentifier>
      <lenderPartyReference href="lender" />
      <cashPayable>
        <payerPartyReference href="agent" />
        <receiverPartyReference href="lender" />
        <netAmount>
          <currency currencyScheme="http://www.fpml.org/coding-scheme/external/iso4217-2001-08-15">USD</currency>
          <amount>94655.85</amount>
        </netAmount>
        <taxWithholding>
          <amount>
            <currency currencyScheme="http://www.fpml.org/coding-scheme/external/iso4217-2001-08-15">USD</currency>
            <amount>0.00</amount>
          </amount>
        </taxWithholding>
      </cashPayable>
      <agentPartyReference href="agent" />
      <borrowerPartyReference href="borrower" />
      <effectiveDate>2013-10-23</effectiveDate>
      <loanContractReference href="loan_contract_maturing" />
      <startDate>2013-09-23</startDate>
      <endDate>2013-10-23</endDate>
      <calculationMethod>ContractPositionThruPeriod</calculationMethod>
      <amount>
        <currency currencyScheme="http://www.fpml.org/coding-scheme/external/iso4217-2001-08-15">USD</currency>
<!-- Dummy amount. The global interest payment amount was not provided - need to agree that it MUST be, for future notices -->
        <amount>1000000.00</amount>
        <shareAmount>94655.85</shareAmount>
      </amount>
      <accrualSchedule>
        <startDate>2013-09-23</startDate>
        <endDate>2013-09-27</endDate>
        <numberOfDays>4</numberOfDays>
        <referenceAmount>
          <currency currencyScheme="http://www.fpml.org/coding-scheme/external/iso4217-2001-08-15">USD</currency>
<!-- Dummy amount. The global underlying contract amount was NOT provided in the schedule. It is now required. -->
          <amount>500000000.00</amount>
          <shareAmount>104500000.00</shareAmount>
        </referenceAmount>
        <rate>0.0172925</rate>
        <accrualAmount>
          <currency currencyScheme="http://www.fpml.org/coding-scheme/external/iso4217-2001-08-15">USD</currency>
<!-- Dummy amount. The global interest amount was NOT provided in the schedule. It is now required. -->
          <amount>500000.00</amount>
          <shareAmount>20078.51</shareAmount>
        </accrualAmount>
      </accrualSchedule>
      <accrualSchedule>
        <startDate>2013-09-27</startDate>
        <endDate>2013-10-23</endDate>
        <numberOfDays>26</numberOfDays>
        <referenceAmount>
          <currency currencyScheme="http://www.fpml.org/coding-scheme/external/iso4217-2001-08-15">USD</currency>
<!-- Dummy amount. The global underlying contract amount was NOT provided in the schedule. It is now required. -->
          <amount>500000000.00</amount>
          <shareAmount>59714285.71</shareAmount>
        </referenceAmount>
        <rate>0.0172925</rate>
        <accrualAmount>
          <currency currencyScheme="http://www.fpml.org/coding-scheme/external/iso4217-2001-08-15">USD</currency>
<!-- Dummy amount. The global interest amount was NOT provided in the schedule. It is now required. -->
          <amount>500000.00</amount>
          <shareAmount>74577.34</shareAmount>
        </accrualAmount>
      </accrualSchedule>
    </interestPayment>
<!-- 
                        There is a section above which outlines the "current contracts". This is a full definition of new loan contracts
                        which, in effect, is the same as what would be embedded within a borrowing event. Should we have one OR the other 
                        defined rather than both?
                -->
    <borrowing>
      <eventIdentifier>
        <partyReference href="agent" />
<!-- LN88 No event id provided in the notice -->
        <eventId eventIdScheme="http://www.bankofagentsna.com/messaging/eventids">66154</eventId>
      </eventIdentifier>
      <parentEventIdentifier>
        <partyReference href="agent" />
        <eventId eventIdScheme="http://www.bankofagentsna.com/messaging/rolloverids">RolloverGroup2</eventId>
      </parentEventIdentifier>
      <lenderPartyReference href="lender" />
      <agentPartyReference href="agent" />
      <borrowerPartyReference href="borrower" />
      <effectiveDate>2013-10-23</effectiveDate>
      <loanContractReference href="loan_contract_new" />
      <amount>
        <currency currencyScheme="http://www.fpml.org/coding-scheme/external/iso4217-2001-08-15">USD</currency>
        <amount>209000000</amount>
        <shareAmount>59714285.71</shareAmount>
      </amount>
    </borrowing>
  </rollover>
  <facilitySummary id="facility">
    <instrumentId instrumentIdScheme="http://www.cusip.com/">F123452TLA</instrumentId>
    <description>Term Loan A</description>
    <borrowerPartyReference href="borrower" />
    <agentPartyReference href="agent" />
    <startDate>2013-09-18</startDate>
    <currentCommitment>
      <totalCommitmentAmount>
        <currency currencyScheme="http://www.fpml.org/coding-scheme/external/iso4217-2001-08-15">USD</currency>
<!-- LN88 Was blanked out in the notice, placeholder amount -->
<!-- LN88 Actually not sure if the XX.XX amount in the notice refers to the original or the current commitment? -->
<!-- LN88 Making an assumption that the single contract represents the full commitment amount on the facility -->
        <amount>209000000</amount>
<!-- LN88 Not provided in the original notice (assumption as above) -->
        <shareAmount>59714285.71</shareAmount>
      </totalCommitmentAmount>
    </currentCommitment>
  </facilitySummary>
  <party id="agent">
    <partyId partyIdScheme="http://www.loanmarketdirectory.com/external/schemes/MEI">AGENTBMEI</partyId>
    <partyName partyNameScheme="http://www.loanmarketdirectory.com/external/schemes">Bank of Agents N.A.</partyName>
    <businessUnit>
      <name>Investor Relations</name>
      <contactInfo>
        <telephone>
          <type>Work</type>
          <number>302-894-6010</number>
        </telephone>
        <telephone>
          <type>Fax</type>
          <number>212-994-0961</number>
        </telephone>
        <email>global.loans.support@bankofagents.com</email>
        <address>
          <streetAddress>
            <streetLine>2 Penns Way, Suite 100</streetLine>
          </streetAddress>
          <city>New Castle</city>
          <state>DE</state>
          <country>US</country>
          <postalCode>19720</postalCode>
        </address>
      </contactInfo>
    </businessUnit>
  </party>
  <party id="borrower">
    <partyId partyIdScheme="http://www.loanmarketdirectory.com/external/schemes/MEI">BORROWERMEI</partyId>
    <partyName partyNameScheme="http://www.loanmarketdirectory.com/external/schemes">Borrower Inc.</partyName>
  </party>
  <party id="coborrower">
    <partyId partyIdScheme="http://www.loanmarketdirectory.com/external/schemes/MEI">COBORRMEI</partyId>
    <partyName partyNameScheme="http://www.loanmarketdirectory.com/external/schemes">Co-Borrower Inc.</partyName>
  </party>
  <party id="lender">
    <partyId partyIdScheme="http://www.loanmarketdirectory.com/external/schemes/MEI">LENDERMEI</partyId>
    <partyName partyNameScheme="http://www.loanmarketdirectory.com/external/schemes/MEI">Lender Corp.</partyName>
  </party>
  <party id="guarantor">
    <partyId partyIdScheme="http://www.loanmarketdirectory.com/external/schemes/MEI">GUARAMEI</partyId>
    <partyName partyNameScheme="http://www.loanmarketdirectory.com/external/schemes">Guarantor Partners LLC</partyName>
  </party>
</rolloverNotification>

