<?xml version="1.0" encoding="utf-8"?>
<!--View is confirmation-->
<!--Version is 5-10-->
<!--NS is http://www.fpml.org/FpML-5/confirmation-->
<!--
        == Copyright (c) 2014-2018 All rights reserved.
        == Financial Products Markup Language is subject to the FpML public license.
        == A copy of this license is available at http://www.fpml.org/license/license.html
-->
<!--
Accruing fee payment notification - this notification shows an unutilized fee being paid.
-->
<accruingFeePaymentNotification xmlns="http://www.fpml.org/FpML-5/confirmation" xmlns:xsi="http://www.w3.org/2001/XMLSchema-instance" fpmlVersion="5-10" xsi:schemaLocation="http://www.fpml.org/FpML-5/confirmation ../../fpml-main-5-10.xsd http://www.w3.org/2000/09/xmldsig# ../../xmldsig-core-schema.xsd">
  <header>
<!-- LN88 No message id in the original notice -->
    <messageId messageIdScheme="http://www.bankofagentsna.com/messaging/messageids">612983</messageId>
    <sentBy messageAddressScheme="http://www.loanmarketdirectory.com/external/schemes/MEI">AGENTBMEI</sentBy>
    <sendTo messageAddressScheme="http://www.loanmarketdirectory.com/external/schemes/MEI">LENDERMEI</sendTo>
    <creationTimestamp>2013-10-21T09:30:47Z</creationTimestamp>
    <implementationSpecification>
      <name>BKLoanSys</name>
      <version implementationSpecificationVersionScheme="http://www.bkloansys.com/">1.0</version>
      <date>2012-12-06</date>
    </implementationSpecification>
  </header>
  <isCorrection>false</isCorrection>
  <noticeDate>2014-09-29</noticeDate>
  <isGlobalOnly>false</isGlobalOnly>
  <eventPayment>
    <payerPartyReference href="agent" />
    <receiverPartyReference href="lender" />
    <paymentAmount>
      <currency currencyScheme="http://www.fpml.org/coding-scheme/external/iso4217-2001-08-15">USD</currency>
      <amount>20794.52</amount>
    </paymentAmount>
    <eventIdentifier>
      <partyReference href="agent" />
<!-- LN88 No event id provided in the notice -->
      <eventId eventIdScheme="http://www.bankofagentsna.com/messaging/eventids">61027</eventId>
    </eventIdentifier>
  </eventPayment>
  <accruingFeePayment>
    <eventIdentifier>
      <partyReference href="agent" />
<!-- LN88 No event id provided in the notice -->
      <eventId eventIdScheme="http://www.bankofagentsna.com/messaging/eventids">61027</eventId>
    </eventIdentifier>
    <lenderPartyReference href="lender" />
    <cashPayable>
      <payerPartyReference href="agent" />
      <receiverPartyReference href="lender" />
      <netAmount>
        <currency currencyScheme="http://www.fpml.org/coding-scheme/external/iso4217-2001-08-15">USD</currency>
        <amount>20794.52</amount>
      </netAmount>
      <taxWithholding>
        <amount>
          <currency currencyScheme="http://www.fpml.org/coding-scheme/external/iso4217-2001-08-15">USD</currency>
          <amount>0.00</amount>
        </amount>
      </taxWithholding>
    </cashPayable>
    <agentPartyReference href="agent" />
    <borrowerPartyReference href="borrower" />
    <effectiveDate>2014-09-30</effectiveDate>
    <facilityReference href="facility" />
    <id accrualTypeIdScheme="http://www.bankofagentsna.com/messaging/accrualtypeids">71625</id>
    <startDate>2014-06-30</startDate>
    <endDate>2014-09-29</endDate>
    <amount>
      <currency currencyScheme="http://www.fpml.org/coding-scheme/external/iso4217-2001-08-15">USD</currency>
<!-- The global amount was not provided in the original notice -->
      <amount>100000.00</amount>
      <shareAmount>20794.52</shareAmount>
    </amount>
    <accrualSchedule>
      <startDate>2014-06-30</startDate>
      <endDate>2014-09-29</endDate>
      <numberOfDays>92</numberOfDays>
      <referenceAmount>
        <currency currencyScheme="http://www.fpml.org/coding-scheme/external/iso4217-2001-08-15">USD</currency>
<!-- The global amount was not provided in the original notice -->
        <amount>100000000.00</amount>
        <shareAmount>30000000.00</shareAmount>
      </referenceAmount>
      <referenceAmountType>Unutilized</referenceAmountType>
      <rate>0.00275</rate>
      <accrualAmount>
        <currency currencyScheme="http://www.fpml.org/coding-scheme/external/iso4217-2001-08-15">USD</currency>
<!-- The global amount was not provided in the original notice -->
        <amount>100000.00</amount>
        <shareAmount>20794.52</shareAmount>
      </accrualAmount>
    </accrualSchedule>
  </accruingFeePayment>
  <facilityIdentifier id="facility">
    <instrumentId instrumentIdScheme="http://www.cusip.com/">F123452TLA</instrumentId>
    <description>Term Loan A</description>
  </facilityIdentifier>
  <party id="agent">
    <partyId partyIdScheme="http://www.loanmarketdirectory.com/external/schemes/MEI">AGENTBMEI</partyId>
    <partyName partyNameScheme="http://www.loanmarketdirectory.com/external/schemes">Bank of Agents N.A.</partyName>
    <person>
      <firstName>Robert</firstName>
      <surname>Madak</surname>
      <contactInfo>
        <telephone>
          <number>3026348459</number>
        </telephone>
        <email>robert.madak@jpmorgan.com</email>
        <address>
          <streetAddress>
            <streetLine>500 Stanton Christiana Rd</streetLine>
          </streetAddress>
          <city>Newark</city>
          <state>DE</state>
          <country countryScheme="http://www.fpml.org/coding-scheme/external/iso3166">US</country>
          <postalCode>19713</postalCode>
        </address>
      </contactInfo>
    </person>
  </party>
  <party id="borrower">
    <partyId partyIdScheme="http://www.loanmarketdirectory.com/external/schemes/MEI">BORROWERMEI</partyId>
    <partyName partyNameScheme="http://www.loanmarketdirectory.com/external/schemes">Borrower Inc.</partyName>
  </party>
  <party id="coborrower">
    <partyId partyIdScheme="http://www.loanmarketdirectory.com/external/schemes/MEI">COBORRMEI</partyId>
    <partyName partyNameScheme="http://www.loanmarketdirectory.com/external/schemes">Co-Borrower Inc.</partyName>
  </party>
  <party id="lender">
    <partyId partyIdScheme="http://www.loanmarketdirectory.com/external/schemes/MEI">LENDERMEI</partyId>
    <partyName partyNameScheme="http://www.loanmarketdirectory.com/external/schemes/MEI">Lender Corp.</partyName>
  </party>
  <party id="guarantor">
    <partyId partyIdScheme="http://www.loanmarketdirectory.com/external/schemes/MEI">GUARAMEI</partyId>
    <partyName partyNameScheme="http://www.loanmarketdirectory.com/external/schemes">Guarantor Partners LLC</partyName>
  </party>
</accruingFeePaymentNotification>

