<?xml version="1.0" encoding="utf-8"?>
<!--View is confirmation-->
<!--Version is 5-10-->
<!--NS is http://www.fpml.org/FpML-5/confirmation-->
<!--
        == Copyright (c) 2014-2018 All rights reserved.
        == Financial Products Markup Language is subject to the FpML public license.
        == A copy of this license is available at http://www.fpml.org/license/license.html
-->
<loanPartyTradingInstructionOverrideNotification xmlns="http://www.fpml.org/FpML-5/confirmation" xmlns:xsi="http://www.w3.org/2001/XMLSchema-instance" fpmlVersion="5-10" xsi:schemaLocation="http://www.fpml.org/FpML-5/confirmation ../../fpml-main-5-10.xsd http://www.w3.org/2000/09/xmldsig# ../../xmldsig-core-schema.xsd">
  <header>
    <messageId messageIdScheme="http://www.company.com/messageIdScheme">TradingInstructionOverrideMessageID1</messageId>
    <sentBy messageAddressScheme="http://www.company.com/messageAddressScheme">SeniorLoanFundI</sentBy>
    <sendTo messageAddressScheme="http://www.company.com/messageAddressScheme">JPMorganChase</sendTo>
    <creationTimestamp>2017-09-25T09:30:47Z</creationTimestamp>
    <implementationSpecification>
      <name>LoanFpML</name>
      <version implementationSpecificationVersionScheme="http://www.company.com/implementationSpecificationVersion">v5.10</version>
      <date>2017-09-10</date>
    </implementationSpecification>
  </header>
  <isCorrection>false</isCorrection>
  <override>
    <overrideIdentifier>
      <partyReference href="AllocatedParty1" />
      <overrideId overrideIdScheme="http://www.company.com/overrideIdScheme">OVERID5678</overrideId>
    </overrideIdentifier>
    <allocationIdentifier id="LoanAllocation1">
      <partyReference href="AllocatedParty1" />
      <tradeId tradeIdScheme="http://www.company.com/tradeIdScheme" id="AllocationID1">AllocationNumber</tradeId>
      <loanTradeReference href="LoanTrade1" />
    </allocationIdentifier>
    <settlementDetails>
      <id settlementInstructionIdScheme="http://www.company.com/settlementInstructionIdScheme">SettlementInstructionID1</id>
      <currency currencyScheme="http://www.fpml.org/coding-scheme/currency-1-0">USD</currency>
      <settlementInstruction>
        <settlementMethod settlementMethodScheme="http://www.fpml.org/coding-scheme/settlement-method">Fedwire</settlementMethod>
        <beneficiary>
          <routingExplicitDetails>
            <routingName>EatonVance</routingName>
            <routingAddress>
              <streetAddress>
                <streetLine>6789 Main Street</streetLine>
              </streetAddress>
              <city>New York</city>
              <state>NY</state>
              <country countryScheme="http://www.fpml.org/coding-scheme/external/iso3166">USA</country>
              <postalCode>10001</postalCode>
            </routingAddress>
            <routingAccountNumber>000000000002</routingAccountNumber>
            <routingReferenceText>Settlement</routingReferenceText>
          </routingExplicitDetails>
        </beneficiary>
      </settlementInstruction>
    </settlementDetails>
  </override>
  <tradeSummary>
    <tradeIdentifier id="LoanTrade1">
      <partyReference href="SellerParty" />
      <tradeId tradeIdScheme="http://www.company.com/tradeIdScheme" id="TradeID">TradeNumber</tradeId>
    </tradeIdentifier>
    <facilityReference href="TermLoanB" />
    <amount>
      <currency currencyScheme="http://www.fpml.org/coding-scheme/currency-1-0">USD</currency>
      <amount>5000000</amount>
    </amount>
    <comment>Secondary Loan Trade</comment>
  </tradeSummary>
  <facilitySummary id="TermLoanB">
    <instrumentId instrumentIdScheme="http://www.fpml.org/coding-scheme/external/instrument-id-CUSIP-1-0">123456ABC</instrumentId>
    <description>USD 1BN Term Loan B</description>
    <borrowerPartyReference href="BorrowerParty" />
    <agentPartyReference href="AgentParty" />
    <startDate>2015-01-01</startDate>
    <maturityDate>2020-01-01</maturityDate>
    <currentCommitment>
      <totalCommitmentAmount>
        <currency currencyScheme="http://www.fpml.org/coding-scheme/currency-1-0">USD</currency>
        <amount>1000000000</amount>
        <shareAmount>5000000</shareAmount>
      </totalCommitmentAmount>
    </currentCommitment>
  </facilitySummary>
  <party id="AllocatedParty1">
    <partyId partyIdScheme="http://www.fpml.org/coding-scheme/external/party-id-MEI-1-0">EV1000001</partyId>
    <partyName partyNameScheme="http://www.company.com/partyNameScheme">EatonVance</partyName>
    <country countryScheme="http://www.fpml.org/coding-scheme/external/iso3166">USA</country>
    <contactInfo>
      <telephone>
        <type>Work</type>
        <number>5552222222</number>
      </telephone>
      <email>buyer.contact@eatonvance.com</email>
      <address>
        <streetAddress>
          <streetLine>6789 Main Street</streetLine>
        </streetAddress>
        <city>New York</city>
        <state>NY</state>
        <country countryScheme="http://www.fpml.org/coding-scheme/external/iso3166">USA</country>
        <postalCode>10001</postalCode>
      </address>
    </contactInfo>
  </party>
  <party id="SellerParty">
    <partyId partyIdScheme="http://www.fpml.org/coding-scheme/external/party-id-MEI-1-0">JPM001011</partyId>
    <partyName partyNameScheme="http://www.company.com/partyNameScheme">JPMorganChase</partyName>
    <country countryScheme="http://www.fpml.org/coding-scheme/external/iso3166">USA</country>
    <contactInfo>
      <telephone>
        <type>Work</type>
        <number>5551111111</number>
      </telephone>
      <email>seller.contact@jpmorgan.com</email>
      <address>
        <streetAddress>
          <streetLine>12345 Main Street</streetLine>
        </streetAddress>
        <city>New York</city>
        <state>NY</state>
        <country countryScheme="http://www.fpml.org/coding-scheme/external/iso3166">USA</country>
        <postalCode>10001</postalCode>
      </address>
    </contactInfo>
  </party>
  <party id="BorrowerParty">
    <partyId partyIdScheme="http://www.fpml.org/coding-scheme/external/party-id-MEI-1-0">AMZ1111111</partyId>
    <partyName partyNameScheme="http://www.company.com/partyNameScheme">Amazon</partyName>
    <country countryScheme="http://www.fpml.org/coding-scheme/external/iso3166">USA</country>
    <contactInfo>
      <telephone>
        <type>Work</type>
        <number>5553333333</number>
      </telephone>
      <email>borrower.contact@amazon.com</email>
      <address>
        <streetAddress>
          <streetLine>1111 Main Street</streetLine>
        </streetAddress>
        <city>New York</city>
        <state>NY</state>
        <country countryScheme="http://www.fpml.org/coding-scheme/external/iso3166">USA</country>
        <postalCode>10001</postalCode>
      </address>
    </contactInfo>
  </party>
  <party id="AgentParty">
    <partyId partyIdScheme="http://www.fpml.org/coding-scheme/external/party-id-MEI-1-0">JPM001011</partyId>
    <partyName partyNameScheme="http://www.company.com/partyNameScheme">JPMorganChase</partyName>
    <country countryScheme="http://www.fpml.org/coding-scheme/external/iso3166">USA</country>
    <contactInfo>
      <telephone>
        <type>Work</type>
        <number>5554444444</number>
      </telephone>
      <email>agent.contact@jpmorgan.com</email>
      <address>
        <streetAddress>
          <streetLine>12345 Main Street</streetLine>
        </streetAddress>
        <city>New York</city>
        <state>NY</state>
        <country countryScheme="http://www.fpml.org/coding-scheme/external/iso3166">USA</country>
        <postalCode>10001</postalCode>
      </address>
    </contactInfo>
  </party>
</loanPartyTradingInstructionOverrideNotification>

