<?xml version="1.0" encoding="utf-8"?>
<!--View is confirmation-->
<!--Version is 5-10-->
<!--NS is http://www.fpml.org/FpML-5/confirmation-->
<!--
        == Copyright (c) 2014-2018 All rights reserved.
        == Financial Products Markup Language is subject to the FpML public license.
        == A copy of this license is available at http://www.fpml.org/license/license.html
-->
<loanAllocationSettlementTaskNotification xmlns="http://www.fpml.org/FpML-5/confirmation" xmlns:xsi="http://www.w3.org/2001/XMLSchema-instance" fpmlVersion="5-10" xsi:schemaLocation="http://www.fpml.org/FpML-5/confirmation ../../fpml-main-5-10.xsd http://www.w3.org/2000/09/xmldsig# ../../xmldsig-core-schema.xsd">
  <header>
    <messageId messageIdScheme="http://www.company.com/messageIdScheme">SentMessageID5</messageId>
    <sentBy messageAddressScheme="http://www.company.com/messageAddressScheme">JPMorganChase</sentBy>
    <sendTo messageAddressScheme="http://www.company.com/messageAddressScheme">EatonVance</sendTo>
    <creationTimestamp>2017-09-18T09:30:47Z</creationTimestamp>
    <implementationSpecification>
      <name>LoanFpML</name>
      <version implementationSpecificationVersionScheme="http://www.company.com/implementationSpecificationVersion">v5.10</version>
      <date>2017-09-10</date>
    </implementationSpecification>
  </header>
  <isCorrection>false</isCorrection>
  <noticeDate>2017-09-18</noticeDate>
  <partyReference href="AgentParty" />
  <role tradingPartyRoleScheme="http://www.company.com/tradingPartyRoleScheme">Agent</role>
  <task>
    <taskIdentifier>
      <partyReference href="AgentParty" />
      <taskId taskIdScheme="http://www.company.com/tradeTaskIdScheme">TASK3</taskId>
    </taskIdentifier>
    <responsibleParty href="AgentParty" />
    <dates>
      <raisedDate>2017-09-18</raisedDate>
    </dates>
    <status>Active</status>
    <comment>Borrower Consent Required</comment>
    <allocationReference href="LoanAllocation1" />
    <type allocationSettlementTaskTypeScheme="http://www.company.com/tradeSettlementTaskTypeScheme">Borrower Consent</type>
  </task>
  <allocationId id="LoanAllocation1">
    <partyReference href="BuyerParty" />
    <tradeId tradeIdScheme="http://www.company.com/tradeIdScheme" id="AllocationID1">AllocationNumber</tradeId>
    <loanTradeReference href="LoanTrade1" />
  </allocationId>
  <tradeSummary>
    <tradeIdentifier id="LoanTrade1">
      <partyReference href="SellerParty" />
      <tradeId tradeIdScheme="http://www.company.com/tradeIdScheme" id="TradeID1">TradeNumber</tradeId>
    </tradeIdentifier>
    <facilityReference href="TermLoanB" />
    <amount>
      <currency currencyScheme="http://www.fpml.org/coding-scheme/currency-1-0">USD</currency>
      <amount>5000000</amount>
    </amount>
    <comment>Secondary Loan Trade</comment>
  </tradeSummary>
  <facilitySummary id="TermLoanB">
    <instrumentId instrumentIdScheme="http://www.fpml.org/coding-scheme/external/instrument-id-CUSIP-1-0">123456ABC</instrumentId>
    <description>USD 1BN Term Loan B</description>
    <borrowerPartyReference href="BorrowerParty" />
    <agentPartyReference href="AgentParty" />
    <startDate>2015-01-01</startDate>
    <maturityDate>2020-01-01</maturityDate>
    <currentCommitment>
      <totalCommitmentAmount>
        <currency currencyScheme="http://www.fpml.org/coding-scheme/currency-1-0">USD</currency>
        <amount>1000000000</amount>
        <shareAmount>5000000</shareAmount>
      </totalCommitmentAmount>
    </currentCommitment>
  </facilitySummary>
  <party id="SellerParty">
    <partyId partyIdScheme="http://www.fpml.org/coding-scheme/external/party-id-MEI-1-0">JPM001011</partyId>
    <partyName partyNameScheme="http://www.company.com/partyNameScheme">JPMorganChase</partyName>
    <country countryScheme="http://www.fpml.org/coding-scheme/external/iso3166">USA</country>
    <contactInfo>
      <telephone>
        <type>Work</type>
        <number>5551111111</number>
      </telephone>
      <email>seller.contact@jpmorgan.com</email>
      <address>
        <streetAddress>
          <streetLine>12345 Main Street</streetLine>
        </streetAddress>
        <city>New York</city>
        <state>NY</state>
        <country countryScheme="http://www.fpml.org/coding-scheme/external/iso3166">USA</country>
        <postalCode>10001</postalCode>
      </address>
    </contactInfo>
  </party>
  <party id="BuyerParty">
    <partyId partyIdScheme="http://www.fpml.org/coding-scheme/external/party-id-MEI-1-0">EV1000001</partyId>
    <partyName partyNameScheme="http://www.company.com/partyNameScheme">EatonVance</partyName>
    <country countryScheme="http://www.fpml.org/coding-scheme/external/iso3166">USA</country>
    <contactInfo>
      <telephone>
        <type>Work</type>
        <number>5552222222</number>
      </telephone>
      <email>buyer.contact@eatonvance.com</email>
      <address>
        <streetAddress>
          <streetLine>6789 Main Street</streetLine>
        </streetAddress>
        <city>New York</city>
        <state>NY</state>
        <country countryScheme="http://www.fpml.org/coding-scheme/external/iso3166">USA</country>
        <postalCode>10001</postalCode>
      </address>
    </contactInfo>
  </party>
  <party id="BorrowerParty">
    <partyId partyIdScheme="http://www.fpml.org/coding-scheme/external/party-id-MEI-1-0">AMZ1111111</partyId>
    <partyName partyNameScheme="http://www.company.com/partyNameScheme">Amazon</partyName>
    <country countryScheme="http://www.fpml.org/coding-scheme/external/iso3166">USA</country>
    <contactInfo>
      <telephone>
        <type>Work</type>
        <number>5553333333</number>
      </telephone>
      <email>borrower.contact@amazon.com</email>
      <address>
        <streetAddress>
          <streetLine>1111 Main Street</streetLine>
        </streetAddress>
        <city>New York</city>
        <state>NY</state>
        <country countryScheme="http://www.fpml.org/coding-scheme/external/iso3166">USA</country>
        <postalCode>10001</postalCode>
      </address>
    </contactInfo>
  </party>
  <party id="AgentParty">
    <partyId partyIdScheme="http://www.fpml.org/coding-scheme/external/party-id-MEI-1-0">JPM001011</partyId>
    <partyName partyNameScheme="http://www.company.com/partyNameScheme">JPMorganChase</partyName>
    <country countryScheme="http://www.fpml.org/coding-scheme/external/iso3166">USA</country>
    <contactInfo>
      <telephone>
        <type>Work</type>
        <number>5554444444</number>
      </telephone>
      <email>agent.contact@jpmorgan.com</email>
      <address>
        <streetAddress>
          <streetLine>12345 Main Street</streetLine>
        </streetAddress>
        <city>New York</city>
        <state>NY</state>
        <country countryScheme="http://www.fpml.org/coding-scheme/external/iso3166">USA</country>
        <postalCode>10001</postalCode>
      </address>
    </contactInfo>
  </party>
  <party id="AllocatedParty1">
    <partyId partyIdScheme="http://www.fpml.org/coding-scheme/external/party-id-MEI-1-0">SLFI100000</partyId>
    <partyName partyNameScheme="http://www.company.com/partyNameScheme">SeniorLoanFundI</partyName>
    <country countryScheme="http://www.fpml.org/coding-scheme/external/iso3166">USA</country>
    <contactInfo>
      <telephone>
        <type>Work</type>
        <number>5555555555</number>
      </telephone>
      <email>allocation.contact@seniorloanfundi.com</email>
      <address>
        <streetAddress>
          <streetLine>5555 Main Street</streetLine>
        </streetAddress>
        <city>New York</city>
        <state>NY</state>
        <country countryScheme="http://www.fpml.org/coding-scheme/external/iso3166">USA</country>
        <postalCode>10001</postalCode>
      </address>
    </contactInfo>
  </party>
</loanAllocationSettlementTaskNotification>

