<?xml version="1.0" encoding="utf-8"?>
<!--View is confirmation-->
<!--Version is 5-10-->
<!--NS is http://www.fpml.org/FpML-5/confirmation-->
<!--
        == Copyright (c) 2014-2018 All rights reserved.
        == Financial Products Markup Language is subject to the FpML public license.
        == A copy of this license is available at http://www.fpml.org/license/license.html
-->
<!--
Interest payment notifications represent interest paid by the borrower against outstanding contracts on existing facilities.
-->
<loanContractNotification xmlns="http://www.fpml.org/FpML-5/confirmation" xmlns:xsi="http://www.w3.org/2001/XMLSchema-instance" fpmlVersion="5-10" xsi:schemaLocation="http://www.fpml.org/FpML-5/confirmation ../../fpml-main-5-10.xsd http://www.w3.org/2000/09/xmldsig# ../../xmldsig-core-schema.xsd">
  <header>
<!-- LN88 No message id in the original notice -->
    <messageId messageIdScheme="http://www.bankofagentsna.com/messaging/messageids">541772</messageId>
<!-- LN88 Not sure of this content? -->
    <sentBy messageAddressScheme="http://www.loanmarketdirectory.com/external/schemes/MEI">AGENTBMEI</sentBy>
    <sendTo messageAddressScheme="http://www.loanmarketdirectory.com/external/schemes/MEI">LENDERMEI</sendTo>
    <creationTimestamp>2013-10-21T09:30:47Z</creationTimestamp>
    <implementationSpecification>
      <name>BKLoanSys</name>
      <version implementationSpecificationVersionScheme="http://www.bkloansys.com/">1.0</version>
      <date>2012-12-06</date>
    </implementationSpecification>
  </header>
  <isCorrection>false</isCorrection>
  <noticeDate>2014-11-12</noticeDate>
  <isGlobalOnly>false</isGlobalOnly>
  <interestCapitalization>
    <eventIdentifier>
      <partyReference href="agent" />
<!-- LN88 No event id provided in the notice -->
      <eventId eventIdScheme="http://www.bankofagentsna.com/messaging/eventids">61724</eventId>
    </eventIdentifier>
    <lenderPartyReference href="lender" />
    <effectiveDate>2014-10-31</effectiveDate>
<!-- Do we need something here to represent the total 'value' of the interest capitalization...? -->
<!-- Normally we have a cash payable, but since there is no cash flow here, it is not applicable -->
    <loanContractReference href="contract" />
    <startDate>2014-09-30</startDate>
    <endDate>2014-10-30</endDate>
    <calculationMethod>ContractPositionThruPeriod</calculationMethod>
    <amount>
      <currency currencyScheme="http://www.fpml.org/coding-scheme/external/iso4217-2001-08-15">USD</currency>
      <amount>141469.78</amount>
      <shareAmount>70734.89</shareAmount>
    </amount>
    <accrualSchedule>
      <startDate>2014-09-30</startDate>
      <endDate>2014-10-14</endDate>
      <numberOfDays>15</numberOfDays>
      <referenceAmount>
        <currency currencyScheme="http://www.fpml.org/coding-scheme/external/iso4217-2001-08-15">USD</currency>
        <amount>45125218.12</amount>
<!-- The reference share amount was not provided -->
        <shareAmount>22562609.06</shareAmount>
      </referenceAmount>
      <rate>0.0181</rate>
      <accrualAmount>
        <currency currencyScheme="http://www.fpml.org/coding-scheme/external/iso4217-2001-08-15">USD</currency>
        <amount>68063.88</amount>
        <shareAmount>34031.94</shareAmount>
      </accrualAmount>
    </accrualSchedule>
    <accrualSchedule>
      <startDate>2014-10-15</startDate>
      <endDate>2014-10-30</endDate>
      <numberOfDays>16</numberOfDays>
      <referenceAmount>
        <currency currencyScheme="http://www.fpml.org/coding-scheme/external/iso4217-2001-08-15">USD</currency>
        <amount>45625218.12</amount>
<!-- The reference share amount was not provided -->
        <shareAmount>22812609.06</shareAmount>
      </referenceAmount>
      <rate>0.0181</rate>
      <accrualAmount>
        <currency currencyScheme="http://www.fpml.org/coding-scheme/external/iso4217-2001-08-15">USD</currency>
        <amount>73405.90</amount>
        <shareAmount>36702.95</shareAmount>
      </accrualAmount>
    </accrualSchedule>
  </interestCapitalization>
  <facilityIdentifier id="facility">
    <instrumentId instrumentIdScheme="http://www.cusip.com/">F123452TLA</instrumentId>
    <description>Term Loan A</description>
  </facilityIdentifier>
  <contractIdentifier id="contract">
    <partyReference href="agent" />
    <contractId contractIdScheme="http://www.bankofagentsna.com/messaging/contractids">87125</contractId>
    <facilityReference href="facility" />
  </contractIdentifier>
  <party id="agent">
    <partyId partyIdScheme="http://www.loanmarketdirectory.com/external/schemes/MEI">AGENTBMEI</partyId>
    <partyName partyNameScheme="http://www.loanmarketdirectory.com/external/schemes">Bank of Agents N.A.</partyName>
  </party>
  <party id="borrower">
    <partyId partyIdScheme="http://www.loanmarketdirectory.com/external/schemes/MEI">BORROWERMEI</partyId>
    <partyName partyNameScheme="http://www.loanmarketdirectory.com/external/schemes">Borrower Inc.</partyName>
  </party>
  <party id="coborrower">
    <partyId partyIdScheme="http://www.loanmarketdirectory.com/external/schemes/MEI">COBORRMEI</partyId>
    <partyName partyNameScheme="http://www.loanmarketdirectory.com/external/schemes">Co-Borrower Inc.</partyName>
  </party>
  <party id="lender">
    <partyId partyIdScheme="http://www.loanmarketdirectory.com/external/schemes/MEI">LENDERMEI</partyId>
    <partyName partyNameScheme="http://www.loanmarketdirectory.com/external/schemes/MEI">Lender Corp.</partyName>
  </party>
  <party id="guarantor">
    <partyId partyIdScheme="http://www.loanmarketdirectory.com/external/schemes/MEI">GUARAMEI</partyId>
    <partyName partyNameScheme="http://www.loanmarketdirectory.com/external/schemes">Guarantor Partners LLC</partyName>
  </party>
</loanContractNotification>

