<?xml version="1.0" encoding="utf-8"?>
<!--View is confirmation-->
<!--Version is 5-10-->
<!--NS is http://www.fpml.org/FpML-5/confirmation-->
<!--
        == Copyright (c) 2014-2018 All rights reserved.
        == Financial Products Markup Language is subject to the FpML public license.
        == A copy of this license is available at http://www.fpml.org/license/license.html
-->
<loanAllocationSettlementNotification xmlns="http://www.fpml.org/FpML-5/confirmation" xmlns:xsi="http://www.w3.org/2001/XMLSchema-instance" fpmlVersion="5-10" xsi:schemaLocation="http://www.fpml.org/FpML-5/confirmation ../../fpml-main-5-10.xsd http://www.w3.org/2000/09/xmldsig# ../../xmldsig-core-schema.xsd">
  <header>
    <messageId messageIdScheme="http://www.company.com/messageIdScheme">SentMessageID10</messageId>
    <sentBy messageAddressScheme="http://www.company.com/messageAddressScheme">JPMorganChase</sentBy>
    <sendTo messageAddressScheme="http://www.company.com/messageAddressScheme">EatonVance</sendTo>
    <creationTimestamp>2017-09-26T09:30:47Z</creationTimestamp>
    <implementationSpecification>
      <name>LoanFpML</name>
      <version implementationSpecificationVersionScheme="http://www.company.com/implementationSpecificationVersion">v5.10</version>
      <date>2017-09-10</date>
    </implementationSpecification>
  </header>
  <isCorrection>false</isCorrection>
  <noticeDate>2017-09-26</noticeDate>
  <partyReference href="SellerParty" />
  <role tradingPartyRoleScheme="http://www.company.com/tradingPartyRoleScheme">Seller</role>
  <payment id="AllocationPayment1">
    <payerPartyReference href="BuyerParty" />
    <receiverPartyReference href="SellerParty" />
    <paymentAmount>
      <currency currencyScheme="http://www.fpml.org/coding-scheme/currency-1-0">USD</currency>
      <amount>4900000</amount>
    </paymentAmount>
    <allocationReference href="LoanAllocation1" />
  </payment>
  <settlement>
    <eventIdentifier>
      <partyReference href="SellerParty" />
      <eventId eventIdScheme="http://www.company.com/eventIdScheme">EVENT5</eventId>
    </eventIdentifier>
    <comment>Senior Loan Fund I</comment>
    <allocationReference href="LoanAllocation1" />
    <settlementDate>2017-09-26</settlementDate>
    <amount>
      <currency currencyScheme="http://www.fpml.org/coding-scheme/currency-1-0">USD</currency>
      <amount>980000</amount>
    </amount>
    <facilityOutstandingsPosition>
      <facilityReference href="TermLoanB" />
      <commitment>
        <totalCommitmentAmount>
          <currency currencyScheme="http://www.fpml.org/coding-scheme/currency-1-0">USD</currency>
          <amount>1000000000</amount>
          <shareAmount>1000000</shareAmount>
        </totalCommitmentAmount>
        <fundedUtilizedAmount>
          <currency currencyScheme="http://www.fpml.org/coding-scheme/currency-1-0">USD</currency>
          <amount>1000000000</amount>
          <shareAmount>1000000</shareAmount>
        </fundedUtilizedAmount>
        <unavailableToUtilizeAmount>
          <currency currencyScheme="http://www.fpml.org/coding-scheme/currency-1-0">USD</currency>
          <amount>1000000000</amount>
          <shareAmount>1000000</shareAmount>
        </unavailableToUtilizeAmount>
      </commitment>
      <outstandingsPosition>
        <loanContractReference href="LoanContract1" />
        <amount>
          <currency currencyScheme="http://www.fpml.org/coding-scheme/currency-1-0">USD</currency>
          <amount>1000000000</amount>
          <shareAmount>1000000</shareAmount>
        </amount>
      </outstandingsPosition>
    </facilityOutstandingsPosition>
  </settlement>
  <settlement>
    <eventIdentifier>
      <partyReference href="SellerParty" />
      <eventId eventIdScheme="http://www.company.com/eventIdScheme">EVENT6</eventId>
    </eventIdentifier>
    <comment>Senior Loan Fund II</comment>
    <allocationReference href="LoanAllocation2" />
    <settlementDate>2017-09-26</settlementDate>
    <amount>
      <currency currencyScheme="http://www.fpml.org/coding-scheme/currency-1-0">USD</currency>
      <amount>1960000</amount>
    </amount>
    <facilityOutstandingsPosition>
      <facilityReference href="TermLoanB" />
      <commitment>
        <totalCommitmentAmount>
          <currency currencyScheme="http://www.fpml.org/coding-scheme/currency-1-0">USD</currency>
          <amount>1000000000</amount>
          <shareAmount>2000000</shareAmount>
        </totalCommitmentAmount>
        <fundedUtilizedAmount>
          <currency currencyScheme="http://www.fpml.org/coding-scheme/currency-1-0">USD</currency>
          <amount>1000000000</amount>
          <shareAmount>2000000</shareAmount>
        </fundedUtilizedAmount>
        <unavailableToUtilizeAmount>
          <currency currencyScheme="http://www.fpml.org/coding-scheme/currency-1-0">USD</currency>
          <amount>1000000000</amount>
          <shareAmount>2000000</shareAmount>
        </unavailableToUtilizeAmount>
      </commitment>
      <outstandingsPosition>
        <loanContractReference href="LoanContract1" />
        <amount>
          <currency currencyScheme="http://www.fpml.org/coding-scheme/currency-1-0">USD</currency>
          <amount>1000000000</amount>
          <shareAmount>2000000</shareAmount>
        </amount>
      </outstandingsPosition>
    </facilityOutstandingsPosition>
  </settlement>
  <settlement>
    <eventIdentifier>
      <partyReference href="SellerParty" />
      <eventId eventIdScheme="http://www.company.com/eventIdScheme">EVENT7</eventId>
    </eventIdentifier>
    <comment>CLO 2017-A</comment>
    <allocationReference href="LoanAllocation3" />
    <settlementDate>2017-09-26</settlementDate>
    <amount>
      <currency currencyScheme="http://www.fpml.org/coding-scheme/currency-1-0">USD</currency>
      <amount>1960000</amount>
    </amount>
    <facilityOutstandingsPosition>
      <facilityReference href="TermLoanB" />
      <commitment>
        <totalCommitmentAmount>
          <currency currencyScheme="http://www.fpml.org/coding-scheme/currency-1-0">USD</currency>
          <amount>1000000000</amount>
          <shareAmount>2000000</shareAmount>
        </totalCommitmentAmount>
        <fundedUtilizedAmount>
          <currency currencyScheme="http://www.fpml.org/coding-scheme/currency-1-0">USD</currency>
          <amount>1000000000</amount>
          <shareAmount>2000000</shareAmount>
        </fundedUtilizedAmount>
        <unavailableToUtilizeAmount>
          <currency currencyScheme="http://www.fpml.org/coding-scheme/currency-1-0">USD</currency>
          <amount>1000000000</amount>
          <shareAmount>2000000</shareAmount>
        </unavailableToUtilizeAmount>
      </commitment>
      <outstandingsPosition>
        <loanContractReference href="LoanContract1" />
        <amount>
          <currency currencyScheme="http://www.fpml.org/coding-scheme/currency-1-0">USD</currency>
          <amount>1000000000</amount>
          <shareAmount>2000000</shareAmount>
        </amount>
      </outstandingsPosition>
    </facilityOutstandingsPosition>
  </settlement>
  <allocationId id="LoanAllocation1">
    <partyReference href="BuyerParty" />
    <tradeId tradeIdScheme="http://www.company.com/tradeIdScheme" id="AllocationID1">AllocationNumber</tradeId>
    <loanTradeReference href="LoanTrade1" />
  </allocationId>
  <allocationId id="LoanAllocation2">
    <partyReference href="BuyerParty" />
    <tradeId tradeIdScheme="http://www.company.com/tradeIdScheme" id="AllocationID2">AllocationNumber</tradeId>
    <loanTradeReference href="LoanTrade1" />
  </allocationId>
  <allocationId id="LoanAllocation3">
    <partyReference href="BuyerParty" />
    <tradeId tradeIdScheme="http://www.company.com/tradeIdScheme" id="AllocationID3">AllocationNumber</tradeId>
    <loanTradeReference href="LoanTrade1" />
  </allocationId>
  <tradeSummary>
    <tradeIdentifier id="LoanTrade1">
      <partyReference href="SellerParty" />
      <tradeId tradeIdScheme="http://www.company.com/tradeIdScheme" id="TradeID1">TradeNumber</tradeId>
    </tradeIdentifier>
    <facilityReference href="TermLoanB" />
    <amount>
      <currency currencyScheme="http://www.fpml.org/coding-scheme/currency-1-0">USD</currency>
      <amount>5000000</amount>
    </amount>
    <comment>Secondary Loan Trade</comment>
  </tradeSummary>
  <facilitySummary id="TermLoanB">
    <instrumentId instrumentIdScheme="http://www.fpml.org/coding-scheme/external/instrument-id-CUSIP-1-0">123456ABC</instrumentId>
    <description>USD 1BN Term Loan B</description>
    <borrowerPartyReference href="BorrowerParty" />
    <agentPartyReference href="AgentParty" />
    <startDate>2015-01-01</startDate>
    <maturityDate>2020-01-01</maturityDate>
    <currentCommitment>
      <totalCommitmentAmount>
        <currency currencyScheme="http://www.fpml.org/coding-scheme/currency-1-0">USD</currency>
        <amount>1000000000</amount>
        <shareAmount>5000000</shareAmount>
      </totalCommitmentAmount>
    </currentCommitment>
  </facilitySummary>
  <loanContract>
    <identifier id="LoanContract1">
      <partyReference href="AgentParty" />
      <contractId contractIdScheme="http://www.company.com/contractIdScheme" id="LoanContractID1">LoanContractNumber</contractId>
      <facilityReference href="TermLoanB" />
    </identifier>
    <effectiveDate>2015-01-01</effectiveDate>
    <borrowerPartyReference href="BorrowerParty" />
    <amount>
      <currency currencyScheme="http://www.fpml.org/coding-scheme/currency-1-0">USD</currency>
      <amount>1000000000</amount>
      <shareAmount>5000000</shareAmount>
    </amount>
    <floatingRateAccrual>
      <accrualOptionId accrualTypeIdScheme="http://www.company.com/accrualTypeIdScheme">FloatingRate</accrualOptionId>
      <dayCountFraction dayCountFractionScheme="http://www.fpml.org/coding-scheme/day-count-fraction">365</dayCountFraction>
      <floatingRateIndex floatingRateIndexScheme="http://www.fpml.org/coding-scheme/floating-rate-index-loan">Prime</floatingRateIndex>
      <spread>0.0250</spread>
      <startDate>2017-07-01</startDate>
      <endDate>2017-10-01</endDate>
      <numberOfDays>92</numberOfDays>
    </floatingRateAccrual>
  </loanContract>
  <party id="SellerParty">
    <partyId partyIdScheme="http://www.fpml.org/coding-scheme/external/party-id-MEI-1-0">JPM001011</partyId>
    <partyName partyNameScheme="http://www.company.com/partyNameScheme">JPMorganChase</partyName>
    <country countryScheme="http://www.fpml.org/coding-scheme/external/iso3166">USA</country>
    <contactInfo>
      <telephone>
        <type>Work</type>
        <number>5551111111</number>
      </telephone>
      <email>seller.contact@jpmorgan.com</email>
      <address>
        <streetAddress>
          <streetLine>12345 Main Street</streetLine>
        </streetAddress>
        <city>New York</city>
        <state>NY</state>
        <country countryScheme="http://www.fpml.org/coding-scheme/external/iso3166">USA</country>
        <postalCode>10001</postalCode>
      </address>
    </contactInfo>
  </party>
  <party id="BuyerParty">
    <partyId partyIdScheme="http://www.fpml.org/coding-scheme/external/party-id-MEI-1-0">EV1000001</partyId>
    <partyName partyNameScheme="http://www.company.com/partyNameScheme">EatonVance</partyName>
    <country countryScheme="http://www.fpml.org/coding-scheme/external/iso3166">USA</country>
    <contactInfo>
      <telephone>
        <type>Work</type>
        <number>5552222222</number>
      </telephone>
      <email>buyer.contact@eatonvance.com</email>
      <address>
        <streetAddress>
          <streetLine>6789 Main Street</streetLine>
        </streetAddress>
        <city>New York</city>
        <state>NY</state>
        <country countryScheme="http://www.fpml.org/coding-scheme/external/iso3166">USA</country>
        <postalCode>10001</postalCode>
      </address>
    </contactInfo>
  </party>
  <party id="BorrowerParty">
    <partyId partyIdScheme="http://www.fpml.org/coding-scheme/external/party-id-MEI-1-0">AMZ1111111</partyId>
    <partyName partyNameScheme="http://www.company.com/partyNameScheme">Amazon</partyName>
    <country countryScheme="http://www.fpml.org/coding-scheme/external/iso3166">USA</country>
    <contactInfo>
      <telephone>
        <type>Work</type>
        <number>5553333333</number>
      </telephone>
      <email>borrower.contact@amazon.com</email>
      <address>
        <streetAddress>
          <streetLine>1111 Main Street</streetLine>
        </streetAddress>
        <city>New York</city>
        <state>NY</state>
        <country countryScheme="http://www.fpml.org/coding-scheme/external/iso3166">USA</country>
        <postalCode>10001</postalCode>
      </address>
    </contactInfo>
  </party>
  <party id="AgentParty">
    <partyId partyIdScheme="http://www.fpml.org/coding-scheme/external/party-id-MEI-1-0">JPM001011</partyId>
    <partyName partyNameScheme="http://www.company.com/partyNameScheme">JPMorganChase</partyName>
    <country countryScheme="http://www.fpml.org/coding-scheme/external/iso3166">USA</country>
    <contactInfo>
      <telephone>
        <type>Work</type>
        <number>5554444444</number>
      </telephone>
      <email>agent.contact@jpmorgan.com</email>
      <address>
        <streetAddress>
          <streetLine>12345 Main Street</streetLine>
        </streetAddress>
        <city>New York</city>
        <state>NY</state>
        <country countryScheme="http://www.fpml.org/coding-scheme/external/iso3166">USA</country>
        <postalCode>10001</postalCode>
      </address>
    </contactInfo>
  </party>
</loanAllocationSettlementNotification>

