<?xml version="1.0" encoding="utf-8"?>
<!--View is confirmation-->
<!--Version is 5-10-->
<!--NS is http://www.fpml.org/FpML-5/confirmation-->
<!--
        == Copyright (c) 2014-2018 All rights reserved.
        == Financial Products Markup Language is subject to the FpML public license.
        == A copy of this license is available at http://www.fpml.org/license/license.html
-->
<!--
Letter of credit event notifications provide a means for agent bank to communicate issuance, amendment and termination of L/Cs.
The agent bank also acts as a conduit between the issuing bank and lenders.

This example represents an L/C fee payment against a single standby letter of credit.
-->
<lcNotification xmlns="http://www.fpml.org/FpML-5/confirmation" xmlns:xsi="http://www.w3.org/2001/XMLSchema-instance" fpmlVersion="5-10" xsi:schemaLocation="http://www.fpml.org/FpML-5/confirmation ../../fpml-main-5-10.xsd http://www.w3.org/2000/09/xmldsig# ../../xmldsig-core-schema.xsd">
  <header>
<!-- No message id in the original notice -->
    <messageId messageIdScheme="http://www.bankofagentsna.com/messaging/messageids">152436</messageId>
<!-- Not sure of this content? -->
    <sentBy messageAddressScheme="http://www.loanmarketdirectory.com/external/schemes/MEI">AGENTBMEI</sentBy>
    <sendTo messageAddressScheme="http://www.loanmarketdirectory.com/external/schemes/MEI">LENDERMEI</sendTo>
    <creationTimestamp>2013-10-21T09:30:47Z</creationTimestamp>
    <implementationSpecification>
      <name>BKLoanSys</name>
      <version implementationSpecificationVersionScheme="http://www.bkloansys.com/">1.0</version>
      <date>2012-12-06</date>
    </implementationSpecification>
  </header>
  <isCorrection>false</isCorrection>
  <noticeDate>2014-11-12</noticeDate>
  <isGlobalOnly>false</isGlobalOnly>
  <lcIssuanceFeePayment>
    <eventIdentifier>
      <partyReference href="agent" />
<!-- LN88 No event id provided in the notice -->
      <eventId eventIdScheme="http://www.bankofagentsna.com/messaging/eventids">123765</eventId>
    </eventIdentifier>
    <lenderPartyReference href="lender" />
    <effectiveDate>2014-06-30</effectiveDate>
    <letterOfCreditReference href="letter_of_credit" />
    <id accrualTypeIdScheme="http://www.bankofagentsna.com/messaging/accrualtypeids">54325</id>
    <startDate>2014-05-01</startDate>
    <endDate>2014-06-29</endDate>
    <amount>
      <currency currencyScheme="http://www.fpml.org/coding-scheme/external/iso4217-2001-08-15">USD</currency>
      <amount>684.62</amount>
      <shareAmount>50.56</shareAmount>
    </amount>
    <accrualSchedule>
      <startDate>2014-05-01</startDate>
      <endDate>2014-06-29</endDate>
      <numberOfDays>60</numberOfDays>
      <referenceAmount>
        <currency currencyScheme="http://www.fpml.org/coding-scheme/external/iso4217-2001-08-15">USD</currency>
<!-- Global reference amount not provided, just share -->
        <amount>100000.00</amount>
        <shareAmount>23791.46</shareAmount>
      </referenceAmount>
      <rate>0.01275</rate>
      <accrualAmount>
        <currency currencyScheme="http://www.fpml.org/coding-scheme/external/iso4217-2001-08-15">USD</currency>
        <amount>684.62</amount>
        <shareAmount>50.56</shareAmount>
      </accrualAmount>
    </accrualSchedule>
  </lcIssuanceFeePayment>
<!-- The deal CUSIP/ISIN were also provided. We don't have a place for the in the notice -->
  <facilityIdentifier id="facility">
    <instrumentId instrumentIdScheme="http://www.cusip.com/">23311NAM7</instrumentId>
    <instrumentId instrumentIdScheme="http://www.isin.com/">US23311NAM74</instrumentId>
    <description>Revolver</description>
  </facilityIdentifier>
<!-- There is no Issuing Bank in the L/C schema, but there is one on the notice -->
  <letterOfCreditIdentifier id="letter_of_credit">
    <partyReference href="agent" />
    <contractId contractIdScheme="http://www.bankofagentsna.com/messaging/contractids">ISO000376</contractId>
    <facilityReference href="facility" />
  </letterOfCreditIdentifier>
  <party id="agent">
    <partyId partyIdScheme="http://www.loanmarketdirectory.com/external/schemes/MEI">AGENTBMEI</partyId>
    <partyName partyNameScheme="http://www.loanmarketdirectory.com/external/schemes">Bank of Agents N.A.</partyName>
  </party>
  <party id="borrower">
    <partyId partyIdScheme="http://www.loanmarketdirectory.com/external/schemes/MEI">BORROWERMEI</partyId>
    <partyName partyNameScheme="http://www.loanmarketdirectory.com/external/schemes">Borrower Inc.</partyName>
  </party>
  <party id="beneficiary">
    <partyId partyIdScheme="http://www.loanmarketdirectory.com/external/schemes/MEI">BENEFICIARYMEI</partyId>
    <partyName partyNameScheme="http://www.loanmarketdirectory.com/external/schemes">Beneficiary Inc.</partyName>
  </party>
  <party id="lender">
    <partyId partyIdScheme="http://www.loanmarketdirectory.com/external/schemes/MEI">LENDERMEI</partyId>
    <partyName partyNameScheme="http://www.loanmarketdirectory.com/external/schemes/MEI">Lender Corp.</partyName>
    <businessUnit>
      <name>Loan1 Administration</name>
    </businessUnit>
  </party>
</lcNotification>

