<?xml version="1.0" encoding="utf-8"?>
<!--View is confirmation-->
<!--Version is 5-10-->
<!--NS is http://www.fpml.org/FpML-5/confirmation-->
<!--
        == Copyright (c) 2014-2018 All rights reserved.
        == Financial Products Markup Language is subject to the FpML public license.
        == A copy of this license is available at http://www.fpml.org/license/license.html
-->
<!--
Rollover event notifications provide a means for agent banks to communicate floating rate margin resets and/or re-definitions of the way 
in which outstanding contracts are structured. For example:
        - Borrowers can manipulate debt allocation across various contract types.
        - Certain contracts periodically reset (rate-wise).
        - Underlying balances may shift.
Rollovers can be used to represent any/all of the above.
-->
<rolloverNotification xmlns="http://www.fpml.org/FpML-5/confirmation" xmlns:xsi="http://www.w3.org/2001/XMLSchema-instance" fpmlVersion="5-10" xsi:schemaLocation="http://www.fpml.org/FpML-5/confirmation ../../fpml-main-5-10.xsd http://www.w3.org/2000/09/xmldsig# ../../xmldsig-core-schema.xsd">
  <header>
<!-- LN88 No message id in the original notice -->
    <messageId messageIdScheme="http://www.bankofagentsna.com/messaging/messageids">591346</messageId>
<!-- LN88 Not sure of this content? -->
    <sentBy messageAddressScheme="http://www.loanmarketdirectory.com/external/schemes/MEI">AGENTBMEI</sentBy>
    <sendTo messageAddressScheme="http://www.loanmarketdirectory.com/external/schemes/MEI">LENDERMEI</sendTo>
    <creationTimestamp>2013-10-21T09:30:47Z</creationTimestamp>
    <implementationSpecification>
      <name>BKLoanSys</name>
      <version implementationSpecificationVersionScheme="http://www.bkloansys.com/">1.0</version>
      <date>2012-12-06</date>
    </implementationSpecification>
  </header>
  <isCorrection>false</isCorrection>
  <noticeDate>2013-10-21</noticeDate>
  <isGlobalOnly>false</isGlobalOnly>
  <rollover>
    <eventIdentifier>
      <partyReference href="agent" />
<!-- LN77 No event id provided in the notice -->
      <eventId eventIdScheme="http://www.bankofagentsna.com/messaging/eventids">72200</eventId>
    </eventIdentifier>
    <parentEventIdentifier>
      <partyReference href="agent" />
      <eventId eventIdScheme="http://www.bankofagentsna.com/messaging/rolloverids">RolloverGroup1</eventId>
    </parentEventIdentifier>
    <effectiveDate>2013-10-23</effectiveDate>
    <facilityReference href="facility" />
    <maturingContracts>
      <contractIdentifier>
        <partyReference href="agent" />
        <contractId contractIdScheme="http://www.bankofagentsna.com/messaging/contractids">87125</contractId>
        <facilityReference href="facility" />
      </contractIdentifier>
    </maturingContracts>
    <currentContracts>
      <contract>
        <identifier id="loan_contract_new">
          <partyReference href="agent" />
          <contractId contractIdScheme="http://www.bankofagentsna.com/messaging/contractids">76432</contractId>
          <facilityReference href="facility" />
        </identifier>
        <effectiveDate>2013-10-23</effectiveDate>
        <borrowerPartyReference href="borrower" />
        <amount>
          <currency currencyScheme="http://www.fpml.org/coding-scheme/external/iso4217-2001-08-15">USD</currency>
          <amount>209000000</amount>
          <shareAmount>59714285.71</shareAmount>
        </amount>
        <floatingRateAccrual>
          <accrualOptionId accrualTypeIdScheme="http://www.bankofagentsna.com/messaging/accrualtypeids">48174</accrualOptionId>
          <dayCountFraction dayCountFractionScheme="http://www.fpml.org/coding-scheme/day-count-fraction">30/360</dayCountFraction>
          <floatingRateIndex floatingRateIndexScheme="http://www.fpml.org/coding-scheme/floating-rate-index">USD-LIBOR-LIBO</floatingRateIndex>
          <indexTenor>
            <periodMultiplier>3</periodMultiplier>
            <period>M</period>
          </indexTenor>
          <spread>0.0155</spread>
          <startDate>2013-10-23</startDate>
          <endDate>2013-11-25</endDate>
          <numberOfDays>33</numberOfDays>
          <rateFixingDate>2013-10-21</rateFixingDate>
          <baseRate>0.0017</baseRate>
          <allInRate>0.0172</allInRate>
        </floatingRateAccrual>
      </contract>
    </currentContracts>
<!-- Do we need a base rate event as well as the current contract section -->
<!-- When would we use the base rate set event, in the case of a rollover...? -->
    <baseRateSet>
      <eventIdentifier>
        <partyReference href="agent" />
<!-- LN77 No event id provided in the notice -->
        <eventId eventIdScheme="http://www.bankofagentsna.com/messaging/eventids">72253</eventId>
      </eventIdentifier>
      <parentEventIdentifier>
        <partyReference href="agent" />
        <eventId eventIdScheme="http://www.bankofagentsna.com/messaging/rolloverids">RolloverGroup1</eventId>
      </parentEventIdentifier>
      <lenderPartyReference href="lender" />
      <agentPartyReference href="agent" />
      <borrowerPartyReference href="borrower" />
      <effectiveDate>2013-10-23</effectiveDate>
      <loanContractReference href="loan_contract_new" />
<!-- LN85 The reference notice also shows the margin, other margin components, all-in rate, maturity, #days... should we represent those here? -->
<!-- LN86 Alternatively should we force a full loan contract object to be defined for a rate set? -->
      <fixingDate>2013-10-21</fixingDate>
      <rate>0.017</rate>
    </baseRateSet>
  </rollover>
  <facilitySummary id="facility">
    <instrumentId instrumentIdScheme="http://www.cusip.com/">F123452TLA</instrumentId>
    <description>Term Loan A</description>
    <borrowerPartyReference href="borrower" />
    <agentPartyReference href="agent" />
    <startDate>2013-09-18</startDate>
    <currentCommitment>
      <totalCommitmentAmount>
        <currency currencyScheme="http://www.fpml.org/coding-scheme/external/iso4217-2001-08-15">USD</currency>
<!-- LN100 Was blanked out in the notice, placeholder amount -->
<!-- LN101 Actually not sure if the XX.XX amount in the notice refers to the original or the current commitment? -->
<!-- LN102 Making an assumption that the single contract represents the full commitment amount on the facility -->
        <amount>209000000</amount>
<!-- LN104 Not provided in the original notice (assumption as above) -->
        <shareAmount>59714285.71</shareAmount>
      </totalCommitmentAmount>
    </currentCommitment>
  </facilitySummary>
  <party id="agent">
    <partyId partyIdScheme="http://www.loanmarketdirectory.com/external/schemes/MEI">AGENTBMEI</partyId>
    <partyName partyNameScheme="http://www.loanmarketdirectory.com/external/schemes">Bank of Agents N.A.</partyName>
    <businessUnit>
      <name>Investor Relations</name>
      <contactInfo>
        <telephone>
          <type>Work</type>
          <number>302-894-6010</number>
        </telephone>
        <telephone>
          <type>Fax</type>
          <number>212-994-0961</number>
        </telephone>
        <email>global.loans.support@bankofagents.com</email>
        <address>
          <streetAddress>
            <streetLine>2 Penns Way, Suite 100</streetLine>
          </streetAddress>
          <city>New Castle</city>
          <state>DE</state>
          <country>US</country>
          <postalCode>19720</postalCode>
        </address>
      </contactInfo>
    </businessUnit>
  </party>
  <party id="borrower">
    <partyId partyIdScheme="http://www.loanmarketdirectory.com/external/schemes/MEI">BORROWERMEI</partyId>
    <partyName partyNameScheme="http://www.loanmarketdirectory.com/external/schemes">Borrower Inc.</partyName>
  </party>
  <party id="coborrower">
    <partyId partyIdScheme="http://www.loanmarketdirectory.com/external/schemes/MEI">COBORRMEI</partyId>
    <partyName partyNameScheme="http://www.loanmarketdirectory.com/external/schemes">Co-Borrower Inc.</partyName>
  </party>
  <party id="lender">
    <partyId partyIdScheme="http://www.loanmarketdirectory.com/external/schemes/MEI">LENDERMEI</partyId>
    <partyName partyNameScheme="http://www.loanmarketdirectory.com/external/schemes/MEI">Lender Corp.</partyName>
  </party>
  <party id="guarantor">
    <partyId partyIdScheme="http://www.loanmarketdirectory.com/external/schemes/MEI">GUARAMEI</partyId>
    <partyName partyNameScheme="http://www.loanmarketdirectory.com/external/schemes">Guarantor Partners LLC</partyName>
  </party>
</rolloverNotification>

