<?xml version="1.0" encoding="utf-8"?>
<!--View is confirmation-->
<!--Version is 5-10-->
<!--NS is http://www.fpml.org/FpML-5/confirmation-->
<!--
        == Copyright (c) 2014-2018 All rights reserved.
        == Financial Products Markup Language is subject to the FpML public license.
        == A copy of this license is available at http://www.fpml.org/license/license.html
-->
<loanPartyEventInstructionOverrideNotification xmlns="http://www.fpml.org/FpML-5/confirmation" xmlns:xsi="http://www.w3.org/2001/XMLSchema-instance" fpmlVersion="5-10" xsi:schemaLocation="http://www.fpml.org/FpML-5/confirmation ../../fpml-main-5-10.xsd http://www.w3.org/2000/09/xmldsig# ../../xmldsig-core-schema.xsd">
  <header>
    <messageId messageIdScheme="http://www.company.com/messageIdScheme">EventInstructionOverrideMessageID1</messageId>
    <sentBy messageAddressScheme="http://www.company.com/messageAddressScheme">EatonVance</sentBy>
    <sendTo messageAddressScheme="http://www.company.com/messageAddressScheme">JPMorganChase</sendTo>
    <creationTimestamp>2017-09-27T09:30:47Z</creationTimestamp>
    <implementationSpecification>
      <name>LoanFpML</name>
      <version implementationSpecificationVersionScheme="http://www.company.com/implementationSpecificationVersion">v5.10</version>
      <date>2017-09-10</date>
    </implementationSpecification>
  </header>
  <isCorrection>false</isCorrection>
  <override>
    <overrideIdentifier>
      <partyReference href="LenderParty" />
      <overrideId overrideIdScheme="http://www.company.com/overrideIdScheme">OVERID1234</overrideId>
    </overrideIdentifier>
    <eventIdentifier>
      <partyReference href="AgentParty" />
      <eventId eventIdScheme="http://www.company.com/eventIdScheme" id="ServicingEvent">ServicingEvent1</eventId>
    </eventIdentifier>
    <settlementDetails>
      <id settlementInstructionIdScheme="http://www.company.com/settlementInstructionIdScheme">SettlementInstructionID1</id>
      <currency currencyScheme="http://www.fpml.org/coding-scheme/currency-1-0">USD</currency>
      <settlementInstruction>
        <settlementMethod settlementMethodScheme="http://www.fpml.org/coding-scheme/settlement-method">Fedwire</settlementMethod>
        <beneficiary>
          <routingExplicitDetails>
            <routingName>EatonVance</routingName>
            <routingAddress>
              <streetAddress>
                <streetLine>6789 Main Street</streetLine>
              </streetAddress>
              <city>New York</city>
              <state>NY</state>
              <country countryScheme="http://www.fpml.org/coding-scheme/external/iso3166">USA</country>
              <postalCode>10001</postalCode>
            </routingAddress>
            <routingAccountNumber>000000000002</routingAccountNumber>
            <routingReferenceText>Special Settlement</routingReferenceText>
          </routingExplicitDetails>
        </beneficiary>
      </settlementInstruction>
    </settlementDetails>
  </override>
  <party id="LenderParty">
    <partyId partyIdScheme="http://www.fpml.org/coding-scheme/external/party-id-MEI-1-0">EV1000001</partyId>
    <partyName partyNameScheme="http://www.company.com/partyNameScheme">EatonVance</partyName>
    <country countryScheme="http://www.fpml.org/coding-scheme/external/iso3166">USA</country>
    <contactInfo>
      <telephone>
        <type>Work</type>
        <number>5552222222</number>
      </telephone>
      <email>buyer.contact@eatonvance.com</email>
      <address>
        <streetAddress>
          <streetLine>6789 Main Street</streetLine>
        </streetAddress>
        <city>New York</city>
        <state>NY</state>
        <country countryScheme="http://www.fpml.org/coding-scheme/external/iso3166">USA</country>
        <postalCode>10001</postalCode>
      </address>
    </contactInfo>
  </party>
  <party id="AgentParty">
    <partyId partyIdScheme="http://www.fpml.org/coding-scheme/external/party-id-MEI-1-0">JPM001011</partyId>
    <partyName partyNameScheme="http://www.company.com/partyNameScheme">JPMorganChase</partyName>
    <country countryScheme="http://www.fpml.org/coding-scheme/external/iso3166">USA</country>
    <contactInfo>
      <telephone>
        <type>Work</type>
        <number>5554444444</number>
      </telephone>
      <email>agent.contact@jpmorgan.com</email>
      <address>
        <streetAddress>
          <streetLine>12345 Main Street</streetLine>
        </streetAddress>
        <city>New York</city>
        <state>NY</state>
        <country countryScheme="http://www.fpml.org/coding-scheme/external/iso3166">USA</country>
        <postalCode>10001</postalCode>
      </address>
    </contactInfo>
  </party>
</loanPartyEventInstructionOverrideNotification>

