<?xml version="1.0" encoding="utf-8"?>
<!--View is confirmation-->
<!--Version is 5-10-->
<!--NS is http://www.fpml.org/FpML-5/confirmation-->
<!--
        == Copyright (c) 2014-2018 All rights reserved.
        == Financial Products Markup Language is subject to the FpML public license.
        == A copy of this license is available at http://www.fpml.org/license/license.html
-->
<!--
This notice communicates a change to the rate associated with an accruing facility-level fee. Accrual fees are calculated using the fee rate and 
an underlying balance on the facility e.g. total commitment, total utilization etc.
-->
<accruingFeeChangeNotification xmlns="http://www.fpml.org/FpML-5/confirmation" xmlns:xsi="http://www.w3.org/2001/XMLSchema-instance" fpmlVersion="5-10" xsi:schemaLocation="http://www.fpml.org/FpML-5/confirmation ../../fpml-main-5-10.xsd http://www.w3.org/2000/09/xmldsig# ../../xmldsig-core-schema.xsd">
  <header>
    <messageId messageIdScheme="http://www.bankofagentsna.com/messaging/messageids">986451</messageId>
    <sentBy messageAddressScheme="http://www.loanmarketdirectory.com/external/schemes/MEI">AGENTBMEI</sentBy>
    <sendTo messageAddressScheme="http://www.loanmarketdirectory.com/external/schemes/MEI">LENDERMEI</sendTo>
    <creationTimestamp>2014-11-10T09:30:47Z</creationTimestamp>
    <implementationSpecification>
      <name>BKLoanSys</name>
      <version implementationSpecificationVersionScheme="http://www.bkloansys.com/">1.0</version>
      <date>2012-12-06</date>
    </implementationSpecification>
  </header>
  <isCorrection>false</isCorrection>
  <noticeDate>2014-11-10</noticeDate>
  <isGlobalOnly>false</isGlobalOnly>
  <accruingFeeChange>
    <eventIdentifier>
      <partyReference href="agent" />
      <eventId eventIdScheme="http://www.bankofagentsna.com/messaging/eventids">546342</eventId>
    </eventIdentifier>
    <lenderPartyReference href="lender" />
    <agentPartyReference href="agent" />
    <borrowerPartyReference href="borrower" />
    <effectiveDate>2014-11-10</effectiveDate>
    <facilityReference href="facility" />
    <accruingFeeOption>
      <accrualOptionId accrualTypeIdScheme="http://www.bankofagentsna.com/messaging/borrowingoptionids">451625</accrualOptionId>
      <dayCountFraction dayCountFractionScheme="http://www.fpml.org/coding-scheme/day-count-fraction">30/360</dayCountFraction>
      <paymentFrequency>
        <periodMultiplier>3</periodMultiplier>
        <period>M</period>
      </paymentFrequency>
      <rate>1.25</rate>
      <type accruingFeeTypeScheme="http://www.fpml.org/coding-scheme/accruing-fee-type">Unutilized</type>
      <startDate>2012-12-31</startDate>
      <endDate>2014-12-31</endDate>
    </accruingFeeOption>
  </accruingFeeChange>
  <facilityIdentifier id="facility">
    <instrumentId instrumentIdScheme="http://www.cusip.com/">F123452TLA</instrumentId>
    <description>Term Loan A</description>
  </facilityIdentifier>
  <party id="agent">
    <partyId partyIdScheme="http://www.loanmarketdirectory.com/external/schemes/MEI">AGENTBMEI</partyId>
    <partyName partyNameScheme="http://www.loanmarketdirectory.com/external/schemes">Bank of Agents N.A.</partyName>
  </party>
  <party id="borrower">
    <partyId partyIdScheme="http://www.loanmarketdirectory.com/external/schemes/MEI">BORROWERMEI</partyId>
    <partyName partyNameScheme="http://www.loanmarketdirectory.com/external/schemes">Borrower Inc.</partyName>
  </party>
  <party id="coborrower">
    <partyId partyIdScheme="http://www.loanmarketdirectory.com/external/schemes/MEI">COBORRMEI</partyId>
    <partyName partyNameScheme="http://www.loanmarketdirectory.com/external/schemes">Co-Borrower Inc.</partyName>
  </party>
  <party id="lender">
    <partyId partyIdScheme="http://www.loanmarketdirectory.com/external/schemes/MEI">LENDERMEI</partyId>
    <partyName partyNameScheme="http://www.loanmarketdirectory.com/external/schemes/MEI">Lender Corp.</partyName>
  </party>
  <party id="guarantor">
    <partyId partyIdScheme="http://www.loanmarketdirectory.com/external/schemes/MEI">GUARAMEI</partyId>
    <partyName partyNameScheme="http://www.loanmarketdirectory.com/external/schemes">Guarantor Partners LLC</partyName>
  </party>
</accruingFeeChangeNotification>

