<?xml version="1.0" encoding="utf-8"?>
<!--View is confirmation-->
<!--Version is 5-10-->
<!--NS is http://www.fpml.org/FpML-5/confirmation-->
<!--
        == Copyright (c) 2014-2018 All rights reserved.
        == Financial Products Markup Language is subject to the FpML public license.
        == A copy of this license is available at http://www.fpml.org/license/license.html
-->
<loanTransferNotification xmlns="http://www.fpml.org/FpML-5/confirmation" xmlns:xsi="http://www.w3.org/2001/XMLSchema-instance" fpmlVersion="5-10" xsi:schemaLocation="http://www.fpml.org/FpML-5/confirmation ../../fpml-main-5-10.xsd http://www.w3.org/2000/09/xmldsig# ../../xmldsig-core-schema.xsd">
  <header>
    <messageId messageIdScheme="http://www.barclays.com/coding-scheme/message-id-1-0">BPLC0000285108535</messageId>
    <sentBy messageAddressScheme="http://www.fpml.org/coding-scheme/external/party-id-MEI-1-0">GB1L213246</sentBy>
    <sendTo messageAddressScheme="http://www.fpml.org/coding-scheme/external/party-id-MEI-1-0">US1L022337</sendTo>
    <creationTimestamp>2017-09-08T20:41:28.6705228-04:00</creationTimestamp>
  </header>
  <isCorrection>false</isCorrection>
  <noticeDate>2017-09-08</noticeDate>
  <partyReference href="GB1L213246" />
  <role tradingPartyRoleScheme="http://www.fpml.org/coding-scheme/trading-party-role-1-0">Buyer</role>
  <transferEvent>
    <eventIdentifier>
      <partyReference href="US1LFM0001" />
      <eventId eventIdScheme="http://www.barclays.com/coding-scheme/event-id-1-0">EID12345</eventId>
    </eventIdentifier>
    <loanTradeReference href="T1" />
  </transferEvent>
  <transfer>
    <tradeIdentifier id="T1">
      <issuer issuerIdScheme="http://www.fpml.org/coding-scheme/external/party-id-MEI-1-0">GB1L213246</issuer>
      <tradeId tradeIdScheme="http://www.barclays.com/coding-scheme/trade-id-1-0">T1</tradeId>
    </tradeIdentifier>
    <facilityReference href="CUSIP0001" />
    <amount>
      <currency currencyScheme="http://www.fpml.org/coding-scheme/currency-1-0">USD</currency>
      <amount>10000000.0</amount>
    </amount>
    <tradeDate>2017-07-21</tradeDate>
    <buyerPartyReference href="GB1L213246" />
    <sellerPartyReference href="US1LFM0001" />
    <type>Secondary</type>
    <whenIssuedFlag>false</whenIssuedFlag>
    <tradingAssociation>LSTA</tradingAssociation>
    <formOfPurchase>Assignment</formOfPurchase>
    <transferFeeRemittedBy>Buyer</transferFeeRemittedBy>
  </transfer>
  <facilityIdentifier id="CUSIP0001">
    <instrumentId instrumentIdScheme="http://www.fpml.org/coding-scheme/external/instrument-id-CUSIP-1-0">CUSIP0001</instrumentId>
  </facilityIdentifier>
  <party id="GB1L213246">
    <partyId partyIdScheme="http://www.fpml.org/coding-scheme/external/party-id-MEI-1-0">GB1L213246</partyId>
  </party>
  <party id="US1LFM0001">
    <partyId partyIdScheme="http://www.fpml.org/coding-scheme/external/party-id-MEI-1-0">US1LFM0001</partyId>
  </party>
  <party id="US1LA00001">
    <partyId partyIdScheme="http://www.fpml.org/coding-scheme/external/party-id-MEI-1-0">US1LA00001</partyId>
  </party>
</loanTransferNotification>

