<?xml version="1.0" encoding="utf-8"?>
<!--View is confirmation-->
<!--Version is 5-10-->
<!--NS is http://www.fpml.org/FpML-5/confirmation-->
<!--
        == Copyright (c) 2014-2018 All rights reserved.
        == Financial Products Markup Language is subject to the FpML public license.
        == A copy of this license is available at http://www.fpml.org/license/license.html
-->
<!--
Rollover event notifications provide a means for agent banks to communicate floating rate margin resets and/or re-definitions of the way 
in which outstanding contracts are structured. For example:
        - Borrowers can manipulate debt allocation across various contract types.
        - Certain contracts periodically reset (rate-wise).
        - Underlying balances may shift.
Rollovers can be used to represent any/all of the above.

This example represents a:
        - PRIME contract maturing
        - contract renewal with a conversion to LIBOR
-->
<rolloverNotification xmlns="http://www.fpml.org/FpML-5/confirmation" xmlns:xsi="http://www.w3.org/2001/XMLSchema-instance" fpmlVersion="5-10" xsi:schemaLocation="http://www.fpml.org/FpML-5/confirmation ../../fpml-main-5-10.xsd http://www.w3.org/2000/09/xmldsig# ../../xmldsig-core-schema.xsd">
  <header>
<!-- No message id in the original notice -->
    <messageId messageIdScheme="http://www.bankofagentsna.com/messaging/messageids">641975</messageId>
<!-- Not sure of this content? -->
    <sentBy messageAddressScheme="http://www.loanmarketdirectory.com/external/schemes/MEI">AGENTBMEI</sentBy>
    <sendTo messageAddressScheme="http://www.loanmarketdirectory.com/external/schemes/MEI">LENDERMEI</sendTo>
    <creationTimestamp>2013-10-21T09:30:47Z</creationTimestamp>
    <implementationSpecification>
      <name>BKLoanSys</name>
      <version implementationSpecificationVersionScheme="http://www.bkloansys.com/">1.0</version>
      <date>2012-12-06</date>
    </implementationSpecification>
  </header>
  <isCorrection>false</isCorrection>
  <noticeDate>2013-08-28</noticeDate>
  <isGlobalOnly>false</isGlobalOnly>
  <rollover>
    <eventIdentifier>
      <partyReference href="agent" />
<!-- LN88 No event id provided in the notice -->
      <eventId eventIdScheme="http://www.bankofagentsna.com/messaging/eventids">59400</eventId>
    </eventIdentifier>
    <parentEventIdentifier>
      <partyReference href="agent" />
      <eventId eventIdScheme="http://www.bankofagentsna.com/messaging/rolloverids">RolloverGroup8</eventId>
    </parentEventIdentifier>
    <effectiveDate>2013-08-29</effectiveDate>
    <facilityReference href="facility" />
    <maturingContracts>
<!-- Do we need to capture a specific date as to when these contracts are maturing? -->
      <contractSummary>
        <identifier id="loan_contract_maturing">
          <partyReference href="agent" />
          <contractId contractIdScheme="http://www.bankofagentsna.com/messaging/contractids">649782</contractId>
          <facilityReference href="facility" />
        </identifier>
        <effectiveDate>2013-05-29</effectiveDate>
        <borrowerPartyReference href="borrower" />
        <amount>
          <currency currencyScheme="http://www.fpml.org/coding-scheme/external/iso4217-2001-08-15">USD</currency>
          <amount>4500000.00</amount>
          <shareAmount>24937.50</shareAmount>
        </amount>
      </contractSummary>
    </maturingContracts>
    <currentContracts>
      <contract>
        <identifier id="loan_contract_new">
          <partyReference href="agent" />
          <contractId contractIdScheme="http://www.bankofagentsna.com/messaging/contractids">485291</contractId>
          <facilityReference href="facility" />
        </identifier>
        <effectiveDate>2013-08-29</effectiveDate>
        <borrowerPartyReference href="borrower" />
        <amount>
          <currency currencyScheme="http://www.fpml.org/coding-scheme/external/iso4217-2001-08-15">USD</currency>
          <amount>4500000.00</amount>
          <shareAmount>24937.50</shareAmount>
        </amount>
<!-- No maturity date provided in original notice -->
<!-- The notice provide the number of days associated with the loan contract. Should we have something here to represent that? -->
<!-- Note that the number of days are actually defined in the accrual period itself - maybe we don't need it in both locations? -->
        <maturityDate>2013-09-30</maturityDate>
        <floatingRateAccrual>
          <accrualOptionId accrualTypeIdScheme="http://www.bankofagentsna.com/messaging/accrualtypeids">45671</accrualOptionId>
<!-- Dummy values. Day count, LIBOR type etc. not provided. -->
          <dayCountFraction dayCountFractionScheme="http://www.fpml.org/coding-scheme/day-count-fraction">30/360</dayCountFraction>
          <floatingRateIndex floatingRateIndexScheme="http://www.fpml.org/coding-scheme/floating-rate-index">USD-LIBOR-LIBO</floatingRateIndex>
<!-- Spread not provided on the notice, but can we assume it will be? -->
          <spread>0.01</spread>
          <startDate>2013-08-29</startDate>
          <endDate>2013-09-30</endDate>
<!-- Number of days not provided -->
          <numberOfDays>1</numberOfDays>
<!-- Rate fixing date not provided -->
          <rateFixingDate>2014-09-03</rateFixingDate>
        </floatingRateAccrual>
      </contract>
    </currentContracts>
<!-- 
                        There is a section above which outlines the "current contracts". This is a full definition of new loan contracts
                        which, in effect, is the same as what would be embedded within a borrowing event. Should we have one OR the other 
                        defined rather than both?
                -->
    <borrowing>
      <eventIdentifier>
        <partyReference href="agent" />
<!-- LN88 No event id provided in the notice -->
        <eventId eventIdScheme="http://www.bankofagentsna.com/messaging/eventids">59462</eventId>
      </eventIdentifier>
      <parentEventIdentifier>
        <partyReference href="agent" />
        <eventId eventIdScheme="http://www.bankofagentsna.com/messaging/rolloverids">RolloverGroup8</eventId>
      </parentEventIdentifier>
      <lenderPartyReference href="lender" />
      <agentPartyReference href="agent" />
      <borrowerPartyReference href="borrower" />
      <effectiveDate>2013-08-29</effectiveDate>
      <loanContractReference href="loan_contract_new" />
      <amount>
        <currency currencyScheme="http://www.fpml.org/coding-scheme/external/iso4217-2001-08-15">USD</currency>
        <amount>4500000.00</amount>
        <shareAmount>24937.50</shareAmount>
      </amount>
    </borrowing>
  </rollover>
<!-- No facility details provided - so an identifier has been modeled -->
  <facilityIdentifier id="facility">
    <instrumentId instrumentIdScheme="http://www.cusip.com/">F123452TLA</instrumentId>
    <description>Term Loan A</description>
  </facilityIdentifier>
  <party id="agent">
    <partyId partyIdScheme="http://www.loanmarketdirectory.com/external/schemes/MEI">AGENTBMEI</partyId>
    <partyName partyNameScheme="http://www.loanmarketdirectory.com/external/schemes">Bank of Agents N.A.</partyName>
    <businessUnit id="portfolio_admin">
      <name>Portfolio Administration</name>
    </businessUnit>
    <person>
      <firstName>Joe</firstName>
      <surname>Tricoma</surname>
      <businessUnitReference href="portfolio_admin" />
      <contactInfo>
        <telephone>
          <type>Work</type>
          <number>+12123207564</number>
        </telephone>
        <email>xrausloanops5@barclays.com</email>
      </contactInfo>
    </person>
    <person>
<!-- How do we represent a corporate title or rank e.g 'Manager' or 'Vice President' -->
      <firstName>Christine</firstName>
      <surname>Aharonian</surname>
      <contactInfo>
        <email>xrausloanops5@barclays.com</email>
      </contactInfo>
    </person>
  </party>
  <party id="borrower">
    <partyId partyIdScheme="http://www.loanmarketdirectory.com/external/schemes/MEI">BORROWERMEI</partyId>
    <partyName partyNameScheme="http://www.loanmarketdirectory.com/external/schemes">Borrower Inc.</partyName>
  </party>
  <party id="coborrower">
    <partyId partyIdScheme="http://www.loanmarketdirectory.com/external/schemes/MEI">COBORRMEI</partyId>
    <partyName partyNameScheme="http://www.loanmarketdirectory.com/external/schemes">Co-Borrower Inc.</partyName>
  </party>
  <party id="lender">
    <partyId partyIdScheme="http://www.loanmarketdirectory.com/external/schemes/MEI">LENDERMEI</partyId>
    <partyName partyNameScheme="http://www.loanmarketdirectory.com/external/schemes/MEI">Lender Corp.</partyName>
  </party>
  <party id="guarantor">
    <partyId partyIdScheme="http://www.loanmarketdirectory.com/external/schemes/MEI">GUARAMEI</partyId>
    <partyName partyNameScheme="http://www.loanmarketdirectory.com/external/schemes">Guarantor Partners LLC</partyName>
  </party>
</rolloverNotification>

