<?xml version="1.0" encoding="utf-8"?>
<!--View is confirmation-->
<!--Version is 5-11-->
<!--NS is http://www.fpml.org/FpML-5/confirmation-->
<!--
        == Copyright (c) 2018-2020 All rights reserved.
        == Financial Products Markup Language is subject to the FpML public license.
        == A copy of this license is available at http://www.fpml.org/documents/license
-->
<executionNotification xmlns="http://www.fpml.org/FpML-5/confirmation" xmlns:xsi="http://www.w3.org/2001/XMLSchema-instance" fpmlVersion="5-11" xsi:schemaLocation="http://www.fpml.org/FpML-5/confirmation ../../fpml-main-5-11.xsd http://www.w3.org/2000/09/xmldsig# ../../xmldsig-core-schema.xsd">
  <header>
    <messageId messageIdScheme="http://www.amag.com/coding-scheme/message-id">0485674</messageId>
    <sentBy>AMAGGB22XXX</sentBy>
    <sendTo>CCSTUS6S</sendTo>
    <creationTimestamp>2010-09-09T10:00:00-00:00</creationTimestamp>
  </header>
  <isCorrection>false</isCorrection>
  <correlationId correlationIdScheme="http://www.imgr.com/schemes/correlation-id">CORR019</correlationId>
  <sequenceNumber>3</sequenceNumber>
  <optionExercise>
    <tradeIdentifier>
      <partyReference href="SKY" />
      <tradeId tradeIdScheme="http://www.swift.com/coding-scheme/contract-id">CDSwaption1</tradeId>
    </tradeIdentifier>
    <exerciseDate>2010-09-09</exerciseDate>
    <exerciseTime>12:00:00Z</exerciseTime>
    <exerciseInNumberOfOptions>1000</exerciseInNumberOfOptions>
    <outstandingNumberOfOptions>0</outstandingNumberOfOptions>
    <settlementType>Physical</settlementType>
<!-- uses FpML enumeration: SettlementTypeEnum -->
    <payment>
      <payerPartyReference href="AMAG" />
      <receiverPartyReference href="SKY" />
      <paymentDate>
        <adjustableDate>
          <unadjustedDate>2010-09-09</unadjustedDate>
          <dateAdjustments>
            <businessDayConvention>FOLLOWING</businessDayConvention>
            <businessCenters>
              <businessCenter>USNY</businessCenter>
            </businessCenters>
          </dateAdjustments>
        </adjustableDate>
      </paymentDate>
      <paymentAmount>
        <currency>USD</currency>
        <amount>100000</amount>
      </paymentAmount>
    </payment>
  </optionExercise>
  <party id="AMAG">
    <partyId partyIdScheme="http://www.fpml.org/coding-scheme/external/iso17442">969500T86SHG919ON888</partyId>
    <partyName>International Bank Asset Management</partyName>
  </party>
  <party id="SKY">
    <partyId partyIdScheme="http://www.fpml.org/coding-scheme/external/iso17442">549300HTD3SZJWA5TS80</partyId>
    <partyName>Sky Limited</partyName>
  </party>
</executionNotification>

