<?xml version="1.0" encoding="utf-8"?>
<!--View is reporting-->
<!--Version is 5-3-->
<!--NS is http://www.fpml.org/FpML-5/reporting-->
<!--View is reporting-->
<!--Version is 5-0-->
<!--NS is http://www.fpml.org/FpML-5/master-->
<!--Omit some adjustments, details of procedures, and other information not required for a report-->
<positionReport xmlns="http://www.fpml.org/FpML-5/reporting" xmlns:xsi="http://www.w3.org/2001/XMLSchema-instance" fpmlVersion="5-3" xsi:schemaLocation="http://www.fpml.org/FpML-5/reporting ../fpml-main-5-3.xsd http://www.w3.org/2000/09/xmldsig# ../xmldsig-core-schema.xsd">
  <header>
    <messageId messageIdScheme="http://www.abc.com/mid">XXX00123</messageId>
    <sentBy>ABCDUS33</sentBy>
    <sendTo>HEDGUS33</sendTo>
    <creationTimestamp>2004-08-02T15:38:00Z</creationTimestamp>
  </header>
  <asOfDate>2004-06-02</asOfDate>
  <dataSetName>Valuation</dataSetName>
<!-- FX spot : reporting of NPV? (not really relevant, what should we show?) -->
  <position>
    <positionId positionIdScheme="http://www.abc.com/positionId">CFABCOTCDER2009XXX22</positionId>
    <reportingRoles>
      <baseParty href="hedge_global" />
    </reportingRoles>
    <constituent>
      <trade>
        <tradeHeader>
          <tradeDate>2009-06-02</tradeDate>
        </tradeHeader>
<!-- to be refactored, omitted for the moment
        <fxSingleLeg>
                <productType productTypeScheme="http://www.fpml.org/product-type-simple">FxSpot</productType>
                <assetClass assetClassScheme="http://www.fpml.org/coding-scheme/asset-class-1-0">ForeignExchange</assetClass>
        </fxSingleLeg>
        -->
      </trade>
    </constituent>
  </position>
<!-- FX forward -->
  <position>
    <positionId positionIdScheme="http://www.abc.com/positionId">CFABCOTCDER2009XXX23</positionId>
    <reportingRoles>
      <baseParty href="hedge_asia" />
    </reportingRoles>
    <constituent>
      <trade>
        <tradeHeader>
          <tradeDate>2009-04-14</tradeDate>
        </tradeHeader>
<!-- to be refactored, omitted for the moment
        <fxSingleLeg>
                <productType productTypeScheme="http://www.fpml.org/product-type-simple">FxForward</productType>
                <assetClass assetClassScheme="http://www.fpml.org/coding-scheme/asset-class-1-0">ForeignExchange</assetClass>
        </fxSingleLeg>
        -->
      </trade>
    </constituent>
    <valuation>
      <quote>
        <value>753866.01</value>
        <measureType>NPV</measureType>
        <currency>JPY</currency>
        <currencyType>QuoteCurrency</currencyType>
      </quote>
      <quote>
        <value>8107.76</value>
        <measureType>NPV</measureType>
        <currency>USD</currency>
        <currencyType>ReportCurrency</currencyType>
      </quote>
      <quote>
        <value>753866.01</value>
        <measureType>NPV</measureType>
        <currency>JPY</currency>
        <currencyType>UnitCurrency</currencyType>
      </quote>
      <quote>
        <value>8107.76</value>
        <measureType>NPV</measureType>
        <currency>USD</currency>
        <currencyType>SettlementCurrency</currencyType>
      </quote>
      <fxRate>
        <quotedCurrencyPair>
          <currency1>USD</currency1>
<!-- base ccy -->
          <currency2>JPY</currency2>
<!-- quote ccy -->
          <quoteBasis>Currency2PerCurrency1</quoteBasis>
        </quotedCurrencyPair>
        <rate>92.98080</rate>
      </fxRate>
    </valuation>
  </position>
<!-- FX Option -->
  <position>
    <positionId positionIdScheme="http://www.abc.com/positionId">CFABCOTCDER2009XXX21</positionId>
    <reportingRoles>
      <baseParty href="hedge_global" />
    </reportingRoles>
    <constituent>
      <trade>
        <tradeHeader>
          <tradeDate>2009-08-11</tradeDate>
        </tradeHeader>
<!-- to be refactored, omitted for the moment
        <fxSimpleOption>
                <productType productTypeScheme="http://www.fpml.org/product-type-simple">FxOption</productType>
                <assetClass assetClassScheme="http://www.fpml.org/coding-scheme/asset-class-1-0">ForeignExchange</assetClass>
        </fxSimpleOption>
        -->
      </trade>
    </constituent>
    <valuation>
      <quote>
        <value>7000827.88</value>
        <measureType>NPV</measureType>
        <currency>USD</currency>
        <currencyType>QuoteCurrency</currencyType>
      </quote>
      <quote>
        <value>7000827.88</value>
        <measureType>NPV</measureType>
        <currency>USD</currency>
        <currencyType>ReportCurrency</currencyType>
      </quote>
      <quote>
        <value>4894314.79</value>
        <measureType>NPV</measureType>
        <currency>EUR</currency>
        <currencyType>UnitCurrency</currencyType>
      </quote>
      <quote>
        <value>7000827.88</value>
        <measureType>NPV</measureType>
        <currency>USD</currency>
        <currencyType>SettlementCurrency</currencyType>
      </quote>
      <fxRate>
        <quotedCurrencyPair>
          <currency1>EUR</currency1>
<!-- base currency -->
          <currency2>USD</currency2>
<!-- quote currency -->
          <quoteBasis>Currency2PerCurrency1</quoteBasis>
<!-- units of quote ccy equiv to 1 unit of base ccy -->
        </quotedCurrencyPair>
        <rate>1.43040</rate>
      </fxRate>
    </valuation>
  </position>
<!-- NDF -->
  <position>
    <positionId positionIdScheme="http://www.abc.com/positionId">TBD</positionId>
    <reportingRoles>
      <baseParty href="hedge_global" />
    </reportingRoles>
    <constituent>
      <trade>
        <tradeHeader>
          <tradeDate>2009-07-01</tradeDate>
        </tradeHeader>
<!-- to be refactored, omitted for the moment
        <fxSimpleOption>
                <productType productTypeScheme="http://www.fpml.org/product-type-simple">NonDeliverableFxOption</productType> 
                <assetClass assetClassScheme="http://www.fpml.org/coding-scheme/asset-class-1-0">ForeignExchange</assetClass>
        </fxSimpleOption>
        -->
<!-- product type needs to be added to scheme -->
      </trade>
    </constituent>
    <valuation>
      <quote>
        <value>-55145.52</value>
        <measureType>NPV</measureType>
        <currency>BRL</currency>
        <currencyType>QuoteCurrency</currencyType>
      </quote>
      <quote>
        <value>-28071.02</value>
        <measureType>NPV</measureType>
        <currency>USD</currency>
        <currencyType>ReportCurrency</currencyType>
      </quote>
      <quote>
        <value>-19624.59</value>
        <measureType>NPV</measureType>
        <currency>EUR</currency>
        <currencyType>UnitCurrency</currencyType>
      </quote>
      <quote>
        <value>-28071.02</value>
        <measureType>NPV</measureType>
        <currency>USD</currency>
        <currencyType>SettlementCurrency</currencyType>
      </quote>
      <fxRate>
        <quotedCurrencyPair>
          <currency1>USD</currency1>
<!-- base currency -->
          <currency2>BRL</currency2>
<!-- quote currency -->
          <quoteBasis>Currency2PerCurrency1</quoteBasis>
<!-- units of quote ccy equiv to 1 unit of base ccy -->
        </quotedCurrencyPair>
        <rate>1.9645</rate>
      </fxRate>
      <fxRate>
        <quotedCurrencyPair>
          <currency1>EUR</currency1>
<!-- base currency -->
          <currency2>USD</currency2>
<!-- quote currency -->
          <quoteBasis>Currency2PerCurrency1</quoteBasis>
<!-- units of quote ccy equiv to 1 unit of base ccy -->
        </quotedCurrencyPair>
        <rate>1.43040</rate>
      </fxRate>
    </valuation>
  </position>
  <party id="party1">
    <partyId>ABCDUS33</partyId>
    <partyName>ABCD Securities Inc.</partyName>
  </party>
  <party id="hedge_global">
    <partyId>HEDG-GLOB</partyId>
    <partyName>HedgeCo Global Growth</partyName>
  </party>
  <party id="hedge_asia">
    <partyId>HEDG-ASIA</partyId>
    <partyName>HedgeCo Asia Fund</partyName>
  </party>
</positionReport>

