<?xml version="1.0" encoding="utf-8"?>
<!--View is reporting-->
<!--Version is 5-3-->
<!--NS is http://www.fpml.org/FpML-5/reporting-->
<!--View is reporting-->
<!--Version is 5-0-->
<!--NS is http://www.fpml.org/FpML-5/master-->
<!--Omit some adjustments, details of procedures, and other information not required for a report-->
<positionReport xmlns="http://www.fpml.org/FpML-5/reporting" xmlns:xsi="http://www.w3.org/2001/XMLSchema-instance" fpmlVersion="5-3" xsi:schemaLocation="http://www.fpml.org/FpML-5/reporting ../fpml-main-5-3.xsd http://www.w3.org/2000/09/xmldsig# ../xmldsig-core-schema.xsd">
  <header>
    <messageId messageIdScheme="http://www.abc.com/mid">XXX00123</messageId>
    <sentBy>ABCDUS33</sentBy>
    <sendTo>HEDGUS33</sendTo>
    <creationTimestamp>2004-08-02T15:38:00Z</creationTimestamp>
  </header>
  <asOfDate>2004-06-02</asOfDate>
  <dataSetName>Position</dataSetName>
<!-- OTC equity option -->
  <position>
    <positionId positionIdScheme="http://www.abc.com/positionId">1235664334</positionId>
    <reportingRoles>
      <baseParty href="party1" />
    </reportingRoles>
    <constituent>
      <trade>
        <tradeHeader>
          <partyTradeIdentifier>
            <partyReference href="party1" />
            <tradeId tradeIdScheme="http://www.PartyA.com/eqd-trade-id">1234</tradeId>
            <tradeId tradeIdScheme="http://www.confirmationPlatform.com/eqd-trade-id">22324232323</tradeId>
          </partyTradeIdentifier>
          <tradeDate>2007-11-26</tradeDate>
        </tradeHeader>
        <equityOption>
          <productType productTypeScheme="http://www.fpml.org/product-type-simple">EquityOption</productType>
          <assetClass assetClassScheme="http://www.fpml.org/coding-scheme/asset-class-1-0">Equity</assetClass>
          <buyerPartyReference href="hedge_global" />
          <optionType>Put</optionType>
          <underlyer>
            <singleUnderlyer>
              <equity>
                <instrumentId instrumentIdScheme="http://www.fpml.org/spec/2003/instrument-id-Reuters-RIC-1-0">IBM.N</instrumentId>
                <instrumentId instrumentIdScheme="http://www.abc.com/instrumentId">IBM</instrumentId>
                <description>IBM COMMON STOCK</description>
              </equity>
            </singleUnderlyer>
          </underlyer>
          <notional>
            <currency>USD</currency>
            <amount>1480000</amount>
          </notional>
          <equityExercise>
            <equityAmericanExercise>
              <commencementDate>
                <adjustableDate>
                  <unadjustedDate>2009-01-15</unadjustedDate>
                  <dateAdjustments>
                    <businessDayConvention>NONE</businessDayConvention>
                  </dateAdjustments>
                </adjustableDate>
              </commencementDate>
              <expirationDate>
                <adjustableDate>
                  <unadjustedDate>2010-01-15</unadjustedDate>
                </adjustableDate>
              </expirationDate>
            </equityAmericanExercise>
            <settlementCurrency>USD</settlementCurrency>
            <settlementType>Election</settlementType>
          </equityExercise>
        </equityOption>
      </trade>
    </constituent>
  </position>
  <party id="party1">
    <partyId>ABCDUS33</partyId>
    <partyName>ABCD Securities Inc.</partyName>
  </party>
  <party id="hedge_global">
    <partyId>HEDG-GLOB</partyId>
    <partyName>HedgeCo Global Growth</partyName>
  </party>
</positionReport>

