<?xml version="1.0" encoding="utf-8"?>
<!--View is reporting-->
<!--Version is 5-3-->
<!--NS is http://www.fpml.org/FpML-5/reporting-->
<!--View is reporting-->
<!--Version is 5-0-->
<!--NS is http://www.fpml.org/FpML-5/master-->
<!--Omit some adjustments, details of procedures, and other information not required for a report-->
<positionReport xmlns="http://www.fpml.org/FpML-5/reporting" xmlns:xsi="http://www.w3.org/2001/XMLSchema-instance" fpmlVersion="5-3" xsi:schemaLocation="http://www.fpml.org/FpML-5/reporting ../fpml-main-5-3.xsd http://www.w3.org/2000/09/xmldsig# ../xmldsig-core-schema.xsd">
  <header>
    <messageId messageIdScheme="http://www.abc.com/mid">XXX00123</messageId>
    <sentBy>ABCDUS33</sentBy>
    <sendTo>HEDGUS33</sendTo>
    <creationTimestamp>2004-08-02T15:38:00Z</creationTimestamp>
  </header>
  <asOfDate>2004-06-02</asOfDate>
  <dataSetName>Copper</dataSetName>
  <position>
    <positionId positionIdScheme="http://www.abc.com/positionId">CDS-POS-01</positionId>
    <status>Existing</status>
    <creationDate>2002-12-02</creationDate>
    <originatingEvent>Trade</originatingEvent>
    <constituent>
      <trade>
        <tradeHeader>
          <tradeDate>2002-12-02</tradeDate>
        </tradeHeader>
        <nonSchemaProduct>
          <productType productTypeScheme="http://www.fpml.org/product-type-copper">StructuredTransaction</productType>
          <assetClass assetClassScheme="http://www.fpml.org/coding-scheme/asset-class-1-0">Credit</assetClass>
          <multiLeg>true</multiLeg>
          <buyerPartyReference href="party1" />
          <sellerPartyReference href="party2" />
          <terminationDate>
            <unadjustedDate>2007-12-05</unadjustedDate>
          </terminationDate>
          <notional>
            <currency>EUR</currency>
            <amount>10000</amount>
          </notional>
        </nonSchemaProduct>
      </trade>
    </constituent>
  </position>
  <party id="party1">
    <partyName>ABCD Securities Inc.</partyName>
  </party>
  <party id="party2">
    <partyId>HEGDUS33</partyId>
    <partyName>HedgeCo Capital L.L.C.</partyName>
  </party>
</positionReport>

