<?xml version="1.0" encoding="utf-8"?>
<!--View is reporting-->
<!--Version is 5-3-->
<!--NS is http://www.fpml.org/FpML-5/reporting-->
<!--View is reporting-->
<!--Version is 5-0-->
<!--NS is http://www.fpml.org/FpML-5/master-->
<!--Omit some adjustments, details of procedures, and other information not required for a report-->
<eventActivityReport xmlns="http://www.fpml.org/FpML-5/reporting" xmlns:xsi="http://www.w3.org/2001/XMLSchema-instance" fpmlVersion="5-3" xsi:schemaLocation="http://www.fpml.org/FpML-5/reporting ../fpml-main-5-3.xsd http://www.w3.org/2000/09/xmldsig# ../xmldsig-core-schema.xsd">
  <header>
    <messageId messageIdScheme="http://www.abc.com/mid">XXX00123</messageId>
    <sentBy>ABCDUS33</sentBy>
    <sendTo>HEDGUS33</sendTo>
    <creationTimestamp>2004-08-02T15:38:00Z</creationTimestamp>
  </header>
  <asOfDate>2004-06-02</asOfDate>
  <dataSetName>Copper</dataSetName>
  <fromDateTime>2004-06-01T21:23:00</fromDateTime>
  <toDateTime>2004-06-02T21:47:00</toDateTime>
  <trade>
    <tradeHeader>
      <partyTradeIdentifier>
        <tradeId tradeIdScheme="http://www.abc.com/positionId">CDS-POS-01</tradeId>
      </partyTradeIdentifier>
      <partyTradeInformation>
        <executionDateTime>2004-06-02T08:01:23</executionDateTime>
      </partyTradeInformation>
      <tradeDate>2004-06-02</tradeDate>
    </tradeHeader>
    <creditDefaultSwap>
      <productType productTypeScheme="http://www.fpml.org/product-type-copper">CreditDefaultSwapShort</productType>
      <assetClass assetClassScheme="http://www.fpml.org/coding-scheme/asset-class-1-0">Credit</assetClass>
      <generalTerms>
        <scheduledTerminationDate>
          <unadjustedDate>2007-12-05</unadjustedDate>
        </scheduledTerminationDate>
        <buyerPartyReference href="party1" />
        <sellerPartyReference href="party2" />
        <referenceInformation>
          <referenceEntity id="referenceEntity1">
            <entityName>ACOM CO., LTD.</entityName>
          </referenceEntity>
        </referenceInformation>
      </generalTerms>
      <feeLeg>
        <periodicPayment>
          <fixedAmountCalculation>
            <fixedRate>0.007</fixedRate>
          </fixedAmountCalculation>
        </periodicPayment>
      </feeLeg>
      <protectionTerms>
        <calculationAmount>
          <currency>EUR</currency>
          <amount>5000</amount>
        </calculationAmount>
      </protectionTerms>
    </creditDefaultSwap>
  </trade>
  <amendment>
    <trade>
      <tradeHeader>
        <partyTradeIdentifier>
          <tradeId tradeIdScheme="http://www.abc.com/positionId">CDS-POS-01</tradeId>
        </partyTradeIdentifier>
        <partyTradeInformation>
          <executionDateTime>2004-06-02T08:01:23</executionDateTime>
<!-- do we need an execution timestamp for the amendment? -->
        </partyTradeInformation>
        <tradeDate>2004-06-02</tradeDate>
      </tradeHeader>
      <creditDefaultSwap>
        <productType productTypeScheme="http://www.fpml.org/product-type-copper">CreditDefaultSwapShort</productType>
        <assetClass assetClassScheme="http://www.fpml.org/coding-scheme/asset-class-1-0">Credit</assetClass>
<!--
                                <multiLeg>true</multiLeg>
                        -->
        <generalTerms>
          <scheduledTerminationDate>
            <unadjustedDate>2007-12-05</unadjustedDate>
          </scheduledTerminationDate>
          <buyerPartyReference href="party1" />
          <sellerPartyReference href="party2" />
          <referenceInformation>
            <referenceEntity id="referenceEntity2">
              <entityName>ACOM CO., LTD.</entityName>
            </referenceEntity>
          </referenceInformation>
        </generalTerms>
        <feeLeg>
          <periodicPayment>
            <fixedAmountCalculation>
              <fixedRate>0.008</fixedRate>
            </fixedAmountCalculation>
          </periodicPayment>
        </feeLeg>
        <protectionTerms>
          <calculationAmount>
            <currency>EUR</currency>
            <amount>5000</amount>
          </calculationAmount>
        </protectionTerms>
      </creditDefaultSwap>
    </trade>
    <agreementDate>2004-06-02</agreementDate>
    <effectiveDate>2004-06-02</effectiveDate>
  </amendment>
  <party id="party1">
    <partyName>ABCD Securities Inc.</partyName>
  </party>
  <party id="party2">
    <partyId>HEGDUS33</partyId>
    <partyName>HedgeCo Capital L.L.C.</partyName>
  </party>
</eventActivityReport>

