<?xml version="1.0" encoding="utf-8"?>
<!--View is reporting-->
<!--Version is 5-10-->
<!--NS is http://www.fpml.org/FpML-5/reporting-->
<!--
        == Copyright (c) 2014-2018 All rights reserved.
        == Financial Products Markup Language is subject to the FpML public license.
        == A copy of this license is available at http://www.fpml.org/license/license.html
-->
<!--
        Interest Process: Send Interest Notification (IN1) including optional interest calculation details
-->
<requestInterest xmlns="http://www.fpml.org/FpML-5/reporting" xmlns:xsi="http://www.w3.org/2001/XMLSchema-instance" fpmlVersion="5-10" xsi:schemaLocation="http://www.fpml.org/FpML-5/reporting ../fpml-main-5-10.xsd http://www.w3.org/2000/09/xmldsig# ../xmldsig-core-schema.xsd">
  <header>
    <messageId messageIdScheme="http://www.xyzbank.com/message-Id">666777900</messageId>
    <sentBy>XYZBICXXX</sentBy>
    <sendTo>ABCBICXXX</sendTo>
    <creationTimestamp>2010-09-02T12:00:00Z</creationTimestamp>
  </header>
  <isCorrection>false</isCorrection>
  <correlationId correlationIdScheme="http://www.abcbank.com/correlation-id">789000</correlationId>
  <sequenceNumber>1</sequenceNumber>
  <issuerPartyReference href="party2" />
<!-- interest notification issuer -->
  <receiverPartyReference href="party1" />
<!-- interest notification receiver -->
  <creditSupportAgreement>
    <type creditSupportAgreementTypeScheme="http://www.fpml.org/coding-scheme/credit-support-agreement-type">ISDA1994CreditSupportAnnexNewYorkLaw</type>
    <date>2009-07-14</date>
    <identifier creditSupportAgreementIdScheme="http://www.abcbank.com/csa-Id">999ABC777</identifier>
  </creditSupportAgreement>
  <interestRequirement>
    <interestPeriod>
      <startDate>2010-08-01</startDate>
      <endDate>2010-08-31</endDate>
    </interestPeriod>
    <variationMargin>
      <singleDirection>
<!-- typical scenario: only one party will need to make an interest payment. other CHOICE is <bothDirections> (when cash is both held and posted) -->
        <singleTreatment>
          <paymentDetails>
            <payerPartyReference href="party1" />
            <receiverPartyReference href="party2" />
            <paymentDate>
              <adjustableDate>
                <unadjustedDate>2010-09-02</unadjustedDate>
                <dateAdjustments>
                  <businessDayConvention>NONE</businessDayConvention>
                </dateAdjustments>
                <adjustedDate>2010-09-02</adjustedDate>
              </adjustableDate>
            </paymentDate>
            <paymentAmount>
              <currency>USD</currency>
              <amount>1271.55</amount>
            </paymentAmount>
            <method>PhysicalSettlement</method>
          </paymentDetails>
        </singleTreatment>
        <interestAccrued>
          <deliveringPartyReference href="party1" />
          <receivingPartyReference href="party2" />
          <interest>
            <currency>USD</currency>
            <amount>1371.55</amount>
<!-- the cumulative interest amount  -->
          </interest>
          <withholdingTax>
<!-- optional tax withholding information -->
            <currency>USD</currency>
            <amount>100</amount>
          </withholdingTax>
          <withholdingTaxTerms>
            <jurisdiction>US</jurisdiction>
<!-- referencing country code scheme -->
            <rate>0.002</rate>
          </withholdingTaxTerms>
          <interestCalculationTerms>
            <calculationType>Compounding</calculationType>
            <index>EUR-EONIA-Swap-Index</index>
            <spread>-0.0030</spread>
<!-- 30 basis points -->
            <dayCountFraction>ACT/360</dayCountFraction>
          </interestCalculationTerms>
          <interestCalculationDetails>
<!-- optional interest calculations: -->
            <dailyInterestCalculation>
<!-- calculations for 1st day of period -->
              <calculationDate>2010-08-01</calculationDate>
              <openingPrincipalAmount>600000</openingPrincipalAmount>
              <principalMovement>
<!-- aggregated settled collateral movement for the calculation date (reusing FpML paymentDetails.model) -->
                <payerPartyReference href="party1" />
                <receiverPartyReference href="party2" />
                <paymentAmount>
                  <currency>USD</currency>
                  <amount>100000</amount>
                </paymentAmount>
              </principalMovement>
              <effectivePrincipalAmount>600000</effectivePrincipalAmount>
              <observedRate>0.043</observedRate>
              <spread>-0.0030</spread>
              <effectiveRate>0.040</effectiveRate>
<!-- = observed rate adjusted with spread -->
              <accruedInterestAmount>666.66</accruedInterestAmount>
<!-- (0.40 * 600,000) / 360  -->
              <cumulativeInterestAmount>666.66</cumulativeInterestAmount>
            </dailyInterestCalculation>
            <dailyInterestCalculation>
<!-- calculations for 2nd day of period -->
              <calculationDate>2010-08-02</calculationDate>
              <openingPrincipalAmount>650000</openingPrincipalAmount>
<!-- current day's principal amount = previous day's principal amount +/- movement amount for today -->
              <principalMovement>
<!-- aggregated settled collateral movement for the calculation date -->
                <payerPartyReference href="party1" />
                <receiverPartyReference href="party2" />
                <paymentAmount>
                  <currency>USD</currency>
                  <amount>50000</amount>
                </paymentAmount>
              </principalMovement>
              <effectivePrincipalAmount>650666.66</effectivePrincipalAmount>
<!-- end of day balance (principalAmount) + previous day's cumulativeInterestAmount = $650000 + $666.66 -->
              <observedRate>0.042</observedRate>
              <spread>-0.0030</spread>
<!-- 30 basis points -->
              <effectiveRate>0.039</effectiveRate>
<!-- = observed rate adjusted with spread -->
              <accruedInterestAmount>704.89</accruedInterestAmount>
<!-- (0.39 * 650,666.66) / 360  -->
              <cumulativeInterestAmount>1371.55</cumulativeInterestAmount>
<!-- = day1 accrued interest ($666.66) + day 2 accrued interest ($704.89) -->
            </dailyInterestCalculation>
<!-- calculations for subsequent days 3, 4, ..., n would go here (not shown) -->
          </interestCalculationDetails>
        </interestAccrued>
      </singleDirection>
    </variationMargin>
<!--<segregatedIndependentAmount> is not shown but follows the same content model as <variationMargin> -->
  </interestRequirement>
  <comment>Free form comment</comment>
  <party id="party1">
    <partyId partyIdScheme="http://www.fpml.org/coding-scheme/external/iso17442">549300VBWWV6BYQOWM67</partyId>
    <partyName>ABC Bank</partyName>
  </party>
  <party id="party2">
    <partyId partyIdScheme="http://www.fpml.org/coding-scheme/external/iso17442">254900BIAQJIUV6DLE92</partyId>
    <partyName>XYZ Bank</partyName>
  </party>
</requestInterest>

