<?xml version="1.0" encoding="utf-8"?>
<!--View is reporting-->
<!--Version is 5-10-->
<!--NS is http://www.fpml.org/FpML-5/reporting-->
<!--
        == Copyright (c) 2014-2018 All rights reserved.
        == Financial Products Markup Language is subject to the FpML public license.
        == A copy of this license is available at http://www.fpml.org/license/license.html
-->
<!--
        Interest Process: Matched Acceptance (IN2) / Reject Value Date (IN3) / Dispute Interest (IN5)
-->
<interestStatus xmlns="http://www.fpml.org/FpML-5/reporting" xmlns:xsi="http://www.w3.org/2001/XMLSchema-instance" fpmlVersion="5-10" xsi:schemaLocation="http://www.fpml.org/FpML-5/reporting ../fpml-main-5-10.xsd http://www.w3.org/2000/09/xmldsig# ../xmldsig-core-schema.xsd">
  <header>
    <messageId messageIdScheme="http://www.xyzbank.com/message-Id">666777900</messageId>
    <inReplyTo messageIdScheme="http://www.abcbank.com/message-Id">111222333444</inReplyTo>
    <sentBy>XYZBICXXX</sentBy>
    <sendTo>ABCBICXXX</sendTo>
    <creationTimestamp>2010-09-25T15:00:00Z</creationTimestamp>
  </header>
  <correlationId correlationIdScheme="http://www.abcbank.com/correlation-id">789000</correlationId>
  <sequenceNumber>2</sequenceNumber>
  <issuerPartyReference href="party1" />
<!-- interest notification issuer -->
  <receiverPartyReference href="party2" />
<!-- interest notification receiver -->
  <creditSupportAgreement>
    <type creditSupportAgreementTypeScheme="http://www.fpml.org/coding-scheme/credit-support-agreement-type">ISDA1994CreditSupportAnnexNewYorkLaw</type>
    <date>2009-07-14</date>
    <identifier creditSupportAgreementIdScheme="http://www.abcbank.com/csa-Id">999ABC777</identifier>
  </creditSupportAgreement>
  <variationMargin>
    <interestApproved>true</interestApproved>
<!-- IN2: Accept Interest Notification -->
    <interestResponseReason>
<!-- Optional -->
      <reasonCode>InterestNotificationAccepted</reasonCode>
    </interestResponseReason>
  </variationMargin>
  <segregatedIndependentAmount>
    <interestApproved>false</interestApproved>
<!-- IN5: Dispute Interest -->
    <interestResponseReason>
      <reasonCode>DisputedInterest</reasonCode>
<!-- coding schemes defined in collateral-interest-response-reason-code.xml -->
      <description>The interest amount is about half that expected</description>
    </interestResponseReason>
  </segregatedIndependentAmount>
  <party id="party1">
    <partyId partyIdScheme="http://www.fpml.org/coding-scheme/external/iso17442">549300VBWWV6BYQOWM67</partyId>
    <partyName>ABC Bank</partyName>
  </party>
  <party id="party2">
    <partyId partyIdScheme="http://www.fpml.org/coding-scheme/external/iso17442">254900BIAQJIUV6DLE92</partyId>
    <partyName>XYZ Bank</partyName>
  </party>
</interestStatus>

