<?xml version="1.0" encoding="UTF-8"?>
<!--View is confirmation--><!--Version is 5-11--><!--NS is http://www.fpml.org/FpML-5/confirmation--><!--
  == Copyright (c) 2014- All rights reserved.
  == Financial Products Markup Language is subject to the FpML public license.
  == A copy of this license is available at http://www.fpml.org/license/license.html
  --><!-- Pivot Tarf example.docx --><executionNotification xmlns="http://www.fpml.org/FpML-5/confirmation"
                       xmlns:xsi="http://www.w3.org/2001/XMLSchema-instance"
                       fpmlVersion="5-11"
                       xsi:schemaLocation="http://www.fpml.org/FpML-5/confirmation ../../fpml-main-5-11.xsd http://www.w3.org/2000/09/xmldsig# ../../xmldsig-core-schema.xsd">
    <header>
        <messageId messageIdScheme="http://www.executionnotificationservice.com/coding-scheme/messageId">FX456a789b</messageId>
        <sentBy messageAddressScheme="http://www.executionnotificationservice.com/partyId">EXECSRV</sentBy>
        <sendTo messageAddressScheme="http://www.executionnotificationservice.com/partyId">PARTYA</sendTo>
        <creationTimestamp>2011-03-01T08:57:00Z</creationTimestamp>
    </header>
    <isCorrection>false</isCorrection>
    <trade>
        <tradeHeader>
            <partyTradeIdentifier>
                <partyReference href="ptyA"/>
                <tradeId tradeIdScheme="http://www.partyA.com/fx/trade-id">12345</tradeId>
            </partyTradeIdentifier>
            <tradeDate>2014-07-25</tradeDate>
        </tradeHeader>
        <fxTargetKnockoutForward>
            <quotedCurrencyPair>
                <currency1>EUR</currency1>
                <currency2>PLN</currency2>
                <quoteBasis>Currency2PerCurrency1</quoteBasis>
            </quotedCurrencyPair>
            <notionalAmount>
                <initialValue>2000000</initialValue>
                <currency>PLN</currency>
            </notionalAmount>
            <target>
                <accumulationRegion>
                    <upperBound>
                        <condition>AtOrBelow</condition>
                        <strikeReference href="s1"/>
                    </upperBound>
                </accumulationRegion>
                <knockoutLevel>
                    <intrinsicValue>0.3</intrinsicValue>
                    <targetStyle>Exact</targetStyle>
                    <settlementAdjustmentStyle>VariedNotional</settlementAdjustmentStyle>
                </knockoutLevel>
            </target>
            <expirySchedule>
                <dateAdjustments>
                    <businessDayConvention>FOLLOWING</businessDayConvention>
                    <businessCenters>
                        <businessCenter>EUTA</businessCenter>
                    </businessCenters>
                </dateAdjustments>
                <adjustedDate>2014-10-16</adjustedDate>
                <adjustedDate>2014-11-18</adjustedDate>
                <adjustedDate>2014-12-18</adjustedDate>
                <adjustedDate>2015-01-16</adjustedDate>
                <adjustedDate>2015-02-18</adjustedDate>
                <adjustedDate>2015-03-18</adjustedDate>
                <adjustedDate>2015-04-16</adjustedDate>
                <adjustedDate>2015-05-18</adjustedDate>
                <adjustedDate>2015-06-18</adjustedDate>
                <adjustedDate>2015-07-16</adjustedDate>
                <adjustedDate>2015-08-18</adjustedDate>
                <adjustedDate>2015-09-17</adjustedDate>
                <finalExpiryDate>2015-09-17</finalExpiryDate>
            </expirySchedule>
            <settlementSchedule>
                <dateAdjustments>
                    <businessDayConvention>FOLLOWING</businessDayConvention>
                    <businessCenters>
                        <businessCenter>EUTA</businessCenter>
                        <businessCenter>USNY</businessCenter>
                    </businessCenters>
                </dateAdjustments>
                <adjustedDate>2014-10-20</adjustedDate>
                <adjustedDate>2014-11-20</adjustedDate>
                <adjustedDate>2014-12-22</adjustedDate>
                <adjustedDate>2015-01-20</adjustedDate>
                <adjustedDate>2015-02-20</adjustedDate>
                <adjustedDate>2015-03-20</adjustedDate>
                <adjustedDate>2015-04-20</adjustedDate>
                <adjustedDate>2015-05-20</adjustedDate>
                <adjustedDate>2015-06-22</adjustedDate>
                <adjustedDate>2015-07-20</adjustedDate>
                <adjustedDate>2015-08-20</adjustedDate>
                <adjustedDate>2015-09-21</adjustedDate>
                <finalSettlementDate>2015-09-21</finalSettlementDate>
            </settlementSchedule>
            <fixingInformationSource>
                <rateSource>Reuters</rateSource>
                <rateSourcePage>ECB37</rateSourcePage>
                <fixingTime>
                    <hourMinuteTime>14:15:00</hourMinuteTime>
                    <businessCenter>DEFR</businessCenter>
                </fixingTime>
            </fixingInformationSource>
            <linearPayoffRegion id="region">
                <exchangedCurrency1>
                    <payerPartyReference href="ptyB"/>
                    <receiverPartyReference href="ptyA"/>
                    <currency>EUR</currency>
                </exchangedCurrency1>
                <exchangedCurrency2>
                    <payerPartyReference href="ptyA"/>
                    <receiverPartyReference href="ptyB"/>
                    <currency>PLN</currency>
                </exchangedCurrency2>
                <strike id="s1">
                    <initialValue>4.24</initialValue>
                </strike>
                <leverage>
                    <condition>AtOrAbove</condition>
                    <barrierReference href="barrier"/>
                    <ratio>
                        <initialValue>1.5</initialValue>
                    </ratio>
                </leverage>
            </linearPayoffRegion>
            <constantPayoffRegion>
                <lowerBound>
                    <condition>Above</condition>
                    <strikeReference href="s1"/>
                </lowerBound>
                <upperBound>
                    <condition>Below</condition>
                    <barrierReference href="barrier"/>
                </upperBound>
            </constantPayoffRegion>
            <barrier id="barrier">
                <barrierType>Knockin</barrierType>
                <style>European</style>
                <scope>PerExpiry</scope>
                <condition>AtOrAbove</condition>
                <triggerRate>
                    <initialValue>4.28</initialValue>
                </triggerRate>
            </barrier>
            <settlementPeriodSchedule>
                <settlementPeriod>
                    <expiryDate>2014-10-16</expiryDate>
                    <settlementDate>2014-10-20</settlementDate>
                    <notionalAmount>2000000</notionalAmount>
                    <payoff>
                        <!-- References to the payoff region and barriers can be added within the settlementPeriodSchedule to further describe the behavior of the components. -->
                        <payoffRegionReference href="region"/>
                        <strike>4.24</strike>
                        <leverage>
                            <notionalAmount>3000000</notionalAmount>
                        </leverage>
                    </payoff>
                    <barrier>
                        <!-- References to the payoff region and barriers can be added within the settlementPeriodSchedule to further describe the behavior of the components. -->
                        <barrierReference href="barrier"/>
                        <triggerRate>4.28</triggerRate>
                    </barrier>
                </settlementPeriod>
                <settlementPeriod>
                    <expiryDate>2014-11-18</expiryDate>
                    <settlementDate>2014-11-20</settlementDate>
                    <notionalAmount>2000000</notionalAmount>
                    <payoff>
                        <strike>4.24</strike>
                        <leverage>
                            <notionalAmount>3000000</notionalAmount>
                        </leverage>
                    </payoff>
                    <barrier>
                        <triggerRate>4.28</triggerRate>
                    </barrier>
                </settlementPeriod>
                <settlementPeriod>
                    <expiryDate>2014-12-18</expiryDate>
                    <settlementDate>2014-12-22</settlementDate>
                    <notionalAmount>2000000</notionalAmount>
                    <payoff>
                        <strike>4.24</strike>
                        <leverage>
                            <notionalAmount>3000000</notionalAmount>
                        </leverage>
                    </payoff>
                    <barrier>
                        <triggerRate>4.28</triggerRate>
                    </barrier>
                </settlementPeriod>
                <settlementPeriod>
                    <expiryDate>2015-01-16</expiryDate>
                    <settlementDate>2015-01-20</settlementDate>
                    <notionalAmount>2000000</notionalAmount>
                    <payoff>
                        <strike>4.24</strike>
                        <leverage>
                            <notionalAmount>3000000</notionalAmount>
                        </leverage>
                    </payoff>
                    <barrier>
                        <triggerRate>4.28</triggerRate>
                    </barrier>
                </settlementPeriod>
                <settlementPeriod>
                    <expiryDate>2015-02-18</expiryDate>
                    <settlementDate>2015-02-20</settlementDate>
                    <notionalAmount>2000000</notionalAmount>
                    <payoff>
                        <strike>4.24</strike>
                        <leverage>
                            <notionalAmount>3000000</notionalAmount>
                        </leverage>
                    </payoff>
                    <barrier>
                        <triggerRate>4.28</triggerRate>
                    </barrier>
                </settlementPeriod>
                <settlementPeriod>
                    <expiryDate>2015-03-18</expiryDate>
                    <settlementDate>2015-03-20</settlementDate>
                    <notionalAmount>2000000</notionalAmount>
                    <payoff>
                        <strike>4.24</strike>
                        <leverage>
                            <notionalAmount>3000000</notionalAmount>
                        </leverage>
                    </payoff>
                    <barrier>
                        <triggerRate>4.28</triggerRate>
                    </barrier>
                </settlementPeriod>
                <settlementPeriod>
                    <expiryDate>2015-04-16</expiryDate>
                    <settlementDate>2015-04-20</settlementDate>
                    <notionalAmount>2000000</notionalAmount>
                    <payoff>
                        <strike>4.24</strike>
                        <leverage>
                            <notionalAmount>3000000</notionalAmount>
                        </leverage>
                    </payoff>
                    <barrier>
                        <triggerRate>4.28</triggerRate>
                    </barrier>
                </settlementPeriod>
                <settlementPeriod>
                    <expiryDate>2015-05-18</expiryDate>
                    <settlementDate>2015-05-20</settlementDate>
                    <notionalAmount>2000000</notionalAmount>
                    <payoff>
                        <strike>4.24</strike>
                        <leverage>
                            <notionalAmount>3000000</notionalAmount>
                        </leverage>
                    </payoff>
                    <barrier>
                        <triggerRate>4.28</triggerRate>
                    </barrier>
                </settlementPeriod>
                <settlementPeriod>
                    <expiryDate>2015-06-18</expiryDate>
                    <settlementDate>2015-06-22</settlementDate>
                    <notionalAmount>2000000</notionalAmount>
                    <payoff>
                        <strike>4.24</strike>
                        <leverage>
                            <notionalAmount>3000000</notionalAmount>
                        </leverage>
                    </payoff>
                    <barrier>
                        <triggerRate>4.28</triggerRate>
                    </barrier>
                </settlementPeriod>
                <settlementPeriod>
                    <expiryDate>2015-07-16</expiryDate>
                    <settlementDate>2015-07-20</settlementDate>
                    <notionalAmount>2000000</notionalAmount>
                    <payoff>
                        <strike>4.24</strike>
                        <leverage>
                            <notionalAmount>3000000</notionalAmount>
                        </leverage>
                    </payoff>
                    <barrier>
                        <triggerRate>4.28</triggerRate>
                    </barrier>
                </settlementPeriod>
                <settlementPeriod>
                    <expiryDate>2015-08-18</expiryDate>
                    <settlementDate>2015-08-20</settlementDate>
                    <notionalAmount>2000000</notionalAmount>
                    <payoff>
                        <strike>4.24</strike>
                        <leverage>
                            <notionalAmount>3000000</notionalAmount>
                        </leverage>
                    </payoff>
                    <barrier>
                        <triggerRate>4.28</triggerRate>
                    </barrier>
                </settlementPeriod>
                <settlementPeriod>
                    <expiryDate>2015-09-17</expiryDate>
                    <settlementDate>2015-09-21</settlementDate>
                    <notionalAmount>2000000</notionalAmount>
                    <payoff>
                        <strike>4.24</strike>
                        <leverage>
                            <notionalAmount>3000000</notionalAmount>
                        </leverage>
                    </payoff>
                    <barrier>
                        <triggerRate>4.28</triggerRate>
                    </barrier>
                </settlementPeriod>
            </settlementPeriodSchedule>
        </fxTargetKnockoutForward>
        <calculationAgent>
            <calculationAgentPartyReference href="ptyA"/>
        </calculationAgent>
    </trade>
    <party id="ptyA">
        <partyId partyIdScheme="http://www.fpml.org/coding-scheme/dummy-party-id">Party A</partyId>
    </party>
    <party id="ptyB">
        <partyId partyIdScheme="http://www.fpml.org/coding-scheme/dummy-party-id">Party B</partyId>
    </party>
</executionNotification>