<?xml version="1.0" encoding="utf-8"?>
<!--View is confirmation-->
<!--Version is 5-10-->
<!--NS is http://www.fpml.org/FpML-5/confirmation-->
<!--
  == Copyright (c) 2014-2018 All rights reserved.
  == Financial Products Markup Language is subject to the FpML public license.
  == A copy of this license is available at http://www.fpml.org/license/license.html
-->
<consentGranted xmlns="http://www.fpml.org/FpML-5/confirmation" xmlns:xsi="http://www.w3.org/2001/XMLSchema-instance" fpmlVersion="5-10" xsi:schemaLocation="http://www.fpml.org/FpML-5/confirmation ../../fpml-main-5-10.xsd http://www.w3.org/2000/09/xmldsig# ../../xmldsig-core-schema.xsd">
  <header>
    <messageId messageIdScheme="http://www.abc.com/messageId">111</messageId>
    <inReplyTo messageIdScheme="http://www.clearingsvc.com/messageId/OTC">124</inReplyTo>
    <sentBy messageAddressScheme="http://www.clearingsvc.com/partyId">CLEARCO</sentBy>
    <sendTo messageAddressScheme="http://www.clearingsvc.com/partyId">ABC</sendTo>
    <creationTimestamp>2006-01-01T09:07:00+05:00</creationTimestamp>
  </header>
  <correlationId correlationIdScheme="http://www.clearingsvc.com/portfolioId">457</correlationId>
  <sequenceNumber>2</sequenceNumber>
  <party id="clearing-svc">
    <partyId partyIdScheme="http://www.fpml.org/coding-scheme/dummy-party-id">CLEARCO</partyId>
  </party>
  <party id="member-firm">
    <partyId partyIdScheme="http://www.fpml.org/coding-scheme/external/iso17442">54930091VMX9E6ST6216</partyId>
  </party>
</consentGranted>

