<?xml version="1.0" encoding="UTF-8" standalone="yes"?>
<publicExecutionReport xmlns:saxon="http://saxon.sf.net/" xmlns:xsi="http://www.w3.org/2001/XMLSchema-instance" xmlns="http://www.fpml.org/FpML-5/transparency" fpmlVersion="5-3" xsi:schemaLocation="http://www.fpml.org/FpML-5/transparency ../../fpml-main-5-3.xsd">
   <isCorrection>false</isCorrection>
   <correlationId correlationIdScheme="http://abc.com/correlation-id">456</correlationId>
   <sequenceNumber>1</sequenceNumber>
   <originatingEvent>Trade</originatingEvent>
   <trade>
      <tradeHeader>
         <partyTradeIdentifier>
            <issuer issuerIdScheme="http://www.fpml.org/coding-scheme/external/iso17442">VTOUP9FCHUXIINML4787</issuer>
            <tradeId tradeIdScheme="http://www.fpml.org/coding-scheme/external/unique-transaction-identifier">12345678901234567890123456789012</tradeId>
         </partyTradeIdentifier>
         <tradeInformation>
            <executionDateTime>2011-01-01T09:12:34</executionDateTime>
            <intentToClear>false</intentToClear>
            <nonStandardTerms>true</nonStandardTerms>
            <offMarketPrice>true</offMarketPrice>
            <largeSizeTrade>false</largeSizeTrade>
            <executionType>Electronic</executionType>
            <executionVenueType>SEF</executionVenueType>
         </tradeInformation>
         <tradeDate id="TRADEDATE">2006-05-10</tradeDate>
      </tradeHeader>
      <bondOption>
         <primaryAssetClass>InterestRate</primaryAssetClass>
         <productType>InterestRate:Options:Debtoptions</productType>
         <optionType>Call</optionType>
         <premium>
            <paymentAmount>
               <currency>JPY</currency>
               <amount>25000000</amount>
            </paymentAmount>
         </premium>
         <europeanExercise>
            <expirationDate>
               <adjustableDate>
                  <unadjustedDate>2006-06-19</unadjustedDate>
               </adjustableDate>
            </expirationDate>
         </europeanExercise>
         <notionalAmount>
            <currency>JPY</currency>
            <amount>10000000000</amount>
         </notionalAmount>
         <entitlementCurrency>JPY</entitlementCurrency>
         <numberOfOptions>1</numberOfOptions>
         <strike>
            <price>
               <strikePrice>99.7</strikePrice>
            </price>
         </strike>
         <bond>
            <instrumentId instrumentIdScheme="CUSIP">ExampleCUSIP1</instrumentId>
            <currency>JPY</currency>
            <clearanceSystem>Clearstream</clearanceSystem>
            <couponRate>0.014</couponRate>
            <maturity>2011-03-20</maturity>
            <parValue>10000000000</parValue>
            <faceAmount>10000000000</faceAmount>
         </bond>
      </bondOption>
   </trade>
</publicExecutionReport>