<?xml version="1.0" encoding="UTF-8"?>
<gcl:CodeList xmlns:gcl="http://xml.genericode.org/2004/ns/CodeList/0.2/" xmlns:doc="http://www.fpml.org/coding-scheme/documentation" xmlns:xsi="http://www.w3.org/2001/XMLSchema-instance" xsi:schemaLocation="http://xml.genericode.org/2004/ns/CodeList/0.2/ CodeList.xsd">
   <Annotation>
      <Description>
         <doc:definition>A business day calendar location</doc:definition>
         <doc:description>
            <doc:paragraph>The codes are based on the business calendar location some of which based on the ISO country code or exchange code, or some other codes.</doc:paragraph>
            <doc:paragraph>Additional business day calendar location codes could be built according to the following rules. The first two characters represent the ISO country code, the next two characters represent a) if the location name is one word, the first two letters of the location b) if the location name consists of at least two words, the first letter of the first word followed by the first letter of the second word.</doc:paragraph>
         </doc:description>
         <doc:publicationDate>2012-03-07</doc:publicationDate>
      </Description>
   </Annotation>
   <Identification>
      <ShortName>businessCenterScheme</ShortName>
      <Version>6-15</Version>
      <CanonicalUri>http://www.fpml.org/coding-scheme/business-center</CanonicalUri>
      <CanonicalVersionUri>http://www.fpml.org/coding-scheme/business-center-6-15</CanonicalVersionUri>
      <LocationUri>http://www.fpml.org/coding-scheme/business-center-6-15.xml</LocationUri>
   </Identification>
   <ColumnSet>
      <Column Id="Code" Use="required">
         <ShortName>Code</ShortName>
         <Data Type="token">
            <Parameter ShortName="maxLength">63</Parameter>
         </Data>
      </Column>
      <Column Id="Source" Use="optional">
         <ShortName>Source</ShortName>
         <Data Type="string"/>
      </Column>
      <Column Id="Description" Use="optional">
         <ShortName>Description</ShortName>
         <Data Type="string"/>
      </Column>
      <Key Id="PrimaryKey">
         <ShortName>key</ShortName>
         <ColumnRef Ref="Code"/>
      </Key>
   </ColumnSet>
   <SimpleCodeList>
      <Row>
         <Value>
            <SimpleValue>AEAD</SimpleValue>
         </Value>
         <Value>
            <SimpleValue>FpML</SimpleValue>
         </Value>
         <Value>
            <SimpleValue>Abu Dhabi</SimpleValue>
         </Value>
      </Row>
      <Row>
         <Value>
            <SimpleValue>AEDU</SimpleValue>
         </Value>
         <Value>
            <SimpleValue>FpML</SimpleValue>
         </Value>
         <Value>
            <SimpleValue>Dubai</SimpleValue>
         </Value>
      </Row>
      <Row>
         <Value>
            <SimpleValue>AOLU</SimpleValue>
         </Value>
         <Value>
            <SimpleValue>FpML</SimpleValue>
         </Value>
         <Value>
            <SimpleValue>Luanda</SimpleValue>
         </Value>
      </Row>
      <Row>
         <Value>
            <SimpleValue>ARBA</SimpleValue>
         </Value>
         <Value>
            <SimpleValue>FpML</SimpleValue>
         </Value>
         <Value>
            <SimpleValue>Buenos Aires</SimpleValue>
         </Value>
      </Row>
      <Row>
         <Value>
            <SimpleValue>ATVI</SimpleValue>
         </Value>
         <Value>
            <SimpleValue>FpML</SimpleValue>
         </Value>
         <Value>
            <SimpleValue>Vienna</SimpleValue>
         </Value>
      </Row>
      <Row>
         <Value>
            <SimpleValue>AUBR</SimpleValue>
         </Value>
         <Value>
            <SimpleValue>FpML</SimpleValue>
         </Value>
         <Value>
            <SimpleValue>Brisbane</SimpleValue>
         </Value>
      </Row>
      <Row>
         <Value>
            <SimpleValue>AUME</SimpleValue>
         </Value>
         <Value>
            <SimpleValue>FpML</SimpleValue>
         </Value>
         <Value>
            <SimpleValue>Melbourne</SimpleValue>
         </Value>
      </Row>
      <Row>
         <Value>
            <SimpleValue>AUPE</SimpleValue>
         </Value>
         <Value>
            <SimpleValue>FpML</SimpleValue>
         </Value>
         <Value>
            <SimpleValue>Perth</SimpleValue>
         </Value>
      </Row>
      <Row>
         <Value>
            <SimpleValue>AUSY</SimpleValue>
         </Value>
         <Value>
            <SimpleValue>FpML</SimpleValue>
         </Value>
         <Value>
            <SimpleValue>Sydney</SimpleValue>
         </Value>
      </Row>
      <Row>
         <Value>
            <SimpleValue>BEBR</SimpleValue>
         </Value>
         <Value>
            <SimpleValue>FpML</SimpleValue>
         </Value>
         <Value>
            <SimpleValue>Brussels</SimpleValue>
         </Value>
      </Row>
      <Row>
         <Value>
            <SimpleValue>BHMA</SimpleValue>
         </Value>
         <Value>
            <SimpleValue>FpML</SimpleValue>
         </Value>
         <Value>
            <SimpleValue>Manama</SimpleValue>
         </Value>
      </Row>
      <Row>
         <Value>
            <SimpleValue>BMHA</SimpleValue>
         </Value>
         <Value>
            <SimpleValue>FpML</SimpleValue>
         </Value>
         <Value>
            <SimpleValue>Hamilton, Bermuda</SimpleValue>
         </Value>
      </Row>
      <Row>
         <Value>
            <SimpleValue>BRBD</SimpleValue>
         </Value>
         <Value>
            <SimpleValue>FpML</SimpleValue>
         </Value>
         <Value>
            <SimpleValue>Brazil Business Day. This means a business day in any of Sao Paulo, Rio de Janeiro or Brasilia not otherwise declared as a financial market holiday by the Bolsa de Mercadorias &amp; Futuros (BM&amp;F)</SimpleValue>
         </Value>
      </Row>
      <Row>
         <Value>
            <SimpleValue>BRBR</SimpleValue>
         </Value>
         <Value>
            <SimpleValue>FpML</SimpleValue>
         </Value>
         <Value>
            <SimpleValue>Brasilia</SimpleValue>
         </Value>
      </Row>
      <Row>
         <Value>
            <SimpleValue>BRRJ</SimpleValue>
         </Value>
         <Value>
            <SimpleValue>FpML</SimpleValue>
         </Value>
         <Value>
            <SimpleValue>Rio de Janeiro</SimpleValue>
         </Value>
      </Row>
      <Row>
         <Value>
            <SimpleValue>BRSP</SimpleValue>
         </Value>
         <Value>
            <SimpleValue>FpML</SimpleValue>
         </Value>
         <Value>
            <SimpleValue>Sao Paulo</SimpleValue>
         </Value>
      </Row>
      <Row>
         <Value>
            <SimpleValue>BWGA</SimpleValue>
         </Value>
         <Value>
            <SimpleValue>FpML</SimpleValue>
         </Value>
         <Value>
            <SimpleValue>Gaborone</SimpleValue>
         </Value>
      </Row>
      <Row>
         <Value>
            <SimpleValue>CACL</SimpleValue>
         </Value>
         <Value>
            <SimpleValue>FpML</SimpleValue>
         </Value>
         <Value>
            <SimpleValue>Calgary</SimpleValue>
         </Value>
      </Row>
      <Row>
         <Value>
            <SimpleValue>CAMO</SimpleValue>
         </Value>
         <Value>
            <SimpleValue>FpML</SimpleValue>
         </Value>
         <Value>
            <SimpleValue>Montreal</SimpleValue>
         </Value>
      </Row>
      <Row>
         <Value>
            <SimpleValue>CAOT</SimpleValue>
         </Value>
         <Value>
            <SimpleValue>FpML</SimpleValue>
         </Value>
         <Value>
            <SimpleValue>Ottawa</SimpleValue>
         </Value>
      </Row>
      <Row>
         <Value>
            <SimpleValue>CATO</SimpleValue>
         </Value>
         <Value>
            <SimpleValue>FpML</SimpleValue>
         </Value>
         <Value>
            <SimpleValue>Toronto</SimpleValue>
         </Value>
      </Row>
      <Row>
         <Value>
            <SimpleValue>CAWI</SimpleValue>
         </Value>
         <Value>
            <SimpleValue>FpML</SimpleValue>
         </Value>
         <Value>
            <SimpleValue>Winnipeg</SimpleValue>
         </Value>
      </Row>
      <Row>
         <Value>
            <SimpleValue>CHGE</SimpleValue>
         </Value>
         <Value>
            <SimpleValue>FpML</SimpleValue>
         </Value>
         <Value>
            <SimpleValue>Geneva</SimpleValue>
         </Value>
      </Row>
      <Row>
         <Value>
            <SimpleValue>CHZU</SimpleValue>
         </Value>
         <Value>
            <SimpleValue>FpML</SimpleValue>
         </Value>
         <Value>
            <SimpleValue>Zurich</SimpleValue>
         </Value>
      </Row>
      <Row>
         <Value>
            <SimpleValue>CLSA</SimpleValue>
         </Value>
         <Value>
            <SimpleValue>FpML</SimpleValue>
         </Value>
         <Value>
            <SimpleValue>Santiago</SimpleValue>
         </Value>
      </Row>
      <Row>
         <Value>
            <SimpleValue>CNBE</SimpleValue>
         </Value>
         <Value>
            <SimpleValue>FpML</SimpleValue>
         </Value>
         <Value>
            <SimpleValue>Beijing</SimpleValue>
         </Value>
      </Row>
      <Row>
         <Value>
            <SimpleValue>CNSH</SimpleValue>
         </Value>
         <Value>
            <SimpleValue>FpML</SimpleValue>
         </Value>
         <Value>
            <SimpleValue>Shanghai</SimpleValue>
         </Value>
      </Row>
      <Row>
         <Value>
            <SimpleValue>COBO</SimpleValue>
         </Value>
         <Value>
            <SimpleValue>FpML</SimpleValue>
         </Value>
         <Value>
            <SimpleValue>Bogota</SimpleValue>
         </Value>
      </Row>
      <Row>
         <Value>
            <SimpleValue>CZPR</SimpleValue>
         </Value>
         <Value>
            <SimpleValue>FpML</SimpleValue>
         </Value>
         <Value>
            <SimpleValue>Prague</SimpleValue>
         </Value>
      </Row>
      <Row>
         <Value>
            <SimpleValue>DEDU</SimpleValue>
         </Value>
         <Value>
            <SimpleValue>FpML</SimpleValue>
         </Value>
         <Value>
            <SimpleValue>Dusseldorf</SimpleValue>
         </Value>
      </Row>
      <Row>
         <Value>
            <SimpleValue>DEFR</SimpleValue>
         </Value>
         <Value>
            <SimpleValue>FpML</SimpleValue>
         </Value>
         <Value>
            <SimpleValue>Frankfurt</SimpleValue>
         </Value>
      </Row>
      <Row>
         <Value>
            <SimpleValue>DELE</SimpleValue>
         </Value>
         <Value>
            <SimpleValue>FpML</SimpleValue>
         </Value>
         <Value>
            <SimpleValue>Leipzig</SimpleValue>
         </Value>
      </Row>
      <Row>
         <Value>
            <SimpleValue>DEST</SimpleValue>
         </Value>
         <Value>
            <SimpleValue>FpML</SimpleValue>
         </Value>
         <Value>
            <SimpleValue>Stuttgart</SimpleValue>
         </Value>
      </Row>
      <Row>
         <Value>
            <SimpleValue>DKCO</SimpleValue>
         </Value>
         <Value>
            <SimpleValue>FpML</SimpleValue>
         </Value>
         <Value>
            <SimpleValue>Copenhagen</SimpleValue>
         </Value>
      </Row>
      <Row>
         <Value>
            <SimpleValue>EETA</SimpleValue>
         </Value>
         <Value>
            <SimpleValue>FpML</SimpleValue>
         </Value>
         <Value>
            <SimpleValue>Tallinn</SimpleValue>
         </Value>
      </Row>
      <Row>
         <Value>
            <SimpleValue>EGCA</SimpleValue>
         </Value>
         <Value>
            <SimpleValue>FpML</SimpleValue>
         </Value>
         <Value>
            <SimpleValue>Cairo</SimpleValue>
         </Value>
      </Row>
      <Row>
         <Value>
            <SimpleValue>ESAS</SimpleValue>
         </Value>
         <Value>
            <SimpleValue>FpML</SimpleValue>
         </Value>
         <Value>
            <SimpleValue>ESAS Settlement Day (as defined in 2006 ISDA Definitions Section 7.1 and Supplement Number 15 to the 2000 ISDA Definitions)</SimpleValue>
         </Value>
      </Row>
      <Row>
         <Value>
            <SimpleValue>ESBA</SimpleValue>
         </Value>
         <Value>
            <SimpleValue>FpML</SimpleValue>
         </Value>
         <Value>
            <SimpleValue>Barcelona</SimpleValue>
         </Value>
      </Row>
      <Row>
         <Value>
            <SimpleValue>ESMA</SimpleValue>
         </Value>
         <Value>
            <SimpleValue>FpML</SimpleValue>
         </Value>
         <Value>
            <SimpleValue>Madrid</SimpleValue>
         </Value>
      </Row>
      <Row>
         <Value>
            <SimpleValue>EUTA</SimpleValue>
         </Value>
         <Value>
            <SimpleValue>FpML</SimpleValue>
         </Value>
         <Value>
            <SimpleValue>TARGET (euro 'Business Center')</SimpleValue>
         </Value>
      </Row>
      <Row>
         <Value>
            <SimpleValue>FIHE</SimpleValue>
         </Value>
         <Value>
            <SimpleValue>FpML</SimpleValue>
         </Value>
         <Value>
            <SimpleValue>Helsinki</SimpleValue>
         </Value>
      </Row>
      <Row>
         <Value>
            <SimpleValue>FRPA</SimpleValue>
         </Value>
         <Value>
            <SimpleValue>FpML</SimpleValue>
         </Value>
         <Value>
            <SimpleValue>Paris</SimpleValue>
         </Value>
      </Row>
      <Row>
         <Value>
            <SimpleValue>GBLO</SimpleValue>
         </Value>
         <Value>
            <SimpleValue>FpML</SimpleValue>
         </Value>
         <Value>
            <SimpleValue>London</SimpleValue>
         </Value>
      </Row>
      <Row>
         <Value>
            <SimpleValue>GRAT</SimpleValue>
         </Value>
         <Value>
            <SimpleValue>FpML</SimpleValue>
         </Value>
         <Value>
            <SimpleValue>Athens</SimpleValue>
         </Value>
      </Row>
      <Row>
         <Value>
            <SimpleValue>HKHK</SimpleValue>
         </Value>
         <Value>
            <SimpleValue>FpML</SimpleValue>
         </Value>
         <Value>
            <SimpleValue>Hong Kong</SimpleValue>
         </Value>
      </Row>
      <Row>
         <Value>
            <SimpleValue>HUBU</SimpleValue>
         </Value>
         <Value>
            <SimpleValue>FpML</SimpleValue>
         </Value>
         <Value>
            <SimpleValue>Budapest</SimpleValue>
         </Value>
      </Row>
      <Row>
         <Value>
            <SimpleValue>IDJA</SimpleValue>
         </Value>
         <Value>
            <SimpleValue>FpML</SimpleValue>
         </Value>
         <Value>
            <SimpleValue>Jakarta</SimpleValue>
         </Value>
      </Row>
      <Row>
         <Value>
            <SimpleValue>IEDU</SimpleValue>
         </Value>
         <Value>
            <SimpleValue>FpML</SimpleValue>
         </Value>
         <Value>
            <SimpleValue>Dublin</SimpleValue>
         </Value>
      </Row>
      <Row>
         <Value>
            <SimpleValue>ILTA</SimpleValue>
         </Value>
         <Value>
            <SimpleValue>FpML</SimpleValue>
         </Value>
         <Value>
            <SimpleValue>Tel Aviv</SimpleValue>
         </Value>
      </Row>
      <Row>
         <Value>
            <SimpleValue>INMU</SimpleValue>
         </Value>
         <Value>
            <SimpleValue>FpML</SimpleValue>
         </Value>
         <Value>
            <SimpleValue>Mumbai, India</SimpleValue>
         </Value>
      </Row>
      <Row>
         <Value>
            <SimpleValue>INND</SimpleValue>
         </Value>
         <Value>
            <SimpleValue>FpML</SimpleValue>
         </Value>
         <Value>
            <SimpleValue>New Delhi, India</SimpleValue>
         </Value>
      </Row>
      <Row>
         <Value>
            <SimpleValue>ISRE</SimpleValue>
         </Value>
         <Value>
            <SimpleValue>FpML</SimpleValue>
         </Value>
         <Value>
            <SimpleValue>Reykjavik</SimpleValue>
         </Value>
      </Row>
      <Row>
         <Value>
            <SimpleValue>ITMI</SimpleValue>
         </Value>
         <Value>
            <SimpleValue>FpML</SimpleValue>
         </Value>
         <Value>
            <SimpleValue>Milan</SimpleValue>
         </Value>
      </Row>
      <Row>
         <Value>
            <SimpleValue>ITRO</SimpleValue>
         </Value>
         <Value>
            <SimpleValue>FpML</SimpleValue>
         </Value>
         <Value>
            <SimpleValue>Rome</SimpleValue>
         </Value>
      </Row>
      <Row>
         <Value>
            <SimpleValue>JPTO</SimpleValue>
         </Value>
         <Value>
            <SimpleValue>FpML</SimpleValue>
         </Value>
         <Value>
            <SimpleValue>Tokyo</SimpleValue>
         </Value>
      </Row>
      <Row>
         <Value>
            <SimpleValue>KENA</SimpleValue>
         </Value>
         <Value>
            <SimpleValue>FpML</SimpleValue>
         </Value>
         <Value>
            <SimpleValue>Nairobi</SimpleValue>
         </Value>
      </Row>
      <Row>
         <Value>
            <SimpleValue>KRSE</SimpleValue>
         </Value>
         <Value>
            <SimpleValue>FpML</SimpleValue>
         </Value>
         <Value>
            <SimpleValue>Seoul</SimpleValue>
         </Value>
      </Row>
      <Row>
         <Value>
            <SimpleValue>KWKC</SimpleValue>
         </Value>
         <Value>
            <SimpleValue>FpML</SimpleValue>
         </Value>
         <Value>
            <SimpleValue>Kuwait City</SimpleValue>
         </Value>
      </Row>
      <Row>
         <Value>
            <SimpleValue>KYGE</SimpleValue>
         </Value>
         <Value>
            <SimpleValue>FpML</SimpleValue>
         </Value>
         <Value>
            <SimpleValue>George Town, Cayman Islands</SimpleValue>
         </Value>
      </Row>
      <Row>
         <Value>
            <SimpleValue>LBBE</SimpleValue>
         </Value>
         <Value>
            <SimpleValue>FpML</SimpleValue>
         </Value>
         <Value>
            <SimpleValue>Beirut</SimpleValue>
         </Value>
      </Row>
      <Row>
         <Value>
            <SimpleValue>LKCO</SimpleValue>
         </Value>
         <Value>
            <SimpleValue>FpML</SimpleValue>
         </Value>
         <Value>
            <SimpleValue>Colombo, Sri Lanka</SimpleValue>
         </Value>
      </Row>
      <Row>
         <Value>
            <SimpleValue>LULU</SimpleValue>
         </Value>
         <Value>
            <SimpleValue>FpML</SimpleValue>
         </Value>
         <Value>
            <SimpleValue>Luxembourg</SimpleValue>
         </Value>
      </Row>
      <Row>
         <Value>
            <SimpleValue>MOMA</SimpleValue>
         </Value>
         <Value>
            <SimpleValue>FpML</SimpleValue>
         </Value>
         <Value>
            <SimpleValue>Macau</SimpleValue>
         </Value>
      </Row>
      <Row>
         <Value>
            <SimpleValue>MTVA</SimpleValue>
         </Value>
         <Value>
            <SimpleValue>FpML</SimpleValue>
         </Value>
         <Value>
            <SimpleValue>Valletta</SimpleValue>
         </Value>
      </Row>
      <Row>
         <Value>
            <SimpleValue>MXMC</SimpleValue>
         </Value>
         <Value>
            <SimpleValue>FpML</SimpleValue>
         </Value>
         <Value>
            <SimpleValue>Mexico City</SimpleValue>
         </Value>
      </Row>
      <Row>
         <Value>
            <SimpleValue>MYKL</SimpleValue>
         </Value>
         <Value>
            <SimpleValue>FpML</SimpleValue>
         </Value>
         <Value>
            <SimpleValue>Kuala Lumpur</SimpleValue>
         </Value>
      </Row>
      <Row>
         <Value>
            <SimpleValue>MYLA</SimpleValue>
         </Value>
         <Value>
            <SimpleValue>FpML</SimpleValue>
         </Value>
         <Value>
            <SimpleValue>Labuan</SimpleValue>
         </Value>
      </Row>
      <Row>
         <Value>
            <SimpleValue>NLAM</SimpleValue>
         </Value>
         <Value>
            <SimpleValue>FpML</SimpleValue>
         </Value>
         <Value>
            <SimpleValue>Amsterdam</SimpleValue>
         </Value>
      </Row>
      <Row>
         <Value>
            <SimpleValue>NOOS</SimpleValue>
         </Value>
         <Value>
            <SimpleValue>FpML</SimpleValue>
         </Value>
         <Value>
            <SimpleValue>Oslo</SimpleValue>
         </Value>
      </Row>
      <Row>
         <Value>
            <SimpleValue>NYFD</SimpleValue>
         </Value>
         <Value>
            <SimpleValue>FpML</SimpleValue>
         </Value>
         <Value>
            <SimpleValue>New York Fed Business Day (as defined in 2006 ISDA Definitions Section 1.9 and 2000 ISDA Definitions Section 1.9)</SimpleValue>
         </Value>
      </Row>
      <Row>
         <Value>
            <SimpleValue>NYSE</SimpleValue>
         </Value>
         <Value>
            <SimpleValue>FpML</SimpleValue>
         </Value>
         <Value>
            <SimpleValue>New York Stock Exchange Business Day (as defined in 2006 ISDA Definitions Section 1.10 and 2000 ISDA Definitions Section 1.10)</SimpleValue>
         </Value>
      </Row>
      <Row>
         <Value>
            <SimpleValue>NZAU</SimpleValue>
         </Value>
         <Value>
            <SimpleValue>FpML</SimpleValue>
         </Value>
         <Value>
            <SimpleValue>Auckland</SimpleValue>
         </Value>
      </Row>
      <Row>
         <Value>
            <SimpleValue>NZWE</SimpleValue>
         </Value>
         <Value>
            <SimpleValue>FpML</SimpleValue>
         </Value>
         <Value>
            <SimpleValue>Wellington</SimpleValue>
         </Value>
      </Row>
      <Row>
         <Value>
            <SimpleValue>PAPC</SimpleValue>
         </Value>
         <Value>
            <SimpleValue>FpML</SimpleValue>
         </Value>
         <Value>
            <SimpleValue>Panama City</SimpleValue>
         </Value>
      </Row>
      <Row>
         <Value>
            <SimpleValue>PELI</SimpleValue>
         </Value>
         <Value>
            <SimpleValue>FpML</SimpleValue>
         </Value>
         <Value>
            <SimpleValue>Lima</SimpleValue>
         </Value>
      </Row>
      <Row>
         <Value>
            <SimpleValue>PHMA</SimpleValue>
         </Value>
         <Value>
            <SimpleValue>FpML</SimpleValue>
         </Value>
         <Value>
            <SimpleValue>Manila</SimpleValue>
         </Value>
      </Row>
      <Row>
         <Value>
            <SimpleValue>PKKA</SimpleValue>
         </Value>
         <Value>
            <SimpleValue>FpML</SimpleValue>
         </Value>
         <Value>
            <SimpleValue>Karachi, Pakistan</SimpleValue>
         </Value>
      </Row>
      <Row>
         <Value>
            <SimpleValue>PLWA</SimpleValue>
         </Value>
         <Value>
            <SimpleValue>FpML</SimpleValue>
         </Value>
         <Value>
            <SimpleValue>Warsaw</SimpleValue>
         </Value>
      </Row>
      <Row>
         <Value>
            <SimpleValue>PTLI</SimpleValue>
         </Value>
         <Value>
            <SimpleValue>FpML</SimpleValue>
         </Value>
         <Value>
            <SimpleValue>Lisbon</SimpleValue>
         </Value>
      </Row>
      <Row>
         <Value>
            <SimpleValue>QADO</SimpleValue>
         </Value>
         <Value>
            <SimpleValue>FpML</SimpleValue>
         </Value>
         <Value>
            <SimpleValue>Doha</SimpleValue>
         </Value>
      </Row>
      <Row>
         <Value>
            <SimpleValue>ROBU</SimpleValue>
         </Value>
         <Value>
            <SimpleValue>FpML</SimpleValue>
         </Value>
         <Value>
            <SimpleValue>Bucarest, Romania</SimpleValue>
         </Value>
      </Row>
      <Row>
         <Value>
            <SimpleValue>RUMO</SimpleValue>
         </Value>
         <Value>
            <SimpleValue>FpML</SimpleValue>
         </Value>
         <Value>
            <SimpleValue>Moscow</SimpleValue>
         </Value>
      </Row>
      <Row>
         <Value>
            <SimpleValue>SARI</SimpleValue>
         </Value>
         <Value>
            <SimpleValue>FpML</SimpleValue>
         </Value>
         <Value>
            <SimpleValue>Riyadh</SimpleValue>
         </Value>
      </Row>
      <Row>
         <Value>
            <SimpleValue>SEST</SimpleValue>
         </Value>
         <Value>
            <SimpleValue>FpML</SimpleValue>
         </Value>
         <Value>
            <SimpleValue>Stockholm</SimpleValue>
         </Value>
      </Row>
      <Row>
         <Value>
            <SimpleValue>SGSI</SimpleValue>
         </Value>
         <Value>
            <SimpleValue>FpML</SimpleValue>
         </Value>
         <Value>
            <SimpleValue>Singapore</SimpleValue>
         </Value>
      </Row>
      <Row>
         <Value>
            <SimpleValue>SKBR</SimpleValue>
         </Value>
         <Value>
            <SimpleValue>FpML</SimpleValue>
         </Value>
         <Value>
            <SimpleValue>Bratislava</SimpleValue>
         </Value>
      </Row>
      <Row>
         <Value>
            <SimpleValue>THBA</SimpleValue>
         </Value>
         <Value>
            <SimpleValue>FpML</SimpleValue>
         </Value>
         <Value>
            <SimpleValue>Bangkok</SimpleValue>
         </Value>
      </Row>
      <Row>
         <Value>
            <SimpleValue>TRAN</SimpleValue>
         </Value>
         <Value>
            <SimpleValue>FpML</SimpleValue>
         </Value>
         <Value>
            <SimpleValue>Ankara</SimpleValue>
         </Value>
      </Row>
      <Row>
         <Value>
            <SimpleValue>TRIS</SimpleValue>
         </Value>
         <Value>
            <SimpleValue>FpML</SimpleValue>
         </Value>
         <Value>
            <SimpleValue>Istanbul, Turkey</SimpleValue>
         </Value>
      </Row>
      <Row>
         <Value>
            <SimpleValue>TWTA</SimpleValue>
         </Value>
         <Value>
            <SimpleValue>FpML</SimpleValue>
         </Value>
         <Value>
            <SimpleValue>Taipei</SimpleValue>
         </Value>
      </Row>
      <Row>
         <Value>
            <SimpleValue>TZDA</SimpleValue>
         </Value>
         <Value>
            <SimpleValue>FpML</SimpleValue>
         </Value>
         <Value>
            <SimpleValue>Dar es Salaam</SimpleValue>
         </Value>
      </Row>
      <Row>
         <Value>
            <SimpleValue>UGKA</SimpleValue>
         </Value>
         <Value>
            <SimpleValue>FpML</SimpleValue>
         </Value>
         <Value>
            <SimpleValue>Kampala</SimpleValue>
         </Value>
      </Row>
      <Row>
         <Value>
            <SimpleValue>USCH</SimpleValue>
         </Value>
         <Value>
            <SimpleValue>FpML</SimpleValue>
         </Value>
         <Value>
            <SimpleValue>Chicago</SimpleValue>
         </Value>
      </Row>
      <Row>
         <Value>
            <SimpleValue>USDC</SimpleValue>
         </Value>
         <Value>
            <SimpleValue>FpML</SimpleValue>
         </Value>
         <Value>
            <SimpleValue>Washington, District of Columbia</SimpleValue>
         </Value>
      </Row>
      <Row>
         <Value>
            <SimpleValue>USDN</SimpleValue>
         </Value>
         <Value>
            <SimpleValue>FpML</SimpleValue>
         </Value>
         <Value>
            <SimpleValue>Denver</SimpleValue>
         </Value>
      </Row>
      <Row>
         <Value>
            <SimpleValue>USGS</SimpleValue>
         </Value>
         <Value>
            <SimpleValue>FpML</SimpleValue>
         </Value>
         <Value>
            <SimpleValue>U.S. Government Securities Business Day (as defined in 2006 ISDA Definitions Section 1.11 and 2000 ISDA Definitions Section 1.11)</SimpleValue>
         </Value>
      </Row>
      <Row>
         <Value>
            <SimpleValue>USHO</SimpleValue>
         </Value>
         <Value>
            <SimpleValue>FpML</SimpleValue>
         </Value>
         <Value>
            <SimpleValue>Houston</SimpleValue>
         </Value>
      </Row>
      <Row>
         <Value>
            <SimpleValue>USLA</SimpleValue>
         </Value>
         <Value>
            <SimpleValue>FpML</SimpleValue>
         </Value>
         <Value>
            <SimpleValue>Los Angeles</SimpleValue>
         </Value>
      </Row>
      <Row>
         <Value>
            <SimpleValue>USMN</SimpleValue>
         </Value>
         <Value>
            <SimpleValue>FpML</SimpleValue>
         </Value>
         <Value>
            <SimpleValue>Minneapolis</SimpleValue>
         </Value>
      </Row>
      <Row>
         <Value>
            <SimpleValue>USNY</SimpleValue>
         </Value>
         <Value>
            <SimpleValue>FpML</SimpleValue>
         </Value>
         <Value>
            <SimpleValue>New York</SimpleValue>
         </Value>
      </Row>
      <Row>
         <Value>
            <SimpleValue>USSE</SimpleValue>
         </Value>
         <Value>
            <SimpleValue>FpML</SimpleValue>
         </Value>
         <Value>
            <SimpleValue>Seattle</SimpleValue>
         </Value>
      </Row>
      <Row>
         <Value>
            <SimpleValue>USWI</SimpleValue>
         </Value>
         <Value>
            <SimpleValue>FpML</SimpleValue>
         </Value>
         <Value>
            <SimpleValue>Wichita</SimpleValue>
         </Value>
      </Row>
      <Row>
         <Value>
            <SimpleValue>VNHA</SimpleValue>
         </Value>
         <Value>
            <SimpleValue>FpML</SimpleValue>
         </Value>
         <Value>
            <SimpleValue>Hanoi, Vietnam</SimpleValue>
         </Value>
      </Row>
      <Row>
         <Value>
            <SimpleValue>VECA</SimpleValue>
         </Value>
         <Value>
            <SimpleValue>FpML</SimpleValue>
         </Value>
         <Value>
            <SimpleValue>Caracas, Venezuela</SimpleValue>
         </Value>
      </Row>
      <Row>
         <Value>
            <SimpleValue>ZAJO</SimpleValue>
         </Value>
         <Value>
            <SimpleValue>FpML</SimpleValue>
         </Value>
         <Value>
            <SimpleValue>Johannesburg</SimpleValue>
         </Value>
      </Row>
      <Row>
         <Value>
            <SimpleValue>ZMLU</SimpleValue>
         </Value>
         <Value>
            <SimpleValue>FpML</SimpleValue>
         </Value>
         <Value>
            <SimpleValue>Lusaka</SimpleValue>
         </Value>
      </Row>
   </SimpleCodeList>
</gcl:CodeList>