<?xml version="1.0" encoding="UTF-8"?>
<gcl:CodeList xmlns:gcl="http://xml.genericode.org/2004/ns/CodeList/0.2/" xmlns:doc="http://www.fpml.org/coding-scheme/documentation" xmlns:xsi="http://www.w3.org/2001/XMLSchema-instance" xsi:schemaLocation="http://xml.genericode.org/2004/ns/CodeList/0.2/ CodeList.xsd">
   <Annotation>
      <Description>
         <doc:definition>Contains a code representing the type of business process a message (e.g. a status request) applies to.</doc:definition>
         <doc:publicationDate>2011-09-29</doc:publicationDate>
         <doc:status>working-draft</doc:status>
      </Description>
   </Annotation>
   <Identification>
      <ShortName>businessProcessScheme</ShortName>
      <Version>1-0</Version>
      <CanonicalUri>http://www.fpml.org/coding-scheme/business-process</CanonicalUri>
      <CanonicalVersionUri>http://www.fpml.org/coding-scheme/business-process-1-0</CanonicalVersionUri>
      <LocationUri>http://www.fpml.org/coding-scheme/business-process-1-0.xml</LocationUri>
   </Identification>
   <ColumnSet>
      <Column Id="Code" Use="required">
         <ShortName>Code</ShortName>
         <Data Type="token">
            <Parameter ShortName="maxLength">63</Parameter>
         </Data>
      </Column>
      <Column Id="Source" Use="optional">
         <ShortName>Source</ShortName>
         <Data Type="string"/>
      </Column>
      <Column Id="Description" Use="optional">
         <ShortName>Description</ShortName>
         <Data Type="string"/>
      </Column>
      <Key Id="PrimaryKey">
         <ShortName>key</ShortName>
         <ColumnRef Ref="Code"/>
      </Key>
   </ColumnSet>
   <SimpleCodeList>
      <Row>
         <Value>
            <SimpleValue>Allocation</SimpleValue>
         </Value>
         <Value>
            <SimpleValue>FpML</SimpleValue>
         </Value>
         <Value>
            <SimpleValue>Process for splitting a trade across accounts.</SimpleValue>
         </Value>
      </Row>
      <Row>
         <Value>
            <SimpleValue>Execution</SimpleValue>
         </Value>
         <Value>
            <SimpleValue>FpML</SimpleValue>
         </Value>
         <Value>
            <SimpleValue>Process for executing a trade.</SimpleValue>
         </Value>
      </Row>
      <Row>
         <Value>
            <SimpleValue>Clearing</SimpleValue>
         </Value>
         <Value>
            <SimpleValue>FpML</SimpleValue>
         </Value>
         <Value>
            <SimpleValue>Process for novating a trade to a central counterparty (with margining) for credit risk mitigation.</SimpleValue>
         </Value>
      </Row>
      <Row>
         <Value>
            <SimpleValue>Confirmation</SimpleValue>
         </Value>
         <Value>
            <SimpleValue>FpML</SimpleValue>
         </Value>
         <Value>
            <SimpleValue>Process for verifying the terms of a trade.</SimpleValue>
         </Value>
      </Row>
      <Row>
         <Value>
            <SimpleValue>Reconciliation</SimpleValue>
         </Value>
         <Value>
            <SimpleValue>FpML</SimpleValue>
         </Value>
         <Value>
            <SimpleValue>Process for comparing representations of a trade or portfolio for the purpose of identifying and resolving discrepancies.</SimpleValue>
         </Value>
      </Row>
      <Row>
         <Value>
            <SimpleValue>Settlement</SimpleValue>
         </Value>
         <Value>
            <SimpleValue>FpML</SimpleValue>
         </Value>
         <Value>
            <SimpleValue>Process for calculating payment amounts and performing payments as required by the terms of a transaction.</SimpleValue>
         </Value>
      </Row>
   </SimpleCodeList>
</gcl:CodeList>