<?xml version="1.0" encoding="UTF-8"?>
<gcl:CodeList xmlns:gcl="http://xml.genericode.org/2004/ns/CodeList/0.2/" xmlns:doc="http://www.fpml.org/coding-scheme/documentation" xmlns:xsi="http://www.w3.org/2001/XMLSchema-instance" xsi:schemaLocation="http://xml.genericode.org/2004/ns/CodeList/0.2/ CodeList.xsd">
   <Annotation>
      <Description>
         <doc:definition>Defines a scheme of values for specifiying the CDX index annex source.</doc:definition>
      </Description>
   </Annotation>
   <Identification>
      <ShortName>indexAnnexSourceScheme</ShortName>
      <Version>1-0</Version>
      <CanonicalUri>http://www.fpml.org/coding-scheme/cdx-index-annex-source</CanonicalUri>
      <CanonicalVersionUri>http://www.fpml.org/coding-scheme/cdx-index-annex-source-1-0</CanonicalVersionUri>
      <LocationUri>http://www.fpml.org/coding-scheme/cdx-index-annex-source-1-0.xml</LocationUri>
   </Identification>
   <ColumnSet>
      <Column Id="Code" Use="required">
         <ShortName>Code</ShortName>
         <Data Type="token">
            <Parameter ShortName="maxLength">63</Parameter>
         </Data>
      </Column>
      <Column Id="Source" Use="optional">
         <ShortName>Source</ShortName>
         <Data Type="string"/>
      </Column>
      <Column Id="Description" Use="optional">
         <ShortName>Description</ShortName>
         <Data Type="string"/>
      </Column>
      <Key Id="PrimaryKey">
         <ShortName>key</ShortName>
         <ColumnRef Ref="Code"/>
      </Key>
   </ColumnSet>
   <SimpleCodeList>
      <Row>
         <Value>
            <SimpleValue>Publisher</SimpleValue>
         </Value>
         <Value>
            <SimpleValue>FpML</SimpleValue>
         </Value>
         <Value>
            <SimpleValue>As defined in the relevant form of Master Confirmation applicable to the confirmation of Dow Jones CDX indices.</SimpleValue>
         </Value>
      </Row>
      <Row>
         <Value>
            <SimpleValue>MasterConfirmation</SimpleValue>
         </Value>
         <Value>
            <SimpleValue>FpML</SimpleValue>
         </Value>
         <Value>
            <SimpleValue>As defined in the relevant form of Master Confirmation applicable to the confirmation of Dow Jones CDX indices.</SimpleValue>
         </Value>
      </Row>
   </SimpleCodeList>
</gcl:CodeList>