<?xml version="1.0" encoding="UTF-8"?>
<gcl:CodeList xmlns:gcl="http://xml.genericode.org/2004/ns/CodeList/0.2/" xmlns:doc="http://www.fpml.org/coding-scheme/documentation" xmlns:xsi="http://www.w3.org/2001/XMLSchema-instance" xsi:schemaLocation="http://xml.genericode.org/2004/ns/CodeList/0.2/ CodeList.xsd">
   <Annotation>
      <Description>
         <doc:definition>Specifies the Market Disruption Events that are applicable.</doc:definition>
      </Description>
   </Annotation>
   <Identification>
      <ShortName>commodityMarketDisruptionScheme</ShortName>
      <Version>1-0</Version>
      <CanonicalUri>http://www.fpml.org/coding-scheme/commodity-market-disruption</CanonicalUri>
      <CanonicalVersionUri>http://www.fpml.org/coding-scheme/commodity-market-disruption-1-0</CanonicalVersionUri>
      <LocationUri>http://www.fpml.org/coding-scheme/commodity-market-disruption-1-0.xml</LocationUri>
   </Identification>
   <ColumnSet>
      <Column Id="Code" Use="required">
         <ShortName>Code</ShortName>
         <Data Type="token">
            <Parameter ShortName="maxLength">63</Parameter>
         </Data>
      </Column>
      <Column Id="Source" Use="optional">
         <ShortName>Source</ShortName>
         <Data Type="string"/>
      </Column>
      <Column Id="Description" Use="optional">
         <ShortName>Description</ShortName>
         <Data Type="string"/>
      </Column>
      <Key Id="PrimaryKey">
         <ShortName>key</ShortName>
         <ColumnRef Ref="Code"/>
      </Key>
   </ColumnSet>
   <SimpleCodeList>
      <Row>
         <Value>
            <SimpleValue>PriceSourceDisruption</SimpleValue>
         </Value>
         <Value>
            <SimpleValue>FpML</SimpleValue>
         </Value>
         <Value>
            <SimpleValue>Price Source Disruption as defined in section 7.4 para (c) subpara (i) of the ISDA 2005 Commodity Derivative definitions or section 7.4 para (c) subpara (i) of the ISDA 1993 Commodity Derivative definitions as applicable.</SimpleValue>
         </Value>
      </Row>
      <Row>
         <Value>
            <SimpleValue>TradingDisruption</SimpleValue>
         </Value>
         <Value>
            <SimpleValue>FpML</SimpleValue>
         </Value>
         <Value>
            <SimpleValue>Trading Disruption as defined in section 7.4 para (c) subpara (ii) of the ISDA 2005 Commodity Derivative definitions.</SimpleValue>
         </Value>
      </Row>
      <Row>
         <Value>
            <SimpleValue>TradingSuspension</SimpleValue>
         </Value>
         <Value>
            <SimpleValue>FpML</SimpleValue>
         </Value>
         <Value>
            <SimpleValue>Trading Suspension as defined in section 7.4 para (c) subpara (ii) of the ISDA 1993 Commodity Derivative definitions.</SimpleValue>
         </Value>
      </Row>
      <Row>
         <Value>
            <SimpleValue>DisappearanceOfCommodityReferencePrice</SimpleValue>
         </Value>
         <Value>
            <SimpleValue>FpML</SimpleValue>
         </Value>
         <Value>
            <SimpleValue>Disappearance of Commodity Reference Price as defined in section 7.4 para (c) subpara (iii) of the ISDA 2005 Commodity Derivative definitions or section 7.4 para (c) subpara (iii) of the ISDA 1993 Commodity Derivative definitions as applicable.</SimpleValue>
         </Value>
      </Row>
      <Row>
         <Value>
            <SimpleValue>MaterialChangeInFormula</SimpleValue>
         </Value>
         <Value>
            <SimpleValue>FpML</SimpleValue>
         </Value>
         <Value>
            <SimpleValue>Material Change in Formula as defined in section 7.4 para (c) subpara (iv) of the ISDA 2005 Commodity Derivative definitions or section 7.4 para (c) subpara (iv) of the ISDA 1993 Commodity Derivative definitions as applicable.</SimpleValue>
         </Value>
      </Row>
      <Row>
         <Value>
            <SimpleValue>MaterialChangeInContent</SimpleValue>
         </Value>
         <Value>
            <SimpleValue>FpML</SimpleValue>
         </Value>
         <Value>
            <SimpleValue>Material Change in Content as defined in section 7.4 para (c) subpara (v) of the ISDA 2005 Commodity Derivative definitions or section 7.4 para (c) subpara (v) of the ISDA 1993 Commodity Derivative definitions as applicable.</SimpleValue>
         </Value>
      </Row>
      <Row>
         <Value>
            <SimpleValue>TaxDisruption</SimpleValue>
         </Value>
         <Value>
            <SimpleValue>FpML</SimpleValue>
         </Value>
         <Value>
            <SimpleValue>Tax Disruption as defined in section 7.4 para (c) subpara (vi) of the ISDA 2005 Commodity Derivative definitions or section 7.4 para (c) subpara (vii) of the ISDA 1993 Commodity Derivative definitions as applicable.</SimpleValue>
         </Value>
      </Row>
      <Row>
         <Value>
            <SimpleValue>DeMinimisTrading</SimpleValue>
         </Value>
         <Value>
            <SimpleValue>FpML</SimpleValue>
         </Value>
         <Value>
            <SimpleValue>De Minimis Trading as defined in section 7.4 para (c) subpara (vi) of the ISDA 1993 Commodity Derivative definitions.</SimpleValue>
         </Value>
      </Row>
      <Row>
         <Value>
            <SimpleValue>TradingLimitation</SimpleValue>
         </Value>
         <Value>
            <SimpleValue>FpML</SimpleValue>
         </Value>
         <Value>
            <SimpleValue>Trading Limitation as defined in section 7.4 para (c) subpara (viii) of the ISDA 1993 Commodity Derivative definitions.</SimpleValue>
         </Value>
      </Row>
   </SimpleCodeList>
</gcl:CodeList>