<?xml version="1.0" encoding="UTF-8"?>
<gcl:CodeList xmlns:gcl="http://xml.genericode.org/2004/ns/CodeList/0.2/" xmlns:doc="http://www.fpml.org/coding-scheme/documentation" xmlns:xsi="http://www.w3.org/2001/XMLSchema-instance" xsi:schemaLocation="http://xml.genericode.org/2004/ns/CodeList/0.2/ CodeList.xsd">
   <Annotation>
      <Description>
         <doc:definition>Specifies the frequency at which the Quantity or Notional Quantity is deemed to apply for purposes of calculating the Total Quantity or Total Notional Quantity.</doc:definition>
         <doc:publicationDate>2012-03-07</doc:publicationDate>
      </Description>
   </Annotation>
   <Identification>
      <ShortName>commodityQuantityFrequencyScheme</ShortName>
      <Version>1-2</Version>
      <CanonicalUri>http://www.fpml.org/coding-scheme/commodity-quantity-frequency</CanonicalUri>
      <CanonicalVersionUri>http://www.fpml.org/coding-scheme/commodity-quantity-frequency-1-2</CanonicalVersionUri>
      <LocationUri>http://www.fpml.org/coding-scheme/commodity-quantity-frequency-1-2.xml</LocationUri>
   </Identification>
   <ColumnSet>
      <Column Id="Code" Use="required">
         <ShortName>Code</ShortName>
         <Data Type="token">
            <Parameter ShortName="maxLength">63</Parameter>
         </Data>
      </Column>
      <Column Id="Source" Use="optional">
         <ShortName>Source</ShortName>
         <Data Type="string"/>
      </Column>
      <Column Id="Description" Use="optional">
         <ShortName>Description</ShortName>
         <Data Type="string"/>
      </Column>
      <Key Id="PrimaryKey">
         <ShortName>key</ShortName>
         <ColumnRef Ref="Code"/>
      </Key>
   </ColumnSet>
   <SimpleCodeList>
      <Row>
         <Value>
            <SimpleValue>Term</SimpleValue>
         </Value>
         <Value>
            <SimpleValue>FpML</SimpleValue>
         </Value>
         <Value>
            <SimpleValue>The Quantity or Notional Quantity is deemed to apply once over the term of the trade for purposes of calculating the Total Quantity or Total Notional Quantity.</SimpleValue>
         </Value>
      </Row>
      <Row>
         <Value>
            <SimpleValue>PerBusinessDay</SimpleValue>
         </Value>
         <Value>
            <SimpleValue>FpML</SimpleValue>
         </Value>
         <Value>
            <SimpleValue>The Notional Quantity is deemed to apply once per Commodity Business Day for purposes of calculating the Total Notional Quantity.</SimpleValue>
         </Value>
      </Row>
      <Row>
         <Value>
            <SimpleValue>PerCalculationPeriod</SimpleValue>
         </Value>
         <Value>
            <SimpleValue>FpML</SimpleValue>
         </Value>
         <Value>
            <SimpleValue>The Quantity or Notional Quantity is deemed to apply once per Calculation Period for purposes of calculating the Total Quantity or Total Notional Quantity.</SimpleValue>
         </Value>
      </Row>
      <Row>
         <Value>
            <SimpleValue>PerSettlementPeriod</SimpleValue>
         </Value>
         <Value>
            <SimpleValue>FpML</SimpleValue>
         </Value>
         <Value>
            <SimpleValue>The Quantity or Notional Quantity is deemed to apply once per Settlement Period for purposes of calculating the Total Quantity or Total Notional Quantity.</SimpleValue>
         </Value>
      </Row>
      <Row>
         <Value>
            <SimpleValue>PerCalendarDay</SimpleValue>
         </Value>
         <Value>
            <SimpleValue>FpML</SimpleValue>
         </Value>
         <Value>
            <SimpleValue>The Quantity or Notional Quantity is deemed to apply once per Calendar Day for purposes of calculating the Total Quantity or Total Notional Quantity.</SimpleValue>
         </Value>
      </Row>
      <Row>
         <Value>
            <SimpleValue>PerHour</SimpleValue>
         </Value>
         <Value>
            <SimpleValue>FpML</SimpleValue>
         </Value>
         <Value>
            <SimpleValue>The Quantity or Notional Quantity is deemed to apply once per hour for purposes of calculating the Total Quantity or Total Notional Quantity.</SimpleValue>
         </Value>
      </Row>
      <Row>
         <Value>
            <SimpleValue>PerMonth</SimpleValue>
         </Value>
         <Value>
            <SimpleValue>FpML</SimpleValue>
         </Value>
         <Value>
            <SimpleValue>The Notional Quantity is deemed to apply once per Month for purposes of calculating the Total Notional Quantity.</SimpleValue>
         </Value>
      </Row>
   </SimpleCodeList>
</gcl:CodeList>