<?xml version="1.0" encoding="UTF-8"?>
<gcl:CodeList xmlns:gcl="http://xml.genericode.org/2004/ns/CodeList/0.2/" xmlns:doc="http://www.fpml.org/coding-scheme/documentation" xmlns:xsi="http://www.w3.org/2001/XMLSchema-instance" xsi:schemaLocation="http://xml.genericode.org/2004/ns/CodeList/0.2/ CodeList.xsd">
   <Annotation>
      <Description>
         <doc:definition>Specifies the commodity business calendar.</doc:definition>
         <doc:publicationDate>2012-03-21</doc:publicationDate>
      </Description>
   </Annotation>
   <Identification>
      <ShortName>commodityBusinessCalendarScheme</ShortName>
      <Version>2-3</Version>
      <CanonicalUri>http://www.fpml.org/coding-scheme/commodity-business-calendar</CanonicalUri>
      <CanonicalVersionUri>http://www.fpml.org/coding-scheme/commodity-business-calendar-2-3</CanonicalVersionUri>
      <LocationUri>http://www.fpml.org/coding-scheme/commodity-business-calendar-2-3.xml</LocationUri>
   </Identification>
   <ColumnSet>
      <Column Id="Code" Use="required">
         <ShortName>Code</ShortName>
         <Data Type="token">
            <Parameter ShortName="maxLength">63</Parameter>
         </Data>
      </Column>
      <Column Id="Source" Use="optional">
         <ShortName>Source</ShortName>
         <Data Type="string"/>
      </Column>
      <Column Id="Description" Use="optional">
         <ShortName>Description</ShortName>
         <Data Type="string"/>
      </Column>
      <Key Id="PrimaryKey">
         <ShortName>key</ShortName>
         <ColumnRef Ref="Code"/>
      </Key>
   </ColumnSet>
   <SimpleCodeList>
      <Row>
         <Value>
            <SimpleValue>APPI</SimpleValue>
         </Value>
         <Value>
            <SimpleValue>FpML</SimpleValue>
         </Value>
         <Value>
            <SimpleValue>Per 2005 ISDA Commodity Definitions, Section 7.2 Certain Definitions Relating To Commodity Reference Prices.</SimpleValue>
         </Value>
      </Row>
      <Row>
         <Value>
            <SimpleValue>ARGUS-CRUDE</SimpleValue>
         </Value>
         <Value>
            <SimpleValue>FpML</SimpleValue>
         </Value>
         <Value>
            <SimpleValue>Per 2005 ISDA Commodity Definitions, Section 7.2 Certain Definitions Relating To Commodity Reference Prices.</SimpleValue>
         </Value>
      </Row>
      <Row>
         <Value>
            <SimpleValue>ARGUS-EUROPEAN-PRODUCTS</SimpleValue>
         </Value>
         <Value>
            <SimpleValue>FpML</SimpleValue>
         </Value>
         <Value>
            <SimpleValue>Per 2005 ISDA Commodity Definitions, Section 7.2 Certain Definitions Relating To Commodity Reference Prices.</SimpleValue>
         </Value>
      </Row>
      <Row>
         <Value>
            <SimpleValue>CMAI-AROMATICS-MARKET-REPORT</SimpleValue>
         </Value>
         <Value>
            <SimpleValue>FpML</SimpleValue>
         </Value>
         <Value>
            <SimpleValue>Per 2005 ISDA Commodity Definitions, Section 7.2 Certain Definitions Relating To Commodity Reference Prices.</SimpleValue>
         </Value>
      </Row>
      <Row>
         <Value>
            <SimpleValue>CMAI-METHANOL-MARKET-REPORT</SimpleValue>
         </Value>
         <Value>
            <SimpleValue>FpML</SimpleValue>
         </Value>
         <Value>
            <SimpleValue>Per 2005 ISDA Commodity Definitions, Section 7.2 Certain Definitions Relating To Commodity Reference Prices.</SimpleValue>
         </Value>
      </Row>
      <Row>
         <Value>
            <SimpleValue>DEWITT-BENZENE-DERIVATIVES</SimpleValue>
         </Value>
         <Value>
            <SimpleValue>FpML</SimpleValue>
         </Value>
         <Value>
            <SimpleValue>Per 2005 ISDA Commodity Definitions, Section 7.2 Certain Definitions Relating To Commodity Reference Prices.</SimpleValue>
         </Value>
      </Row>
      <Row>
         <Value>
            <SimpleValue>ICE-OIL</SimpleValue>
         </Value>
         <Value>
            <SimpleValue>FpML</SimpleValue>
         </Value>
         <Value>
            <SimpleValue>The business calendar oil and refined product contracts on ICE Futures Europe.</SimpleValue>
         </Value>
      </Row>
      <Row>
         <Value>
            <SimpleValue>JAPAN-MOF-TSRR</SimpleValue>
         </Value>
         <Value>
            <SimpleValue>FpML</SimpleValue>
         </Value>
         <Value>
            <SimpleValue>Per 2005 ISDA Commodity Definitions, Section 7.2 Certain Definitions Relating To Commodity Reference Prices.</SimpleValue>
         </Value>
      </Row>
      <Row>
         <Value>
            <SimpleValue>NYMEX-ELECTRICITY</SimpleValue>
         </Value>
         <Value>
            <SimpleValue>FpML</SimpleValue>
         </Value>
         <Value>
            <SimpleValue>Per 2005 ISDA Commodity Definitions, Section 7.2 Certain Definitions Relating To Commodity Reference Prices.</SimpleValue>
         </Value>
      </Row>
      <Row>
         <Value>
            <SimpleValue>NYMEX-NATURAL-GAS</SimpleValue>
         </Value>
         <Value>
            <SimpleValue>FpML</SimpleValue>
         </Value>
         <Value>
            <SimpleValue>Per 2005 ISDA Commodity Definitions, Section 7.2 Certain Definitions Relating To Commodity Reference Prices.</SimpleValue>
         </Value>
      </Row>
      <Row>
         <Value>
            <SimpleValue>NYMEX-OIL</SimpleValue>
         </Value>
         <Value>
            <SimpleValue>FpML</SimpleValue>
         </Value>
         <Value>
            <SimpleValue>Per 2005 ISDA Commodity Definitions, Section 7.2 Certain Definitions Relating To Commodity Reference Prices.</SimpleValue>
         </Value>
      </Row>
      <Row>
         <Value>
            <SimpleValue>PLATTS-APAG-MARKETSCAN</SimpleValue>
         </Value>
         <Value>
            <SimpleValue>FpML</SimpleValue>
         </Value>
         <Value>
            <SimpleValue>Per 2005 ISDA Commodity Definitions, Section 7.2 Certain Definitions Relating To Commodity Reference Prices.</SimpleValue>
         </Value>
      </Row>
      <Row>
         <Value>
            <SimpleValue>PLATTS-BUNKERWIRE</SimpleValue>
         </Value>
         <Value>
            <SimpleValue>FpML</SimpleValue>
         </Value>
         <Value>
            <SimpleValue>Per 2005 ISDA Commodity Definitions, Section 7.2 Certain Definitions Relating To Commodity Reference Prices.</SimpleValue>
         </Value>
      </Row>
      <Row>
         <Value>
            <SimpleValue>PLATTS-BUNKERWIRE</SimpleValue>
         </Value>
         <Value>
            <SimpleValue>FpML</SimpleValue>
         </Value>
         <Value>
            <SimpleValue>Per 2005 ISDA Commodity Definitions, Section 7.2 Certain Definitions Relating To Commodity Reference Prices.</SimpleValue>
         </Value>
      </Row>
      <Row>
         <Value>
            <SimpleValue>PLATTS-CRUDE-OIL-MARKETWIRE</SimpleValue>
         </Value>
         <Value>
            <SimpleValue>FpML</SimpleValue>
         </Value>
         <Value>
            <SimpleValue>Per 2005 ISDA Commodity Definitions, Section 7.2 Certain Definitions Relating To Commodity Reference Prices.</SimpleValue>
         </Value>
      </Row>
      <Row>
         <Value>
            <SimpleValue>PLATTS-EUROPEAN-MARKETSCAN</SimpleValue>
         </Value>
         <Value>
            <SimpleValue>FpML</SimpleValue>
         </Value>
         <Value>
            <SimpleValue>Per 2005 ISDA Commodity Definitions, Section 7.2 Certain Definitions Relating To Commodity Reference Prices.</SimpleValue>
         </Value>
      </Row>
      <Row>
         <Value>
            <SimpleValue>PLATTS-OILGRAM</SimpleValue>
         </Value>
         <Value>
            <SimpleValue>FpML</SimpleValue>
         </Value>
         <Value>
            <SimpleValue>Per 2005 ISDA Commodity Definitions, Section 7.2 Certain Definitions Relating To Commodity Reference Prices.</SimpleValue>
         </Value>
      </Row>
      <Row>
         <Value>
            <SimpleValue>PLATTS-US-MARKETSCAN</SimpleValue>
         </Value>
         <Value>
            <SimpleValue>FpML</SimpleValue>
         </Value>
         <Value>
            <SimpleValue>Per 2005 ISDA Commodity Definitions, Section 7.2 Certain Definitions Relating To Commodity Reference Prices.</SimpleValue>
         </Value>
      </Row>
      <Row>
         <Value>
            <SimpleValue>RIM-PRODUCTS-INTELLIGENCE-DAILY</SimpleValue>
         </Value>
         <Value>
            <SimpleValue>FpML</SimpleValue>
         </Value>
         <Value>
            <SimpleValue>Per 2005 ISDA Commodity Definitions, Section 7.2 Certain Definitions Relating To Commodity Reference Prices.</SimpleValue>
         </Value>
      </Row>
      <Row>
         <Value>
            <SimpleValue>STATISTICHES-BUNDESAMT</SimpleValue>
         </Value>
         <Value>
            <SimpleValue>FpML</SimpleValue>
         </Value>
         <Value>
            <SimpleValue>Per 2005 ISDA Commodity Definitions, Section 7.2 Certain Definitions Relating To Commodity Reference Prices.</SimpleValue>
         </Value>
      </Row>
      <Row>
         <Value>
            <SimpleValue>TOCOM-OIL</SimpleValue>
         </Value>
         <Value>
            <SimpleValue>FpML</SimpleValue>
         </Value>
         <Value>
            <SimpleValue>Per 2005 ISDA Commodity Definitions, Section 7.2 Certain Definitions Relating To Commodity Reference Prices.</SimpleValue>
         </Value>
      </Row>
      <Row>
         <Value>
            <SimpleValue>ARGUS-INTERNATIONAL-LPG</SimpleValue>
         </Value>
         <Value>
            <SimpleValue>FpML</SimpleValue>
         </Value>
         <Value>
            <SimpleValue>Per 2005 ISDA Commodity Definitions, Section 7.2 Certain Definitions Relating To Commodity Reference Prices.</SimpleValue>
         </Value>
      </Row>
      <Row>
         <Value>
            <SimpleValue>OPIS-LP-GAS</SimpleValue>
         </Value>
         <Value>
            <SimpleValue>FpML</SimpleValue>
         </Value>
         <Value>
            <SimpleValue>Per 2005 ISDA Commodity Definitions, Section 7.2 Certain Definitions Relating To Commodity Reference Prices.</SimpleValue>
         </Value>
      </Row>
      <Row>
         <Value>
            <SimpleValue>OPIS-PROPANE</SimpleValue>
         </Value>
         <Value>
            <SimpleValue>FpML</SimpleValue>
         </Value>
         <Value>
            <SimpleValue>Per 2005 ISDA Commodity Definitions, Section 7.2 Certain Definitions Relating To Commodity Reference Prices.</SimpleValue>
         </Value>
      </Row>
      <Row>
         <Value>
            <SimpleValue>NERC</SimpleValue>
         </Value>
         <Value>
            <SimpleValue>FpML</SimpleValue>
         </Value>
         <Value>
            <SimpleValue>Per 2005 ISDA Commodity Definitions, Article XIV.</SimpleValue>
         </Value>
      </Row>
      <Row>
         <Value>
            <SimpleValue>DowJonesPower</SimpleValue>
         </Value>
         <Value>
            <SimpleValue>FpML</SimpleValue>
         </Value>
         <Value>
            <SimpleValue>Per 2005 ISDA Commodity Definitions, Section 7.2 Certain Definitions Relating To Commodity Reference Prices.</SimpleValue>
         </Value>
      </Row>
      <Row>
         <Value>
            <SimpleValue>ARGUS-MCCLOSKEYS-COAL-REPORT</SimpleValue>
         </Value>
         <Value>
            <SimpleValue>FpML</SimpleValue>
         </Value>
         <Value>
            <SimpleValue>Per 2005 ISDA Commodity Definitions, Section 7.2 Certain Definitions Relating To Commodity Reference Prices.</SimpleValue>
         </Value>
      </Row>
      <Row>
         <Value>
            <SimpleValue>GLOBALCOAL</SimpleValue>
         </Value>
         <Value>
            <SimpleValue>FpML</SimpleValue>
         </Value>
         <Value>
            <SimpleValue>Per 2005 ISDA Commodity Definitions, Section 7.2 Certain Definitions Relating To Commodity Reference Prices.</SimpleValue>
         </Value>
      </Row>
      <Row>
         <Value>
            <SimpleValue>ICE-US-AGRICULTURAL</SimpleValue>
         </Value>
         <Value>
            <SimpleValue>FpML</SimpleValue>
         </Value>
         <Value>
            <SimpleValue>Per 2005 ISDA Commodity Definitions, Section 7.2 Certain Definitions Relating To Commodity Reference Prices.</SimpleValue>
         </Value>
      </Row>
      <Row>
         <Value>
            <SimpleValue>ICE-CANADA</SimpleValue>
         </Value>
         <Value>
            <SimpleValue>FpML</SimpleValue>
         </Value>
         <Value>
            <SimpleValue>Per 2005 ISDA Commodity Definitions, Section 7.2 Certain Definitions Relating To Commodity Reference Prices.</SimpleValue>
         </Value>
      </Row>
      <Row>
         <Value>
            <SimpleValue>LIFFE-LONDON-SOFT</SimpleValue>
         </Value>
         <Value>
            <SimpleValue>FpML</SimpleValue>
         </Value>
         <Value>
            <SimpleValue>Per 2005 ISDA Commodity Definitions, Section 7.2 Certain Definitions Relating To Commodity Reference Prices.</SimpleValue>
         </Value>
      </Row>
      <Row>
         <Value>
            <SimpleValue>CBOT-SOFT</SimpleValue>
         </Value>
         <Value>
            <SimpleValue>FpML</SimpleValue>
         </Value>
         <Value>
            <SimpleValue>Per 2005 ISDA Commodity Definitions, Section 7.2 Certain Definitions Relating To Commodity Reference Prices.</SimpleValue>
         </Value>
      </Row>
      <Row>
         <Value>
            <SimpleValue>CME-DAIRY</SimpleValue>
         </Value>
         <Value>
            <SimpleValue>FpML</SimpleValue>
         </Value>
         <Value>
            <SimpleValue>Per 2005 ISDA Commodity Definitions, Section 7.2 Certain Definitions Relating To Commodity Reference Prices.</SimpleValue>
         </Value>
      </Row>
      <Row>
         <Value>
            <SimpleValue>CME-NON-DAIRY-SOFT</SimpleValue>
         </Value>
         <Value>
            <SimpleValue>FpML</SimpleValue>
         </Value>
         <Value>
            <SimpleValue>Per 2005 ISDA Commodity Definitions, Section 7.2 Certain Definitions Relating To Commodity Reference Prices.</SimpleValue>
         </Value>
      </Row>
      <Row>
         <Value>
            <SimpleValue>SICOM</SimpleValue>
         </Value>
         <Value>
            <SimpleValue>FpML</SimpleValue>
         </Value>
         <Value>
            <SimpleValue>Per 2005 ISDA Commodity Definitions, Section 7.2 Certain Definitions Relating To Commodity Reference Prices.</SimpleValue>
         </Value>
      </Row>
      <Row>
         <Value>
            <SimpleValue>KCBOT</SimpleValue>
         </Value>
         <Value>
            <SimpleValue>FpML</SimpleValue>
         </Value>
         <Value>
            <SimpleValue>Per 2005 ISDA Commodity Definitions, Section 7.2 Certain Definitions Relating To Commodity Reference Prices.</SimpleValue>
         </Value>
      </Row>
      <Row>
         <Value>
            <SimpleValue>SAFEX-SOFT</SimpleValue>
         </Value>
         <Value>
            <SimpleValue>FpML</SimpleValue>
         </Value>
         <Value>
            <SimpleValue>Per 2005 ISDA Commodity Definitions, Section 7.2 Certain Definitions Relating To Commodity Reference Prices.</SimpleValue>
         </Value>
      </Row>
      <Row>
         <Value>
            <SimpleValue>SFE-SOFT</SimpleValue>
         </Value>
         <Value>
            <SimpleValue>FpML</SimpleValue>
         </Value>
         <Value>
            <SimpleValue>Per 2005 ISDA Commodity Definitions, Section 7.2 Certain Definitions Relating To Commodity Reference Prices.</SimpleValue>
         </Value>
      </Row>
      <Row>
         <Value>
            <SimpleValue>BALTIC-EXCHANGE</SimpleValue>
         </Value>
         <Value>
            <SimpleValue>FpML</SimpleValue>
         </Value>
         <Value>
            <SimpleValue>Per 2005 ISDA Commodity Definitions, Section 7.2 Certain Definitions Relating To Commodity Reference Prices.</SimpleValue>
         </Value>
      </Row>
      <Row>
         <Value>
            <SimpleValue>PLATTS-DIRTY-TANKERWIRE</SimpleValue>
         </Value>
         <Value>
            <SimpleValue>FpML</SimpleValue>
         </Value>
         <Value>
            <SimpleValue>Per 2005 ISDA Commodity Definitions, Section 7.2 Certain Definitions Relating To Commodity Reference Prices.</SimpleValue>
         </Value>
      </Row>
      <Row>
         <Value>
            <SimpleValue>PLATTS-CLEAN-TANKERWIRE</SimpleValue>
         </Value>
         <Value>
            <SimpleValue>FpML</SimpleValue>
         </Value>
         <Value>
            <SimpleValue>Per 2005 ISDA Commodity Definitions, Section 7.2 Certain Definitions Relating To Commodity Reference Prices.</SimpleValue>
         </Value>
      </Row>
      <Row>
         <Value>
            <SimpleValue>PLATTS-CLEAN-TANKERWIRE</SimpleValue>
         </Value>
         <Value>
            <SimpleValue>FpML</SimpleValue>
         </Value>
         <Value>
            <SimpleValue>Per 2005 ISDA Commodity Definitions, Section 7.2 Certain Definitions Relating To Commodity Reference Prices.</SimpleValue>
         </Value>
      </Row>
      <Row>
         <Value>
            <SimpleValue>BM&amp;F</SimpleValue>
         </Value>
         <Value>
            <SimpleValue>FpML</SimpleValue>
         </Value>
         <Value>
            <SimpleValue>Per 2005 ISDA Commodity Definitions, Section 7.2 Certain Definitions Relating To Commodity Reference Prices.</SimpleValue>
         </Value>
      </Row>
      <Row>
         <Value>
            <SimpleValue>TOCOM-SOFT</SimpleValue>
         </Value>
         <Value>
            <SimpleValue>FpML</SimpleValue>
         </Value>
         <Value>
            <SimpleValue>Per 2005 ISDA Commodity Definitions, Section 7.2 Certain Definitions Relating To Commodity Reference Prices.</SimpleValue>
         </Value>
      </Row>
      <Row>
         <Value>
            <SimpleValue>PAPER-PACKAGING-MONITOR</SimpleValue>
         </Value>
         <Value>
            <SimpleValue>FpML</SimpleValue>
         </Value>
         <Value>
            <SimpleValue>Per 2005 ISDA Commodity Definitions, Section 7.2 Certain Definitions Relating To Commodity Reference Prices.</SimpleValue>
         </Value>
      </Row>
      <Row>
         <Value>
            <SimpleValue>PULP-AND-PAPER-WEEK</SimpleValue>
         </Value>
         <Value>
            <SimpleValue>FpML</SimpleValue>
         </Value>
         <Value>
            <SimpleValue>Per 2005 ISDA Commodity Definitions, Section 7.2 Certain Definitions Relating To Commodity Reference Prices.</SimpleValue>
         </Value>
      </Row>
      <Row>
         <Value>
            <SimpleValue>PAPER-TRADER</SimpleValue>
         </Value>
         <Value>
            <SimpleValue>FpML</SimpleValue>
         </Value>
         <Value>
            <SimpleValue>Per 2005 ISDA Commodity Definitions, Section 7.2 Certain Definitions Relating To Commodity Reference Prices.</SimpleValue>
         </Value>
      </Row>
      <Row>
         <Value>
            <SimpleValue>PULP-AND-PAPER-INTERNATIONAL</SimpleValue>
         </Value>
         <Value>
            <SimpleValue>FpML</SimpleValue>
         </Value>
         <Value>
            <SimpleValue>Per 2005 ISDA Commodity Definitions, Section 7.2 Certain Definitions Relating To Commodity Reference Prices.</SimpleValue>
         </Value>
      </Row>
      <Row>
         <Value>
            <SimpleValue>PIX-PULP-BENCHMARK-INDICES</SimpleValue>
         </Value>
         <Value>
            <SimpleValue>FpML</SimpleValue>
         </Value>
         <Value>
            <SimpleValue>Per 2005 ISDA Commodity Definitions, Section 7.2 Certain Definitions Relating To Commodity Reference Prices.</SimpleValue>
         </Value>
      </Row>
      <Row>
         <Value>
            <SimpleValue>WORLD-PULP-MONTHLY</SimpleValue>
         </Value>
         <Value>
            <SimpleValue>FpML</SimpleValue>
         </Value>
         <Value>
            <SimpleValue>Per 2005 ISDA Commodity Definitions, Section 7.2 Certain Definitions Relating To Commodity Reference Prices.</SimpleValue>
         </Value>
      </Row>
      <Row>
         <Value>
            <SimpleValue>OFFICIAL-BOARD-MARKETS</SimpleValue>
         </Value>
         <Value>
            <SimpleValue>FpML</SimpleValue>
         </Value>
         <Value>
            <SimpleValue>Per 2005 ISDA Commodity Definitions, Section 7.2 Certain Definitions Relating To Commodity Reference Prices.</SimpleValue>
         </Value>
      </Row>
      <Row>
         <Value>
            <SimpleValue>COMEX</SimpleValue>
         </Value>
         <Value>
            <SimpleValue>FpML</SimpleValue>
         </Value>
         <Value>
            <SimpleValue>Per 2005 ISDA Commodity Definitions, Section 7.2 Certain Definitions Relating To Commodity Reference Prices.</SimpleValue>
         </Value>
      </Row>
      <Row>
         <Value>
            <SimpleValue>LME</SimpleValue>
         </Value>
         <Value>
            <SimpleValue>FpML</SimpleValue>
         </Value>
         <Value>
            <SimpleValue>Per 2005 ISDA Commodity Definitions, Section 7.2 Certain Definitions Relating To Commodity Reference Prices.</SimpleValue>
         </Value>
      </Row>
      <Row>
         <Value>
            <SimpleValue>PLATTS-METALS-ALERT</SimpleValue>
         </Value>
         <Value>
            <SimpleValue>FpML</SimpleValue>
         </Value>
         <Value>
            <SimpleValue>Per 2005 ISDA Commodity Definitions, Section 7.2 Certain Definitions Relating To Commodity Reference Prices.</SimpleValue>
         </Value>
      </Row>
      <Row>
         <Value>
            <SimpleValue>TOCOM-PRECIOUS</SimpleValue>
         </Value>
         <Value>
            <SimpleValue>FpML</SimpleValue>
         </Value>
         <Value>
            <SimpleValue>Per 2005 ISDA Commodity Definitions, Section 7.2 Certain Definitions Relating To Commodity Reference Prices.</SimpleValue>
         </Value>
      </Row>
      <Row>
         <Value>
            <SimpleValue>LONDON-BULLION-MARKET</SimpleValue>
         </Value>
         <Value>
            <SimpleValue>FpML</SimpleValue>
         </Value>
         <Value>
            <SimpleValue>Per 2005 ISDA Commodity Definitions, Section 7.2 Certain Definitions Relating To Commodity Reference Prices.</SimpleValue>
         </Value>
      </Row>
      <Row>
         <Value>
            <SimpleValue>LONDON-BULLION-MARKET-GOLD-A.M-ONLY</SimpleValue>
         </Value>
         <Value>
            <SimpleValue>FpML</SimpleValue>
         </Value>
         <Value>
            <SimpleValue>Per 2005 ISDA Commodity Definitions, Section 7.2 Certain Definitions Relating To Commodity Reference Prices.</SimpleValue>
         </Value>
      </Row>
      <Row>
         <Value>
            <SimpleValue>CRU</SimpleValue>
         </Value>
         <Value>
            <SimpleValue>FpML</SimpleValue>
         </Value>
         <Value>
            <SimpleValue>Per 2005 ISDA Commodity Definitions, Section 7.2 Certain Definitions Relating To Commodity Reference Prices.</SimpleValue>
         </Value>
      </Row>
      <Row>
         <Value>
            <SimpleValue>CRU-LONG</SimpleValue>
         </Value>
         <Value>
            <SimpleValue>FpML</SimpleValue>
         </Value>
         <Value>
            <SimpleValue>Per 2005 ISDA Commodity Definitions, Section 7.2 Certain Definitions Relating To Commodity Reference Prices.</SimpleValue>
         </Value>
      </Row>
      <Row>
         <Value>
            <SimpleValue>CANADIAN-GAS-PRICE-REPORTER</SimpleValue>
         </Value>
         <Value>
            <SimpleValue>FpML</SimpleValue>
         </Value>
         <Value>
            <SimpleValue>Per 2005 ISDA Commodity Definitions, Section 7.2 Certain Definitions Relating To Commodity Reference Prices.</SimpleValue>
         </Value>
      </Row>
      <Row>
         <Value>
            <SimpleValue>GAS-DAILY</SimpleValue>
         </Value>
         <Value>
            <SimpleValue>FpML</SimpleValue>
         </Value>
         <Value>
            <SimpleValue>Per 2005 ISDA Commodity Definitions, Section 7.2 Certain Definitions Relating To Commodity Reference Prices.</SimpleValue>
         </Value>
      </Row>
      <Row>
         <Value>
            <SimpleValue>GAS-DAILY-PRICE-GUIDE</SimpleValue>
         </Value>
         <Value>
            <SimpleValue>FpML</SimpleValue>
         </Value>
         <Value>
            <SimpleValue>Per 2005 ISDA Commodity Definitions, Section 7.2 Certain Definitions Relating To Commodity Reference Prices.</SimpleValue>
         </Value>
      </Row>
      <Row>
         <Value>
            <SimpleValue>ICE/10X-DAILY</SimpleValue>
         </Value>
         <Value>
            <SimpleValue>FpML</SimpleValue>
         </Value>
         <Value>
            <SimpleValue>Per 2005 ISDA Commodity Definitions, Section 7.2 Certain Definitions Relating To Commodity Reference Prices.</SimpleValue>
         </Value>
      </Row>
      <Row>
         <Value>
            <SimpleValue>ICE/10X-MONTHLY</SimpleValue>
         </Value>
         <Value>
            <SimpleValue>FpML</SimpleValue>
         </Value>
         <Value>
            <SimpleValue>Per 2005 ISDA Commodity Definitions, Section 7.2 Certain Definitions Relating To Commodity Reference Prices.</SimpleValue>
         </Value>
      </Row>
      <Row>
         <Value>
            <SimpleValue>INSIDE-FERC</SimpleValue>
         </Value>
         <Value>
            <SimpleValue>FpML</SimpleValue>
         </Value>
         <Value>
            <SimpleValue>Per 2005 ISDA Commodity Definitions, Section 7.2 Certain Definitions Relating To Commodity Reference Prices.</SimpleValue>
         </Value>
      </Row>
      <Row>
         <Value>
            <SimpleValue>NATURAL-GAS-WEEK</SimpleValue>
         </Value>
         <Value>
            <SimpleValue>FpML</SimpleValue>
         </Value>
         <Value>
            <SimpleValue>Per 2005 ISDA Commodity Definitions, Section 7.2 Certain Definitions Relating To Commodity Reference Prices.</SimpleValue>
         </Value>
      </Row>
      <Row>
         <Value>
            <SimpleValue>NGI</SimpleValue>
         </Value>
         <Value>
            <SimpleValue>FpML</SimpleValue>
         </Value>
         <Value>
            <SimpleValue>Per 2005 ISDA Commodity Definitions, Section 7.2 Certain Definitions Relating To Commodity Reference Prices.</SimpleValue>
         </Value>
      </Row>
      <Row>
         <Value>
            <SimpleValue>NGX</SimpleValue>
         </Value>
         <Value>
            <SimpleValue>FpML</SimpleValue>
         </Value>
         <Value>
            <SimpleValue>Per 2005 ISDA Commodity Definitions, Section 7.2 Certain Definitions Relating To Commodity Reference Prices.</SimpleValue>
         </Value>
      </Row>
      <Row>
         <Value>
            <SimpleValue>NYMEX-GAS</SimpleValue>
         </Value>
         <Value>
            <SimpleValue>FpML</SimpleValue>
         </Value>
         <Value>
            <SimpleValue>Per 2005 ISDA Commodity Definitions, Section 7.2 Certain Definitions Relating To Commodity Reference Prices.</SimpleValue>
         </Value>
      </Row>
      <Row>
         <Value>
            <SimpleValue>DOW-JONES-ENERGY-SERVICE</SimpleValue>
         </Value>
         <Value>
            <SimpleValue>FpML</SimpleValue>
         </Value>
         <Value>
            <SimpleValue>Per 2005 ISDA Commodity Definitions, Section 7.2 Certain Definitions Relating To Commodity Reference Prices.</SimpleValue>
         </Value>
      </Row>
      <Row>
         <Value>
            <SimpleValue>ARGUS-EUROPEAN-GAS</SimpleValue>
         </Value>
         <Value>
            <SimpleValue>FpML</SimpleValue>
         </Value>
         <Value>
            <SimpleValue>Per 2005 ISDA Commodity Definitions, Section 7.2 Certain Definitions Relating To Commodity Reference Prices.</SimpleValue>
         </Value>
      </Row>
      <Row>
         <Value>
            <SimpleValue>HEREN-REPORT</SimpleValue>
         </Value>
         <Value>
            <SimpleValue>FpML</SimpleValue>
         </Value>
         <Value>
            <SimpleValue>Per 2005 ISDA Commodity Definitions, Section 7.2 Certain Definitions Relating To Commodity Reference Prices.</SimpleValue>
         </Value>
      </Row>
      <Row>
         <Value>
            <SimpleValue>ICE-GAS</SimpleValue>
         </Value>
         <Value>
            <SimpleValue>FpML</SimpleValue>
         </Value>
         <Value>
            <SimpleValue>Per 2005 ISDA Commodity Definitions, Section 7.2 Certain Definitions Relating To Commodity Reference Prices.</SimpleValue>
         </Value>
      </Row>
      <Row>
         <Value>
            <SimpleValue>PLATTS-EUROPEAN-GAS</SimpleValue>
         </Value>
         <Value>
            <SimpleValue>FpML</SimpleValue>
         </Value>
         <Value>
            <SimpleValue>Per 2005 ISDA Commodity Definitions, Section 7.2 Certain Definitions Relating To Commodity Reference Prices.</SimpleValue>
         </Value>
      </Row>
      <Row>
         <Value>
            <SimpleValue>BANK-NEGARA-MALAYSIA-POLICY-COMMITTEE</SimpleValue>
         </Value>
         <Value>
            <SimpleValue>FpML</SimpleValue>
         </Value>
         <Value>
            <SimpleValue>The business calendar of the Bank Negara Malaysia Policy Committee.</SimpleValue>
         </Value>
      </Row>
      <Row>
         <Value>
            <SimpleValue>BURSA-MALAYSIA-TRADING</SimpleValue>
         </Value>
         <Value>
            <SimpleValue>FpML</SimpleValue>
         </Value>
         <Value>
            <SimpleValue>The trading business calendar for Bursa Malaysia.</SimpleValue>
         </Value>
      </Row>
      <Row>
         <Value>
            <SimpleValue>BURSA-MALAYSIA-SETTLEMENT</SimpleValue>
         </Value>
         <Value>
            <SimpleValue>FpML</SimpleValue>
         </Value>
         <Value>
            <SimpleValue>The settlement business calendar for Bursa Malaysia.</SimpleValue>
         </Value>
      </Row>
      <Row>
         <Value>
            <SimpleValue>DEPARTMENT-OF-ENERGY</SimpleValue>
         </Value>
         <Value>
            <SimpleValue>FpML</SimpleValue>
         </Value>
         <Value>
            <SimpleValue>The business calendar for statistical publications by the by the United States Department of Energy (DOE).</SimpleValue>
         </Value>
      </Row>
      <Row>
         <Value>
            <SimpleValue>ICIS-PRICING-BENZENE-(EUROPE)</SimpleValue>
         </Value>
         <Value>
            <SimpleValue>FpML</SimpleValue>
         </Value>
         <Value>
            <SimpleValue>The business calendar for publication of ICIS Benzene (Europe) data.</SimpleValue>
         </Value>
      </Row>
      <Row>
         <Value>
            <SimpleValue>ICIS-PRICING-ETHYLENE-(EUROPE)</SimpleValue>
         </Value>
         <Value>
            <SimpleValue>FpML</SimpleValue>
         </Value>
         <Value>
            <SimpleValue>The business calendar for publication of ICIS Ethylene (Europe) data.</SimpleValue>
         </Value>
      </Row>
      <Row>
         <Value>
            <SimpleValue>ICIS-PRICING-POLYPROPYLENE-(EUROPE)</SimpleValue>
         </Value>
         <Value>
            <SimpleValue>FpML</SimpleValue>
         </Value>
         <Value>
            <SimpleValue>The business calendar for publication of ICIS Polyproylene (Europe) data.</SimpleValue>
         </Value>
      </Row>
      <Row>
         <Value>
            <SimpleValue>KUALA-LUMPUR-BANK</SimpleValue>
         </Value>
         <Value>
            <SimpleValue>FpML</SimpleValue>
         </Value>
         <Value>
            <SimpleValue>The banking business calendar in Kuala Lumpur.</SimpleValue>
         </Value>
      </Row>
      <Row>
         <Value>
            <SimpleValue>LABUAN-BANK</SimpleValue>
         </Value>
         <Value>
            <SimpleValue>FpML</SimpleValue>
         </Value>
         <Value>
            <SimpleValue>The business calendar for the Labuan Bank (Malaysia).</SimpleValue>
         </Value>
      </Row>
   </SimpleCodeList>
</gcl:CodeList>