<?xml version="1.0" encoding="UTF-8"?>
<gcl:CodeList xmlns:gcl="http://xml.genericode.org/2004/ns/CodeList/0.2/" xmlns:doc="http://www.fpml.org/coding-scheme/documentation" xmlns:xsi="http://www.w3.org/2001/XMLSchema-instance" xsi:schemaLocation="http://xml.genericode.org/2004/ns/CodeList/0.2/ CodeList.xsd">
   <Annotation>
      <Description>
         <doc:definition>Specifies the frequency with which a price shall be observed.</doc:definition>
      </Description>
   </Annotation>
   <Identification>
      <ShortName>commodityFrequencyTypeScheme</ShortName>
      <Version>1-0</Version>
      <CanonicalUri>http://www.fpml.org/coding-scheme/commodity-frequency-type</CanonicalUri>
      <CanonicalVersionUri>http://www.fpml.org/coding-scheme/commodity-frequency-type-1-0</CanonicalVersionUri>
      <LocationUri>http://www.fpml.org/coding-scheme/commodity-frequency-type-1-0.xml</LocationUri>
   </Identification>
   <ColumnSet>
      <Column Id="Code" Use="required">
         <ShortName>Code</ShortName>
         <Data Type="token">
            <Parameter ShortName="maxLength">63</Parameter>
         </Data>
      </Column>
      <Column Id="Source" Use="optional">
         <ShortName>Source</ShortName>
         <Data Type="string"/>
      </Column>
      <Column Id="Description" Use="optional">
         <ShortName>Description</ShortName>
         <Data Type="string"/>
      </Column>
      <Key Id="PrimaryKey">
         <ShortName>key</ShortName>
         <ColumnRef Ref="Code"/>
      </Key>
   </ColumnSet>
   <SimpleCodeList>
      <Row>
         <Value>
            <SimpleValue>First</SimpleValue>
         </Value>
         <Value>
            <SimpleValue>FpML</SimpleValue>
         </Value>
         <Value>
            <SimpleValue>The price will be observed only on the first day (day type is defined in the message) in the Calculation Period.</SimpleValue>
         </Value>
      </Row>
      <Row>
         <Value>
            <SimpleValue>Last</SimpleValue>
         </Value>
         <Value>
            <SimpleValue>FpML</SimpleValue>
         </Value>
         <Value>
            <SimpleValue>The price will be observed only on the last day (day type is defined in the message) in the Calculation Period.</SimpleValue>
         </Value>
      </Row>
      <Row>
         <Value>
            <SimpleValue>Penultimate</SimpleValue>
         </Value>
         <Value>
            <SimpleValue>FpML</SimpleValue>
         </Value>
         <Value>
            <SimpleValue>The price will be observed only on the penultimate day (day type is defined in the message) in the Calculation Period.</SimpleValue>
         </Value>
      </Row>
      <Row>
         <Value>
            <SimpleValue>All</SimpleValue>
         </Value>
         <Value>
            <SimpleValue>FpML</SimpleValue>
         </Value>
         <Value>
            <SimpleValue>The price will be observed on all days (day type is defined in the message) in the Calculation Period.</SimpleValue>
         </Value>
      </Row>
   </SimpleCodeList>
</gcl:CodeList>