<?xml version="1.0" encoding="UTF-8"?>
<gcl:CodeList xmlns:gcl="http://xml.genericode.org/2004/ns/CodeList/0.2/" xmlns:doc="http://www.fpml.org/coding-scheme/documentation" xmlns:xsi="http://www.w3.org/2001/XMLSchema-instance" xsi:schemaLocation="http://xml.genericode.org/2004/ns/CodeList/0.2/ CodeList.xsd">
   <Annotation>
      <Description>
         <doc:definition>Defines a scheme of values for specifiying the regulatory reporting types of the counterparties to a transaction.</doc:definition>
         <doc:publicationDate>2011-05-13</doc:publicationDate>
         <doc:status>working-draft</doc:status>
      </Description>
   </Annotation>
   <Identification>
      <ShortName>counterpartyTypesScheme</ShortName>
      <Version>1-0</Version>
      <CanonicalUri>http://www.fpml.org/coding-scheme/counterparty-types</CanonicalUri>
      <CanonicalVersionUri>http://www.fpml.org/coding-scheme/counterparty-types-1-0</CanonicalVersionUri>
      <LocationUri>http://www.fpml.org/coding-scheme/counterparty-types-1-0.xml</LocationUri>
   </Identification>
   <ColumnSet>
      <Column Id="Code" Use="required">
         <ShortName>Code</ShortName>
         <Data Type="token">
            <Parameter ShortName="maxLength">63</Parameter>
         </Data>
      </Column>
      <Column Id="Source" Use="optional">
         <ShortName>Source</ShortName>
         <Data Type="string"/>
      </Column>
      <Column Id="Description" Use="optional">
         <ShortName>Description</ShortName>
         <Data Type="string"/>
      </Column>
      <Key Id="PrimaryKey">
         <ShortName>key</ShortName>
         <ColumnRef Ref="Code"/>
      </Key>
   </ColumnSet>
   <SimpleCodeList>
      <Row>
         <Value>
            <SimpleValue>InterDealer</SimpleValue>
         </Value>
         <Value>
            <SimpleValue>FpML</SimpleValue>
         </Value>
         <Value>
            <SimpleValue>Both counterparties are Swaps Dealers as defined by 17 CFR Part 45.</SimpleValue>
         </Value>
      </Row>
      <Row>
         <Value>
            <SimpleValue>InterMSP</SimpleValue>
         </Value>
         <Value>
            <SimpleValue>FpML</SimpleValue>
         </Value>
         <Value>
            <SimpleValue>Both counterparties are Major Swaps Participants as defined by 17 CFR Part 45.</SimpleValue>
         </Value>
      </Row>
      <Row>
         <Value>
            <SimpleValue>DealerMSP</SimpleValue>
         </Value>
         <Value>
            <SimpleValue>FpML</SimpleValue>
         </Value>
         <Value>
            <SimpleValue>One party is a Swaps Dealer and the other is a Major Swaps Participant as defined by 17 CFR Part 45.</SimpleValue>
         </Value>
      </Row>
      <Row>
         <Value>
            <SimpleValue>DealerOther</SimpleValue>
         </Value>
         <Value>
            <SimpleValue>FpML</SimpleValue>
         </Value>
         <Value>
            <SimpleValue>One party is a Swaps Dealer and the other not a Swaps Dealer or a Major Swaps Participant as defined by 17 CFR Part 45.</SimpleValue>
         </Value>
      </Row>
      <Row>
         <Value>
            <SimpleValue>MSPOther</SimpleValue>
         </Value>
         <Value>
            <SimpleValue>FpML</SimpleValue>
         </Value>
         <Value>
            <SimpleValue>One party is a Major Swaps Participant and the other is not that nor a Swaps Dealer as defined by 17 CFR Part 45.</SimpleValue>
         </Value>
      </Row>
      <Row>
         <Value>
            <SimpleValue>OtherOther</SimpleValue>
         </Value>
         <Value>
            <SimpleValue>FpML</SimpleValue>
         </Value>
         <Value>
            <SimpleValue>Neither party is a Major Swaps Participant nor a Swaps Dealer as defined by 17 CFR Part 45.</SimpleValue>
         </Value>
      </Row>
   </SimpleCodeList>
</gcl:CodeList>