<?xml version="1.0" encoding="UTF-8"?>
<gcl:CodeList xmlns:gcl="http://xml.genericode.org/2004/ns/CodeList/0.2/" xmlns:doc="http://www.fpml.org/coding-scheme/documentation" xmlns:xsi="http://www.w3.org/2001/XMLSchema-instance" xsi:schemaLocation="http://xml.genericode.org/2004/ns/CodeList/0.2/ CodeList.xsd">
   <Annotation>
      <Description>
         <doc:definition>Specifies the repayment precedence of a debt instrument.</doc:definition>
      </Description>
   </Annotation>
   <Identification>
      <ShortName>creditSeniorityScheme</ShortName>
      <Version>2-0</Version>
      <CanonicalUri>http://www.fpml.org/coding-scheme/credit-seniority</CanonicalUri>
      <CanonicalVersionUri>http://www.fpml.org/coding-scheme/credit-seniority-2-0</CanonicalVersionUri>
      <LocationUri>http://www.fpml.org/coding-scheme/credit-seniority-2-0.xml</LocationUri>
   </Identification>
   <ColumnSet>
      <Column Id="Code" Use="required">
         <ShortName>Code</ShortName>
         <Data Type="token">
            <Parameter ShortName="maxLength">63</Parameter>
         </Data>
      </Column>
      <Column Id="Source" Use="optional">
         <ShortName>Source</ShortName>
         <Data Type="string"/>
      </Column>
      <Column Id="Description" Use="optional">
         <ShortName>Description</ShortName>
         <Data Type="string"/>
      </Column>
      <Key Id="PrimaryKey">
         <ShortName>key</ShortName>
         <ColumnRef Ref="Code"/>
      </Key>
   </ColumnSet>
   <SimpleCodeList>
      <Row>
         <Value>
            <SimpleValue>SeniorSec</SimpleValue>
         </Value>
         <Value>
            <SimpleValue>FpML</SimpleValue>
         </Value>
         <Value>
            <SimpleValue>Senior domestic (RED Tier Code: SECDOM).</SimpleValue>
         </Value>
      </Row>
      <Row>
         <Value>
            <SimpleValue>SeniorUnSec</SimpleValue>
         </Value>
         <Value>
            <SimpleValue>FpML</SimpleValue>
         </Value>
         <Value>
            <SimpleValue>Senior foreign  (RED Tier Code: SNRFOR).</SimpleValue>
         </Value>
      </Row>
      <Row>
         <Value>
            <SimpleValue>SubTier1</SimpleValue>
         </Value>
         <Value>
            <SimpleValue>FpML</SimpleValue>
         </Value>
         <Value>
            <SimpleValue>Subordinate Tier 1 (RED Tier Code: PREFT1).</SimpleValue>
         </Value>
      </Row>
      <Row>
         <Value>
            <SimpleValue>SubUpperTier2</SimpleValue>
         </Value>
         <Value>
            <SimpleValue>FpML</SimpleValue>
         </Value>
         <Value>
            <SimpleValue>Subordinate, Upper Tier 2 (RED Tier Code: JRSUBUT2).</SimpleValue>
         </Value>
      </Row>
      <Row>
         <Value>
            <SimpleValue>SubLowerTier2</SimpleValue>
         </Value>
         <Value>
            <SimpleValue>FpML</SimpleValue>
         </Value>
         <Value>
            <SimpleValue>Subordinate, Lower Tier 2 (RED Tier Code: SUBLT2).</SimpleValue>
         </Value>
      </Row>
      <Row>
         <Value>
            <SimpleValue>SubTier3</SimpleValue>
         </Value>
         <Value>
            <SimpleValue>FpML</SimpleValue>
         </Value>
         <Value>
            <SimpleValue>Subordinate, Tier 3.</SimpleValue>
         </Value>
      </Row>
   </SimpleCodeList>
</gcl:CodeList>