<?xml version="1.0" encoding="UTF-8"?>
<gcl:CodeList xmlns:gcl="http://xml.genericode.org/2004/ns/CodeList/0.2/" xmlns:doc="http://www.fpml.org/coding-scheme/documentation" xmlns:xsi="http://www.w3.org/2001/XMLSchema-instance" xsi:schemaLocation="http://xml.genericode.org/2004/ns/CodeList/0.2/ CodeList.xsd">
   <Annotation>
      <Description>
         <doc:definition>The specification of the cut name, or expiry date and time, for an FX OTC option.</doc:definition>
      </Description>
   </Annotation>
   <Identification>
      <ShortName>cutNameScheme</ShortName>
      <Version>1-0</Version>
      <CanonicalUri>http://www.fpml.org/coding-scheme/cut-name</CanonicalUri>
      <CanonicalVersionUri>http://www.fpml.org/coding-scheme/cut-name-1-0</CanonicalVersionUri>
      <LocationUri>http://www.fpml.org/coding-scheme/cut-name-1-0.xml</LocationUri>
   </Identification>
   <ColumnSet>
      <Column Id="Code" Use="required">
         <ShortName>Code</ShortName>
         <Data Type="token">
            <Parameter ShortName="maxLength">63</Parameter>
         </Data>
      </Column>
      <Column Id="Source" Use="optional">
         <ShortName>Source</ShortName>
         <Data Type="string"/>
      </Column>
      <Column Id="Description" Use="optional">
         <ShortName>Description</ShortName>
         <Data Type="string"/>
      </Column>
      <Key Id="PrimaryKey">
         <ShortName>key</ShortName>
         <ColumnRef Ref="Code"/>
      </Key>
   </ColumnSet>
   <SimpleCodeList>
      <Row>
         <Value>
            <SimpleValue>Comex</SimpleValue>
         </Value>
         <Value>
            <SimpleValue>FpML</SimpleValue>
         </Value>
         <Value>
            <SimpleValue>2:30 p.m. New York time.</SimpleValue>
         </Value>
      </Row>
      <Row>
         <Value>
            <SimpleValue>ECB</SimpleValue>
         </Value>
         <Value>
            <SimpleValue>FpML</SimpleValue>
         </Value>
         <Value>
            <SimpleValue>1:30 p.m. London time.</SimpleValue>
         </Value>
      </Row>
      <Row>
         <Value>
            <SimpleValue>LondonMorningGold</SimpleValue>
         </Value>
         <Value>
            <SimpleValue>FpML</SimpleValue>
         </Value>
         <Value>
            <SimpleValue>10:30 a.m. London time.</SimpleValue>
         </Value>
      </Row>
      <Row>
         <Value>
            <SimpleValue>LondonEveningPgm</SimpleValue>
         </Value>
         <Value>
            <SimpleValue>FpML</SimpleValue>
         </Value>
         <Value>
            <SimpleValue>2:00 p.m. London time.</SimpleValue>
         </Value>
      </Row>
      <Row>
         <Value>
            <SimpleValue>LondonMorningPgm</SimpleValue>
         </Value>
         <Value>
            <SimpleValue>FpML</SimpleValue>
         </Value>
         <Value>
            <SimpleValue>9:45 a.m. London time.</SimpleValue>
         </Value>
      </Row>
      <Row>
         <Value>
            <SimpleValue>LondonEveningGold</SimpleValue>
         </Value>
         <Value>
            <SimpleValue>FpML</SimpleValue>
         </Value>
         <Value>
            <SimpleValue>3:00 p.m. London time.</SimpleValue>
         </Value>
      </Row>
      <Row>
         <Value>
            <SimpleValue>Mexico</SimpleValue>
         </Value>
         <Value>
            <SimpleValue>FpML</SimpleValue>
         </Value>
         <Value>
            <SimpleValue>12:30 p.m. New York time.</SimpleValue>
         </Value>
      </Row>
      <Row>
         <Value>
            <SimpleValue>NewYork</SimpleValue>
         </Value>
         <Value>
            <SimpleValue>FpML</SimpleValue>
         </Value>
         <Value>
            <SimpleValue>10:00 a.m. New York time.</SimpleValue>
         </Value>
      </Row>
      <Row>
         <Value>
            <SimpleValue>NewYorkPgm</SimpleValue>
         </Value>
         <Value>
            <SimpleValue>FpML</SimpleValue>
         </Value>
         <Value>
            <SimpleValue>9:30 a.m. New York time.</SimpleValue>
         </Value>
      </Row>
      <Row>
         <Value>
            <SimpleValue>SilverLondon</SimpleValue>
         </Value>
         <Value>
            <SimpleValue>FpML</SimpleValue>
         </Value>
         <Value>
            <SimpleValue>12:15 p.m. London time.</SimpleValue>
         </Value>
      </Row>
   </SimpleCodeList>
</gcl:CodeList>