<?xml version="1.0" encoding="UTF-8"?>
<gcl:CodeList xmlns:gcl="http://xml.genericode.org/2004/ns/CodeList/0.2/" xmlns:doc="http://www.fpml.org/coding-scheme/documentation" xmlns:xsi="http://www.w3.org/2001/XMLSchema-instance" xsi:schemaLocation="http://xml.genericode.org/2004/ns/CodeList/0.2/ CodeList.xsd">
   <Annotation>
      <Description>
         <doc:definition>Contains a code representing the type of venue where a trade could be executed.</doc:definition>
         <doc:publicationDate>2011-06-10</doc:publicationDate>
         <doc:status>working-draft</doc:status>
      </Description>
   </Annotation>
   <Identification>
      <ShortName>executionVenueTypeScheme</ShortName>
      <Version>1-0</Version>
      <CanonicalUri>http://www.fpml.org/coding-scheme/execution-venue-type</CanonicalUri>
      <CanonicalVersionUri>http://www.fpml.org/coding-scheme/execution-venue-type-1-0</CanonicalVersionUri>
      <LocationUri>http://www.fpml.org/coding-scheme/execution-venue-type-1-0.xml</LocationUri>
   </Identification>
   <ColumnSet>
      <Column Id="Code" Use="required">
         <ShortName>Code</ShortName>
         <Data Type="token">
            <Parameter ShortName="maxLength">63</Parameter>
         </Data>
      </Column>
      <Column Id="Source" Use="optional">
         <ShortName>Source</ShortName>
         <Data Type="string"/>
      </Column>
      <Column Id="Description" Use="optional">
         <ShortName>Description</ShortName>
         <Data Type="string"/>
      </Column>
      <Key Id="PrimaryKey">
         <ShortName>key</ShortName>
         <ColumnRef Ref="Code"/>
      </Key>
   </ColumnSet>
   <SimpleCodeList>
      <Row>
         <Value>
            <SimpleValue>SEF</SimpleValue>
         </Value>
         <Value>
            <SimpleValue>FpML</SimpleValue>
         </Value>
         <Value>
            <SimpleValue>Registered Swaps Execution Facility.</SimpleValue>
         </Value>
      </Row>
      <Row>
         <Value>
            <SimpleValue>DCM</SimpleValue>
         </Value>
         <Value>
            <SimpleValue>FpML</SimpleValue>
         </Value>
         <Value>
            <SimpleValue>Registered Designated Contract Market.</SimpleValue>
         </Value>
      </Row>
      <Row>
         <Value>
            <SimpleValue>Off-Facility</SimpleValue>
         </Value>
         <Value>
            <SimpleValue>FpML</SimpleValue>
         </Value>
         <Value>
            <SimpleValue>Bilateral execution between counterparties not pursuant to the rules of a SEF or DCM.</SimpleValue>
         </Value>
      </Row>
   </SimpleCodeList>
</gcl:CodeList>