<?xml version="1.0" encoding="UTF-8"?>
<gcl:CodeList xmlns:gcl="http://xml.genericode.org/2004/ns/CodeList/0.2/" xmlns:doc="http://www.fpml.org/coding-scheme/documentation" xmlns:xsi="http://www.w3.org/2001/XMLSchema-instance" xsi:schemaLocation="http://xml.genericode.org/2004/ns/CodeList/0.2/ CodeList.xsd">
   <Annotation>
      <Description>
         <doc:description>
            <doc:paragraph>The specification of the Index Descriptions based on the section 1.12 of the 2006 ISDA Inflation Derivatives Definitions</doc:paragraph>
         </doc:description>
      </Description>
   </Annotation>
   <Identification>
      <ShortName>inflationIndexDescriptionScheme</ShortName>
      <Version>2-0</Version>
      <CanonicalUri>http://www.fpml.org/coding-scheme/inflation-index-description</CanonicalUri>
      <CanonicalVersionUri>http://www.fpml.org/coding-scheme/inflation-index-description-2-0</CanonicalVersionUri>
      <LocationUri>http://www.fpml.org/coding-scheme/inflation-index-description-2-0.xml</LocationUri>
   </Identification>
   <ColumnSet>
      <Column Id="Code" Use="required">
         <ShortName>Code</ShortName>
         <Data Type="token">
            <Parameter ShortName="maxLength">63</Parameter>
         </Data>
      </Column>
      <Column Id="Source" Use="optional">
         <ShortName>Source</ShortName>
         <Data Type="string"/>
      </Column>
      <Column Id="Description" Use="optional">
         <ShortName>Description</ShortName>
         <Data Type="string"/>
      </Column>
      <Key Id="PrimaryKey">
         <ShortName>key</ShortName>
         <ColumnRef Ref="Code"/>
      </Key>
   </ColumnSet>
   <SimpleCodeList>
      <Row>
         <Value>
            <SimpleValue>AUD-CPI</SimpleValue>
         </Value>
         <Value>
            <SimpleValue>FpML</SimpleValue>
         </Value>
         <Value>
            <SimpleValue>AUD – Non-revised Consumer Price Index (CPI)</SimpleValue>
         </Value>
      </Row>
      <Row>
         <Value>
            <SimpleValue>BLG-HICP</SimpleValue>
         </Value>
         <Value>
            <SimpleValue>FpML</SimpleValue>
         </Value>
         <Value>
            <SimpleValue>BLG – Non-revised Harmonised Consumer Price Index (HICP)</SimpleValue>
         </Value>
      </Row>
      <Row>
         <Value>
            <SimpleValue>BRL-IPCA</SimpleValue>
         </Value>
         <Value>
            <SimpleValue>FpML</SimpleValue>
         </Value>
         <Value>
            <SimpleValue>BRL – Non-revised Consumer Price Index (IPCA)</SimpleValue>
         </Value>
      </Row>
      <Row>
         <Value>
            <SimpleValue>BRL-IGPM</SimpleValue>
         </Value>
         <Value>
            <SimpleValue>FpML</SimpleValue>
         </Value>
         <Value>
            <SimpleValue>BRL – Non-revised Price Index (IGP-M)</SimpleValue>
         </Value>
      </Row>
      <Row>
         <Value>
            <SimpleValue>CAD-CPI</SimpleValue>
         </Value>
         <Value>
            <SimpleValue>FpML</SimpleValue>
         </Value>
         <Value>
            <SimpleValue>CAD – Non-revised Consumer Price Index (CPI)</SimpleValue>
         </Value>
      </Row>
      <Row>
         <Value>
            <SimpleValue>DEK-CPI</SimpleValue>
         </Value>
         <Value>
            <SimpleValue>FpML</SimpleValue>
         </Value>
         <Value>
            <SimpleValue>DEK – Non-revised Consumer Price Index (CPI)</SimpleValue>
         </Value>
      </Row>
      <Row>
         <Value>
            <SimpleValue>EUR-EXT-CPI</SimpleValue>
         </Value>
         <Value>
            <SimpleValue>FpML</SimpleValue>
         </Value>
         <Value>
            <SimpleValue>EUR – Excluding Tobacco-Non-revised Consumer Price Index</SimpleValue>
         </Value>
      </Row>
      <Row>
         <Value>
            <SimpleValue>EUR-AI-CPI</SimpleValue>
         </Value>
         <Value>
            <SimpleValue>FpML</SimpleValue>
         </Value>
         <Value>
            <SimpleValue>EUR – All Items-Non-revised Consumer Price Index</SimpleValue>
         </Value>
      </Row>
      <Row>
         <Value>
            <SimpleValue>EUR-AI-R-CPI</SimpleValue>
         </Value>
         <Value>
            <SimpleValue>FpML</SimpleValue>
         </Value>
         <Value>
            <SimpleValue>EUR – All Items–Revised Consumer Price Index</SimpleValue>
         </Value>
      </Row>
      <Row>
         <Value>
            <SimpleValue>FRC-EXT-CPI</SimpleValue>
         </Value>
         <Value>
            <SimpleValue>FpML</SimpleValue>
         </Value>
         <Value>
            <SimpleValue>FRC – Excluding Tobacco-Non-Revised Consumer Price Index</SimpleValue>
         </Value>
      </Row>
      <Row>
         <Value>
            <SimpleValue>DEM-CPI</SimpleValue>
         </Value>
         <Value>
            <SimpleValue>FpML</SimpleValue>
         </Value>
         <Value>
            <SimpleValue>DEM – Non-revised Consumer Price Index (CPI)</SimpleValue>
         </Value>
      </Row>
      <Row>
         <Value>
            <SimpleValue>GRD-HICP</SimpleValue>
         </Value>
         <Value>
            <SimpleValue>FpML</SimpleValue>
         </Value>
         <Value>
            <SimpleValue>GRD – Harmonised-Non-revised Consumer Price Index (HICP)</SimpleValue>
         </Value>
      </Row>
      <Row>
         <Value>
            <SimpleValue>GRD-CPI</SimpleValue>
         </Value>
         <Value>
            <SimpleValue>FpML</SimpleValue>
         </Value>
         <Value>
            <SimpleValue>GRD – Non-revised Consumer Price Index (CPI)</SimpleValue>
         </Value>
      </Row>
      <Row>
         <Value>
            <SimpleValue>IRL-CPI</SimpleValue>
         </Value>
         <Value>
            <SimpleValue>FpML</SimpleValue>
         </Value>
         <Value>
            <SimpleValue>IRL – Non-revised Consumer Price Index (CPI)</SimpleValue>
         </Value>
      </Row>
      <Row>
         <Value>
            <SimpleValue>ISK-CPI</SimpleValue>
         </Value>
         <Value>
            <SimpleValue>FpML</SimpleValue>
         </Value>
         <Value>
            <SimpleValue>ISK – Non-revised Consumer Price Index (CPI)</SimpleValue>
         </Value>
      </Row>
      <Row>
         <Value>
            <SimpleValue>ISK-HICP</SimpleValue>
         </Value>
         <Value>
            <SimpleValue>FpML</SimpleValue>
         </Value>
         <Value>
            <SimpleValue>ISK – Harmonised Consumer Price Index (HICP)</SimpleValue>
         </Value>
      </Row>
      <Row>
         <Value>
            <SimpleValue>ITL-WC-EXT-CPI</SimpleValue>
         </Value>
         <Value>
            <SimpleValue>FpML</SimpleValue>
         </Value>
         <Value>
            <SimpleValue>ITL – Whole Community –Excluding Tobacco Consumer Price Index</SimpleValue>
         </Value>
      </Row>
      <Row>
         <Value>
            <SimpleValue>ITL-WC-INT-CPI</SimpleValue>
         </Value>
         <Value>
            <SimpleValue>FpML</SimpleValue>
         </Value>
         <Value>
            <SimpleValue>ITL – Whole Community –Including Tobacco Consumer Price Index</SimpleValue>
         </Value>
      </Row>
      <Row>
         <Value>
            <SimpleValue>ITL-BC-EXT-CPI</SimpleValue>
         </Value>
         <Value>
            <SimpleValue>FpML</SimpleValue>
         </Value>
         <Value>
            <SimpleValue>ITL – Inflation for Blue Collar Workers and Employees–Excluding Tobacco Consumer Price Index</SimpleValue>
         </Value>
      </Row>
      <Row>
         <Value>
            <SimpleValue>ITL-BC-INT-CPI</SimpleValue>
         </Value>
         <Value>
            <SimpleValue>FpML</SimpleValue>
         </Value>
         <Value>
            <SimpleValue>ITL – Inflation for Blue Collar Workers and Employees-Including Tobacco Consumer Price Index</SimpleValue>
         </Value>
      </Row>
      <Row>
         <Value>
            <SimpleValue>JPY-CPI-EXF</SimpleValue>
         </Value>
         <Value>
            <SimpleValue>FpML</SimpleValue>
         </Value>
         <Value>
            <SimpleValue>JPY – Non-revised Consumer Price Index Nationwide General Excluding Fresh Food (CPI)</SimpleValue>
         </Value>
      </Row>
      <Row>
         <Value>
            <SimpleValue>MXN-CPI</SimpleValue>
         </Value>
         <Value>
            <SimpleValue>FpML</SimpleValue>
         </Value>
         <Value>
            <SimpleValue>MXN – Non-revised Consumer Price Index (CPI)</SimpleValue>
         </Value>
      </Row>
      <Row>
         <Value>
            <SimpleValue>MXN-UDI</SimpleValue>
         </Value>
         <Value>
            <SimpleValue>FpML</SimpleValue>
         </Value>
         <Value>
            <SimpleValue>MXN – Unidad de Inversion Index (UDI)</SimpleValue>
         </Value>
      </Row>
      <Row>
         <Value>
            <SimpleValue>NLG-HICP</SimpleValue>
         </Value>
         <Value>
            <SimpleValue>FpML</SimpleValue>
         </Value>
         <Value>
            <SimpleValue>NLG – Harmonised-Non-revised Consumer Price Index (HICP)</SimpleValue>
         </Value>
      </Row>
      <Row>
         <Value>
            <SimpleValue>NZD-CPI</SimpleValue>
         </Value>
         <Value>
            <SimpleValue>FpML</SimpleValue>
         </Value>
         <Value>
            <SimpleValue>NZD – Non-revised Consumer Price Index (CPI)</SimpleValue>
         </Value>
      </Row>
      <Row>
         <Value>
            <SimpleValue>PLN-CPI</SimpleValue>
         </Value>
         <Value>
            <SimpleValue>FpML</SimpleValue>
         </Value>
         <Value>
            <SimpleValue>PLN – Non-Revised Consumer Price Index (CPI)</SimpleValue>
         </Value>
      </Row>
      <Row>
         <Value>
            <SimpleValue>KRW-CPI</SimpleValue>
         </Value>
         <Value>
            <SimpleValue>FpML</SimpleValue>
         </Value>
         <Value>
            <SimpleValue>KRW – Non-revised Consumer Price Index (CPI)</SimpleValue>
         </Value>
      </Row>
      <Row>
         <Value>
            <SimpleValue>ESP-R-CPI</SimpleValue>
         </Value>
         <Value>
            <SimpleValue>FpML</SimpleValue>
         </Value>
         <Value>
            <SimpleValue>ESP – National-Revised Consumer Price Index (CPI).</SimpleValue>
         </Value>
      </Row>
      <Row>
         <Value>
            <SimpleValue>ESP-CPI</SimpleValue>
         </Value>
         <Value>
            <SimpleValue>FpML</SimpleValue>
         </Value>
         <Value>
            <SimpleValue>ESP – National-Non-revised Consumer Price Index (CPI)</SimpleValue>
         </Value>
      </Row>
      <Row>
         <Value>
            <SimpleValue>ESP-R-HICP</SimpleValue>
         </Value>
         <Value>
            <SimpleValue>FpML</SimpleValue>
         </Value>
         <Value>
            <SimpleValue>ESP – Harmonised-Revised Consumer Price Index (HCPI)</SimpleValue>
         </Value>
      </Row>
      <Row>
         <Value>
            <SimpleValue>ESP-HICP</SimpleValue>
         </Value>
         <Value>
            <SimpleValue>FpML</SimpleValue>
         </Value>
         <Value>
            <SimpleValue>ESP – Harmonised-Non-revised Consumer Price Index (HCPI)</SimpleValue>
         </Value>
      </Row>
      <Row>
         <Value>
            <SimpleValue>ZAR-CPIX</SimpleValue>
         </Value>
         <Value>
            <SimpleValue>FpML</SimpleValue>
         </Value>
         <Value>
            <SimpleValue>ZAR – Non-revised Consumer Price Index Excluding Mortgages (CPIX)</SimpleValue>
         </Value>
      </Row>
      <Row>
         <Value>
            <SimpleValue>ZAR-CPI</SimpleValue>
         </Value>
         <Value>
            <SimpleValue>FpML</SimpleValue>
         </Value>
         <Value>
            <SimpleValue>ZAR – Non-revised Consumer Price Index (CPI)</SimpleValue>
         </Value>
      </Row>
      <Row>
         <Value>
            <SimpleValue>SEK-CPI</SimpleValue>
         </Value>
         <Value>
            <SimpleValue>FpML</SimpleValue>
         </Value>
         <Value>
            <SimpleValue>SEK – Non-revised Consumer Price Index (CPI)</SimpleValue>
         </Value>
      </Row>
      <Row>
         <Value>
            <SimpleValue>UK-RPI</SimpleValue>
         </Value>
         <Value>
            <SimpleValue>FpML</SimpleValue>
         </Value>
         <Value>
            <SimpleValue>GBP – Non-revised Retail Price Index (UKRPI)</SimpleValue>
         </Value>
      </Row>
      <Row>
         <Value>
            <SimpleValue>USA-CPI-U</SimpleValue>
         </Value>
         <Value>
            <SimpleValue>FpML</SimpleValue>
         </Value>
         <Value>
            <SimpleValue>USA – Non-revised Consumer Price Index – Urban (CPI-U)</SimpleValue>
         </Value>
      </Row>
   </SimpleCodeList>
</gcl:CodeList>