<?xml version="1.0" encoding="UTF-8"?>
<gcl:CodeList xmlns:gcl="http://xml.genericode.org/2004/ns/CodeList/0.2/" xmlns:doc="http://www.fpml.org/coding-scheme/documentation" xmlns:xsi="http://www.w3.org/2001/XMLSchema-instance" xsi:schemaLocation="http://xml.genericode.org/2004/ns/CodeList/0.2/ CodeList.xsd">
   <Annotation>
      <Description>
         <doc:definition>This overrides the countryScheme. Specifies the Local Jurisdiction that applies to a Transaction, for example for the purposes of defining which Local Taxes will apply.</doc:definition>
      </Description>
   </Annotation>
   <Identification>
      <ShortName>localJurisdictionScheme</ShortName>
      <Version>1-0</Version>
      <CanonicalUri>http://www.fpml.org/coding-scheme/local-jurisdiction</CanonicalUri>
      <CanonicalVersionUri>http://www.fpml.org/coding-scheme/local-jurisdiction-1-0</CanonicalVersionUri>
      <LocationUri>http://www.fpml.org/coding-scheme/local-jurisdiction-1-0.xml</LocationUri>
   </Identification>
   <ColumnSet>
      <Column Id="Code" Use="required">
         <ShortName>Code</ShortName>
         <Data Type="token">
            <Parameter ShortName="maxLength">63</Parameter>
         </Data>
      </Column>
      <Column Id="Source" Use="optional">
         <ShortName>Source</ShortName>
         <Data Type="string"/>
      </Column>
      <Column Id="Description" Use="optional">
         <ShortName>Description</ShortName>
         <Data Type="string"/>
      </Column>
      <Key Id="PrimaryKey">
         <ShortName>key</ShortName>
         <ColumnRef Ref="Code"/>
      </Key>
   </ColumnSet>
   <SimpleCodeList>
      <Row>
         <Value>
            <SimpleValue>NotApplicable</SimpleValue>
         </Value>
         <Value>
            <SimpleValue>FpML</SimpleValue>
         </Value>
         <Value>
            <SimpleValue>No Local Jurisdiction applies to this Transaction.</SimpleValue>
         </Value>
      </Row>
      <Row>
         <Value>
            <SimpleValue>India</SimpleValue>
         </Value>
         <Value>
            <SimpleValue>FpML</SimpleValue>
         </Value>
         <Value>
            <SimpleValue>Indian Local Jurisdiction applies.</SimpleValue>
         </Value>
      </Row>
      <Row>
         <Value>
            <SimpleValue>Indonesia</SimpleValue>
         </Value>
         <Value>
            <SimpleValue>FpML</SimpleValue>
         </Value>
         <Value>
            <SimpleValue>Indonesian Local Jurisdiction applies.</SimpleValue>
         </Value>
      </Row>
      <Row>
         <Value>
            <SimpleValue>Korea</SimpleValue>
         </Value>
         <Value>
            <SimpleValue>FpML</SimpleValue>
         </Value>
         <Value>
            <SimpleValue>Korean Local Jurisdiction applies.</SimpleValue>
         </Value>
      </Row>
      <Row>
         <Value>
            <SimpleValue>Malaysia</SimpleValue>
         </Value>
         <Value>
            <SimpleValue>FpML</SimpleValue>
         </Value>
         <Value>
            <SimpleValue>Malaysian Local Jurisdiction applies.</SimpleValue>
         </Value>
      </Row>
      <Row>
         <Value>
            <SimpleValue>Taiwan</SimpleValue>
         </Value>
         <Value>
            <SimpleValue>FpML</SimpleValue>
         </Value>
         <Value>
            <SimpleValue>Taiwanese Local Jurisdiction applies.</SimpleValue>
         </Value>
      </Row>
   </SimpleCodeList>
</gcl:CodeList>