<?xml version="1.0" encoding="UTF-8"?>
<gcl:CodeList xmlns:gcl="http://xml.genericode.org/2004/ns/CodeList/0.2/" xmlns:doc="http://www.fpml.org/coding-scheme/documentation" xmlns:xsi="http://www.w3.org/2001/XMLSchema-instance" xsi:schemaLocation="http://xml.genericode.org/2004/ns/CodeList/0.2/ CodeList.xsd">
   <Annotation>
      <Description>
         <doc:definition>Defines the type of annex to be used with master confirmation agreement governing the transaction.</doc:definition>
      </Description>
   </Annotation>
   <Identification>
      <ShortName>masterConfirmationAnnexTypeScheme</ShortName>
      <Version>2-6</Version>
      <CanonicalUri>http://www.fpml.org/coding-scheme/master-confirmation-annex-type</CanonicalUri>
      <CanonicalVersionUri>http://www.fpml.org/coding-scheme/master-confirmation-annex-type-2-6</CanonicalVersionUri>
      <LocationUri>http://www.fpml.org/coding-scheme/master-confirmation-annex-type-2-6.xml</LocationUri>
   </Identification>
   <ColumnSet>
      <Column Id="Code" Use="required">
         <ShortName>Code</ShortName>
         <Data Type="token">
            <Parameter ShortName="maxLength">63</Parameter>
         </Data>
      </Column>
      <Column Id="Source" Use="optional">
         <ShortName>Source</ShortName>
         <Data Type="string"/>
      </Column>
      <Column Id="Description" Use="optional">
         <ShortName>Description</ShortName>
         <Data Type="string"/>
      </Column>
      <Key Id="PrimaryKey">
         <ShortName>key</ShortName>
         <ColumnRef Ref="Code"/>
      </Key>
   </ColumnSet>
   <SimpleCodeList>
      <Row>
         <Value>
            <SimpleValue>ISDA2007EquityFinanceSwapEuropean</SimpleValue>
         </Value>
         <Value>
            <SimpleValue>FpML</SimpleValue>
         </Value>
         <Value>
            <SimpleValue>The EFS (Equity Share Finance Swap) 2007 Annex to the ISDA 2007 European Master Equity Derivatives Confirmation Agreement applies.</SimpleValue>
         </Value>
      </Row>
      <Row>
         <Value>
            <SimpleValue>ISDA2008EquityFinanceSwapAsiaExcludingJapan</SimpleValue>
         </Value>
         <Value>
            <SimpleValue>FpML</SimpleValue>
         </Value>
         <Value>
            <SimpleValue>The Cash-settled Open Market EFS (Equity Finance Share Swap) 2008 Annex to the ISDA 2008 AEJ (Asia Excluding Japan) Master Equity Derivatives Confirmation Agreement applies.</SimpleValue>
         </Value>
      </Row>
      <Row>
         <Value>
            <SimpleValue>ISDA2008EquityOptionAsiaExcludingJapan</SimpleValue>
         </Value>
         <Value>
            <SimpleValue>FpML</SimpleValue>
         </Value>
         <Value>
            <SimpleValue>The Open Market Equity Option 2008 Annex to the ISDA 2008 AEJ (Asia Excluding Japan) Master Equity Derivatives Confirmation Agreement applies.</SimpleValue>
         </Value>
      </Row>
      <Row>
         <Value>
            <SimpleValue>ISDA2008EquityOptionJapan</SimpleValue>
         </Value>
         <Value>
            <SimpleValue>FpML</SimpleValue>
         </Value>
         <Value>
            <SimpleValue>The Equity Option 2008 Annex to the ISDA 2008 Japanese Master Equity Derivatives Confirmation Agreement applies.</SimpleValue>
         </Value>
      </Row>
      <Row>
         <Value>
            <SimpleValue>ISDA2008EquityOptionAsiaExcludingJapanRev1</SimpleValue>
         </Value>
         <Value>
            <SimpleValue>FpML</SimpleValue>
         </Value>
         <Value>
            <SimpleValue>The Open Market Equity Option Annex to the Revised  ISDA 2008 AEJ (Asia Excluding Japan) Master Equity Derivatives Confirmation Agreement applies.</SimpleValue>
         </Value>
      </Row>
      <Row>
         <Value>
            <SimpleValue>ISDA2008EquityFinanceSwapAsiaExcludingJapanRev1</SimpleValue>
         </Value>
         <Value>
            <SimpleValue>FpML</SimpleValue>
         </Value>
         <Value>
            <SimpleValue>The Cash-settled Open Market EFS (Equity Finance Share Swap) Annex to the Revised ISDA 2008 AEJ (Asia Excluding Japan) Master Equity Derivatives Confirmation Agreement applies.</SimpleValue>
         </Value>
      </Row>
      <Row>
         <Value>
            <SimpleValue>ISDA2007DispersionVarianceSwapEuropean</SimpleValue>
         </Value>
         <Value>
            <SimpleValue>FpML</SimpleValue>
         </Value>
         <Value>
            <SimpleValue>The Dispersion Variance Swap Annex to the Revised 2007 ISDA European Variance Swap Master Confirmation Agreement applies.</SimpleValue>
         </Value>
      </Row>
      <Row>
         <Value>
            <SimpleValue>ISDA2007VarianceOptionEuropean</SimpleValue>
         </Value>
         <Value>
            <SimpleValue>FpML</SimpleValue>
         </Value>
         <Value>
            <SimpleValue>The Variance Option Standard Terms Appendix to the Revised ISDA 2007 European Variance Swap Master Confirmation Agreement applies.</SimpleValue>
         </Value>
      </Row>
      <Row>
         <Value>
            <SimpleValue>ISDA2009EquityEuropeanInterdealerSS</SimpleValue>
         </Value>
         <Value>
            <SimpleValue>FpML</SimpleValue>
         </Value>
         <Value>
            <SimpleValue>The Interdealer Share Swap 2009 Annex to the ISDA 2009 European Interdealer Master Equity Derivatives Confirmation Agreement applies.</SimpleValue>
         </Value>
      </Row>
      <Row>
         <Value>
            <SimpleValue>ISDA2009EquityEuropeanIS</SimpleValue>
         </Value>
         <Value>
            <SimpleValue>FpML</SimpleValue>
         </Value>
         <Value>
            <SimpleValue>The Index Swap 2009 Annex to the ISDA 2007 European Master Equity Derivatives Confirmation Agreement applies.</SimpleValue>
         </Value>
      </Row>
      <Row>
         <Value>
            <SimpleValue>ISDA2009ShareSwapPanAsia</SimpleValue>
         </Value>
         <Value>
            <SimpleValue>FpML</SimpleValue>
         </Value>
         <Value>
            <SimpleValue>The Share Swap 2009 Annex to the ISDA 2009 Pan-Asia Interdealer Master Equity Derivatives Confirmation Agreement applies.</SimpleValue>
         </Value>
      </Row>
      <Row>
         <Value>
            <SimpleValue>ISDA2009ClosedMarketsOptionsAsiaExcludingJapan</SimpleValue>
         </Value>
         <Value>
            <SimpleValue>FpML</SimpleValue>
         </Value>
         <Value>
            <SimpleValue>The Cash-settled Closed Market Index and Share Options 2009 Annex to the Revised ISDA 2008 AEJ (Asia Excluding Japan) Master Equity Derivatives Confirmation Agreement applies.</SimpleValue>
         </Value>
      </Row>
      <Row>
         <Value>
            <SimpleValue>ISDA2004IndexVarianceSwapAmericasInterdealer</SimpleValue>
         </Value>
         <Value>
            <SimpleValue>FpML</SimpleValue>
         </Value>
         <Value>
            <SimpleValue>The Index Variance Swap 2004 Annex to the ISDA 2004 Americas Interdealer Master Equity Derivatives Confirmation Agreement and to the Revised ISDA 2004 Americas Interdealer Master Equity Derivatives Confirmation Agreement applies.</SimpleValue>
         </Value>
      </Row>
      <Row>
         <Value>
            <SimpleValue>ISDA2004ShareVarianceSwapAmericasInterdealer</SimpleValue>
         </Value>
         <Value>
            <SimpleValue>FpML</SimpleValue>
         </Value>
         <Value>
            <SimpleValue>The Share Variance Swap 2004 Annex to the ISDA 2004 Americas Interdealer Master Equity Derivatives Confirmation Agreement and to the Revised ISDA 2004 Americas Interdealer Master Equity Derivatives Confirmation Agreement applies.</SimpleValue>
         </Value>
      </Row>
      <Row>
         <Value>
            <SimpleValue>ISDA2007IndexVarianceSwapAmericasInterdealer</SimpleValue>
         </Value>
         <Value>
            <SimpleValue>FpML</SimpleValue>
         </Value>
         <Value>
            <SimpleValue>The Index Variance Swap 2007 Annex to the Revised ISDA 2004 Americas Interdealer Master Equity Derivatives Confirmation Agreement applies.</SimpleValue>
         </Value>
      </Row>
      <Row>
         <Value>
            <SimpleValue>ISDA2007ShareVarianceSwapAmericasInterdealer</SimpleValue>
         </Value>
         <Value>
            <SimpleValue>FpML</SimpleValue>
         </Value>
         <Value>
            <SimpleValue>The Share Variance Swap 2007 Annex to the Revised ISDA 2004 Americas Interdealer Master Equity Derivatives Confirmation Agreement applies.</SimpleValue>
         </Value>
      </Row>
      <Row>
         <Value>
            <SimpleValue>ISDA2009IndexShareOptionAmericas</SimpleValue>
         </Value>
         <Value>
            <SimpleValue>FpML</SimpleValue>
         </Value>
         <Value>
            <SimpleValue>The Index and Share Options 2009 Annex to the ISDA 2009 Americas Master Equity Derivatives Confirmation Agreement applies.</SimpleValue>
         </Value>
      </Row>
      <Row>
         <Value>
            <SimpleValue>ISDA2009IndexSwapPanAsiaInterdealer</SimpleValue>
         </Value>
         <Value>
            <SimpleValue>FpML</SimpleValue>
         </Value>
         <Value>
            <SimpleValue>The Index Swap 2009 Annex to the ISDA 2009 Pan-Asia Interdealer Master Equity Derivatives Confirmation Agreement applies.</SimpleValue>
         </Value>
      </Row>
      <Row>
         <Value>
            <SimpleValue>ISDA2009IndexSwapEuropeanInterdealer</SimpleValue>
         </Value>
         <Value>
            <SimpleValue>FpML</SimpleValue>
         </Value>
         <Value>
            <SimpleValue>The Interdealer Index Swap 2009 Annex to the ISDA 2009 European Interdealer Master Equity Derivatives Confirmation Agreement applies.</SimpleValue>
         </Value>
      </Row>
      <Row>
         <Value>
            <SimpleValue>ISDA2010FairValueShareSwapEuropeanInterdealer</SimpleValue>
         </Value>
         <Value>
            <SimpleValue>FpML</SimpleValue>
         </Value>
         <Value>
            <SimpleValue>The Fair Value Interdealer Share Swap 2010 Annex to the ISDA 2009 European Interdealer Master Equity Derivatives Confirmation Agreement applies.</SimpleValue>
         </Value>
      </Row>
      <Row>
         <Value>
            <SimpleValue>ISDA2010IndexShareOptionEMEAInterdealer</SimpleValue>
         </Value>
         <Value>
            <SimpleValue>FpML</SimpleValue>
         </Value>
         <Value>
            <SimpleValue>The Cash-settled Index Option/Cash/Physically-settled Share Option 2010 Annex to the ISDA 2010 EMEA EM Interdealer Master Equity Derivatives Confirmation Agreement applies.</SimpleValue>
         </Value>
      </Row>
   </SimpleCodeList>
</gcl:CodeList>