<?xml version="1.0" encoding="UTF-8"?>
<gcl:CodeList xmlns:gcl="http://xml.genericode.org/2004/ns/CodeList/0.2/" xmlns:doc="http://www.fpml.org/coding-scheme/documentation" xmlns:xsi="http://www.w3.org/2001/XMLSchema-instance" xsi:schemaLocation="http://xml.genericode.org/2004/ns/CodeList/0.2/ CodeList.xsd">
   <Annotation>
      <Description>
         <doc:definition>Defines the type of the master agreement governing the transaction.</doc:definition>
         <doc:publicationDate>2012-03-07</doc:publicationDate>
      </Description>
   </Annotation>
   <Identification>
      <ShortName>masterAgreementTypeScheme</ShortName>
      <Version>2-2</Version>
      <CanonicalUri>http://www.fpml.org/coding-scheme/master-agreement-type</CanonicalUri>
      <CanonicalVersionUri>http://www.fpml.org/coding-scheme/master-agreement-type-2-2</CanonicalVersionUri>
      <LocationUri>http://www.fpml.org/coding-scheme/master-agreement-type-2-2.xml</LocationUri>
   </Identification>
   <ColumnSet>
      <Column Id="Code" Use="required">
         <ShortName>Code</ShortName>
         <Data Type="token">
            <Parameter ShortName="maxLength">63</Parameter>
         </Data>
      </Column>
      <Column Id="Source" Use="optional">
         <ShortName>Source</ShortName>
         <Data Type="string"/>
      </Column>
      <Column Id="Description" Use="optional">
         <ShortName>Description</ShortName>
         <Data Type="string"/>
      </Column>
      <Key Id="PrimaryKey">
         <ShortName>key</ShortName>
         <ColumnRef Ref="Code"/>
      </Key>
   </ColumnSet>
   <SimpleCodeList>
      <Row>
         <Value>
            <SimpleValue>AFB</SimpleValue>
         </Value>
         <Value>
            <SimpleValue>FpML</SimpleValue>
         </Value>
         <Value>
            <SimpleValue>AFB Master Agreement for Foreign Exchange and Derivatives Transactions</SimpleValue>
         </Value>
      </Row>
      <Row>
         <Value>
            <SimpleValue>German</SimpleValue>
         </Value>
         <Value>
            <SimpleValue>FpML</SimpleValue>
         </Value>
         <Value>
            <SimpleValue>German Master Agreement for Financial derivatives and Addendum for Options on Stock Exchange Indices or Securities</SimpleValue>
         </Value>
      </Row>
      <Row>
         <Value>
            <SimpleValue>ISDA</SimpleValue>
         </Value>
         <Value>
            <SimpleValue>FpML</SimpleValue>
         </Value>
         <Value>
            <SimpleValue>ISDA Master Agreement</SimpleValue>
         </Value>
      </Row>
      <Row>
         <Value>
            <SimpleValue>LEAP</SimpleValue>
         </Value>
         <Value>
            <SimpleValue>FpML</SimpleValue>
         </Value>
         <Value>
            <SimpleValue>Leadership in Energy Automated Processing</SimpleValue>
         </Value>
      </Row>
      <Row>
         <Value>
            <SimpleValue>Swiss</SimpleValue>
         </Value>
         <Value>
            <SimpleValue>FpML</SimpleValue>
         </Value>
         <Value>
            <SimpleValue>Swiss Master Agreement for OTC Derivatives Instruments</SimpleValue>
         </Value>
      </Row>
      <Row>
         <Value>
            <SimpleValue>EFETGas</SimpleValue>
         </Value>
         <Value>
            <SimpleValue>FpML</SimpleValue>
         </Value>
         <Value>
            <SimpleValue>EFET General Agreement Concerning The Delivery And Acceptance of Natural Gas</SimpleValue>
         </Value>
      </Row>
      <Row>
         <Value>
            <SimpleValue>EFETElectricity</SimpleValue>
         </Value>
         <Value>
            <SimpleValue>FpML</SimpleValue>
         </Value>
         <Value>
            <SimpleValue>EFET General Agreement Concerning the Delivery and Acceptance of Electricity</SimpleValue>
         </Value>
      </Row>
      <Row>
         <Value>
            <SimpleValue>GTMA</SimpleValue>
         </Value>
         <Value>
            <SimpleValue>FpML</SimpleValue>
         </Value>
         <Value>
            <SimpleValue>FOA Grid Trade Master Agreement</SimpleValue>
         </Value>
      </Row>
      <Row>
         <Value>
            <SimpleValue>EEIPower</SimpleValue>
         </Value>
         <Value>
            <SimpleValue>FpML</SimpleValue>
         </Value>
         <Value>
            <SimpleValue>EEI Master Power Purchase and Sale Agreement</SimpleValue>
         </Value>
      </Row>
      <Row>
         <Value>
            <SimpleValue>NAESBGas</SimpleValue>
         </Value>
         <Value>
            <SimpleValue>FpML</SimpleValue>
         </Value>
         <Value>
            <SimpleValue>NAESB Base Contract for Sale and Purchase of Natural Gas</SimpleValue>
         </Value>
      </Row>
      <Row>
         <Value>
            <SimpleValue>NBP</SimpleValue>
         </Value>
         <Value>
            <SimpleValue>FpML</SimpleValue>
         </Value>
         <Value>
            <SimpleValue>Short Term Flat NBP Trading Terms and Conditions</SimpleValue>
         </Value>
      </Row>
      <Row>
         <Value>
            <SimpleValue>ZBT</SimpleValue>
         </Value>
         <Value>
            <SimpleValue>FpML</SimpleValue>
         </Value>
         <Value>
            <SimpleValue>Zeebrugge Hub Natural Gas Trading Terms and Conditions</SimpleValue>
         </Value>
      </Row>
      <Row>
         <Value>
            <SimpleValue>SCoTA</SimpleValue>
         </Value>
         <Value>
            <SimpleValue>FpML</SimpleValue>
         </Value>
         <Value>
            <SimpleValue>globalCOAL Standard Coal Trading Agreement</SimpleValue>
         </Value>
      </Row>
      <Row>
         <Value>
            <SimpleValue>MCPSA</SimpleValue>
         </Value>
         <Value>
            <SimpleValue>FpML</SimpleValue>
         </Value>
         <Value>
            <SimpleValue>CTA Master Coal Purchase and Sales Agreement</SimpleValue>
         </Value>
      </Row>
   </SimpleCodeList>
</gcl:CodeList>