<?xml version="1.0" encoding="UTF-8"?>
<gcl:CodeList xmlns:gcl="http://xml.genericode.org/2004/ns/CodeList/0.2/" xmlns:doc="http://www.fpml.org/coding-scheme/documentation" xmlns:xsi="http://www.w3.org/2001/XMLSchema-instance" xsi:schemaLocation="http://xml.genericode.org/2004/ns/CodeList/0.2/ CodeList.xsd">
   <Annotation>
      <Description>
         <doc:definition>Specifies the type of pricing structure represented.</doc:definition>
      </Description>
   </Annotation>
   <Identification>
      <ShortName>pricingInputTypeScheme</ShortName>
      <Version>1-0</Version>
      <CanonicalUri>http://www.fpml.org/coding-scheme/pricing-input-type</CanonicalUri>
      <CanonicalVersionUri>http://www.fpml.org/coding-scheme/pricing-input-type-1-0</CanonicalVersionUri>
      <LocationUri>http://www.fpml.org/coding-scheme/pricing-input-type-1-0.xml</LocationUri>
   </Identification>
   <ColumnSet>
      <Column Id="Code" Use="required">
         <ShortName>Code</ShortName>
         <Data Type="token">
            <Parameter ShortName="maxLength">63</Parameter>
         </Data>
      </Column>
      <Column Id="Source" Use="optional">
         <ShortName>Source</ShortName>
         <Data Type="string"/>
      </Column>
      <Column Id="Description" Use="optional">
         <ShortName>Description</ShortName>
         <Data Type="string"/>
      </Column>
      <Key Id="PrimaryKey">
         <ShortName>key</ShortName>
         <ColumnRef Ref="Code"/>
      </Key>
   </ColumnSet>
   <SimpleCodeList>
      <Row>
         <Value>
            <SimpleValue>YieldCurve</SimpleValue>
         </Value>
         <Value>
            <SimpleValue>FpML</SimpleValue>
         </Value>
         <Value>
            <SimpleValue>A representation of the interest rates (yields) at different maturities.</SimpleValue>
         </Value>
      </Row>
      <Row>
         <Value>
            <SimpleValue>CreditCurve</SimpleValue>
         </Value>
         <Value>
            <SimpleValue>FpML</SimpleValue>
         </Value>
         <Value>
            <SimpleValue>A representation of credit pricing at different maturities.</SimpleValue>
         </Value>
      </Row>
      <Row>
         <Value>
            <SimpleValue>FXForecastCurve</SimpleValue>
         </Value>
         <Value>
            <SimpleValue>FpML</SimpleValue>
         </Value>
         <Value>
            <SimpleValue>A representation of forecast FX rates at different maturities.</SimpleValue>
         </Value>
      </Row>
      <Row>
         <Value>
            <SimpleValue>VolatilityMatrix</SimpleValue>
         </Value>
         <Value>
            <SimpleValue>FpML</SimpleValue>
         </Value>
         <Value>
            <SimpleValue>A representation of the volatlity of an asset (in any asset class).</SimpleValue>
         </Value>
      </Row>
      <Row>
         <Value>
            <SimpleValue>AssetPrices</SimpleValue>
         </Value>
         <Value>
            <SimpleValue>FpML</SimpleValue>
         </Value>
         <Value>
            <SimpleValue>A representation of the prices of collection of assets (in any asset class).</SimpleValue>
         </Value>
      </Row>
      <Row>
         <Value>
            <SimpleValue>Time</SimpleValue>
         </Value>
         <Value>
            <SimpleValue>FpML</SimpleValue>
         </Value>
         <Value>
            <SimpleValue>The valuation date or other time input.</SimpleValue>
         </Value>
      </Row>
   </SimpleCodeList>
</gcl:CodeList>