<?xml version="1.0" encoding="UTF-8"?>
<gcl:CodeList xmlns:gcl="http://xml.genericode.org/2004/ns/CodeList/0.2/" xmlns:doc="http://www.fpml.org/coding-scheme/documentation" xmlns:xsi="http://www.w3.org/2001/XMLSchema-instance" xsi:schemaLocation="http://xml.genericode.org/2004/ns/CodeList/0.2/ CodeList.xsd">
   <Annotation>
      <Description>
         <doc:definition>Specifies the query parameter operator.</doc:definition>
      </Description>
   </Annotation>
   <Identification>
      <ShortName>queryParameterOperatorScheme</ShortName>
      <Version>1-0</Version>
      <CanonicalUri>http://www.fpml.org/coding-scheme/query-parameter-operator</CanonicalUri>
      <CanonicalVersionUri>http://www.fpml.org/coding-scheme/query-parameter-operator-1-0</CanonicalVersionUri>
      <LocationUri>http://www.fpml.org/coding-scheme/query-parameter-operator-1-0.xml</LocationUri>
   </Identification>
   <ColumnSet>
      <Column Id="Code" Use="required">
         <ShortName>Code</ShortName>
         <Data Type="token">
            <Parameter ShortName="maxLength">63</Parameter>
         </Data>
      </Column>
      <Column Id="Source" Use="optional">
         <ShortName>Source</ShortName>
         <Data Type="string"/>
      </Column>
      <Column Id="Description" Use="optional">
         <ShortName>Description</ShortName>
         <Data Type="string"/>
      </Column>
      <Key Id="PrimaryKey">
         <ShortName>key</ShortName>
         <ColumnRef Ref="Code"/>
      </Key>
   </ColumnSet>
   <SimpleCodeList>
      <Row>
         <Value>
            <SimpleValue>Equals</SimpleValue>
         </Value>
         <Value>
            <SimpleValue>FpML</SimpleValue>
         </Value>
         <Value>
            <SimpleValue>The equals operator.</SimpleValue>
         </Value>
      </Row>
      <Row>
         <Value>
            <SimpleValue>NotEquals</SimpleValue>
         </Value>
         <Value>
            <SimpleValue>FpML</SimpleValue>
         </Value>
         <Value>
            <SimpleValue>The not equals operator.</SimpleValue>
         </Value>
      </Row>
      <Row>
         <Value>
            <SimpleValue>LessThan</SimpleValue>
         </Value>
         <Value>
            <SimpleValue>FpML</SimpleValue>
         </Value>
         <Value>
            <SimpleValue>The less than operator.</SimpleValue>
         </Value>
      </Row>
      <Row>
         <Value>
            <SimpleValue>GreaterThan</SimpleValue>
         </Value>
         <Value>
            <SimpleValue>FpML</SimpleValue>
         </Value>
         <Value>
            <SimpleValue>The greater than operator.</SimpleValue>
         </Value>
      </Row>
   </SimpleCodeList>
</gcl:CodeList>