<?xml version="1.0" encoding="UTF-8"?>
<gcl:CodeList xmlns:gcl="http://xml.genericode.org/2004/ns/CodeList/0.2/" xmlns:doc="http://www.fpml.org/coding-scheme/documentation" xmlns:xsi="http://www.w3.org/2001/XMLSchema-instance" xsi:schemaLocation="http://xml.genericode.org/2004/ns/CodeList/0.2/ CodeList.xsd">
   <Annotation>
      <Description>
         <doc:definition>Indicates the action that is requested to be performed, for example in a consent request message.</doc:definition>
         <doc:publicationDate>2011-05-13</doc:publicationDate>
      </Description>
   </Annotation>
   <Identification>
      <ShortName>requestedActionScheme</ShortName>
      <Version>1-0</Version>
      <CanonicalUri>http://www.fpml.org/coding-scheme/requested-action</CanonicalUri>
      <CanonicalVersionUri>http://www.fpml.org/coding-scheme/requested-action-1-0</CanonicalVersionUri>
      <LocationUri>http://www.fpml.org/coding-scheme/requested-action-1-0.xml</LocationUri>
   </Identification>
   <ColumnSet>
      <Column Id="Code" Use="required">
         <ShortName>Code</ShortName>
         <Data Type="token">
            <Parameter ShortName="maxLength">63</Parameter>
         </Data>
      </Column>
      <Column Id="Source" Use="optional">
         <ShortName>Source</ShortName>
         <Data Type="string"/>
      </Column>
      <Column Id="Description" Use="optional">
         <ShortName>Description</ShortName>
         <Data Type="string"/>
      </Column>
      <Key Id="PrimaryKey">
         <ShortName>key</ShortName>
         <ColumnRef Ref="Code"/>
      </Key>
   </ColumnSet>
   <SimpleCodeList>
      <Row>
         <Value>
            <SimpleValue>Novation</SimpleValue>
         </Value>
         <Value>
            <SimpleValue>FpML</SimpleValue>
         </Value>
         <Value>
            <SimpleValue>A trade is to be novated.</SimpleValue>
         </Value>
      </Row>
      <Row>
         <Value>
            <SimpleValue>Clearing</SimpleValue>
         </Value>
         <Value>
            <SimpleValue>FpML</SimpleValue>
         </Value>
         <Value>
            <SimpleValue>A trade is to be cleared.</SimpleValue>
         </Value>
      </Row>
      <Row>
         <Value>
            <SimpleValue>Porting</SimpleValue>
         </Value>
         <Value>
            <SimpleValue>FpML</SimpleValue>
         </Value>
         <Value>
            <SimpleValue>A trade is to be ported.  (moved to a new clearing firm/account).</SimpleValue>
         </Value>
      </Row>
   </SimpleCodeList>
</gcl:CodeList>