<?xml version="1.0" encoding="UTF-8"?>
<gcl:CodeList xmlns:gcl="http://xml.genericode.org/2004/ns/CodeList/0.2/" xmlns:doc="http://www.fpml.org/coding-scheme/documentation" xmlns:xsi="http://www.w3.org/2001/XMLSchema-instance" xsi:schemaLocation="http://xml.genericode.org/2004/ns/CodeList/0.2/ CodeList.xsd">
   <Annotation>
      <Description>
         <doc:definition>Indicates the action that is requested to be performed, in a withdrawal request message.</doc:definition>
         <doc:publicationDate>2012-03-21</doc:publicationDate>
         <doc:status>working-draft</doc:status>
      </Description>
   </Annotation>
   <Identification>
      <ShortName>requestedWithdrawalActionScheme</ShortName>
      <Version>1-0</Version>
      <CanonicalUri>http://www.fpml.org/coding-scheme/requested-withdrawal-action</CanonicalUri>
      <CanonicalVersionUri>http://www.fpml.org/coding-scheme/requested-withdrawal-action-1-0</CanonicalVersionUri>
      <LocationUri>http://www.fpml.org/coding-scheme/requested-withdrawal-action-1-0.xml</LocationUri>
   </Identification>
   <ColumnSet>
      <Column Id="Code" Use="required">
         <ShortName>Code</ShortName>
         <Data Type="token">
            <Parameter ShortName="maxLength">63</Parameter>
         </Data>
      </Column>
      <Column Id="Source" Use="optional">
         <ShortName>Source</ShortName>
         <Data Type="string"/>
      </Column>
      <Column Id="Description" Use="optional">
         <ShortName>Description</ShortName>
         <Data Type="string"/>
      </Column>
      <Key Id="PrimaryKey">
         <ShortName>key</ShortName>
         <ColumnRef Ref="Code"/>
      </Key>
   </ColumnSet>
   <SimpleCodeList>
      <Row>
         <Value>
            <SimpleValue>ExpungeRecords</SimpleValue>
         </Value>
         <Value>
            <SimpleValue>FpML</SimpleValue>
         </Value>
         <Value>
            <SimpleValue>Remove all records of the item in question.</SimpleValue>
         </Value>
      </Row>
      <Row>
         <Value>
            <SimpleValue>RetainRecords</SimpleValue>
         </Value>
         <Value>
            <SimpleValue>FpML</SimpleValue>
         </Value>
         <Value>
            <SimpleValue>Retain records of the item in question, but mark it as removed.</SimpleValue>
         </Value>
      </Row>
   </SimpleCodeList>
</gcl:CodeList>