<?xml version="1.0" encoding="UTF-8"?>
<gcl:CodeList xmlns:gcl="http://xml.genericode.org/2004/ns/CodeList/0.2/" xmlns:doc="http://www.fpml.org/coding-scheme/documentation" xmlns:xsi="http://www.w3.org/2001/XMLSchema-instance" xsi:schemaLocation="http://xml.genericode.org/2004/ns/CodeList/0.2/ CodeList.xsd">
   <Annotation>
      <Description>
         <doc:definition>Specifies the form of the restructuring credit event that is applicable to the credit default swap.</doc:definition>
      </Description>
   </Annotation>
   <Identification>
      <ShortName>restructuringScheme</ShortName>
      <Version>1-0</Version>
      <CanonicalUri>http://www.fpml.org/coding-scheme/restructuring</CanonicalUri>
      <CanonicalVersionUri>http://www.fpml.org/coding-scheme/restructuring-1-0</CanonicalVersionUri>
      <LocationUri>http://www.fpml.org/coding-scheme/restructuring-1-0.xml</LocationUri>
   </Identification>
   <ColumnSet>
      <Column Id="Code" Use="required">
         <ShortName>Code</ShortName>
         <Data Type="token">
            <Parameter ShortName="maxLength">63</Parameter>
         </Data>
      </Column>
      <Column Id="Source" Use="optional">
         <ShortName>Source</ShortName>
         <Data Type="string"/>
      </Column>
      <Column Id="Description" Use="optional">
         <ShortName>Description</ShortName>
         <Data Type="string"/>
      </Column>
      <Key Id="PrimaryKey">
         <ShortName>key</ShortName>
         <ColumnRef Ref="Code"/>
      </Key>
   </ColumnSet>
   <SimpleCodeList>
      <Row>
         <Value>
            <SimpleValue>R</SimpleValue>
         </Value>
         <Value>
            <SimpleValue>FpML</SimpleValue>
         </Value>
         <Value>
            <SimpleValue>Restructuring as defined in the applicable ISDA Credit Derivatives Definitions. (1999 or 2003). Note that the 1999 Restructuring definition can be altered on a bilateral basis with the November 2001 Successor Supplement.</SimpleValue>
         </Value>
      </Row>
      <Row>
         <Value>
            <SimpleValue>ModR</SimpleValue>
         </Value>
         <Value>
            <SimpleValue>FpML</SimpleValue>
         </Value>
         <Value>
            <SimpleValue>1999 Definitions: Restructuring definition and May 2001 Restructuring supplement apply.Note that the 1999 Restructuring definition can be altered on a bilateral basis with the November 2001 Successor Supplement. 2003 Definitions: Restructuring (Section 4.7) and Restructuring Maturity Limitation and Fully Transferable Obligation (Section 2.32) apply.</SimpleValue>
         </Value>
      </Row>
      <Row>
         <Value>
            <SimpleValue>ModModR</SimpleValue>
         </Value>
         <Value>
            <SimpleValue>FpML</SimpleValue>
         </Value>
         <Value>
            <SimpleValue>2003 Definitions: Restructuring (Section 4.7) and Modified Restructuring Maturity Limitation and Conditionally Transferable Obligation (Section 2.33) apply.</SimpleValue>
         </Value>
      </Row>
   </SimpleCodeList>
</gcl:CodeList>