<?xml version="1.0" encoding="UTF-8"?>
<gcl:CodeListSet xmlns:gcl="http://xml.genericode.org/2004/ns/CodeList/0.2/" xmlns:doc="http://www.fpml.org/coding-scheme/documentation" xmlns:xsi="http://www.w3.org/2001/XMLSchema-instance" xsi:schemaLocation="http://xml.genericode.org/2004/ns/CodeList/0.2/ CodeList.xsd">
   <Annotation>
      <Description>
         <doc:definition>Definition of references to the set of FpML coding schemes.</doc:definition>
         <doc:publicationDate>2012-03-21</doc:publicationDate>
         <doc:changeDescription>
            <section name="CHANGES IN THIS VERSION">
		
               <bullets>
			
                  <bullet>The following schemes have been updated:
				<bullets>
					
                        <bullet>commodityBusinessCalendar<bullets>
							
                              <bullet>Added values:<bullets>
								
                                    <bullet>BANK-NEGARA-MALAYSIA-POLICY-COMMITTEE</bullet>
								
                                    <bullet>BURSA-MALAYSIA-TRADING</bullet>
								
                                    <bullet>BURSA-MALAYSIA-SETTLEMENT</bullet>
								
                                    <bullet>DEPARTMENT-OF-ENERGY</bullet>
								
                                    <bullet>ICIS-PRICING-BENZENE-(EUROPE)</bullet>
								
                                    <bullet>ICIS-PRICING-ETHYLENE-(EUROPE)</bullet>
								
                                    <bullet>ICIS-PRICING-POLYPROPYLENE-(EUROPE)</bullet>
								
                                    <bullet>KUALA-LUMPUR-BANK</bullet>
								
                                    <bullet>LABUAN-BANK</bullet>
								
                                 </bullets>
							
                              </bullet>
							
                              <bullet>Increased version to 2-3</bullet>
						
                           </bullets>
					
                        </bullet>
					
                        <bullet>originatingEvent<bullets>
						
                              <bullet>Added values:<bullets>
							
                                    <bullet>PartialNovation - Indicates the trade results from a partial novation event (the terms transfer, assignment are also used in the industry).</bullet>
							
                                    <bullet>Clearing - Indicates the trade is the result of a clearing operation</bullet>
						
                                 </bullets>
						
                              </bullet>
						
                              <bullet>Increased version to 1-1</bullet>
					
                           </bullets>
					
                        </bullet>
					
                        <bullet>assetMeasure<bullets>
						
                              <bullet>Added values:<bullets>
							
                                    <bullet>PriorNPV</bullet>
							
                                    <bullet>VariationMargin</bullet>
							
                                    <bullet>PAI</bullet>
						
                                 </bullets>
						
                              </bullet>
						
                              <bullet>Increased version to 5-3</bullet>
					
                           </bullets>
					
                        </bullet>
					
                        <bullet>reportingRole<bullets>
						
                              <bullet>Added values:<bullets>
							
                                    <bullet>ReportingParty</bullet>
							
                                    <bullet>VoluntaryParty</bullet>
						
                                 </bullets>
						
                              </bullet>
						
                              <bullet>Increased version to 1-1</bullet>
					
                           </bullets>
					
                        </bullet>
					
                        <bullet>clearingStatus<bullets>
						
                              <bullet>Added values:<bullets>
							
                                    <bullet>AwaitingAcceptance</bullet>
							
                                    <bullet>PendingTheirApproval</bullet>
						
                                 </bullets>
						
                              </bullet>
						
                              <bullet>Increased version to 1-1</bullet>
					
                           </bullets>
					
                        </bullet>
					
                        <bullet>eventStatus<bullets>
						
                              <bullet>Added values:<bullets>
							
                                    <bullet>Cancelled</bullet>
						
                                 </bullets>
						
                              </bullet>
						
                              <bullet>Increased version to 1-1</bullet>
					
                           </bullets>
					
                        </bullet>
					
                        <bullet>governingLaw<bullets>
						
                              <bullet>Added values:<bullets>
							
                                    <bullet>USDE - Delaware law</bullet>
						
                                 </bullets>
						
                              </bullet>
						
                              <bullet>Increased version to 1-2</bullet>
					
                           </bullets>
					
                        </bullet>
					
                        <bullet>quoteTiming<bullets>
						
                              <bullet>Added values:<bullets>
							
                                    <bullet>EndOfDay</bullet>
						
                                 </bullets>
						
                              </bullet>
						
                              <bullet>Increased version to 1-1</bullet>
					
                           </bullets>
					
                        </bullet>
					
                        <bullet>partyRole<bullets>
						
                              <bullet>Renamed values:<bullets>
							
                                    <bullet>ClearingBroker to ClearingFirm</bullet>
						
                                 </bullets>
						
                              </bullet>
						
                              <bullet>Added values:<bullets>
							
                                    <bullet>ClearingService</bullet>
							
                                    <bullet>ExecutionFacility</bullet>
							
                                    <bullet>TradingManager</bullet>
							
                                    <bullet>TradingPartner</bullet>
						
                                 </bullets>
						
                              </bullet>
						
                              <bullet>Increased version to 2-1</bullet>
					
                           </bullets>
					
                        </bullet>
					
                        <bullet>positionUpdateReasonCode<bullets>
						
                              <bullet>Updated documentation for all elements.</bullet>
						
                              <bullet>Added values:<bullets>
							
                                    <bullet>Netting</bullet>
						
                                 </bullets>
						
                              </bullet>
						
                              <bullet>Increased version to 1-1</bullet>
					
                           </bullets>
					
                        </bullet>
				
                     </bullets>
			
                  </bullet>
			
                  <bullet>The following schemes have been updated to support FpML 5.3 (status: Working Draft):<bullets>
				
                        <bullet>supervisoryBody<bullets>
					
                              <bullet>Replaced regulator-1-0 with supervisory-body-1-0</bullet>
					
                              <bullet>Added 'ODRF' - OTC Derivatives Regulators Forum</bullet>
					
                              <bullet>version: 1-0</bullet>
					
                              <bullet>publication date: 2012-03-07</bullet>
				
                           </bullets>
				
                        </bullet>
				
                        <bullet>category<bullets>
					
                              <bullet>Renamed from 'orgTypeCategory' to 'category'</bullet>
					
                              <bullet>version: 1-0</bullet>
					
                              <bullet>publication date: 2011-09-29</bullet>
				
                           </bullets>
				
                        </bullet>
				
                        <bullet>serviceProcessingEvent<bullets>
					
                              <bullet>Renamed values:<bullets>
						
                                    <bullet>Started to ProcessingStarted</bullet>
						
                                    <bullet>Completed to ProcessingCompleted</bullet>
					
                                 </bullets>
					
                              </bullet>
					
                              <bullet>Updated documentation</bullet>
					
                              <bullet>version: 1-0</bullet>
					
                              <bullet>publication date: 2012-03-07</bullet>
				
                           </bullets>
				
                        </bullet>
				
                        <bullet>productTaxonomy<bullets>
					
                              <bullet>Following discussion at the FpML Coordination Committee, a coding scheme containing a product type code based on the ISDA product taxonomy that originally was published on 2012-03-07 as product-type-simple-2-0.xml was republished in a separated product-taxonomy-1-0.xml (since the original publication was with the status “working-draft”, there was no change to republication version or publication date). Note: The product-type-simple-2-0.xml was removed from the catalog of the coding schemes and going forward product-type-simple was reverted to its original use as a list of product types.<bullets>
						
                                    <bullet>Rationale: to keep product-taxonomy as as default for identifying FpML product type. </bullet>
					
                                 </bullets>
					
                              </bullet>
					
                              <bullet>version: 1-0</bullet>
					
                              <bullet>publication date: 2012-03-07</bullet>
				
                           </bullets>
				
                        </bullet>
			
                     </bullets>
			
                  </bullet>
            
                  <bullet>The following new schemes have been added to support FpML 5.3 (status: Working Draft):<bullets>
            		
                        <bullet>reportingRegimeName<bullets>
            			
                              <bullet>Contains a code representing a reportingregime under which this transaction may be reported (e.g. DoddFrankAct, HKTR, MiFID, ODRF).</bullet>
            			
                              <bullet>version: 1-0</bullet>
            			
                              <bullet>publication date: 2012-03-21</bullet>
						
                           </bullets>
					
                        </bullet>
            		
                        <bullet>personRole<bullets>
            			
                              <bullet>Indicates the role of a person in a transaction (e.g. Trader, Broker).</bullet>
	            		
                              <bullet>version: 1-0</bullet>
	            		
                              <bullet>publication date: 2012-03-21</bullet>
	            		
                           </bullets>
	            	
                        </bullet>
            		
                        <bullet>CreditDocument<bullets>
            			
                              <bullet>Indicates a type of credit document (e.g. CreditSupportAgreement, PledgeOfCollateral, Guaranty, RelianceOnAvailableFinancing, OtherFinancing).</bullet>
	            		
                              <bullet>version: 1-0</bullet>
	            		
                              <bullet>publication date: 2012-03-21</bullet>
	            		
                           </bullets>
	            	
                        </bullet>
	            	
                        <bullet>organizationCharacteristic<bullets>
	            		
                              <bullet>Indicates a type of organization characteristic (e.g. FinancialEntity, CaptiveFinanceUnit).</bullet>
	            		
                              <bullet>version: 1-0</bullet>
	            		
                              <bullet>publication date: 2012-03-21</bullet>
	           		 	
                           </bullets>
	            	
                        </bullet>
            		
                        <bullet>transactionCharacteristic<bullets>
            			
                              <bullet>Indicates a type of transaction characteristic (e.g. BoardOfDirectorsApproval, HedgesFinancialRisk).</bullet>
	            		
                              <bullet>version: 1-0</bullet>
	            		
                              <bullet>publication date: 2012-03-21</bullet>
	            		
                           </bullets>
	            	
                        </bullet>
	            	
                        <bullet>verificationStatus<bullets>
	            		
                              <bullet>Indicates a type of verification status (e.g. Verified, Disputed).</bullet>
	            		
                              <bullet>version: 1-0</bullet>
	            		
                              <bullet>publication date: 2012-03-21</bullet>
	           		 	
                           </bullets>
	            	
                        </bullet>
          		  	
                        <bullet>organizationType<bullets>
          		  		
                              <bullet>Indicates a type of organization (e.g. SwapDealer, MajorSwapParticipant).</bullet>
	            		
                              <bullet>version: 1-0</bullet>
	            		
                              <bullet>publication date: 2012-03-21</bullet>
	            		
                           </bullets>
	            	
                        </bullet>
	            	
                        <bullet>requestedWithdrawalAction<bullets>
	            		
                              <bullet>Indicates the action that is requested to be performed, in a withdrawal request message (e.g. ExpungeRecords, RetainRecords).</bullet>
	            		
                              <bullet>version: 1-0</bullet>
	            		
                              <bullet>publication date: 2012-03-21</bullet>
	            	
                           </bullets>
	            	
                        </bullet>
	            	
                        <bullet>withdrawalReason<bullets>
	            		
                              <bullet>Indicates the reason that a withdrawal was requesteda withdrawal request message (e.g. RaisedInError).</bullet>
	            		
                              <bullet>version: 1-0</bullet>
	            		
                              <bullet>publication date: 2012-03-21</bullet>
	            	
                           </bullets>
	            	
                        </bullet>
	            	
                        <bullet>unitRole<bullets>
	            		
                              <bullet>Indicates the role of a unit in a transaction (e.g. Trader).</bullet>
	            		
                              <bullet>version: 1-0</bullet>
	            		
                              <bullet>publication date: 2012-03-21</bullet>
	            	
                           </bullets>
	            	
                        </bullet>
	            	
                        <bullet>compressionType<bullets>
	            		
                              <bullet>Indicates what type of trade compression activity took place (e.g. Netting, PortfolioCompression).</bullet>
	            		
                              <bullet>version: 1-0</bullet>
	            		
                              <bullet>publication date: 2012-03-21</bullet>
	            	
                           </bullets>
	            	
                        </bullet>
    			
                     </bullets>
			
                  </bullet>
		
               </bullets>
	
            </section>
         </doc:changeDescription>
      </Description>
   </Annotation>
   <Identification>
      <ShortName>FpML Set of Coding Schemes</ShortName>
      <Version>1-9</Version>
      <CanonicalUri>http://www.fpml.org/coding-scheme/set-of-schemes</CanonicalUri>
      <CanonicalVersionUri>http://www.fpml.org/coding-scheme/set-of-schemes-1-9</CanonicalVersionUri>
      <LocationUri>http://www.fpml.org/coding-scheme/set-of-schemes-1-9.xml</LocationUri>
   </Identification>
   <CodeListRef>
      <Annotation>
         <Description>
            <doc:definition>Defines a simple asset class categorization. Used for classification of the risk class of the trade.</doc:definition>
         </Description>
      </Annotation>
      <CanonicalUri>http://www.fpml.org/coding-scheme/asset-class</CanonicalUri>
      <CanonicalVersionUri>http://www.fpml.org/coding-scheme/asset-class-2-0</CanonicalVersionUri>
      <LocationUri>http://www.fpml.org/coding-scheme/asset-class-2-0.xml</LocationUri>
   </CodeListRef>
   <CodeListRef>
      <Annotation>
         <Description>
            <doc:definition>The type of measure about an asset. Used for escribing valuation, sensitivity, and risk measures.</doc:definition>
            <doc:publicationDate>2012-03-21</doc:publicationDate>
         </Description>
      </Annotation>
      <CanonicalUri>http://www.fpml.org/coding-scheme/asset-measure</CanonicalUri>
      <CanonicalVersionUri>http://www.fpml.org/coding-scheme/asset-measure-5-3</CanonicalVersionUri>
      <LocationUri>http://www.fpml.org/coding-scheme/asset-measure-5-3.xml</LocationUri>
   </CodeListRef>
   <CodeListRef>
      <Annotation>
         <Description>
            <doc:definition>Defines the type of Broker Confirm the FpML trade represents.</doc:definition>
         </Description>
      </Annotation>
      <CanonicalUri>http://www.fpml.org/coding-scheme/broker-confirmation-type</CanonicalUri>
      <CanonicalVersionUri>http://www.fpml.org/coding-scheme/broker-confirmation-type-4-12</CanonicalVersionUri>
      <LocationUri>http://www.fpml.org/coding-scheme/broker-confirmation-type-4-12.xml</LocationUri>
   </CodeListRef>
   <CodeListRef>
      <Annotation>
         <Description>
            <doc:definition>Defines where bullion is to be delivered for a Bullion Transaction.</doc:definition>
         </Description>
      </Annotation>
      <CanonicalUri>http://www.fpml.org/coding-scheme/bullion-delivery-location</CanonicalUri>
      <CanonicalVersionUri>http://www.fpml.org/coding-scheme/bullion-delivery-location-1-0</CanonicalVersionUri>
      <LocationUri>http://www.fpml.org/coding-scheme/bullion-delivery-location-1-0.xml</LocationUri>
   </CodeListRef>
   <CodeListRef>
      <Annotation>
         <Description>
            <doc:definition>A business day calendar location</doc:definition>
            <doc:description>
               <doc:paragraph>The codes are based on the business calendar location some of which based on the ISO country code or exchange code, or some other codes.</doc:paragraph>
               <doc:paragraph>Additional business day calendar location codes could be built according to the following rules. The first two characters represent the ISO country code, the next two characters represent a) if the location name is one word, the first two letters of the location b) if the location name consists of at least two words, the first letter of the first word followed by the first letter of the second word.</doc:paragraph>
            </doc:description>
            <doc:publicationDate>2012-03-07</doc:publicationDate>
         </Description>
      </Annotation>
      <CanonicalUri>http://www.fpml.org/coding-scheme/business-center</CanonicalUri>
      <CanonicalVersionUri>http://www.fpml.org/coding-scheme/business-center-6-15</CanonicalVersionUri>
      <LocationUri>http://www.fpml.org/coding-scheme/business-center-6-15.xml</LocationUri>
   </CodeListRef>
   <CodeListRef>
      <Annotation>
         <Description>
            <doc:definition>Contains a code representing the type of business process a message (e.g. a status request) applies to.</doc:definition>
            <doc:publicationDate>2011-09-29</doc:publicationDate>
            <doc:status>working-draft</doc:status>
         </Description>
      </Annotation>
      <CanonicalUri>http://www.fpml.org/coding-scheme/business-process</CanonicalUri>
      <CanonicalVersionUri>http://www.fpml.org/coding-scheme/business-process-1-0</CanonicalVersionUri>
      <LocationUri>http://www.fpml.org/coding-scheme/business-process-1-0.xml</LocationUri>
   </CodeListRef>
   <CodeListRef>
      <Annotation>
         <Description>
            <doc:definition>The type of cash flows associated with OTC derivatives contracts and their lifecycle events.</doc:definition>
         </Description>
      </Annotation>
      <CanonicalUri>http://www.fpml.org/coding-scheme/cashflow-type</CanonicalUri>
      <CanonicalVersionUri>http://www.fpml.org/coding-scheme/cashflow-type-2-0</CanonicalVersionUri>
      <LocationUri>http://www.fpml.org/coding-scheme/cashflow-type-2-0.xml</LocationUri>
   </CodeListRef>
   <CodeListRef>
      <Annotation>
         <Description>
            <doc:definition>A clearance system</doc:definition>
         </Description>
      </Annotation>
      <CanonicalUri>http://www.fpml.org/coding-scheme/clearance-system</CanonicalUri>
      <CanonicalVersionUri>http://www.fpml.org/coding-scheme/clearance-system-1-0</CanonicalVersionUri>
      <LocationUri>http://www.fpml.org/coding-scheme/clearance-system-1-0.xml</LocationUri>
   </CodeListRef>
   <CodeListRef>
      <Annotation>
         <Description>
            <doc:definition>Defines a list of clearing status codes.</doc:definition>
            <doc:publicationDate>2012-03-21</doc:publicationDate>
         </Description>
      </Annotation>
      <CanonicalUri>http://www.fpml.org/coding-scheme/clearing-status</CanonicalUri>
      <CanonicalVersionUri>http://www.fpml.org/coding-scheme/clearing-status-1-1</CanonicalVersionUri>
      <LocationUri>http://www.fpml.org/coding-scheme/clearing-status-1-1.xml</LocationUri>
   </CodeListRef>
   <CodeListRef>
      <Annotation>
         <Description>
            <doc:definition>Defines a list of collateral dispute resolution method codes.</doc:definition>
         </Description>
      </Annotation>
      <CanonicalUri>http://www.fpml.org/coding-scheme/collateral-dispute-resolution-method-reason</CanonicalUri>
      <CanonicalVersionUri>http://www.fpml.org/coding-scheme/collateral-dispute-resolution-method-reason-2-0</CanonicalVersionUri>
      <LocationUri>http://www.fpml.org/coding-scheme/collateral-dispute-resolution-method-reason-2-0.xml</LocationUri>
   </CodeListRef>
   <CodeListRef>
      <Annotation>
         <Description>
            <doc:definition>Defines a list of collateral reason codes.</doc:definition>
         </Description>
      </Annotation>
      <CanonicalUri>http://www.fpml.org/coding-scheme/collateral-margin-call-response-reason</CanonicalUri>
      <CanonicalVersionUri>http://www.fpml.org/coding-scheme/collateral-margin-call-response-reason-1-0</CanonicalVersionUri>
      <LocationUri>http://www.fpml.org/coding-scheme/collateral-margin-call-response-reason-1-0.xml</LocationUri>
   </CodeListRef>
   <CodeListRef>
      <Annotation>
         <Description>
            <doc:definition>Defines a list of collateral response reason codes.</doc:definition>
         </Description>
      </Annotation>
      <CanonicalUri>http://www.fpml.org/coding-scheme/collateral-response-reason</CanonicalUri>
      <CanonicalVersionUri>http://www.fpml.org/coding-scheme/collateral-response-reason-1-0</CanonicalVersionUri>
      <LocationUri>http://www.fpml.org/coding-scheme/collateral-response-reason-1-0.xml</LocationUri>
   </CodeListRef>
   <CodeListRef>
      <Annotation>
         <Description>
            <doc:definition>Defines a list of collateral retraction reason codes.</doc:definition>
         </Description>
      </Annotation>
      <CanonicalUri>http://www.fpml.org/coding-scheme/collateral-retraction-reason</CanonicalUri>
      <CanonicalVersionUri>http://www.fpml.org/coding-scheme/collateral-retraction-reason-1-1</CanonicalVersionUri>
      <LocationUri>http://www.fpml.org/coding-scheme/collateral-retraction-reason-1-1.xml</LocationUri>
   </CodeListRef>
   <CodeListRef>
      <Annotation>
         <Description>
            <doc:definition>Defines a list of collateral substitution response reason codes.</doc:definition>
         </Description>
      </Annotation>
      <CanonicalUri>http://www.fpml.org/coding-scheme/collateral-substitution-response-reason</CanonicalUri>
      <CanonicalVersionUri>http://www.fpml.org/coding-scheme/collateral-substitution-response-reason-1-0</CanonicalVersionUri>
      <LocationUri>http://www.fpml.org/coding-scheme/collateral-substitution-response-reason-1-0.xml</LocationUri>
   </CodeListRef>
   <CodeListRef>
      <Annotation>
         <Description>
            <doc:definition>Defines a list of collateral interest response reason codes.</doc:definition>
         </Description>
      </Annotation>
      <CanonicalUri>http://www.fpml.org/coding-scheme/collateral-interest-response-reason</CanonicalUri>
      <CanonicalVersionUri>http://www.fpml.org/coding-scheme/collateral-interest-response-reason-1-0</CanonicalVersionUri>
      <LocationUri>http://www.fpml.org/coding-scheme/collateral-interest-response-reason-1-0.xml</LocationUri>
   </CodeListRef>
   <CodeListRef>
      <Annotation>
         <Description>
            <doc:definition>Specifies the commodity business calendar.</doc:definition>
            <doc:publicationDate>2012-03-21</doc:publicationDate>
         </Description>
      </Annotation>
      <CanonicalUri>http://www.fpml.org/coding-scheme/commodity-business-calendar</CanonicalUri>
      <CanonicalVersionUri>http://www.fpml.org/coding-scheme/commodity-business-calendar-2-3</CanonicalVersionUri>
      <LocationUri>http://www.fpml.org/coding-scheme/commodity-business-calendar-2-3.xml</LocationUri>
   </CodeListRef>
   <CodeListRef>
      <Annotation>
         <Description>
            <doc:definition>Defines a scheme of Coal Quality Adjustments.</doc:definition>
         </Description>
      </Annotation>
      <CanonicalUri>http://www.fpml.org/coding-scheme/commodity-coal-quality-adjustments</CanonicalUri>
      <CanonicalVersionUri>http://www.fpml.org/coding-scheme/commodity-coal-quality-adjustments-2-0</CanonicalVersionUri>
      <LocationUri>http://www.fpml.org/coding-scheme/commodity-coal-quality-adjustments-2-0.xml</LocationUri>
   </CodeListRef>
   <CodeListRef>
      <Annotation>
         <Description>
            <doc:definition>Defines a scheme of Coal Product Sources.</doc:definition>
         </Description>
      </Annotation>
      <CanonicalUri>http://www.fpml.org/coding-scheme/commodity-coal-product-source</CanonicalUri>
      <CanonicalVersionUri>http://www.fpml.org/coding-scheme/commodity-coal-product-source-2-0</CanonicalVersionUri>
      <LocationUri>http://www.fpml.org/coding-scheme/commodity-coal-product-source-2-0.xml</LocationUri>
   </CodeListRef>
   <CodeListRef>
      <Annotation>
         <Description>
            <doc:definition>Defines a scheme of Coal Products specified in Exhibit A to the ISDA Coal Annex.</doc:definition>
         </Description>
      </Annotation>
      <CanonicalUri>http://www.fpml.org/coding-scheme/commodity-coal-product-type</CanonicalUri>
      <CanonicalVersionUri>http://www.fpml.org/coding-scheme/commodity-coal-product-type-2-0</CanonicalVersionUri>
      <LocationUri>http://www.fpml.org/coding-scheme/commodity-coal-product-type-2-0.xml</LocationUri>
   </CodeListRef>
   <CodeListRef>
      <Annotation>
         <Description>
            <doc:definition>Defines a scheme of Coal Transportation Equipment values.</doc:definition>
         </Description>
      </Annotation>
      <CanonicalUri>http://www.fpml.org/coding-scheme/commodity-coal-transportation-equipment</CanonicalUri>
      <CanonicalVersionUri>http://www.fpml.org/coding-scheme/commodity-coal-transportation-equipment-2-0</CanonicalVersionUri>
      <LocationUri>http://www.fpml.org/coding-scheme/commodity-coal-transportation-equipment-2-0.xml</LocationUri>
   </CodeListRef>
   <CodeListRef>
      <Annotation>
         <Description>
            <doc:definition>Specifies the event relative to which optional expiration(s) occur.</doc:definition>
         </Description>
      </Annotation>
      <CanonicalUri>http://www.fpml.org/coding-scheme/commodity-expire-relative-to-event</CanonicalUri>
      <CanonicalVersionUri>http://www.fpml.org/coding-scheme/commodity-expire-relative-to-event-2-0</CanonicalVersionUri>
      <LocationUri>http://www.fpml.org/coding-scheme/commodity-expire-relative-to-event-2-0.xml</LocationUri>
   </CodeListRef>
   <CodeListRef>
      <Annotation>
         <Description>
            <doc:definition>Specifies the frequency with which a price shall be observed.</doc:definition>
         </Description>
      </Annotation>
      <CanonicalUri>http://www.fpml.org/coding-scheme/commodity-frequency-type</CanonicalUri>
      <CanonicalVersionUri>http://www.fpml.org/coding-scheme/commodity-frequency-type-1-0</CanonicalVersionUri>
      <LocationUri>http://www.fpml.org/coding-scheme/commodity-frequency-type-1-0.xml</LocationUri>
   </CodeListRef>
   <CodeListRef>
      <Annotation>
         <Description>
            <doc:definition>Specifies the method by which FX rate will be applied.</doc:definition>
         </Description>
      </Annotation>
      <CanonicalUri>http://www.fpml.org/coding-scheme/commodity-fx-type</CanonicalUri>
      <CanonicalVersionUri>http://www.fpml.org/coding-scheme/commodity-fx-type-1-0</CanonicalVersionUri>
      <LocationUri>http://www.fpml.org/coding-scheme/commodity-fx-type-1-0.xml</LocationUri>
   </CodeListRef>
   <CodeListRef>
      <Annotation>
         <Description>
            <doc:definition>Specifies the Disruption Fallbacks that are applicable.</doc:definition>
         </Description>
      </Annotation>
      <CanonicalUri>http://www.fpml.org/coding-scheme/commodity-market-disruption-fallback</CanonicalUri>
      <CanonicalVersionUri>http://www.fpml.org/coding-scheme/commodity-market-disruption-fallback-1-0</CanonicalVersionUri>
      <LocationUri>http://www.fpml.org/coding-scheme/commodity-market-disruption-fallback-1-0.xml</LocationUri>
   </CodeListRef>
   <CodeListRef>
      <Annotation>
         <Description>
            <doc:definition>Specifies the Market Disruption Events that are applicable.</doc:definition>
         </Description>
      </Annotation>
      <CanonicalUri>http://www.fpml.org/coding-scheme/commodity-market-disruption</CanonicalUri>
      <CanonicalVersionUri>http://www.fpml.org/coding-scheme/commodity-market-disruption-1-0</CanonicalVersionUri>
      <LocationUri>http://www.fpml.org/coding-scheme/commodity-market-disruption-1-0.xml</LocationUri>
   </CodeListRef>
   <CodeListRef>
      <Annotation>
         <Description>
            <doc:definition>Specifies the event relative to which payment(s) occur.</doc:definition>
            <doc:publicationDate>2011-07-08</doc:publicationDate>
         </Description>
      </Annotation>
      <CanonicalUri>http://www.fpml.org/coding-scheme/commodity-pay-relative-to-event</CanonicalUri>
      <CanonicalVersionUri>http://www.fpml.org/coding-scheme/commodity-pay-relative-to-event-1-0</CanonicalVersionUri>
      <LocationUri>http://www.fpml.org/coding-scheme/commodity-pay-relative-to-event-1-0.xml</LocationUri>
   </CodeListRef>
   <CodeListRef>
      <Annotation>
         <Description>
            <doc:definition>Specifies the frequency at which the Quantity or Notional Quantity is deemed to apply for purposes of calculating the Total Quantity or Total Notional Quantity.</doc:definition>
            <doc:publicationDate>2012-03-07</doc:publicationDate>
         </Description>
      </Annotation>
      <CanonicalUri>http://www.fpml.org/coding-scheme/commodity-quantity-frequency</CanonicalUri>
      <CanonicalVersionUri>http://www.fpml.org/coding-scheme/commodity-quantity-frequency-1-2</CanonicalVersionUri>
      <LocationUri>http://www.fpml.org/coding-scheme/commodity-quantity-frequency-1-2.xml</LocationUri>
   </CodeListRef>
   <CodeListRef>
      <Annotation>
         <Description>
            <doc:definition>Contains a code representing a CFTC Part 20 covered commodity</doc:definition>
            <doc:publicationDate>2012-03-07</doc:publicationDate>
            <doc:status>working-draft</doc:status>
         </Description>
      </Annotation>
      <CanonicalUri>http://www.fpml.org/coding-scheme/commodity-code</CanonicalUri>
      <CanonicalVersionUri>http://www.fpml.org/coding-scheme/commodity-code-1-0</CanonicalVersionUri>
      <LocationUri/>
   </CodeListRef>
   <CodeListRef>
      <Annotation>
         <Description>
            <doc:definition>Contains a code representing the Commodity Reference Price corresponding to the CFTC Part 20 covered commodities</doc:definition>
            <doc:publicationDate>2012-03-07</doc:publicationDate>
            <doc:status>working-draft</doc:status>
         </Description>
      </Annotation>
      <CanonicalUri>http://www.fpml.org/coding-scheme/commodity-reference-price</CanonicalUri>
      <CanonicalVersionUri>http://www.fpml.org/coding-scheme/commodity-reference-price-2-0</CanonicalVersionUri>
      <LocationUri/>
   </CodeListRef>
   <CodeListRef>
      <Annotation>
         <Description>
            <doc:definition>Defines a scheme of Commodity Reference Prices specified in the Annex to the 2005 ISDA Commodity Definitions.</doc:definition>
         </Description>
      </Annotation>
      <CanonicalUri>http://www.fpml.org/coding-scheme/commodity-reference-price</CanonicalUri>
      <CanonicalVersionUri>http://www.fpml.org/coding-scheme/commodity-reference-price-1-0</CanonicalVersionUri>
      <LocationUri>http://www.fpml.org/coding-scheme/commodity-reference-price-1-0.xml</LocationUri>
   </CodeListRef>
   <CodeListRef>
      <Annotation>
         <Description>
            <doc:definition>The frequency at which a rate is compounded.</doc:definition>
         </Description>
      </Annotation>
      <CanonicalUri>http://www.fpml.org/coding-scheme/compounding-frequency</CanonicalUri>
      <CanonicalVersionUri>http://www.fpml.org/coding-scheme/compounding-frequency-1-0</CanonicalVersionUri>
      <LocationUri>http://www.fpml.org/coding-scheme/compounding-frequency-1-0.xml</LocationUri>
   </CodeListRef>
   <CodeListRef>
      <Annotation>
         <Description>
            <doc:definition>Contains a code representing a trade could be confirmed (ie. how the legally binding terms of a derivatives contract could be documented and agreed.).</doc:definition>
            <doc:publicationDate>2011-09-29</doc:publicationDate>
            <doc:status>working-draft</doc:status>
         </Description>
      </Annotation>
      <CanonicalUri>http://www.fpml.org/coding-scheme/confirmation-method</CanonicalUri>
      <CanonicalVersionUri>http://www.fpml.org/coding-scheme/confirmation-method-1-0</CanonicalVersionUri>
      <LocationUri>http://www.fpml.org/coding-scheme/confirmation-method-1-0.xml</LocationUri>
   </CodeListRef>
   <CodeListRef>
      <Annotation>
         <Description>
            <doc:definition>Specifies a set of standard contract definitions relevant to the transaction</doc:definition>
         </Description>
      </Annotation>
      <CanonicalUri>http://www.fpml.org/coding-scheme/contractual-definitions</CanonicalUri>
      <CanonicalVersionUri>http://www.fpml.org/coding-scheme/contractual-definitions-3-5</CanonicalVersionUri>
      <LocationUri>http://www.fpml.org/coding-scheme/contractual-definitions-3-5.xml</LocationUri>
   </CodeListRef>
   <CodeListRef>
      <Annotation>
         <Description>
            <doc:definition>Defines the supplements to a base set of ISDA Definitions that are applicable to the transaction.</doc:definition>
         </Description>
      </Annotation>
      <CanonicalUri>http://www.fpml.org/coding-scheme/contractual-supplement</CanonicalUri>
      <CanonicalVersionUri>http://www.fpml.org/coding-scheme/contractual-supplement-6-17</CanonicalVersionUri>
      <LocationUri>http://www.fpml.org/coding-scheme/contractual-supplement-6-17.xml</LocationUri>
   </CodeListRef>
   <CodeListRef>
      <Annotation>
         <Description>
            <doc:definition>Defines a scheme of values for specifiying if the bond has a variable coupon, step-up/down coupon or a zero-coupon.</doc:definition>
         </Description>
      </Annotation>
      <CanonicalUri>http://www.fpml.org/coding-scheme/coupon-type</CanonicalUri>
      <CanonicalVersionUri>http://www.fpml.org/coding-scheme/coupon-type-1-0</CanonicalVersionUri>
      <LocationUri>http://www.fpml.org/coding-scheme/coupon-type-1-0.xml</LocationUri>
   </CodeListRef>
   <CodeListRef>
      <Annotation>
         <Description>
            <doc:definition>Defines a scheme of values for specifiying the regulatory reporting types of the counterparties to a transaction.</doc:definition>
            <doc:publicationDate>2011-05-13</doc:publicationDate>
            <doc:status>working-draft</doc:status>
         </Description>
      </Annotation>
      <CanonicalUri>http://www.fpml.org/coding-scheme/counterparty-types</CanonicalUri>
      <CanonicalVersionUri>http://www.fpml.org/coding-scheme/counterparty-types-1-0</CanonicalVersionUri>
      <LocationUri>http://www.fpml.org/coding-scheme/counterparty-types-1-0.xml</LocationUri>
   </CodeListRef>
   <CodeListRef>
      <Annotation>
         <Description>
            <doc:definition>Specifies the repayment precedence of a debt instrument.</doc:definition>
         </Description>
      </Annotation>
      <CanonicalUri>http://www.fpml.org/coding-scheme/credit-seniority</CanonicalUri>
      <CanonicalVersionUri>http://www.fpml.org/coding-scheme/credit-seniority-2-0</CanonicalVersionUri>
      <LocationUri>http://www.fpml.org/coding-scheme/credit-seniority-2-0.xml</LocationUri>
   </CodeListRef>
   <CodeListRef>
      <Annotation>
         <Description>
            <doc:definition>Specifies the seniority of the reference obligation used in a single name credit default swap trade. It overrides the creditSeniorityScheme.</doc:definition>
         </Description>
      </Annotation>
      <CanonicalUri>http://www.fpml.org/coding-scheme/credit-seniority-trading</CanonicalUri>
      <CanonicalVersionUri>http://www.fpml.org/coding-scheme/credit-seniority-trading-1-0</CanonicalVersionUri>
      <LocationUri>http://www.fpml.org/coding-scheme/credit-seniority-trading-1-0.xml</LocationUri>
   </CodeListRef>
   <CodeListRef>
      <Annotation>
         <Description>
            <doc:definition>Specifies the type of ISDA Credit Support Agreement governing the transaction.</doc:definition>
         </Description>
      </Annotation>
      <CanonicalUri>http://www.fpml.org/coding-scheme/credit-support-agreement-type</CanonicalUri>
      <CanonicalVersionUri>http://www.fpml.org/coding-scheme/credit-support-agreement-type-1-0</CanonicalVersionUri>
      <LocationUri>http://www.fpml.org/coding-scheme/credit-support-agreement-type-1-0.xml</LocationUri>
   </CodeListRef>
   <CodeListRef>
      <Annotation>
         <Description>
            <doc:definition>The specification of the cut name, or expiry date and time, for an FX OTC option.</doc:definition>
         </Description>
      </Annotation>
      <CanonicalUri>http://www.fpml.org/coding-scheme/cut-name</CanonicalUri>
      <CanonicalVersionUri>http://www.fpml.org/coding-scheme/cut-name-1-0</CanonicalVersionUri>
      <LocationUri>http://www.fpml.org/coding-scheme/cut-name-1-0.xml</LocationUri>
   </CodeListRef>
   <CodeListRef>
      <Annotation>
         <Description>
            <doc:definition>Defines a scheme of values for specifiying how the number of days between two dates is calculated for purposes of calculation of a fixed or floating payment amount and the basis for how many days are assumed to be in a year.</doc:definition>
         </Description>
      </Annotation>
      <CanonicalUri>http://www.fpml.org/coding-scheme/day-count-fraction</CanonicalUri>
      <CanonicalVersionUri>http://www.fpml.org/coding-scheme/day-count-fraction-2-2</CanonicalVersionUri>
      <LocationUri>http://www.fpml.org/coding-scheme/day-count-fraction-2-2.xml</LocationUri>
   </CodeListRef>
   <CodeListRef>
      <Annotation>
         <Description>
            <doc:definition>Specifies the method by which a derivative is computed.</doc:definition>
         </Description>
      </Annotation>
      <CanonicalUri>http://www.fpml.org/coding-scheme/derivative-calculation-method</CanonicalUri>
      <CanonicalVersionUri>http://www.fpml.org/coding-scheme/derivative-calculation-method-1-0</CanonicalVersionUri>
      <LocationUri>http://www.fpml.org/coding-scheme/derivative-calculation-method-1-0.xml</LocationUri>
   </CodeListRef>
   <CodeListRef>
      <Annotation>
         <Description>
            <doc:definition>Specifies the types of liens that can be associated with a loan facility. In practice there could be any number of liens. Practice shows that the number does not typically goes beyond 3.</doc:definition>
         </Description>
      </Annotation>
      <CanonicalUri>http://www.fpml.org/coding-scheme/designated-priority</CanonicalUri>
      <CanonicalVersionUri>http://www.fpml.org/coding-scheme/designated-priority-1-0</CanonicalVersionUri>
      <LocationUri>http://www.fpml.org/coding-scheme/designated-priority-1-0.xml</LocationUri>
   </CodeListRef>
   <CodeListRef>
      <Annotation>
         <Description>
            <doc:definition>Specifies the method according to which an amount or a date is determined.</doc:definition>
         </Description>
      </Annotation>
      <CanonicalUri>http://www.fpml.org/coding-scheme/determination-method</CanonicalUri>
      <CanonicalVersionUri>http://www.fpml.org/coding-scheme/determination-method-3-2</CanonicalVersionUri>
      <LocationUri>http://www.fpml.org/coding-scheme/determination-method-3-2.xml</LocationUri>
   </CodeListRef>
   <CodeListRef>
      <Annotation>
         <Description>
            <doc:definition>This specifies the reference entity types corresponding to a list of types defined in the ISDA First to Default documentation.</doc:definition>
         </Description>
      </Annotation>
      <CanonicalUri>http://www.fpml.org/coding-scheme/entity-type</CanonicalUri>
      <CanonicalVersionUri>http://www.fpml.org/coding-scheme/entity-type-1-0</CanonicalVersionUri>
      <LocationUri>http://www.fpml.org/coding-scheme/entity-type-1-0.xml</LocationUri>
   </CodeListRef>
   <CodeListRef>
      <Annotation>
         <Description>
            <doc:definition>Status of the set of payments once the matching process is performed.</doc:definition>
            <doc:publicationDate>2012-03-21</doc:publicationDate>
         </Description>
      </Annotation>
      <CanonicalUri>http://www.fpml.org/coding-scheme/event-status</CanonicalUri>
      <CanonicalVersionUri>http://www.fpml.org/coding-scheme/event-status-1-1</CanonicalVersionUri>
      <LocationUri>http://www.fpml.org/coding-scheme/event-status-1-1.xml</LocationUri>
   </CodeListRef>
   <CodeListRef>
      <Annotation>
         <Description>
            <doc:definition>Contains a code representing the type of exposure.</doc:definition>
            <doc:publicationDate>2011-06-10</doc:publicationDate>
            <doc:status>working-draft</doc:status>
         </Description>
      </Annotation>
      <CanonicalUri>http://www.fpml.org/coding-scheme/exposure-type</CanonicalUri>
      <CanonicalVersionUri>http://www.fpml.org/coding-scheme/exposure-type-1-0</CanonicalVersionUri>
      <LocationUri>http://www.fpml.org/coding-scheme/exposure-type-1-0.xml</LocationUri>
   </CodeListRef>
   <CodeListRef>
      <Annotation>
         <Description>
            <doc:definition>ISDA Rate Options as published by ISDA in either the 2006 ISDA Definitions or the Annex to the 2000 Definitions, Section 7.1. Rate Options.</doc:definition>
            <doc:publicationDate>2011-06-10</doc:publicationDate>
         </Description>
      </Annotation>
      <CanonicalUri>http://www.fpml.org/coding-scheme/floating-rate-index</CanonicalUri>
      <CanonicalVersionUri>http://www.fpml.org/coding-scheme/floating-rate-index-2-3</CanonicalVersionUri>
      <LocationUri>http://www.fpml.org/coding-scheme/floating-rate-index-2-3.xml</LocationUri>
   </CodeListRef>
   <CodeListRef>
      <Annotation>
         <Description>
            <doc:definition>Identification of the law governing the transaction.</doc:definition>
            <doc:description>
               <doc:paragraph>In general the codes are the ISO country code where the applicable law is the law of an entire country</doc:paragraph>
               <doc:paragraph>For countries that have more than one legal regime the code is constructed from the two-character ISO country code followed by two characters indicating the legal regime. In the cases of Canada and the United States of America, these two characters are the conventional abbreviations for the provinces and states respectively. In the case of the United Kingdom, the first two characters are "GB" followed by two characters indicating the legal regime.</doc:paragraph>
               <doc:paragraph>The following are examples of valid codes, not an exhaustive list.</doc:paragraph>
            </doc:description>
            <doc:publicationDate>2012-03-21</doc:publicationDate>
         </Description>
      </Annotation>
      <CanonicalUri>http://www.fpml.org/coding-scheme/governing-law</CanonicalUri>
      <CanonicalVersionUri>http://www.fpml.org/coding-scheme/governing-law-1-2</CanonicalVersionUri>
      <LocationUri>http://www.fpml.org/coding-scheme/governing-law-1-2.xml</LocationUri>
   </CodeListRef>
   <CodeListRef>
      <Annotation>
         <Description>
            <doc:definition>Contains a code representing a trade could be executed (ie. how a legally enforceable contract could be agreed, as per CFTC's 17 CFR Part 43.</doc:definition>
            <doc:publicationDate>2011-06-24</doc:publicationDate>
            <doc:status>working-draft</doc:status>
         </Description>
      </Annotation>
      <CanonicalUri>http://www.fpml.org/coding-scheme/execution-type</CanonicalUri>
      <CanonicalVersionUri>http://www.fpml.org/coding-scheme/execution-type-1-0</CanonicalVersionUri>
      <LocationUri>http://www.fpml.org/coding-scheme/execution-type-1-0.xml</LocationUri>
   </CodeListRef>
   <CodeListRef>
      <Annotation>
         <Description>
            <doc:definition>Defines a scheme of values for specifiying the CDX index annex source.</doc:definition>
         </Description>
      </Annotation>
      <CanonicalUri>http://www.fpml.org/coding-scheme/cdx-index-annex-source</CanonicalUri>
      <CanonicalVersionUri>http://www.fpml.org/coding-scheme/cdx-index-annex-source-1-0</CanonicalVersionUri>
      <LocationUri>http://www.fpml.org/coding-scheme/cdx-index-annex-source-1-0.xml</LocationUri>
   </CodeListRef>
   <CodeListRef>
      <Annotation>
         <Description>
            <doc:description>
               <doc:paragraph>The specification of the Index Descriptions based on the section 1.12 of the 2006 ISDA Inflation Derivatives Definitions</doc:paragraph>
            </doc:description>
         </Description>
      </Annotation>
      <CanonicalUri>http://www.fpml.org/coding-scheme/inflation-index-description</CanonicalUri>
      <CanonicalVersionUri>http://www.fpml.org/coding-scheme/inflation-index-description-2-0</CanonicalVersionUri>
      <LocationUri>http://www.fpml.org/coding-scheme/inflation-index-description-2-0.xml</LocationUri>
   </CodeListRef>
   <CodeListRef>
      <Annotation>
         <Description>
            <doc:description>
               <doc:paragraph>The specification of the Index Source.</doc:paragraph>
            </doc:description>
         </Description>
      </Annotation>
      <CanonicalUri>http://www.fpml.org/coding-scheme/inflation-index-source</CanonicalUri>
      <CanonicalVersionUri>http://www.fpml.org/coding-scheme/inflation-index-source-2-1</CanonicalVersionUri>
      <LocationUri>http://www.fpml.org/coding-scheme/inflation-index-source-2-1.xml</LocationUri>
   </CodeListRef>
   <CodeListRef>
      <Annotation>
         <Description>
            <doc:description>
               <doc:paragraph>The specification of the Inflation Index Main Publication.</doc:paragraph>
            </doc:description>
         </Description>
      </Annotation>
      <CanonicalUri>http://www.fpml.org/coding-scheme/inflation-main-publication</CanonicalUri>
      <CanonicalVersionUri>http://www.fpml.org/coding-scheme/inflation-main-publication-1-0</CanonicalVersionUri>
      <LocationUri>http://www.fpml.org/coding-scheme/inflation-main-publication-1-0.xml</LocationUri>
   </CodeListRef>
   <CodeListRef>
      <Annotation>
         <Description>
            <doc:definition>The specification of a list of information providers and vendors who publish financial markets information. Their information sources will typically be used to determine a relevant market rate, price or index.</doc:definition>
            <doc:description>
               <doc:paragraph>List compiled from the Annex to the 2000 ISDA Definitions Section 7.2 - Certain Published and Displayed Sources, and other sources.</doc:paragraph>
            </doc:description>
         </Description>
      </Annotation>
      <CanonicalUri>http://www.fpml.org/coding-scheme/information-provider</CanonicalUri>
      <CanonicalVersionUri>http://www.fpml.org/coding-scheme/information-provider-2-0</CanonicalVersionUri>
      <LocationUri>http://www.fpml.org/coding-scheme/information-provider-2-0.xml</LocationUri>
   </CodeListRef>
   <CodeListRef>
      <Annotation>
         <Description>
            <doc:definition>Specifies the type of interpolation used.</doc:definition>
         </Description>
      </Annotation>
      <CanonicalUri>http://www.fpml.org/coding-scheme/interpolation-method</CanonicalUri>
      <CanonicalVersionUri>http://www.fpml.org/coding-scheme/interpolation-method-1-1</CanonicalVersionUri>
      <LocationUri>http://www.fpml.org/coding-scheme/interpolation-method-1-1.xml</LocationUri>
   </CodeListRef>
   <CodeListRef>
      <Annotation>
         <Description>
            <doc:definition>Specifies a typology for loan facilities.</doc:definition>
         </Description>
      </Annotation>
      <CanonicalUri>http://www.fpml.org/coding-scheme/facility-type</CanonicalUri>
      <CanonicalVersionUri>http://www.fpml.org/coding-scheme/facility-type-1-0</CanonicalVersionUri>
      <LocationUri>http://www.fpml.org/coding-scheme/facility-type-1-0</LocationUri>
   </CodeListRef>
   <CodeListRef>
      <Annotation>
         <Description>
            <doc:definition>This overrides the countryScheme. Specifies the Local Jurisdiction that applies to a Transaction, for example for the purposes of defining which Local Taxes will apply.</doc:definition>
         </Description>
      </Annotation>
      <CanonicalUri>http://www.fpml.org/coding-scheme/local-jurisdiction</CanonicalUri>
      <CanonicalVersionUri>http://www.fpml.org/coding-scheme/local-jurisdiction-1-0</CanonicalVersionUri>
      <LocationUri>http://www.fpml.org/coding-scheme/local-jurisdiction-1-0.xml</LocationUri>
   </CodeListRef>
   <CodeListRef>
      <Annotation>
         <Description>
            <doc:definition>Defines the handling of a averaging date market disruption for an equity derivative transaction.</doc:definition>
         </Description>
      </Annotation>
      <CanonicalUri>http://www.fpml.org/coding-scheme/market-disruption</CanonicalUri>
      <CanonicalVersionUri>http://www.fpml.org/coding-scheme/market-disruption-1-0</CanonicalVersionUri>
      <LocationUri>http://www.fpml.org/coding-scheme/market-disruption-1-0.xml</LocationUri>
   </CodeListRef>
   <CodeListRef>
      <Annotation>
         <Description>
            <doc:definition>Defines the type of the master agreement governing the transaction.</doc:definition>
            <doc:publicationDate>2012-03-07</doc:publicationDate>
         </Description>
      </Annotation>
      <CanonicalUri>http://www.fpml.org/coding-scheme/master-agreement-type</CanonicalUri>
      <CanonicalVersionUri>http://www.fpml.org/coding-scheme/master-agreement-type-2-2</CanonicalVersionUri>
      <LocationUri>http://www.fpml.org/coding-scheme/master-agreement-type-2-2.xml</LocationUri>
   </CodeListRef>
   <CodeListRef>
      <Annotation>
         <Description>
            <doc:definition>Defines the version of the master agreement governing the transaction.</doc:definition>
         </Description>
      </Annotation>
      <CanonicalUri>http://www.fpml.org/coding-scheme/master-agreement-version</CanonicalUri>
      <CanonicalVersionUri>http://www.fpml.org/coding-scheme/master-agreement-version-1-1</CanonicalVersionUri>
      <LocationUri>http://www.fpml.org/coding-scheme/master-agreement-version-1-1.xml</LocationUri>
   </CodeListRef>
   <CodeListRef>
      <Annotation>
         <Description>
            <doc:definition>Defines the type of annex to be used with master confirmation agreement governing the transaction.</doc:definition>
         </Description>
      </Annotation>
      <CanonicalUri>http://www.fpml.org/coding-scheme/master-confirmation-annex-type</CanonicalUri>
      <CanonicalVersionUri>http://www.fpml.org/coding-scheme/master-confirmation-annex-type-2-6</CanonicalVersionUri>
      <LocationUri>http://www.fpml.org/coding-scheme/master-confirmation-annex-type-2-6.xml</LocationUri>
   </CodeListRef>
   <CodeListRef>
      <Annotation>
         <Description>
            <doc:definition>Defines the type of master confirmation agreement governing the transaction.</doc:definition>
         </Description>
      </Annotation>
      <CanonicalUri>http://www.fpml.org/coding-scheme/master-confirmation-type</CanonicalUri>
      <CanonicalVersionUri>http://www.fpml.org/coding-scheme/master-confirmation-type-7-4</CanonicalVersionUri>
      <LocationUri>http://www.fpml.org/coding-scheme/master-confirmation-type-7-4.xml</LocationUri>
   </CodeListRef>
   <CodeListRef>
      <Annotation>
         <Description>
            <doc:definition>Defines a scheme of transaction types specified in the Credit Derivatives Physical Settlement Matrix.</doc:definition>
         </Description>
      </Annotation>
      <CanonicalUri>http://www.fpml.org/coding-scheme/credit-matrix-transaction-type</CanonicalUri>
      <CanonicalVersionUri>http://www.fpml.org/coding-scheme/credit-matrix-transaction-type-3-7</CanonicalVersionUri>
      <LocationUri>http://www.fpml.org/coding-scheme/credit-matrix-transaction-type-3-7.xml</LocationUri>
   </CodeListRef>
   <CodeListRef>
      <Annotation>
         <Description>
            <doc:definition>Defines a scheme of values for identifying the form of applicable matrix.</doc:definition>
         </Description>
      </Annotation>
      <CanonicalUri>http://www.fpml.org/coding-scheme/matrix-type</CanonicalUri>
      <CanonicalVersionUri>http://www.fpml.org/coding-scheme/matrix-type-1-0</CanonicalVersionUri>
      <LocationUri>http://www.fpml.org/coding-scheme/matrix-type-1-0.xml</LocationUri>
   </CodeListRef>
   <CodeListRef>
      <Annotation>
         <Description>
            <doc:definition>Specifies a mortgage typology.</doc:definition>
         </Description>
      </Annotation>
      <CanonicalUri>http://www.fpml.org/coding-scheme/mortgage-sector</CanonicalUri>
      <CanonicalVersionUri>http://www.fpml.org/coding-scheme/mortgage-sector-1-0</CanonicalVersionUri>
      <LocationUri>http://www.fpml.org/coding-scheme/mortgage-sector-1-0.xml</LocationUri>
   </CodeListRef>
   <CodeListRef>
      <Annotation>
         <Description>
            <doc:definition>Specifies the type of business event that triggered the origination of this trade.  This is used to provide additional detail about how or why a trade originatated, particularly when this is not self-evident.  For example, it can indicated that the trade was created as a result of netting, or as a result of a novation or transfer party initiated by a third party.</doc:definition>
            <doc:publicationDate>2012-03-21</doc:publicationDate>
         </Description>
      </Annotation>
      <CanonicalUri>http://www.fpml.org/coding-scheme/originating-event</CanonicalUri>
      <CanonicalVersionUri>http://www.fpml.org/coding-scheme/originating-event-1-1</CanonicalVersionUri>
      <LocationUri>http://www.fpml.org/coding-scheme/originating-event-1-1.xml</LocationUri>
   </CodeListRef>
   <CodeListRef>
      <Annotation>
         <Description>
            <doc:definition>Specifies the type of perturbation applied to compute a derivative perturbatively.</doc:definition>
         </Description>
      </Annotation>
      <CanonicalUri>http://www.fpml.org/coding-scheme/perturbation-type</CanonicalUri>
      <CanonicalVersionUri>http://www.fpml.org/coding-scheme/perturbation-type-1-0</CanonicalVersionUri>
      <LocationUri>http://www.fpml.org/coding-scheme/perturbation-type-1-0.xml</LocationUri>
   </CodeListRef>
   <CodeListRef>
      <Annotation>
         <Description>
            <doc:definition>Defines the types of business events which can cause a change in position for a given facility.</doc:definition>
         </Description>
      </Annotation>
      <CanonicalUri>http://www.fpml.org/coding-scheme/position-change-type</CanonicalUri>
      <CanonicalVersionUri>http://www.fpml.org/coding-scheme/position-change-type-1-0</CanonicalVersionUri>
      <LocationUri>http://www.fpml.org/coding-scheme/position-change-type-1-0.xml</LocationUri>
   </CodeListRef>
   <CodeListRef>
      <Annotation>
         <Description>
            <doc:definition>Indicates the status of the reconciliation of a position.</doc:definition>
         </Description>
      </Annotation>
      <CanonicalUri>http://www.fpml.org/coding-scheme/position-status</CanonicalUri>
      <CanonicalVersionUri>http://www.fpml.org/coding-scheme/position-status-1-0</CanonicalVersionUri>
      <LocationUri>http://www.fpml.org/coding-scheme/position-status-1-0.xml</LocationUri>
   </CodeListRef>
   <CodeListRef>
      <Annotation>
         <Description>
            <doc:definition>Specifies the units in which a price is quoted.</doc:definition>
            <doc:publicationDate>2012-03-07</doc:publicationDate>
         </Description>
      </Annotation>
      <CanonicalUri>http://www.fpml.org/coding-scheme/price-quote-units</CanonicalUri>
      <CanonicalVersionUri>http://www.fpml.org/coding-scheme/price-quote-units-1-4</CanonicalVersionUri>
      <LocationUri>http://www.fpml.org/coding-scheme/price-quote-units-1-4.xml</LocationUri>
   </CodeListRef>
   <CodeListRef>
      <Annotation>
         <Description>
            <doc:definition>Specifies the type of pricing structure represented.</doc:definition>
         </Description>
      </Annotation>
      <CanonicalUri>http://www.fpml.org/coding-scheme/pricing-input-type</CanonicalUri>
      <CanonicalVersionUri>http://www.fpml.org/coding-scheme/pricing-input-type-1-0</CanonicalVersionUri>
      <LocationUri>http://www.fpml.org/coding-scheme/pricing-input-type-1-0.xml</LocationUri>
   </CodeListRef>
   <CodeListRef>
      <Annotation>
         <Description>
            <doc:definition>Contains a product type code based on the ISDA product taxonomy</doc:definition>
            <doc:publicationDate>2012-03-07</doc:publicationDate>
            <doc:status>working-draft</doc:status>
         </Description>
      </Annotation>
      <CanonicalUri>http://www.fpml.org/coding-scheme/product-taxonomy</CanonicalUri>
      <CanonicalVersionUri>http://www.fpml.org/coding-scheme/product-taxonomy-1-0</CanonicalVersionUri>
      <LocationUri/>
   </CodeListRef>
   <CodeListRef>
      <Annotation>
         <Description>
            <doc:definition>A simple product typology, focused on identifing the type of financial instrument, without characterizing its features.</doc:definition>
            <doc:publicationDate>2011-07-22</doc:publicationDate>
         </Description>
      </Annotation>
      <CanonicalUri>http://www.fpml.org/coding-scheme/product-type-simple</CanonicalUri>
      <CanonicalVersionUri>http://www.fpml.org/coding-scheme/product-type-simple-1-4</CanonicalVersionUri>
      <LocationUri>http://www.fpml.org/coding-scheme/product-type-simple-1-4.xml</LocationUri>
   </CodeListRef>
   <CodeListRef>
      <Annotation>
         <Description>
            <doc:definition>Specifies the query parameter operator.</doc:definition>
         </Description>
      </Annotation>
      <CanonicalUri>http://www.fpml.org/coding-scheme/query-parameter-operator</CanonicalUri>
      <CanonicalVersionUri>http://www.fpml.org/coding-scheme/query-parameter-operator-1-0</CanonicalVersionUri>
      <LocationUri>http://www.fpml.org/coding-scheme/query-parameter-operator-1-0.xml</LocationUri>
   </CodeListRef>
   <CodeListRef>
      <Annotation>
         <Description>
            <doc:definition>Specifies the type of the time of the quote.</doc:definition>
            <doc:publicationDate>2012-03-21</doc:publicationDate>
         </Description>
      </Annotation>
      <CanonicalUri>http://www.fpml.org/coding-scheme/quote-timing</CanonicalUri>
      <CanonicalVersionUri>http://www.fpml.org/coding-scheme/quote-timing-1-1</CanonicalVersionUri>
      <LocationUri>http://www.fpml.org/coding-scheme/quote-timing-1-1.xml</LocationUri>
   </CodeListRef>
   <CodeListRef>
      <Annotation>
         <Description>
            <doc:definition>Defines a list of machine interpretable error codes.</doc:definition>
         </Description>
      </Annotation>
      <CanonicalUri>http://www.fpml.org/coding-scheme/reason-code</CanonicalUri>
      <CanonicalVersionUri>http://www.fpml.org/coding-scheme/reason-code-1-0</CanonicalVersionUri>
      <LocationUri>http://www.fpml.org/coding-scheme/reason-code-1-0.xml</LocationUri>
   </CodeListRef>
   <CodeListRef>
      <Annotation>
         <Description>
            <doc:definition>Indicates the action that is requested to be performed, for example in a consent request message.</doc:definition>
            <doc:publicationDate>2011-05-13</doc:publicationDate>
         </Description>
      </Annotation>
      <CanonicalUri>http://www.fpml.org/coding-scheme/requested-action</CanonicalUri>
      <CanonicalVersionUri>http://www.fpml.org/coding-scheme/requested-action-1-0</CanonicalVersionUri>
      <LocationUri>http://www.fpml.org/coding-scheme/requested-action-1-0.xml</LocationUri>
   </CodeListRef>
   <CodeListRef>
      <Annotation>
         <Description>
            <doc:definition>Specifies the form of the restructuring credit event that is applicable to the credit default swap.</doc:definition>
         </Description>
      </Annotation>
      <CanonicalUri>http://www.fpml.org/coding-scheme/restructuring</CanonicalUri>
      <CanonicalVersionUri>http://www.fpml.org/coding-scheme/restructuring-1-0</CanonicalVersionUri>
      <LocationUri>http://www.fpml.org/coding-scheme/restructuring-1-0.xml</LocationUri>
   </CodeListRef>
   <CodeListRef>
      <Annotation>
         <Description>
            <doc:definition>Defines the type of each scheduled date that is reported.</doc:definition>
         </Description>
      </Annotation>
      <CanonicalUri>http://www.fpml.org/coding-scheme/scheduled-date-type</CanonicalUri>
      <CanonicalVersionUri>http://www.fpml.org/coding-scheme/scheduled-date-type-1-0</CanonicalVersionUri>
      <LocationUri>http://www.fpml.org/coding-scheme/scheduled-date-type-1-0.xml</LocationUri>
   </CodeListRef>
   <CodeListRef>
      <Annotation>
         <Description>
            <doc:definition>Used to specify the relevant settled entity matrix source.</doc:definition>
         </Description>
      </Annotation>
      <CanonicalUri>http://www.fpml.org/coding-scheme/settled-entity-matrix-source</CanonicalUri>
      <CanonicalVersionUri>http://www.fpml.org/coding-scheme/settled-entity-matrix-source-1-0</CanonicalVersionUri>
      <LocationUri>http://www.fpml.org/coding-scheme/settled-entity-matrix-source-1-0.xml</LocationUri>
   </CodeListRef>
   <CodeListRef>
      <Annotation>
         <Description>
            <doc:definition>The specification of the method for settling a particular trade.</doc:definition>
         </Description>
      </Annotation>
      <CanonicalUri>http://www.fpml.org/coding-scheme/settlement-method</CanonicalUri>
      <CanonicalVersionUri>http://www.fpml.org/coding-scheme/settlement-method-1-0</CanonicalVersionUri>
      <LocationUri>http://www.fpml.org/coding-scheme/settlement-method-1-0.xml</LocationUri>
   </CodeListRef>
   <CodeListRef>
      <Annotation>
         <Description>
            <doc:definition>Specifies the method according to which an amount or a date is determined.</doc:definition>
         </Description>
      </Annotation>
      <CanonicalUri>http://www.fpml.org/coding-scheme/settlement-price-default-election</CanonicalUri>
      <CanonicalVersionUri>http://www.fpml.org/coding-scheme/settlement-price-default-election-1-0</CanonicalVersionUri>
      <LocationUri>http://www.fpml.org/coding-scheme/settlement-price-default-election-1-0.xml</LocationUri>
   </CodeListRef>
   <CodeListRef>
      <Annotation>
         <Description>
            <doc:definition>The source from which the settlement price is to be obtained.</doc:definition>
         </Description>
      </Annotation>
      <CanonicalUri>http://www.fpml.org/coding-scheme/settlement-price-source</CanonicalUri>
      <CanonicalVersionUri>http://www.fpml.org/coding-scheme/settlement-price-source-1-0</CanonicalVersionUri>
      <LocationUri>http://www.fpml.org/coding-scheme/settlement-price-source-1-0.xml</LocationUri>
   </CodeListRef>
   <CodeListRef>
      <Annotation>
         <Description>
            <doc:definition>Defines a scheme of settlement rate options specified in the Annex A to the 1998 FX and Currency Option Definitions.</doc:definition>
            <doc:publicationDate>2011-09-29</doc:publicationDate>
         </Description>
      </Annotation>
      <CanonicalUri>http://www.fpml.org/coding-scheme/settlement-rate-option</CanonicalUri>
      <CanonicalVersionUri>http://www.fpml.org/coding-scheme/settlement-rate-option-2-4</CanonicalVersionUri>
      <LocationUri>http://www.fpml.org/coding-scheme/settlement-rate-option-2-4.xml</LocationUri>
   </CodeListRef>
   <CodeListRef>
      <Annotation>
         <Description>
            <doc:definition>Defines the type of each spread schedule type.</doc:definition>
         </Description>
      </Annotation>
      <CanonicalUri>http://www.fpml.org/coding-scheme/spread-schedule-type</CanonicalUri>
      <CanonicalVersionUri>http://www.fpml.org/coding-scheme/spread-schedule-type-1-0</CanonicalVersionUri>
      <LocationUri>http://www.fpml.org/coding-scheme/spread-schedule-type-1-0.xml</LocationUri>
   </CodeListRef>
   <CodeListRef>
      <Annotation>
         <Description>
            <doc:definition>Specifies the type of business event that triggered the termination of this trade.  This is used to provide additional detail about how or why a trade terminatated, particularly when this is not self-evident.  For example, it can indicated that the trade was terminated as a result of netting, or as a result of a novation or transfer party initiated by a third party.</doc:definition>
            <doc:publicationDate>2011-05-13</doc:publicationDate>
         </Description>
      </Annotation>
      <CanonicalUri>http://www.fpml.org/coding-scheme/terminating-event</CanonicalUri>
      <CanonicalVersionUri>http://www.fpml.org/coding-scheme/terminating-event-1-0</CanonicalVersionUri>
      <LocationUri>http://www.fpml.org/coding-scheme/terminating-event-1-0.xml</LocationUri>
   </CodeListRef>
   <CodeListRef>
      <Annotation>
         <Description>
            <doc:definition>Status of the set of payments once the matching process is performed.</doc:definition>
         </Description>
      </Annotation>
      <CanonicalUri>http://www.fpml.org/coding-scheme/trade-cashflows-status</CanonicalUri>
      <CanonicalVersionUri>http://www.fpml.org/coding-scheme/trade-cashflows-status-1-0</CanonicalVersionUri>
      <LocationUri>http://www.fpml.org/coding-scheme/trade-cashflows-status-1-0.xml</LocationUri>
   </CodeListRef>
   <CodeListRef>
      <Annotation>
         <Description>
            <doc:definition>Contains a code representing the type of venue where a trade could be executed.</doc:definition>
            <doc:publicationDate>2011-06-10</doc:publicationDate>
            <doc:status>working-draft</doc:status>
         </Description>
      </Annotation>
      <CanonicalUri>http://www.fpml.org/coding-scheme/execution-venue-type</CanonicalUri>
      <CanonicalVersionUri>http://www.fpml.org/coding-scheme/execution-venue-type-1-0</CanonicalVersionUri>
      <LocationUri>http://www.fpml.org/coding-scheme/execution-venue-type-1-0.xml</LocationUri>
   </CodeListRef>
   <CodeListRef>
      <Annotation>
         <Description>
            <doc:definition>Contains a code representing the type of organization. Used to clarify which participant's information is being reported.</doc:definition>
            <doc:publicationDate>2011-09-29</doc:publicationDate>
            <doc:status>working-draft</doc:status>
         </Description>
      </Annotation>
      <CanonicalUri>http://www.fpml.org/coding-scheme/org-type-category</CanonicalUri>
      <CanonicalVersionUri>http://www.fpml.org/coding-scheme/org-type-category-1-0</CanonicalVersionUri>
      <LocationUri>http://www.fpml.org/coding-scheme/org-type-category-1-0.xml</LocationUri>
   </CodeListRef>
   <CodeListRef>
      <Annotation>
         <Description>
            <doc:definition>Contains a code representing a related party role. This can be extended to provide custom roles.</doc:definition>
            <doc:publicationDate>2012-03-21</doc:publicationDate>
         </Description>
      </Annotation>
      <CanonicalUri>http://www.fpml.org/coding-scheme/party-role</CanonicalUri>
      <CanonicalVersionUri>http://www.fpml.org/coding-scheme/party-role-2-1</CanonicalVersionUri>
      <LocationUri>http://www.fpml.org/coding-scheme/party-role-2-1.xml</LocationUri>
   </CodeListRef>
   <CodeListRef>
      <Annotation>
         <Description>
            <doc:definition>Contains a code representing a related party role type. A type refining the role a role played by a party in one or more transactions. This can be extended to provide custom types.</doc:definition>
            <doc:publicationDate>2011-04-24</doc:publicationDate>
         </Description>
      </Annotation>
      <CanonicalUri>http://www.fpml.org/coding-scheme/party-role-type</CanonicalUri>
      <CanonicalVersionUri>http://www.fpml.org/coding-scheme/party-role-type-1-0</CanonicalVersionUri>
      <LocationUri>http://www.fpml.org/coding-scheme/party-role-type-1-0.xml</LocationUri>
   </CodeListRef>
   <CodeListRef>
      <Annotation>
         <Description>
            <doc:definition>A code that describes the reason that an update occurred.</doc:definition>
            <doc:publicationDate>2012-03-21</doc:publicationDate>
         </Description>
      </Annotation>
      <CanonicalUri>http://www.fpml.org/coding-scheme/position-update-reason-code</CanonicalUri>
      <CanonicalVersionUri>http://www.fpml.org/coding-scheme/position-update-reason-code-1-1</CanonicalVersionUri>
      <LocationUri>http://www.fpml.org/coding-scheme/position-update-reason-code-1-1.xml</LocationUri>
   </CodeListRef>
   <CodeListRef>
      <Annotation>
         <Description>
            <doc:definition>Defines the type of currency that was used to report the value of an asset.</doc:definition>
         </Description>
      </Annotation>
      <CanonicalUri>http://www.fpml.org/coding-scheme/reporting-currency-type</CanonicalUri>
      <CanonicalVersionUri>http://www.fpml.org/coding-scheme/reporting-currency-type-1-0</CanonicalVersionUri>
      <LocationUri>http://www.fpml.org/coding-scheme/reporting-currency-type-1-0.xml</LocationUri>
   </CodeListRef>
   <CodeListRef>
      <Annotation>
         <Description>
            <doc:definition>Contains a code representing the role of a party in a report. Used to clarify which participant's information is being reported.</doc:definition>
            <doc:publicationDate>2012-03-21</doc:publicationDate>
         </Description>
      </Annotation>
      <CanonicalUri>http://www.fpml.org/coding-scheme/reporting-role</CanonicalUri>
      <CanonicalVersionUri>http://www.fpml.org/coding-scheme/reporting-role-1-1</CanonicalVersionUri>
      <LocationUri>http://www.fpml.org/coding-scheme/reporting-role-1-1.xml</LocationUri>
   </CodeListRef>
   <CodeListRef>
      <Annotation>
         <Description>
            <doc:definition>Contains a code representing the type of a resource (e.g. document).</doc:definition>
            <doc:publicationDate>2011-09-29</doc:publicationDate>
            <doc:status>working-draft</doc:status>
         </Description>
      </Annotation>
      <CanonicalUri>http://www.fpml.org/coding-scheme/resource-type</CanonicalUri>
      <CanonicalVersionUri>http://www.fpml.org/coding-scheme/resource-type-1-0</CanonicalVersionUri>
      <LocationUri>http://www.fpml.org/coding-scheme/resource-type-1-0.xml</LocationUri>
   </CodeListRef>
   <CodeListRef>
      <Annotation>
         <Description>
            <doc:definition>Contains a code representing the purpose of a report.</doc:definition>
            <doc:publicationDate>2011-11-14</doc:publicationDate>
            <doc:status>working-draft</doc:status>
         </Description>
      </Annotation>
      <CanonicalUri>http://www.fpml.org/coding-scheme/reporting-purpose</CanonicalUri>
      <CanonicalVersionUri>http://www.fpml.org/coding-scheme/reporting-purpose-1-0</CanonicalVersionUri>
      <LocationUri>http://www.fpml.org/coding-scheme/reporting-purpose-1-0.xml</LocationUri>
   </CodeListRef>
   <CodeListRef>
      <Annotation>
         <Description>
            <doc:definition>Contains a code representing the overall status of a service.</doc:definition>
            <doc:publicationDate>2012-03-07</doc:publicationDate>
            <doc:status>working-draft</doc:status>
         </Description>
      </Annotation>
      <CanonicalUri>http://www.fpml.org/coding-scheme/service-status</CanonicalUri>
      <CanonicalVersionUri>http://www.fpml.org/coding-scheme/service-status-1-0</CanonicalVersionUri>
      <LocationUri>http://www.fpml.org/coding-scheme/service-status-1-0.xml</LocationUri>
   </CodeListRef>
   <CodeListRef>
      <Annotation>
         <Description>
            <doc:definition>Contains a code representing a processing event that occurred in a service.</doc:definition>
            <doc:publicationDate>2012-03-07</doc:publicationDate>
            <doc:status>working-draft</doc:status>
         </Description>
      </Annotation>
      <CanonicalUri>http://www.fpml.org/coding-scheme/service-processing-event</CanonicalUri>
      <CanonicalVersionUri>http://www.fpml.org/coding-scheme/service-processing-event-1-0</CanonicalVersionUri>
      <LocationUri>http://www.fpml.org/coding-scheme/service-processing-event-1-0.xml</LocationUri>
   </CodeListRef>
   <CodeListRef>
      <Annotation>
         <Description>
            <doc:definition>Contains a code representing a processing cycle that a service is performing.</doc:definition>
            <doc:publicationDate>2012-03-07</doc:publicationDate>
            <doc:status>working-draft</doc:status>
         </Description>
      </Annotation>
      <CanonicalUri>http://www.fpml.org/coding-scheme/service-processing-cycle</CanonicalUri>
      <CanonicalVersionUri>http://www.fpml.org/coding-scheme/service-processing-cycle-1-0</CanonicalVersionUri>
      <LocationUri>http://www.fpml.org/coding-scheme/service-processing-cycle-1-0.xml</LocationUri>
   </CodeListRef>
   <CodeListRef>
      <Annotation>
         <Description>
            <doc:definition>Contains a code representing a processing step (a stage within a processing cycle) that a service is performing.</doc:definition>
            <doc:publicationDate>2012-03-07</doc:publicationDate>
            <doc:status>working-draft</doc:status>
         </Description>
      </Annotation>
      <CanonicalUri>http://www.fpml.org/coding-scheme/service-processing-step</CanonicalUri>
      <CanonicalVersionUri>http://www.fpml.org/coding-scheme/service-processing-step-1-0</CanonicalVersionUri>
      <LocationUri>http://www.fpml.org/coding-scheme/service-processing-step-1-0.xml</LocationUri>
   </CodeListRef>
   <CodeListRef>
      <Annotation>
         <Description>
            <doc:definition>Contains a code representing the type or category of an advisory issued by a service.</doc:definition>
            <doc:publicationDate>2012-03-07</doc:publicationDate>
            <doc:status>working-draft</doc:status>
         </Description>
      </Annotation>
      <CanonicalUri>http://www.fpml.org/coding-scheme/service-advisory-category</CanonicalUri>
      <CanonicalVersionUri>http://www.fpml.org/coding-scheme/service-advisory-category-1-0</CanonicalVersionUri>
      <LocationUri>http://www.fpml.org/coding-scheme/service-advisory-category-1-0.xml</LocationUri>
   </CodeListRef>
   <CodeListRef>
      <Annotation>
         <Description>
            <doc:definition>Contains a code representing the type of collateral obtained by a party to offset its counterparty risk.</doc:definition>
            <doc:publicationDate>2012-03-07</doc:publicationDate>
            <doc:status>working-draft</doc:status>
         </Description>
      </Annotation>
      <CanonicalUri>http://www.fpml.org/coding-scheme/collateral-type</CanonicalUri>
      <CanonicalVersionUri>http://www.fpml.org/coding-scheme/collateral-type-1-0</CanonicalVersionUri>
      <LocationUri>http://www.fpml.org/coding-scheme/collateral-type-1-0.xml</LocationUri>
   </CodeListRef>
   <CodeListRef>
      <Annotation>
         <Description>
            <doc:definition>Contains a code representing a supervisory-body that may be supervising this transaction.</doc:definition>
            <doc:publicationDate>2012-03-07</doc:publicationDate>
            <doc:status>working-draft</doc:status>
         </Description>
      </Annotation>
      <CanonicalUri>http://www.fpml.org/coding-scheme/supervisory-body</CanonicalUri>
      <CanonicalVersionUri>http://www.fpml.org/coding-scheme/supervisory-body-1-0</CanonicalVersionUri>
      <LocationUri>http://www.fpml.org/coding-scheme/supervisory-body-1-0.xml</LocationUri>
   </CodeListRef>
   <CodeListRef>
      <Annotation>
         <Description>
            <doc:definition>Contains a code representing a reportingregime under which this transaction may be reported.</doc:definition>
            <doc:publicationDate>2012-03-21</doc:publicationDate>
            <doc:status>working-draft</doc:status>
         </Description>
      </Annotation>
      <CanonicalUri>http://www.fpml.org/coding-scheme/reporting-regime</CanonicalUri>
      <CanonicalVersionUri>http://www.fpml.org/coding-scheme/reporting-regime-1-0</CanonicalVersionUri>
      <LocationUri>http://www.fpml.org/coding-scheme/reporting-regime-1-0.xml</LocationUri>
   </CodeListRef>
   <CodeListRef>
      <Annotation>
         <Description>
            <doc:definition>Indicates the action that is requested to be performed, in a withdrawal request message.</doc:definition>
            <doc:publicationDate>2012-03-21</doc:publicationDate>
            <doc:status>working-draft</doc:status>
         </Description>
      </Annotation>
      <CanonicalUri>http://www.fpml.org/coding-scheme/requested-withdrawal-action</CanonicalUri>
      <CanonicalVersionUri>http://www.fpml.org/coding-scheme/requested-withdrawal-action-1-0</CanonicalVersionUri>
      <LocationUri>http://www.fpml.org/coding-scheme/requested-withdrawal-action-1-0.xml</LocationUri>
   </CodeListRef>
   <CodeListRef>
      <Annotation>
         <Description>
            <doc:definition>Indicates the reason that a withdrawal was requesteda withdrawal request message.</doc:definition>
            <doc:publicationDate>2012-03-21</doc:publicationDate>
            <doc:status>working-draft</doc:status>
         </Description>
      </Annotation>
      <CanonicalUri>http://www.fpml.org/coding-scheme/withdrawal-reason</CanonicalUri>
      <CanonicalVersionUri>http://www.fpml.org/coding-scheme/withdrawal-reason-1-0</CanonicalVersionUri>
      <LocationUri>http://www.fpml.org/coding-scheme/withdrawal-reason-1-0.xml</LocationUri>
   </CodeListRef>
   <CodeListRef>
      <Annotation>
         <Description>
            <doc:definition>Indicates the role of a unit in a transaction.</doc:definition>
            <doc:publicationDate>2012-03-21</doc:publicationDate>
            <doc:status>working-draft</doc:status>
         </Description>
      </Annotation>
      <CanonicalUri>http://www.fpml.org/coding-scheme/unit-role</CanonicalUri>
      <CanonicalVersionUri>http://www.fpml.org/coding-scheme/unit-role-1-0</CanonicalVersionUri>
      <LocationUri>http://www.fpml.org/coding-scheme/unit-role-1-0.xml</LocationUri>
   </CodeListRef>
   <CodeListRef>
      <Annotation>
         <Description>
            <doc:definition>Indicates the role of a person in a transaction.</doc:definition>
            <doc:publicationDate>2012-03-21</doc:publicationDate>
            <doc:status>working-draft</doc:status>
         </Description>
      </Annotation>
      <CanonicalUri>http://www.fpml.org/coding-scheme/person-role</CanonicalUri>
      <CanonicalVersionUri>http://www.fpml.org/coding-scheme/person-role-1-0</CanonicalVersionUri>
      <LocationUri>http://www.fpml.org/coding-scheme/person-role-1-0.xml</LocationUri>
   </CodeListRef>
   <CodeListRef>
      <Annotation>
         <Description>
            <doc:definition>Indicates what type of trade compression activity took place.</doc:definition>
            <doc:publicationDate>2012-03-21</doc:publicationDate>
            <doc:status>working-draft</doc:status>
         </Description>
      </Annotation>
      <CanonicalUri>http://www.fpml.org/coding-scheme/compression-type</CanonicalUri>
      <CanonicalVersionUri>http://www.fpml.org/coding-scheme/compression-type-1-0</CanonicalVersionUri>
      <LocationUri>http://www.fpml.org/coding-scheme/compression-type-1-0.xml</LocationUri>
   </CodeListRef>
   <CodeListRef>
      <Annotation>
         <Description>
            <doc:definition>Indicates a type of credit document.</doc:definition>
            <doc:publicationDate>2012-03-21</doc:publicationDate>
            <doc:status>working-draft</doc:status>
         </Description>
      </Annotation>
      <CanonicalUri>http://www.fpml.org/coding-scheme/credit-document</CanonicalUri>
      <CanonicalVersionUri>http://www.fpml.org/coding-scheme/credit-document-1-0</CanonicalVersionUri>
      <LocationUri>http://www.fpml.org/coding-scheme/credit-document-1-0.xml</LocationUri>
   </CodeListRef>
   <CodeListRef>
      <Annotation>
         <Description>
            <doc:definition>Indicates a type of organization characteristic.</doc:definition>
            <doc:publicationDate>2012-03-21</doc:publicationDate>
            <doc:status>working-draft</doc:status>
         </Description>
      </Annotation>
      <CanonicalUri>http://www.fpml.org/coding-scheme/organization-characteristic</CanonicalUri>
      <CanonicalVersionUri>http://www.fpml.org/coding-scheme/organization-characteristic-1-0</CanonicalVersionUri>
      <LocationUri>http://www.fpml.org/coding-scheme/organization-characteristic-1-0.xml</LocationUri>
   </CodeListRef>
   <CodeListRef>
      <Annotation>
         <Description>
            <doc:definition>Indicates a type of transaction characteristic.</doc:definition>
            <doc:publicationDate>2012-03-21</doc:publicationDate>
            <doc:status>working-draft</doc:status>
         </Description>
      </Annotation>
      <CanonicalUri>http://www.fpml.org/coding-scheme/transaction-characteristic</CanonicalUri>
      <CanonicalVersionUri>http://www.fpml.org/coding-scheme/transaction-characteristic-1-0</CanonicalVersionUri>
      <LocationUri>http://www.fpml.org/coding-scheme/transaction-characteristic-1-0.xml</LocationUri>
   </CodeListRef>
   <CodeListRef>
      <Annotation>
         <Description>
            <doc:definition>Indicates a type of verification status.</doc:definition>
            <doc:publicationDate>2012-03-21</doc:publicationDate>
            <doc:status>working-draft</doc:status>
         </Description>
      </Annotation>
      <CanonicalUri>http://www.fpml.org/coding-scheme/verification-status</CanonicalUri>
      <CanonicalVersionUri>http://www.fpml.org/coding-scheme/verification-status-1-0</CanonicalVersionUri>
      <LocationUri>http://www.fpml.org/coding-scheme/verification-status-1-0.xml</LocationUri>
   </CodeListRef>
   <CodeListRef>
      <Annotation>
         <Description>
            <doc:definition>Indicates a type of organization.</doc:definition>
            <doc:publicationDate>2012-03-21</doc:publicationDate>
            <doc:status>working-draft</doc:status>
         </Description>
      </Annotation>
      <CanonicalUri>http://www.fpml.org/coding-scheme/organization-type</CanonicalUri>
      <CanonicalVersionUri>http://www.fpml.org/coding-scheme/organization-type-1-0</CanonicalVersionUri>
      <LocationUri>http://www.fpml.org/coding-scheme/organization-type-1-0.xml</LocationUri>
   </CodeListRef>
</gcl:CodeListSet>