<?xml version="1.0" encoding="UTF-8"?>
<gcl:CodeList xmlns:gcl="http://xml.genericode.org/2004/ns/CodeList/0.2/" xmlns:doc="http://www.fpml.org/coding-scheme/documentation" xmlns:xsi="http://www.w3.org/2001/XMLSchema-instance" xsi:schemaLocation="http://xml.genericode.org/2004/ns/CodeList/0.2/ CodeList.xsd">
   <Annotation>
      <Description>
         <doc:definition>Used to specify the relevant settled entity matrix source.</doc:definition>
      </Description>
   </Annotation>
   <Identification>
      <ShortName>settledEntityMatrixSourceScheme</ShortName>
      <Version>1-0</Version>
      <CanonicalUri>http://www.fpml.org/coding-scheme/settled-entity-matrix-source</CanonicalUri>
      <CanonicalVersionUri>http://www.fpml.org/coding-scheme/settled-entity-matrix-source-1-0</CanonicalVersionUri>
      <LocationUri>http://www.fpml.org/coding-scheme/settled-entity-matrix-source-1-0.xml</LocationUri>
   </Identification>
   <ColumnSet>
      <Column Id="Code" Use="required">
         <ShortName>Code</ShortName>
         <Data Type="token">
            <Parameter ShortName="maxLength">63</Parameter>
         </Data>
      </Column>
      <Column Id="Source" Use="optional">
         <ShortName>Source</ShortName>
         <Data Type="string"/>
      </Column>
      <Column Id="Description" Use="optional">
         <ShortName>Description</ShortName>
         <Data Type="string"/>
      </Column>
      <Key Id="PrimaryKey">
         <ShortName>key</ShortName>
         <ColumnRef Ref="Code"/>
      </Key>
   </ColumnSet>
   <SimpleCodeList>
      <Row>
         <Value>
            <SimpleValue>Publisher</SimpleValue>
         </Value>
         <Value>
            <SimpleValue>FpML</SimpleValue>
         </Value>
         <Value>
            <SimpleValue>The Settled Entity Matrix published by the Index Publisher.</SimpleValue>
         </Value>
      </Row>
      <Row>
         <Value>
            <SimpleValue>ConfirmationAnnex</SimpleValue>
         </Value>
         <Value>
            <SimpleValue>FpML</SimpleValue>
         </Value>
         <Value>
            <SimpleValue>The Relevant Settled Entity Matrix shall be the list agreed for this purpose by the parties. The list is not included as part of the electronic confirmation.</SimpleValue>
         </Value>
      </Row>
      <Row>
         <Value>
            <SimpleValue>NotApplicable</SimpleValue>
         </Value>
         <Value>
            <SimpleValue>FpML</SimpleValue>
         </Value>
         <Value>
            <SimpleValue>The term is not applicable.</SimpleValue>
         </Value>
      </Row>
   </SimpleCodeList>
</gcl:CodeList>