<?xml version="1.0" encoding="UTF-8"?>
<gcl:CodeList xmlns:gcl="http://xml.genericode.org/2004/ns/CodeList/0.2/" xmlns:doc="http://www.fpml.org/coding-scheme/documentation" xmlns:xsi="http://www.w3.org/2001/XMLSchema-instance" xsi:schemaLocation="http://xml.genericode.org/2004/ns/CodeList/0.2/ CodeList.xsd">
   <Annotation>
      <Description>
         <doc:definition>Contains a code representing a supervisory-body that may be supervising this transaction.</doc:definition>
         <doc:publicationDate>2012-03-07</doc:publicationDate>
         <doc:status>working-draft</doc:status>
      </Description>
   </Annotation>
   <Identification>
      <ShortName>supervisoryBodyScheme</ShortName>
      <Version>1-0</Version>
      <CanonicalUri>http://www.fpml.org/coding-scheme/supervisory-body</CanonicalUri>
      <CanonicalVersionUri>http://www.fpml.org/coding-scheme/supervisory-body-1-0</CanonicalVersionUri>
      <LocationUri>http://www.fpml.org/coding-scheme/supervisory-body-1-0.xml</LocationUri>
   </Identification>
   <ColumnSet>
      <Column Id="Code" Use="required">
         <ShortName>Code</ShortName>
         <Data Type="token">
            <Parameter ShortName="maxLength">63</Parameter>
         </Data>
      </Column>
      <Column Id="Source" Use="optional">
         <ShortName>Source</ShortName>
         <Data Type="string"/>
      </Column>
      <Column Id="Description" Use="optional">
         <ShortName>Description</ShortName>
         <Data Type="string"/>
      </Column>
      <Key Id="PrimaryKey">
         <ShortName>key</ShortName>
         <ColumnRef Ref="Code"/>
      </Key>
   </ColumnSet>
   <SimpleCodeList>
      <Row>
         <Value>
            <SimpleValue>CFTC</SimpleValue>
         </Value>
         <Value>
            <SimpleValue>FpML</SimpleValue>
         </Value>
         <Value>
            <SimpleValue>Commodity Futures Trading Commission (US)</SimpleValue>
         </Value>
      </Row>
      <Row>
         <Value>
            <SimpleValue>SEC</SimpleValue>
         </Value>
         <Value>
            <SimpleValue>FpML</SimpleValue>
         </Value>
         <Value>
            <SimpleValue>Securities and Exchange Commission (US)</SimpleValue>
         </Value>
      </Row>
      <Row>
         <Value>
            <SimpleValue>Fed</SimpleValue>
         </Value>
         <Value>
            <SimpleValue>FpML</SimpleValue>
         </Value>
         <Value>
            <SimpleValue>Federal Reserve (US)</SimpleValue>
         </Value>
      </Row>
      <Row>
         <Value>
            <SimpleValue>UKFSA</SimpleValue>
         </Value>
         <Value>
            <SimpleValue>FpML</SimpleValue>
         </Value>
         <Value>
            <SimpleValue>Financial Services Authority (UK)</SimpleValue>
         </Value>
      </Row>
      <Row>
         <Value>
            <SimpleValue>ESMA</SimpleValue>
         </Value>
         <Value>
            <SimpleValue>FpML</SimpleValue>
         </Value>
         <Value>
            <SimpleValue>European Securities and Markets Authority (European Union)</SimpleValue>
         </Value>
      </Row>
      <Row>
         <Value>
            <SimpleValue>HKMA</SimpleValue>
         </Value>
         <Value>
            <SimpleValue>FpML</SimpleValue>
         </Value>
         <Value>
            <SimpleValue>Hong Kong Monetary Authority (China)</SimpleValue>
         </Value>
      </Row>
      <Row>
         <Value>
            <SimpleValue>ODRF</SimpleValue>
         </Value>
         <Value>
            <SimpleValue>FpML</SimpleValue>
         </Value>
         <Value>
            <SimpleValue>OTC Derivatives Regulators Forum</SimpleValue>
         </Value>
      </Row>
   </SimpleCodeList>
</gcl:CodeList>