<?xml version="1.0" encoding="utf-8"?>
<!--View is confirmation-->
<!--Version is 5-11-->
<!--NS is http://www.fpml.org/FpML-5/confirmation-->
<!--View is confirmation-->
<!--Version is 5-11-->
<!--NS is http://www.fpml.org/FpML-5/confirmation-->
<!--
        == Copyright (c) 2018-2020 All rights reserved.
        == Financial Products Markup Language is subject to the FpML public license.
        == A copy of this license is available at http://www.fpml.org/license/license.html
-->
<!--
Loan Servicing notifications provide a means for agent banks to communicate multiple events for 1 asset, such as floating rate margin resets and/or 
re-definitions of the way in which outstanding contracts are structured. 

This example represents a rollover with:
        - consolidation of two LIBOR contracts into a single LIBOR contract
        - interest payments against each existing contract
-->
<loanServicingNotification xmlns="http://www.fpml.org/FpML-5/confirmation" xmlns:xsi="http://www.w3.org/2001/XMLSchema-instance" fpmlVersion="5-11" xsi:schemaLocation="http://www.fpml.org/FpML-5/confirmation ../../fpml-main-5-11.xsd http://www.w3.org/2000/09/xmldsig# ../../xmldsig-core-schema.xsd">
  <header>
    <messageId messageIdScheme="http://www.bankofagentsna.com/messaging/messageids">449988</messageId>
    <sentBy messageAddressScheme="http://www.loanmarketdirectory.com/external/schemes/MEI">US2A432121</sentBy>
    <sendTo messageAddressScheme="http://www.loanmarketdirectory.com/external/schemes/MEI">US5L567878</sendTo>
    <creationTimestamp>2013-10-21T09:30:47Z</creationTimestamp>
    <implementationSpecification>
      <name>BKLoanSys</name>
      <version implementationSpecificationVersionScheme="http://www.bkloansys.com/">1.0</version>
      <date>2012-12-06</date>
    </implementationSpecification>
  </header>
  <isCorrection>false</isCorrection>
  <noticeDate>2009-07-13</noticeDate>
  <isGlobalOnly>false</isGlobalOnly>
  <eventPayment>
    <payerPartyReference href="BANKOFAGENTSNA" />
    <receiverPartyReference href="LENDERCORP" />
    <paymentAmount>
      <currency currencyScheme="http://www.fpml.org/coding-scheme/external/iso4217-2001-08-15">USD</currency>
      <amount>722.55</amount>
    </paymentAmount>
    <paymentDate>
      <unadjustedDate>2009-07-15</unadjustedDate>
      <dateAdjustments>
        <businessDayConvention>MODFOLLOWING</businessDayConvention>
        <businessCenters>
          <businessCenter>USNY</businessCenter>
        </businessCenters>
      </dateAdjustments>
    </paymentDate>
    <eventIdentifier>
      <partyReference href="BANKOFAGENTSNA" />
      <eventId eventIdScheme="http://www.bankofagentsna.com/messaging/eventids">67562</eventId>
    </eventIdentifier>
  </eventPayment>
  <eventPayment>
    <payerPartyReference href="BANKOFAGENTSNA" />
    <receiverPartyReference href="LENDERCORP" />
    <paymentAmount>
      <currency currencyScheme="http://www.fpml.org/coding-scheme/external/iso4217-2001-08-15">USD</currency>
      <amount>65.69</amount>
    </paymentAmount>
    <paymentDate>
      <unadjustedDate>2009-07-15</unadjustedDate>
      <dateAdjustments>
        <businessDayConvention>FOLLOWING</businessDayConvention>
        <businessCenters>
          <businessCenter>USNY</businessCenter>
        </businessCenters>
      </dateAdjustments>
    </paymentDate>
    <eventIdentifier>
      <partyReference href="BANKOFAGENTSNA" />
      <eventId eventIdScheme="http://www.bankofagentsna.com/messaging/eventids">65228</eventId>
    </eventIdentifier>
  </eventPayment>
  <rollover>
    <eventIdentifier>
      <partyReference href="BANKOFAGENTSNA" />
      <eventId eventIdScheme="http://www.bankofagentsna.com/messaging/eventids">67301</eventId>
    </eventIdentifier>
    <parentEventIdentifier>
      <partyReference href="BANKOFAGENTSNA" />
      <eventId eventIdScheme="http://www.bankofagentsna.com/messaging/eventids">RolloverGroup5</eventId>
      <childEventIdentifier>
        <partyReference href="BANKOFAGENTSNA" />
        <eventId eventIdScheme="http://www.bankofagentsna.com/messaging/eventids">67301</eventId>
      </childEventIdentifier>
      <childEventIdentifier>
        <partyReference href="BANKOFAGENTSNA" />
        <eventId eventIdScheme="http://www.bankofagentsna.com/messaging/eventids">67562</eventId>
      </childEventIdentifier>
      <childEventIdentifier>
        <partyReference href="BANKOFAGENTSNA" />
        <eventId eventIdScheme="http://www.bankofagentsna.com/messaging/eventids">65228</eventId>
      </childEventIdentifier>
    </parentEventIdentifier>
    <effectiveDate>2009-07-15</effectiveDate>
    <currentContracts>
      <loanContractReference href="CONT12345" />
      <loanContractReference href="CONT54321" />
    </currentContracts>
    <newContracts>
      <contract id="CONT67890">
        <partyReference href="BANKOFAGENTSNA" />
        <contractId contractIdScheme="http://www.bankofagentsna.com/messaging/contractids">NC5678</contractId>
        <facilityReference href="FAC12345" />
        <effectiveDate>2009-07-15</effectiveDate>
        <borrowerPartyReference href="BORROWERINC" />
        <amount>
          <currency currencyScheme="http://www.fpml.org/coding-scheme/external/iso4217-2001-08-15">USD</currency>
          <amount>5700000.00</amount>
          <shareAmount>1411764.70</shareAmount>
        </amount>
        <maturityDate>2009-08-17</maturityDate>
        <floatingRateAccrual>
          <accrualOptionId accrualTypeIdScheme="http://www.bankofagentsna.com/messaging/accrualtypeids">51412</accrualOptionId>
          <dayCountFraction dayCountFractionScheme="http://www.fpml.org/coding-scheme/day-count-fraction">30/360</dayCountFraction>
          <floatingRateIndex floatingRateIndexScheme="http://www.fpml.org/coding-scheme/floating-rate-index">USD-LIBOR-LIBO</floatingRateIndex>
          <indexTenor>
            <periodMultiplier>3</periodMultiplier>
            <period>M</period>
          </indexTenor>
          <spread>0.01</spread>
          <startDate>2009-07-15</startDate>
          <endDate>2009-08-17</endDate>
          <numberOfDays>33</numberOfDays>
          <rateFixingDate>2009-07-13</rateFixingDate>
        </floatingRateAccrual>
      </contract>
    </newContracts>
  </rollover>
  <interestPayment>
    <eventIdentifier>
      <partyReference href="BANKOFAGENTSNA" />
      <eventId eventIdScheme="http://www.bankofagentsna.com/messaging/eventids">67562</eventId>
    </eventIdentifier>
    <parentEventIdentifier>
      <partyReference href="BANKOFAGENTSNA" />
      <eventId eventIdScheme="http://www.bankofagentsna.com/messaging/eventids">RolloverGroup5</eventId>
      <childEventIdentifier>
        <partyReference href="BANKOFAGENTSNA" />
        <eventId eventIdScheme="http://www.bankofagentsna.com/messaging/eventids">67301</eventId>
      </childEventIdentifier>
      <childEventIdentifier>
        <partyReference href="BANKOFAGENTSNA" />
        <eventId eventIdScheme="http://www.bankofagentsna.com/messaging/eventids">67562</eventId>
      </childEventIdentifier>
      <childEventIdentifier>
        <partyReference href="BANKOFAGENTSNA" />
        <eventId eventIdScheme="http://www.bankofagentsna.com/messaging/eventids">65228</eventId>
      </childEventIdentifier>
    </parentEventIdentifier>
    <lenderPartyReference href="LENDERCORP" />
    <cashPayable>
      <payerPartyReference href="BANKOFAGENTSNA" />
      <receiverPartyReference href="LENDERCORP" />
      <netAmount>
        <currency currencyScheme="http://www.fpml.org/coding-scheme/external/iso4217-2001-08-15">USD</currency>
        <amount>722.55</amount>
      </netAmount>
      <taxWithholding>
        <amount>
          <currency currencyScheme="http://www.fpml.org/coding-scheme/external/iso4217-2001-08-15">USD</currency>
          <amount>0.00</amount>
        </amount>
      </taxWithholding>
    </cashPayable>
    <agentPartyReference href="BANKOFAGENTSNA" />
    <borrowerPartyReference href="BORROWERINC" />
    <effectiveDate>2009-07-15</effectiveDate>
    <loanContractReference href="CONT12345" />
    <startDate>2009-06-15</startDate>
    <endDate>2009-07-15</endDate>
    <calculationMethod>ContractPositionThruPeriod</calculationMethod>
    <amount>
      <currency currencyScheme="http://www.fpml.org/coding-scheme/external/iso4217-2001-08-15">USD</currency>
      <amount>1000000.00</amount>
      <shareAmount>722.55</shareAmount>
    </amount>
    <accrualSchedule>
      <startDate>2009-06-15</startDate>
      <endDate>2009-07-15</endDate>
      <numberOfDays>30</numberOfDays>
      <referenceAmount>
        <currency currencyScheme="http://www.fpml.org/coding-scheme/external/iso4217-2001-08-15">USD</currency>
        <amount>500000000.00</amount>
        <shareAmount>1294117.64</shareAmount>
      </referenceAmount>
      <rate>0.0067</rate>
      <accrualAmount>
        <currency currencyScheme="http://www.fpml.org/coding-scheme/external/iso4217-2001-08-15">USD</currency>
        <amount>1000000.00</amount>
        <shareAmount>722.55</shareAmount>
      </accrualAmount>
    </accrualSchedule>
  </interestPayment>
  <interestPayment>
    <eventIdentifier>
      <partyReference href="BANKOFAGENTSNA" />
      <eventId eventIdScheme="http://www.bankofagentsna.com/messaging/eventids">65228</eventId>
    </eventIdentifier>
    <parentEventIdentifier>
      <partyReference href="BANKOFAGENTSNA" />
      <eventId eventIdScheme="http://www.bankofagentsna.com/messaging/eventids">RolloverGroup5</eventId>
      <childEventIdentifier>
        <partyReference href="BANKOFAGENTSNA" />
        <eventId eventIdScheme="http://www.bankofagentsna.com/messaging/eventids">67301</eventId>
      </childEventIdentifier>
      <childEventIdentifier>
        <partyReference href="BANKOFAGENTSNA" />
        <eventId eventIdScheme="http://www.bankofagentsna.com/messaging/eventids">67562</eventId>
      </childEventIdentifier>
      <childEventIdentifier>
        <partyReference href="BANKOFAGENTSNA" />
        <eventId eventIdScheme="http://www.bankofagentsna.com/messaging/eventids">65228</eventId>
      </childEventIdentifier>
    </parentEventIdentifier>
    <lenderPartyReference href="LENDERCORP" />
    <cashPayable>
      <payerPartyReference href="BANKOFAGENTSNA" />
      <receiverPartyReference href="LENDERCORP" />
      <netAmount>
        <currency currencyScheme="http://www.fpml.org/coding-scheme/external/iso4217-2001-08-15">USD</currency>
        <amount>65.69</amount>
      </netAmount>
      <taxWithholding>
        <amount>
          <currency currencyScheme="http://www.fpml.org/coding-scheme/external/iso4217-2001-08-15">USD</currency>
          <amount>0.00</amount>
        </amount>
      </taxWithholding>
    </cashPayable>
    <agentPartyReference href="BANKOFAGENTSNA" />
    <borrowerPartyReference href="BORROWERINC" />
    <effectiveDate>2009-07-15</effectiveDate>
    <loanContractReference href="CONT54321" />
    <startDate>2009-06-15</startDate>
    <endDate>2009-07-15</endDate>
    <calculationMethod>ContractPositionThruPeriod</calculationMethod>
    <amount>
      <currency currencyScheme="http://www.fpml.org/coding-scheme/external/iso4217-2001-08-15">USD</currency>
      <amount>1000000.00</amount>
      <shareAmount>65.69</shareAmount>
    </amount>
    <accrualSchedule>
      <startDate>2009-06-15</startDate>
      <endDate>2009-07-15</endDate>
      <numberOfDays>30</numberOfDays>
      <referenceAmount>
        <currency currencyScheme="http://www.fpml.org/coding-scheme/external/iso4217-2001-08-15">USD</currency>
        <amount>500000000.00</amount>
        <shareAmount>117647.06</shareAmount>
      </referenceAmount>
      <rate>0.0067</rate>
      <accrualAmount>
        <currency currencyScheme="http://www.fpml.org/coding-scheme/external/iso4217-2001-08-15">USD</currency>
        <amount>1000000.00</amount>
        <shareAmount>65.69</shareAmount>
      </accrualAmount>
    </accrualSchedule>
  </interestPayment>
  <facilitySummary id="FAC12345">
    <partyReference href="BANKOFAGENTSNA" />
    <instrumentId instrumentIdScheme="http://www.cusip.com/">F123452TLA</instrumentId>
    <description>Term Loan A</description>
    <borrowerPartyReference href="BORROWERINC" />
    <agentPartyReference href="BANKOFAGENTSNA" />
    <startDate>2008-12-05</startDate>
    <currentCommitment>
      <totalCommitmentAmount>
        <currency currencyScheme="http://www.fpml.org/coding-scheme/external/iso4217-2001-08-15">USD</currency>
        <amount>209000000</amount>
        <shareAmount>59714285.71</shareAmount>
      </totalCommitmentAmount>
    </currentCommitment>
  </facilitySummary>
  <contractSummary id="CONT12345">
    <partyReference href="BANKOFAGENTSNA" />
    <contractId contractIdScheme="http://www.bankofagentsna.com/messaging/contractids">CC1234</contractId>
    <facilityReference href="FAC12345" />
    <effectiveDate>2009-06-15</effectiveDate>
    <borrowerPartyReference href="BORROWERINC" />
    <amount>
      <currency currencyScheme="http://www.fpml.org/coding-scheme/external/iso4217-2001-08-15">USD</currency>
      <amount>5225000.00</amount>
      <shareAmount>1294117.64</shareAmount>
    </amount>
  </contractSummary>
  <contractSummary id="CONT54321">
    <partyReference href="BANKOFAGENTSNA" />
    <contractId contractIdScheme="http://www.bankofagentsna.com/messaging/contractids">CC4321</contractId>
    <facilityReference href="FAC12345" />
    <effectiveDate>2009-06-15</effectiveDate>
    <borrowerPartyReference href="BORROWERINC" />
    <amount>
      <currency currencyScheme="http://www.fpml.org/coding-scheme/external/iso4217-2001-08-15">USD</currency>
      <amount>475000.00</amount>
      <shareAmount>117647.06</shareAmount>
    </amount>
  </contractSummary>
  <party id="BANKOFAGENTSNA">
    <partyId partyIdScheme="http://www.loanmarketdirectory.com/external/schemes/MEI">US2A432121</partyId>
    <businessUnit>
      <name>Investor Relations</name>
      <contactInfo>
        <address>
          <streetAddress>
            <streetLine>2 Penns Way, Suite 100</streetLine>
          </streetAddress>
          <city>New Castle</city>
          <state>DE</state>
          <country>US</country>
          <postalCode>19720</postalCode>
        </address>
      </contactInfo>
    </businessUnit>
  </party>
  <party id="BORROWERINC">
    <partyId partyIdScheme="http://www.loanmarketdirectory.com/external/schemes/MEI">US3B789454</partyId>
  </party>
  <party id="COBORROWERINC">
    <partyId partyIdScheme="http://www.loanmarketdirectory.com/external/schemes/MEI">US4C147258</partyId>
  </party>
  <party id="LENDERCORP">
    <partyId partyIdScheme="http://www.loanmarketdirectory.com/external/schemes/MEI">US5L567878</partyId>
  </party>
</loanServicingNotification>

