<?xml version="1.0" encoding="utf-8"?>
<!--View is confirmation-->
<!--Version is 5-11-->
<!--NS is http://www.fpml.org/FpML-5/confirmation-->
<!--View is confirmation-->
<!--Version is 5-11-->
<!--NS is http://www.fpml.org/FpML-5/confirmation-->
<!--
        == Copyright (c) 2018-2020 All rights reserved.
        == Financial Products Markup Language is subject to the FpML public license.
        == A copy of this license is available at http://www.fpml.org/license/license.html
-->
<!--
This notice communicates a facility-level commitment adjustment.  
-->
<loanServicingNotification xmlns="http://www.fpml.org/FpML-5/confirmation" xmlns:xsi="http://www.w3.org/2001/XMLSchema-instance" fpmlVersion="5-11" xsi:schemaLocation="http://www.fpml.org/FpML-5/confirmation ../../fpml-main-5-11.xsd http://www.w3.org/2000/09/xmldsig# ../../xmldsig-core-schema.xsd">
  <header>
    <messageId messageIdScheme="http://www.bankofagentsna.com/messaging/messageids">656114</messageId>
    <sentBy messageAddressScheme="http://www.loanmarketdirectory.com/external/schemes/MEI">US2A432121</sentBy>
    <sendTo messageAddressScheme="http://www.loanmarketdirectory.com/external/schemes/MEI">US5L567878</sendTo>
    <creationTimestamp>2013-10-30T11:38:20Z</creationTimestamp>
    <implementationSpecification>
      <name>BKLoanSys</name>
      <version implementationSpecificationVersionScheme="http://www.bkloansys.com/">1.0</version>
      <date>2012-12-06</date>
    </implementationSpecification>
  </header>
  <isCorrection>false</isCorrection>
  <noticeDate>2013-10-30</noticeDate>
  <isGlobalOnly>false</isGlobalOnly>
  <commitmentAdjustment>
    <eventIdentifier>
      <partyReference href="BANKOFAGENTSNA" />
      <eventId eventIdScheme="http://www.bankofagentsna.com/messaging/eventids">598423</eventId>
    </eventIdentifier>
    <lenderPartyReference href="LENDERCORP" />
    <comment>Voluntary paydown, commitment decrease</comment>
    <agentPartyReference href="BANKOFAGENTSNA" />
    <borrowerPartyReference href="BORROWERINC" />
    <effectiveDate>2013-10-31</effectiveDate>
    <facilityReference href="FAC12345" />
    <refusalAllowed>false</refusalAllowed>
    <scheduled>true</scheduled>
    <pik>false</pik>
    <facilityCommitment>
      <totalCommitmentAmount>
        <currency currencyScheme="http://www.fpml.org/coding-scheme/external/iso4217-2001-08-15">USD</currency>
        <amount>135089518.69</amount>
        <shareAmount>4452963.92</shareAmount>
      </totalCommitmentAmount>
    </facilityCommitment>
    <adjustment>
      <adjustmentType>Decrease</adjustmentType>
      <amount>
        <currency currencyScheme="http://www.fpml.org/coding-scheme/external/iso4217-2001-08-15">USD</currency>
        <amount>1929373.18</amount>
        <shareAmount>63598.04</shareAmount>
      </amount>
    </adjustment>
  </commitmentAdjustment>
  <dealIdentifier id="DEAL456">
    <partyReference href="BANKOFAGENTSNA" />
    <instrumentId instrumentIdScheme="http://www.cusip.com">75362ZUU6</instrumentId>
    <description>Borrower Inc. Revolver</description>
  </dealIdentifier>
  <facilityIdentifier id="FAC12345">
    <partyReference href="BANKOFAGENTSNA" />
    <instrumentId instrumentIdScheme="http://www.cusip.com">75362ZUT8</instrumentId>
    <description>Tranche B</description>
    <dealReference href="DEAL456" />
  </facilityIdentifier>
  <contractIdentifier id="CONT123">
    <partyReference href="BANKOFAGENTSNA" />
    <contractId contractIdScheme="http://www.bankofagentsna.com/messaging/contractids">CC1234</contractId>
    <facilityReference href="FAC12345" />
  </contractIdentifier>
  <party id="BANKOFAGENTSNA">
    <partyId partyIdScheme="http://www.loanmarketdirectory.com/external/schemes/MEI">US2A432121</partyId>
    <partyName partyNameScheme="BANKOFAGENTSNA" />
    <contactInfo>
      <telephone>
        <type>Work</type>
        <number>312-555-3333</number>
      </telephone>
    </contactInfo>
    <person>
      <firstName>Judy</firstName>
      <surname>Garland</surname>
      <contactInfo>
        <telephone>
          <type>Work</type>
          <number>312-333-5555</number>
        </telephone>
      </contactInfo>
    </person>
  </party>
  <party id="LENDERCORP">
    <partyId partyIdScheme="http://www.loanmarketdirectory.com/external/schemes/MEI">US5L567878</partyId>
  </party>
  <party id="BORROWERINC">
    <partyId partyIdScheme="http://www.loanmarketdirectory.com/external/schemes/MEI">US3B789454</partyId>
  </party>
</loanServicingNotification>

