<?xml version="1.0" encoding="utf-8"?>
<!--View is confirmation-->
<!--Version is 5-11-->
<!--NS is http://www.fpml.org/FpML-5/confirmation-->
<!--View is confirmation-->
<!--Version is 5-11-->
<!--NS is http://www.fpml.org/FpML-5/confirmation-->
<!--
        == Copyright (c) 2018-2020 All rights reserved.
        == Financial Products Markup Language is subject to the FpML public license.
        == A copy of this license is available at http://www.fpml.org/license/license.html
-->
<!--
This notice communicates a change to the rate associated with an accruing facility-level fee. Accrual fees are calculated using the fee rate and 
an underlying balance on the facility e.g. total commitment, total utilization etc.
-->
<loanServicingNotification xmlns="http://www.fpml.org/FpML-5/confirmation" xmlns:xsi="http://www.w3.org/2001/XMLSchema-instance" fpmlVersion="5-11" xsi:schemaLocation="http://www.fpml.org/FpML-5/confirmation ../../fpml-main-5-11.xsd http://www.w3.org/2000/09/xmldsig# ../../xmldsig-core-schema.xsd">
  <header>
    <messageId messageIdScheme="http:/www.bankofagentsna.com/messaging/messageids">754862</messageId>
    <sentBy messageAddressScheme="http://www.loanmarketdirectory.com/external/schemes/MEI">US2A432121</sentBy>
    <sendTo messageAddressScheme="http://www.loanmarketdirectory.com/external/schemes/MEI">US5L567878</sendTo>
    <creationTimestamp>2014-11-10T09:30:47Z</creationTimestamp>
    <implementationSpecification>
      <name>BKLoanSys</name>
      <version implementationSpecificationVersionScheme="http://www.bkloansys.com/">1.0</version>
      <date>2012-12-06</date>
    </implementationSpecification>
  </header>
  <isCorrection>false</isCorrection>
  <noticeDate>2014-11-10</noticeDate>
  <isGlobalOnly>false</isGlobalOnly>
  <accruingFeeChange>
    <eventIdentifier>
      <partyReference href="BANKOFAGENTSNA" />
      <eventId eventIdScheme="http://www.bankofagentsna.com/messaging/eventids">235645</eventId>
    </eventIdentifier>
    <lenderPartyReference href="LENDERCORP" />
    <agentPartyReference href="BANKOFAGENTSNA" />
    <borrowerPartyReference href="BORROWERINC" />
    <effectiveDate>2014-11-10</effectiveDate>
    <facilityReference href="FAC12345" />
    <accruingFeeOption>
      <accrualOptionId accrualTypeIdScheme="http://www.bankofagentsna.com/messaging/borrowingoptionids">457814</accrualOptionId>
      <dayCountFraction dayCountFractionScheme="http://www.fpml.org/coding-scheme/day-count-fraction">30/360</dayCountFraction>
      <paymentFrequency>
        <periodMultiplier>3</periodMultiplier>
        <period>M</period>
      </paymentFrequency>
      <rate>0.25</rate>
      <type accruingFeeTypeScheme="http://www.fpml.org/coding-scheme/accruing-fee-type">Commitment</type>
      <startDate>2014-11-10</startDate>
      <endDate>2017-12-31</endDate>
    </accruingFeeOption>
  </accruingFeeChange>
  <facilityIdentifier id="FAC12345">
    <partyReference href="BANKOFAGENTSNA" />
    <instrumentId instrumentIdScheme="http://www.cusip.com/">F123452TLA</instrumentId>
    <description>Term Loan A</description>
  </facilityIdentifier>
  <party id="BANKOFAGENTSNA">
    <partyId partyIdScheme="http://www.loanmarketdirectory.com/external/schemes/MEI">US2A432121</partyId>
  </party>
  <party id="BORROWERINC">
    <partyId partyIdScheme="http://www.loanmarketdirectory.com/external/schemes/MEI">US3B789454</partyId>
  </party>
  <party id="COBORROWERINC">
    <partyId partyIdScheme="http://www.loanmarketdirectory.com/external/schemes/MEI">US4C147258</partyId>
  </party>
  <party id="LENDERCORP">
    <partyId partyIdScheme="http://www.loanmarketdirectory.com/external/schemes/MEI">US5L567878</partyId>
  </party>
</loanServicingNotification>

