<?xml version="1.0" encoding="utf-8"?>
<!--View is confirmation-->
<!--Version is 5-11-->
<!--NS is http://www.fpml.org/FpML-5/confirmation-->
<!--View is confirmation-->
<!--Version is 5-11-->
<!--NS is http://www.fpml.org/FpML-5/confirmation-->
<!--
        == Copyright (c) 2018-2020 All rights reserved.
        == Financial Products Markup Language is subject to the FpML public license.
        == A copy of this license is available at http://www.fpml.org/license/license.html
-->
<!--
Letter of credit event notifications provide a means for agent bank to communicate issuance, amendment and termination of L/Cs.
The agent bank also acts as a conduit between the issuing bank and lenders.

This example represents a change in the currency exchange rate for a synthetic letter of credit.
-->
<loanServicingNotification xmlns="http://www.fpml.org/FpML-5/confirmation" xmlns:xsi="http://www.w3.org/2001/XMLSchema-instance" fpmlVersion="5-11" xsi:schemaLocation="http://www.fpml.org/FpML-5/confirmation ../../fpml-main-5-11.xsd http://www.w3.org/2000/09/xmldsig# ../../xmldsig-core-schema.xsd">
  <header>
    <messageId messageIdScheme="http://www.bankofagentsna.com/messaging/messageids">763249</messageId>
    <sentBy messageAddressScheme="http://www.loanmarketdirectory.com/external/schemes/MEI">US2A432121</sentBy>
    <sendTo messageAddressScheme="http://www.loanmarketdirectory.com/external/schemes/MEI">US5L567878</sendTo>
    <creationTimestamp>2013-12-17T09:30:47Z</creationTimestamp>
    <implementationSpecification>
      <name>BKLoanSys</name>
      <version implementationSpecificationVersionScheme="http://www.bkloansys.com/">1.0</version>
      <date>2012-12-06</date>
    </implementationSpecification>
  </header>
  <isCorrection>false</isCorrection>
  <noticeDate>2013-12-17</noticeDate>
  <isGlobalOnly>false</isGlobalOnly>
  <lcFxRevaluation>
    <eventIdentifier>
      <partyReference href="BANKOFAGENTSNA" />
      <eventId eventIdScheme="http://www.bankofagentsna.com/messaging/eventids">52899</eventId>
    </eventIdentifier>
    <lenderPartyReference href="LENDERCORP" />
    <comment>Letter of Credit F/X Revaluation</comment>
    <agentPartyReference href="BANKOFAGENTSNA" />
    <borrowerPartyReference href="BORROWERINC" />
    <effectiveDate>2013-12-17</effectiveDate>
    <letterOfCreditReference href="LOC123" />
    <lcFxRate>
      <quotedCurrencyPair>
        <currency1 currencyScheme="http://www.fpml.org/coding-scheme/external/iso4217-2001-08-15">USD</currency1>
        <currency2 currencyScheme="http://www.fpml.org/coding-scheme/external/iso4217-2001-08-15">GBP</currency2>
        <quoteBasis>Currency1PerCurrency2</quoteBasis>
      </quotedCurrencyPair>
      <fixingDate>2013-12-19</fixingDate>
      <fxSpotRateSource>
        <primaryRateSource>
          <rateSource informationProviderScheme="http://www.fpml.org/coding-scheme/information-provider">Bloomberg</rateSource>
        </primaryRateSource>
      </fxSpotRateSource>
      <rate>0.001</rate>
    </lcFxRate>
    <facilityFxRate>
      <quotedCurrencyPair>
        <currency1 currencyScheme="http://www.fpml.org/coding-scheme/external/iso4217-2001-08-15">USD</currency1>
        <currency2 currencyScheme="http://www.fpml.org/coding-scheme/external/iso4217-2001-08-15">GBP</currency2>
        <quoteBasis>Currency1PerCurrency2</quoteBasis>
      </quotedCurrencyPair>
      <fixingDate>2013-12-19</fixingDate>
      <fxSpotRateSource>
        <primaryRateSource>
          <rateSource informationProviderScheme="http://www.fpml.org/coding-scheme/information-provider">Bloomberg</rateSource>
        </primaryRateSource>
      </fxSpotRateSource>
      <rate>0.001</rate>
    </facilityFxRate>
  </lcFxRevaluation>
  <facilityIdentifier id="FAC12345">
    <partyReference href="BANKOFAGENTSNA" />
    <instrumentId instrumentIdScheme="http://www.cusip.com/">F123452TLA</instrumentId>
    <description>Term Loan A</description>
  </facilityIdentifier>
  <letterOfCreditSummary id="LOC123">
    <partyReference href="BANKOFAGENTSNA" />
    <contractId contractIdScheme="http://www.bankofagentsna.com/messaging/contractids">LC59900SN</contractId>
    <facilityReference href="FAC12345" />
    <type lcTypeScheme="http://www.fpml.org/coding-scheme/lc-type">Synthetic</type>
    <effectiveDate>2013-12-19</effectiveDate>
    <borrowerPartyReference href="BORROWERINC" />
    <issuingBankPartyReference href="ISSUINGBANK" />
    <amount>
      <currency currencyScheme="http://www.fpml.org/coding-scheme/external/iso4217-2001-08-15">GBP</currency>
      <amount>10000000.00</amount>
      <shareAmount>2500000.00</shareAmount>
    </amount>
  </letterOfCreditSummary>
  <party id="BANKOFAGENTSNA">
    <partyId partyIdScheme="http://www.loanmarketdirectory.com/external/schemes/MEI">US2A432121</partyId>
  </party>
  <party id="LENDERCORP">
    <partyId partyIdScheme="http://www.loanmarketdirectory.com/external/schemes/MEI">US5L567878</partyId>
  </party>
  <party id="BORROWERINC">
    <partyId partyIdScheme="http://www.loanmarketdirectory.com/external/schemes/MEI">US3B789454</partyId>
  </party>
  <party id="ISSUINGBANK">
    <partyId partyIdScheme="http://www.loanmarketdirectory.com/external/schemes/MEI">US6I874125</partyId>
  </party>
</loanServicingNotification>

