<?xml version="1.0" encoding="utf-8"?>
<!--View is confirmation-->
<!--Version is 5-11-->
<!--NS is http://www.fpml.org/FpML-5/confirmation-->
<!--View is confirmation-->
<!--Version is 5-11-->
<!--NS is http://www.fpml.org/FpML-5/confirmation-->
<!--
        == Copyright (c) 2018-2020 All rights reserved.
        == Financial Products Markup Language is subject to the FpML public license.
        == A copy of this license is available at http://www.fpml.org/license/license.html
-->
<!--
This notice communicates a full set of deal and facility definitions valid as of a specific date.
-->
<dealStatement xmlns="http://www.fpml.org/FpML-5/confirmation" xmlns:xsi="http://www.w3.org/2001/XMLSchema-instance" fpmlVersion="5-11" xsi:schemaLocation="http://www.fpml.org/FpML-5/confirmation ../../fpml-main-5-11.xsd http://www.w3.org/2000/09/xmldsig# ../../xmldsig-core-schema.xsd">
  <header>
    <messageId messageIdScheme="http://www.bankofagentsna.com/messaging/messageids">159304</messageId>
    <sentBy messageAddressScheme="http://www.loanmarketdirectory.com/external/schemes/MEI">US2A432121</sentBy>
    <sendTo messageAddressScheme="http://www.loanmarketdirectory.com/external/schemes/MEI">US5L567878</sendTo>
    <creationTimestamp>2014-11-11T09:30:47Z</creationTimestamp>
    <implementationSpecification>
      <name>BKLoanSys</name>
      <version implementationSpecificationVersionScheme="http://www.bkloansys.com/">1.0</version>
      <date>2012-12-06</date>
    </implementationSpecification>
  </header>
  <isCorrection>false</isCorrection>
  <statementDate>2014-11-12</statementDate>
  <deal id="DL198">
    <partyReference href="BANKOFAGENTSNA" />
    <instrumentId instrumentIdScheme="http://www.cusip.com/">DL198304</instrumentId>
    <description>Term Loan 198304</description>
    <issuerPartyReference href="ISSUINGBANK" />
    <agentPartyReference href="BANKOFAGENTSNA" />
    <syndicationLeadPartyReference href="SYNLEADBANK" />
    <creditAgreementDate>2014-11-15</creditAgreementDate>
    <issuedAmount>
      <currency currencyScheme="http://www.fpml.org/coding-scheme/external/iso4217-2001-08-15">USD</currency>
      <amount>10000000.00</amount>
    </issuedAmount>
    <termLoan id="TL15">
      <partyReference href="BANKOFAGENTSNA" />
      <instrumentId instrumentIdScheme="http://www.cusip.com/">TL159836</instrumentId>
      <description>Term Loan A</description>
      <dealReference href="DL198" />
      <borrowerPartyReference href="BORROWERINC" />
      <agentPartyReference href="BANKOFAGENTSNA" />
      <startDate>2014-11-15</startDate>
      <maturityDate>2015-02-15</maturityDate>
      <currentCommitment>
        <totalCommitmentAmount>
          <currency currencyScheme="http://www.fpml.org/coding-scheme/external/iso4217-2001-08-15">USD</currency>
          <amount>10000000.00</amount>
          <shareAmount>100000.00</shareAmount>
        </totalCommitmentAmount>
      </currentCommitment>
      <governingLaw governingLawScheme="http://www.fpml.org/coding-scheme/governing-law">USNY</governingLaw>
      <fixedRateOption>
        <accrualOptionId accrualTypeIdScheme="http://www.bankofagentsna.com/messaging/borrowingoptionids">540685</accrualOptionId>
        <dayCountFraction dayCountFractionScheme="http://www.fpml.org/coding-scheme/day-count-fraction">30/360</dayCountFraction>
        <paymentFrequency>
          <periodMultiplier>3</periodMultiplier>
          <period>M</period>
        </paymentFrequency>
        <rate>0.0025</rate>
        <startDate>2014-11-15</startDate>
        <endDate>2015-02-15</endDate>
        <currency currencyScheme="http://www.fpml.org/coding-scheme/external/iso4217-2001-08-15">USD</currency>
        <borrowerPartyReference href="BORROWERINC" />
        <drawdownNoticeDays>7</drawdownNoticeDays>
      </fixedRateOption>
      <defaultRate>
        <startDate>2014-11-15</startDate>
        <endDate>2015-02-15</endDate>
        <rate>0.002</rate>
      </defaultRate>
    </termLoan>
  </deal>
  <party id="BANKOFAGENTSNA">
    <partyId partyIdScheme="http://www.loanmarketdirectory.com/external/schemes/MEI">US2A432121</partyId>
    <contactInfo>
      <email>jadams@agentbank.com</email>
    </contactInfo>
    <person>
      <firstName>John</firstName>
      <surname>Adams</surname>
    </person>
  </party>
  <party id="ISSUINGBANK">
    <partyId partyIdScheme="http://www.loanmarketdirectory.com/external/schemes/MEI">US3I786123</partyId>
  </party>
  <party id="LENDERCORP">
    <partyId partyIdScheme="http://www.loanmarketdirectory.com/external/schemes/MEI">US5L567878</partyId>
  </party>
  <party id="BORROWERINC">
    <partyId partyIdScheme="http://www.loanmarketdirectory.com/external/schemes/MEI">US3B789454</partyId>
  </party>
  <party id="SYNLEADBANK">
    <partyId partyIdScheme="http://www.loanmarketdirectory.com/external/schemes/MEI">US4S126598</partyId>
  </party>
</dealStatement>

