<?xml version="1.0" encoding="utf-8"?>
<!--View is confirmation-->
<!--Version is 5-11-->
<!--NS is http://www.fpml.org/FpML-5/confirmation-->
<!--
  == Copyright (c) 2018-2020 All rights reserved.
  == Financial Products Markup Language is subject to the FpML public license.
  == A copy of this license is available at http://www.fpml.org/license/license.html
  -->
<loanNotificationAcknowledgement xmlns="http://www.fpml.org/FpML-5/confirmation" xmlns:xsi="http://www.w3.org/2001/XMLSchema-instance" fpmlVersion="5-11" xsi:schemaLocation="http://www.fpml.org/FpML-5/confirmation ../../fpml-main-5-11.xsd http://www.w3.org/2000/09/xmldsig# ../../xmldsig-core-schema.xsd">
  <header>
    <messageId messageIdScheme="http://www.apexcorp.com/message-id">X133S1441</messageId>
    <inReplyTo messageIdScheme="http://www.abcbank.com/coding-scheme/message-id-1-0">BPLC0000444445555</inReplyTo>
    <sentBy messageAddressScheme="http://www.fpml.org/coding-scheme/external/party-id-MEI-1-0">GB1L213246</sentBy>
    <sendTo messageAddressScheme="http://www.fpml.org/coding-scheme/external/party-id-MEI-1-0">US1LFM0001</sendTo>
    <creationTimestamp>2017-09-08T20:45:23-04:00</creationTimestamp>
  </header>
  <party id="BANK67890">
    <partyId partyIdScheme="http://www.fpml.org/coding-scheme/external/party-id-MEI-1-0">US1LFM0001</partyId>
  </party>
  <eventIdentifier>
    <partyReference href="BANK67890" />
    <eventId eventIdScheme="http://www.barclays.com/coding-scheme/event-id-1-0">US001</eventId>
  </eventIdentifier>
</loanNotificationAcknowledgement>

