<?xml version="1.0" encoding="utf-8"?>
<!--View is confirmation-->
<!--Version is 5-11-->
<!--NS is http://www.fpml.org/FpML-5/confirmation-->
<!--View is confirmation-->
<!--Version is 5-11-->
<!--NS is http://www.fpml.org/FpML-5/confirmation-->
<!--
        == Copyright (c) 2018-2020 All rights reserved.
        == Financial Products Markup Language is subject to the FpML public license.
        == A copy of this license is available at http://www.fpml.org/license/license.html
-->
<!--
Letter of credit event notifications provide a means for agent bank to communicate issuance, amendment and termination of L/Cs.
The agent bank also acts as a conduit between the issuing bank and lenders.

This example represents an L/C fee payment against two outstanding standby letter of credits. The example is transmitted as 3 notices:
        - fee payment against SBLC #1
        - fee payment against SBLC #2
        - combined payment details
-->
<loanServicingNotification xmlns="http://www.fpml.org/FpML-5/confirmation" xmlns:xsi="http://www.w3.org/2001/XMLSchema-instance" fpmlVersion="5-11" xsi:schemaLocation="http://www.fpml.org/FpML-5/confirmation ../../fpml-main-5-11.xsd http://www.w3.org/2000/09/xmldsig# ../../xmldsig-core-schema.xsd">
  <header>
    <messageId messageIdScheme="http://www.bankofagentsna.com/messaging/messageids">724152</messageId>
    <sentBy messageAddressScheme="http://www.loanmarketdirectory.com/external/schemes/MEI">US2A432121</sentBy>
    <sendTo messageAddressScheme="http://www.loanmarketdirectory.com/external/schemes/MEI">US5L567878</sendTo>
    <creationTimestamp>2013-10-21T09:30:47Z</creationTimestamp>
    <implementationSpecification>
      <name>BKLoanSys</name>
      <version implementationSpecificationVersionScheme="http://www.bkloansys.com/">1.0</version>
      <date>2012-12-06</date>
    </implementationSpecification>
  </header>
  <isCorrection>false</isCorrection>
  <noticeDate>2014-11-12</noticeDate>
  <isGlobalOnly>false</isGlobalOnly>
  <eventPayment>
    <payerPartyReference href="BORROWERINC" />
    <receiverPartyReference href="LENDERCORP" />
    <paymentAmount>
      <currency currencyScheme="http://www.fpml.org/coding-scheme/external/iso4217-2001-08-15">USD</currency>
      <amount>86.90</amount>
    </paymentAmount>
    <paymentDate>
      <unadjustedDate>2014-11-12</unadjustedDate>
      <dateAdjustments>
        <businessDayConvention>FOLLOWING</businessDayConvention>
        <businessCenters>
          <businessCenter>USNY</businessCenter>
        </businessCenters>
      </dateAdjustments>
    </paymentDate>
    <eventIdentifier>
      <partyReference href="BANKOFAGENTSNA" />
      <eventId>65159</eventId>
    </eventIdentifier>
  </eventPayment>
  <lcIssuanceFeePayment>
    <eventIdentifier>
      <partyReference href="BANKOFAGENTSNA" />
      <eventId eventIdScheme="http://www.bankofagentsna.com/messaging/eventids">65159</eventId>
    </eventIdentifier>
    <lenderPartyReference href="LENDERCORP" />
    <effectiveDate>2014-06-30</effectiveDate>
    <letterOfCreditReference href="LOC234" />
    <id accrualTypeIdScheme="http://www.bankofagentsna.com/messaging/accrualtypeids">54325</id>
    <startDate>2014-05-01</startDate>
    <endDate>2014-06-29</endDate>
    <amount>
      <currency currencyScheme="http://www.fpml.org/coding-scheme/external/iso4217-2001-08-15">USD</currency>
      <amount>209.59</amount>
      <shareAmount>86.90</shareAmount>
    </amount>
    <accrualSchedule>
      <startDate>2014-05-01</startDate>
      <endDate>2014-06-29</endDate>
      <numberOfDays>60</numberOfDays>
      <referenceAmount>
        <currency currencyScheme="http://www.fpml.org/coding-scheme/external/iso4217-2001-08-15">USD</currency>
        <amount>100000.00</amount>
        <shareAmount>41461.54</shareAmount>
      </referenceAmount>
      <rate>0.01275</rate>
      <accrualAmount>
        <currency currencyScheme="http://www.fpml.org/coding-scheme/external/iso4217-2001-08-15">USD</currency>
        <amount>209.59</amount>
        <shareAmount>86.90</shareAmount>
      </accrualAmount>
    </accrualSchedule>
  </lcIssuanceFeePayment>
  <facilityIdentifier id="FAC67890">
    <partyReference href="BANKOFAGENTSNA" />
    <instrumentId instrumentIdScheme="http://www.cusip.com/">F234564REV</instrumentId>
    <description>Revolver</description>
  </facilityIdentifier>
  <letterOfCreditIdentifier id="LOC234">
    <partyReference href="BANKOFAGENTSNA" />
    <contractId contractIdScheme="http://www.bankofagentsna.com/messaging/contractids">L45996ST</contractId>
    <facilityReference href="FAC67890" />
  </letterOfCreditIdentifier>
  <party id="BANKOFAGENTSNA">
    <partyId partyIdScheme="http://www.loanmarketdirectory.com/external/schemes/MEI">US2A432121</partyId>
  </party>
  <party id="BORROWERINC">
    <partyId partyIdScheme="http://www.loanmarketdirectory.com/external/schemes/MEI">US3B789454</partyId>
  </party>
  <party id="BENEFICIARYBANK">
    <partyId partyIdScheme="http://www.loanmarketdirectory.com/external/schemes/MEI">US1B987656</partyId>
  </party>
  <party id="LENDERCORP">
    <partyId partyIdScheme="http://www.loanmarketdirectory.com/external/schemes/MEI">US5L567878</partyId>
    <person>
      <firstName>Sujith</firstName>
      <surname>Kumar</surname>
    </person>
  </party>
</loanServicingNotification>

