<?xml version="1.0" encoding="utf-8"?>
<!--View is confirmation-->
<!--Version is 5-11-->
<!--NS is http://www.fpml.org/FpML-5/confirmation-->
<!--
        == Copyright (c) 2018-2020 All rights reserved.
        == Financial Products Markup Language is subject to the FpML public license.
        == A copy of this license is available at http://www.fpml.org/license/license.html
-->
<loanTradeNotification xmlns="http://www.fpml.org/FpML-5/confirmation" xmlns:xsi="http://www.w3.org/2001/XMLSchema-instance" fpmlVersion="5-11" xsi:schemaLocation="http://www.fpml.org/FpML-5/confirmation ../../fpml-main-5-11.xsd http://www.w3.org/2000/09/xmldsig# ../../xmldsig-core-schema.xsd">
  <header>
    <messageId messageIdScheme="http://www.barclays.com/coding-scheme/message-id-1-0">BPLC00001535485713</messageId>
    <sentBy messageAddressScheme="http://www.fpml.org/coding-scheme/external/party-id-MEI-1-0">US1LA00001</sentBy>
    <sendTo messageAddressScheme="http://www.fpml.org/coding-scheme/external/party-id-MEI-1-0">GB1L213246</sendTo>
    <creationTimestamp>2017-09-08T20:41:29.0715629-04:00</creationTimestamp>
  </header>
  <isCorrection>false</isCorrection>
  <noticeDate>2017-09-08</noticeDate>
  <partyReference href="AGENT24680" />
  <role tradingPartyRoleScheme="http://www.fpml.org/coding-scheme/trading-party-role-1-0">Agent</role>
  <settlementTask>
    <taskIdentifier>
      <partyReference href="AGENT24680" />
      <taskId taskIdScheme="http://www.barclays.com/coding-scheme/settlement-task-id-1-0">AGTASK1</taskId>
    </taskIdentifier>
    <responsibleParty href="BANK12345" />
    <dates>
      <raisedDate>2017-09-08</raisedDate>
    </dates>
    <status>Active</status>
    <comment>Please allocate trade.</comment>
    <loanTradeReference href="TRDSUM1" />
    <type tradeSettlementTaskTypeScheme="http://www.fpml.org/coding-scheme/trade-settlement-task-type-1-0">Allocations</type>
  </settlementTask>
  <tradeSummary id="TRDSUM1">
    <issuer issuerIdScheme="http://www.fpml.org/coding-scheme/external/party-id-MEI-1-0">US1LFM0001</issuer>
    <tradeId tradeIdScheme="http://www.barclays.com/coding-scheme/trade-id-1-0">TN12345</tradeId>
    <facilityReference href="FAC12345" />
    <amount>
      <currency currencyScheme="http://www.fpml.org/coding-scheme/currency-1-0">USD</currency>
      <amount>10000000.0</amount>
    </amount>
  </tradeSummary>
  <facilityIdentifier id="FAC12345">
    <partyReference href="AGENT24680" />
    <instrumentId instrumentIdScheme="http://www.fpml.org/coding-scheme/external/instrument-id-CUSIP-1-0">CUSIP0001</instrumentId>
  </facilityIdentifier>
  <party id="BANK12345">
    <partyId partyIdScheme="http://www.fpml.org/coding-scheme/external/party-id-MEI-1-0">GB1L213246</partyId>
  </party>
  <party id="AGENT24680">
    <partyId partyIdScheme="http://www.fpml.org/coding-scheme/external/party-id-MEI-1-0">US1LA00001</partyId>
  </party>
</loanTradeNotification>

