<?xml version="1.0" encoding="utf-8"?>
<!--View is confirmation-->
<!--Version is 5-11-->
<!--NS is http://www.fpml.org/FpML-5/confirmation-->
<!--View is confirmation-->
<!--Version is 5-11-->
<!--NS is http://www.fpml.org/FpML-5/confirmation-->
<!--
        == Copyright (c) 2018-2020 All rights reserved.
        == Financial Products Markup Language is subject to the FpML public license.
        == A copy of this license is available at http://www.fpml.org/license/license.html
-->
<!--
Loan Servicing notifications provide a means for agent banks to communicate multiple events for 1 asset, such as floating rate margin resets and/or 
re-definitions of the way in which outstanding contracts are structured.

This example represents a rollover with:
        - a LIBOR contract repricing
        - a LIBOR contract interest payment
        - a part of the LIBOR loan repays
        - remaining LIBOR contract rolls over
-->
<loanServicingNotification xmlns="http://www.fpml.org/FpML-5/confirmation" xmlns:xsi="http://www.w3.org/2001/XMLSchema-instance" fpmlVersion="5-11" xsi:schemaLocation="http://www.fpml.org/FpML-5/confirmation ../../fpml-main-5-11.xsd http://www.w3.org/2000/09/xmldsig# ../../xmldsig-core-schema.xsd">
  <header>
    <messageId messageIdScheme="http://www.bankofagentsna.com/messaging/messageids">461389</messageId>
    <sentBy messageAddressScheme="http://www.loanmarketdirectory.com/external/schemes/MEI">US2A432121</sentBy>
    <sendTo messageAddressScheme="http://www.loanmarketdirectory.com/external/schemes/MEI">US5L567878</sendTo>
    <creationTimestamp>2013-10-21T09:30:47Z</creationTimestamp>
    <implementationSpecification>
      <name>BKLoanSys</name>
      <version implementationSpecificationVersionScheme="http://www.bkloansys.com/">1.0</version>
      <date>2012-12-06</date>
    </implementationSpecification>
  </header>
  <isCorrection>false</isCorrection>
  <noticeDate>2014-11-12</noticeDate>
  <isGlobalOnly>false</isGlobalOnly>
  <eventPayment>
    <payerPartyReference href="BANKOFAGENTSNA" />
    <receiverPartyReference href="LENDERCORP" />
    <paymentAmount>
      <currency currencyScheme="http://www.fpml.org/coding-scheme/external/iso4217-2001-08-15">USD</currency>
      <amount>74355.68</amount>
    </paymentAmount>
    <paymentDate>
      <unadjustedDate>2014-08-29</unadjustedDate>
      <dateAdjustments>
        <businessDayConvention>FOLLOWING</businessDayConvention>
        <businessCenters>
          <businessCenter>USNY</businessCenter>
        </businessCenters>
      </dateAdjustments>
    </paymentDate>
    <eventIdentifier>
      <partyReference href="BANKOFAGENTSNA" />
      <eventId eventIdScheme="http://www.bankofagentsna.com/messaging/eventids">64125</eventId>
    </eventIdentifier>
  </eventPayment>
  <eventPayment>
    <payerPartyReference href="BANKOFAGENTSNA" />
    <receiverPartyReference href="LENDERCORP" />
    <paymentAmount>
      <currency currencyScheme="http://www.fpml.org/coding-scheme/external/iso4217-2001-08-15">USD</currency>
      <amount>550000.00</amount>
    </paymentAmount>
    <paymentDate>
      <unadjustedDate>2014-08-29</unadjustedDate>
      <dateAdjustments>
        <businessDayConvention>FOLLOWING</businessDayConvention>
        <businessCenters>
          <businessCenter>USNY</businessCenter>
        </businessCenters>
      </dateAdjustments>
    </paymentDate>
    <eventIdentifier>
      <partyReference href="BANKOFAGENTSNA" />
      <eventId eventIdScheme="http://www.bankofagentsna.com/messaging/eventids">85124</eventId>
    </eventIdentifier>
  </eventPayment>
  <rollover>
    <eventIdentifier>
      <partyReference href="BANKOFAGENTSNA" />
      <eventId eventIdScheme="http://www.bankofagentsna.com/messaging/eventids">64100</eventId>
    </eventIdentifier>
    <parentEventIdentifier>
      <partyReference href="BANKOFAGENTSNA" />
      <eventId eventIdScheme="http://www.bankofagentsna.com/messaging/eventids">RolloverGroup12</eventId>
      <childEventIdentifier>
        <partyReference href="BANKOFAGENTSNA" />
        <eventId eventIdScheme="http://www.bankofagentsna.com/messaging/eventids">64100</eventId>
      </childEventIdentifier>
      <childEventIdentifier>
        <partyReference href="BANKOFAGENTSNA" />
        <eventId eventIdScheme="http://www.bankofagentsna.com/messaging/eventids">64125</eventId>
      </childEventIdentifier>
      <childEventIdentifier>
        <partyReference href="BANKOFAGENTSNA" />
        <eventId eventIdScheme="http://www.bankofagentsna.com/messaging/eventids">85124</eventId>
      </childEventIdentifier>
    </parentEventIdentifier>
    <effectiveDate>2014-08-29</effectiveDate>
    <currentContracts>
      <loanContractReference href="CONT12345" />
    </currentContracts>
    <newContracts>
      <contract id="CONT67890">
        <partyReference href="BANKOFAGENTSNA" />
        <contractId contractIdScheme="http://www.bankofagentsna.com/messaging/contractids">NC5678</contractId>
        <facilityReference href="FAC54321" />
        <effectiveDate>2014-08-29</effectiveDate>
        <borrowerPartyReference href="BORROWERINC" />
        <amount>
          <currency currencyScheme="http://www.fpml.org/coding-scheme/external/iso4217-2001-08-15">USD</currency>
          <amount>28660000.00</amount>
        </amount>
        <repricingDate>2014-09-30</repricingDate>
        <floatingRateAccrual>
          <accrualOptionId accrualTypeIdScheme="http://www.bankofagentsna.com/messaging/accrualtypeids">51245</accrualOptionId>
          <dayCountFraction dayCountFractionScheme="http://www.fpml.org/coding-scheme/day-count-fraction">ACT/360</dayCountFraction>
          <floatingRateIndex floatingRateIndexScheme="http://www.fpml.org/coding-scheme/floating-rate-index">USD-LIBOR-LIBO</floatingRateIndex>
          <spread>0.03</spread>
          <startDate>2014-08-29</startDate>
          <endDate>2014-09-30</endDate>
          <numberOfDays>30</numberOfDays>
          <rateFixingDate>2014-08-29</rateFixingDate>
        </floatingRateAccrual>
      </contract>
    </newContracts>
  </rollover>
  <interestPayment>
    <eventIdentifier>
      <partyReference href="BANKOFAGENTSNA" />
      <eventId eventIdScheme="http://www.bankofagentsna.com/messaging/eventids">64125</eventId>
    </eventIdentifier>
    <parentEventIdentifier>
      <partyReference href="BANKOFAGENTSNA" />
      <eventId eventIdScheme="http://www.bankofagentsna.com/messaging/eventids">RolloverGroup12</eventId>
      <childEventIdentifier>
        <partyReference href="BANKOFAGENTSNA" />
        <eventId eventIdScheme="http://www.bankofagentsna.com/messaging/eventids">64100</eventId>
      </childEventIdentifier>
      <childEventIdentifier>
        <partyReference href="BANKOFAGENTSNA" />
        <eventId eventIdScheme="http://www.bankofagentsna.com/messaging/eventids">64125</eventId>
      </childEventIdentifier>
      <childEventIdentifier>
        <partyReference href="BANKOFAGENTSNA" />
        <eventId eventIdScheme="http://www.bankofagentsna.com/messaging/eventids">85124</eventId>
      </childEventIdentifier>
    </parentEventIdentifier>
    <lenderPartyReference href="LENDERCORP" />
    <cashPayable>
      <payerPartyReference href="BANKOFAGENTSNA" />
      <receiverPartyReference href="LENDERCORP" />
      <netAmount>
        <currency currencyScheme="http://www.fpml.org/coding-scheme/external/iso4217-2001-08-15">USD</currency>
        <amount>74355.68</amount>
      </netAmount>
      <taxWithholding>
        <amount>
          <currency currencyScheme="http://www.fpml.org/coding-scheme/external/iso4217-2001-08-15">USD</currency>
          <amount>0.00</amount>
        </amount>
      </taxWithholding>
    </cashPayable>
    <agentPartyReference href="BANKOFAGENTSNA" />
    <borrowerPartyReference href="BORROWERINC" />
    <effectiveDate>2014-08-29</effectiveDate>
    <loanContractReference href="CONT12345" />
    <startDate>2014-07-31</startDate>
    <endDate>2014-08-28</endDate>
    <calculationMethod>ContractPositionThruPeriod</calculationMethod>
    <amount>
      <currency currencyScheme="http://www.fpml.org/coding-scheme/external/iso4217-2001-08-15">USD</currency>
      <amount>74355.68</amount>
    </amount>
    <accrualSchedule>
      <startDate>2014-07-31</startDate>
      <endDate>2014-08-28</endDate>
      <numberOfDays>29</numberOfDays>
      <referenceAmount>
        <currency currencyScheme="http://www.fpml.org/coding-scheme/external/iso4217-2001-08-15">USD</currency>
        <amount>29210000.00</amount>
      </referenceAmount>
      <referenceAmountType>Utilized</referenceAmountType>
      <rate>0.0316</rate>
      <accrualAmount>
        <currency currencyScheme="http://www.fpml.org/coding-scheme/external/iso4217-2001-08-15">USD</currency>
        <amount>74355.68</amount>
      </accrualAmount>
    </accrualSchedule>
  </interestPayment>
  <repayment>
    <eventIdentifier>
      <partyReference href="BANKOFAGENTSNA" />
      <eventId eventIdScheme="http://www.bankofagentsna.com/messaging/eventids">85124</eventId>
    </eventIdentifier>
    <parentEventIdentifier>
      <partyReference href="BANKOFAGENTSNA" />
      <eventId eventIdScheme="http://www.bankofagentsna.com/messaging/eventids">RolloverGroup12</eventId>
      <childEventIdentifier>
        <partyReference href="BANKOFAGENTSNA" />
        <eventId eventIdScheme="http://www.bankofagentsna.com/messaging/eventids">64100</eventId>
      </childEventIdentifier>
      <childEventIdentifier>
        <partyReference href="BANKOFAGENTSNA" />
        <eventId eventIdScheme="http://www.bankofagentsna.com/messaging/eventids">64125</eventId>
      </childEventIdentifier>
      <childEventIdentifier>
        <partyReference href="BANKOFAGENTSNA" />
        <eventId eventIdScheme="http://www.bankofagentsna.com/messaging/eventids">85124</eventId>
      </childEventIdentifier>
    </parentEventIdentifier>
    <lenderPartyReference href="LENDERCORP" />
    <cashPayable>
      <payerPartyReference href="BANKOFAGENTSNA" />
      <receiverPartyReference href="LENDERCORP" />
      <netAmount>
        <currency currencyScheme="http://www.fpml.org/coding-scheme/external/iso4217-2001-08-15">USD</currency>
        <amount>550000.00</amount>
      </netAmount>
      <taxWithholding>
        <amount>
          <currency currencyScheme="http://www.fpml.org/coding-scheme/external/iso4217-2001-08-15">USD</currency>
          <amount>0.00</amount>
        </amount>
      </taxWithholding>
    </cashPayable>
    <agentPartyReference href="BANKOFAGENTSNA" />
    <borrowerPartyReference href="BORROWERINC" />
    <effectiveDate>2014-08-29</effectiveDate>
    <loanContractReference href="CONT12345" />
    <amount>
      <currency currencyScheme="http://www.fpml.org/coding-scheme/external/iso4217-2001-08-15">USD</currency>
      <amount>550000.00</amount>
    </amount>
    <refusalAllowed>false</refusalAllowed>
  </repayment>
  <facilityIdentifier id="FAC54321">
    <partyReference href="BANKOFAGENTSNA" />
    <instrumentId instrumentIdScheme="http://www.cusip.com/">F123999REV</instrumentId>
    <description>Revolver</description>
  </facilityIdentifier>
  <contractSummary id="CONT12345">
    <partyReference href="BANKOFAGENTSNA" />
    <contractId contractIdScheme="http://www.bankofagentsna.com/messaging/contractids">CC1234</contractId>
    <facilityReference href="FAC54321" />
    <effectiveDate>2014-07-31</effectiveDate>
    <borrowerPartyReference href="BORROWERINC" />
    <amount>
      <currency currencyScheme="http://www.fpml.org/coding-scheme/external/iso4217-2001-08-15">USD</currency>
      <amount>29210000.00</amount>
    </amount>
  </contractSummary>
  <party id="BANKOFAGENTSNA">
    <partyId partyIdScheme="http://www.loanmarketdirectory.com/external/schemes/MEI">US2A432121</partyId>
  </party>
  <party id="BORROWERINC">
    <partyId partyIdScheme="http://www.loanmarketdirectory.com/external/schemes/MEI">US3B789454</partyId>
  </party>
  <party id="COBORROWERINC">
    <partyId partyIdScheme="http://www.loanmarketdirectory.com/external/schemes/MEI">US4C147258</partyId>
  </party>
  <party id="LENDERCORP">
    <partyId partyIdScheme="http://www.loanmarketdirectory.com/external/schemes/MEI">US5L567878</partyId>
  </party>
</loanServicingNotification>

