<?xml version="1.0" encoding="utf-8"?>
<!--View is confirmation-->
<!--Version is 5-11-->
<!--NS is http://www.fpml.org/FpML-5/confirmation-->
<!--View is confirmation-->
<!--Version is 5-11-->
<!--NS is http://www.fpml.org/FpML-5/confirmation-->
<!--
        == Copyright (c) 2018-2020 All rights reserved.
        == Financial Products Markup Language is subject to the FpML public license.
        == A copy of this license is available at http://www.fpml.org/license/license.html
-->
<!--
Loan Servicing notifications provide a means for agent banks to communicate multiple events for 1 asset, such as floating rate margin resets and/or 
re-definitions of the way in which outstanding contracts are structured. 

This example represents a rollover with:
        - LIBOR contract maturing
        - loan interest payment
        - contract renewal with a split into two LIBOR contracts
-->
<loanServicingNotification xmlns="http://www.fpml.org/FpML-5/confirmation" xmlns:xsi="http://www.w3.org/2001/XMLSchema-instance" fpmlVersion="5-11" xsi:schemaLocation="http://www.fpml.org/FpML-5/confirmation ../../fpml-main-5-11.xsd http://www.w3.org/2000/09/xmldsig# ../../xmldsig-core-schema.xsd">
  <header>
    <messageId messageIdScheme="http://www.bankofagentsna.com/messaging/messageids">426865</messageId>
    <sentBy messageAddressScheme="http://www.loanmarketdirectory.com/external/schemes/MEI">US2A432121</sentBy>
    <sendTo messageAddressScheme="http://www.loanmarketdirectory.com/external/schemes/MEI">US5L567878</sendTo>
    <creationTimestamp>2013-10-21T09:30:47Z</creationTimestamp>
    <implementationSpecification>
      <name>BKLoanSys</name>
      <version implementationSpecificationVersionScheme="http://www.bkloansys.com/">1.0</version>
      <date>2012-12-06</date>
    </implementationSpecification>
  </header>
  <isCorrection>false</isCorrection>
  <noticeDate>2014-09-04</noticeDate>
  <isGlobalOnly>false</isGlobalOnly>
  <eventPayment>
    <payerPartyReference href="BANKOFAGENTSNA" />
    <receiverPartyReference href="LENDERCORP" />
    <paymentAmount>
      <currency currencyScheme="http://www.fpml.org/coding-scheme/external/iso4217-2001-08-15">USD</currency>
      <amount>14972.22</amount>
    </paymentAmount>
    <paymentDate>
      <unadjustedDate>2014-09-05</unadjustedDate>
      <dateAdjustments>
        <businessDayConvention>FOLLOWING</businessDayConvention>
        <businessCenters>
          <businessCenter>USNY</businessCenter>
        </businessCenters>
      </dateAdjustments>
    </paymentDate>
    <eventIdentifier>
      <partyReference href="BANKOFAGENTSNA" />
      <eventId eventIdScheme="http://www.bankofagentsna.com/messaging/eventids">45128</eventId>
    </eventIdentifier>
  </eventPayment>
  <rollover>
    <eventIdentifier>
      <partyReference href="BANKOFAGENTSNA" />
      <eventId eventIdScheme="http://www.bankofagentsna.com/messaging/eventids">45100</eventId>
    </eventIdentifier>
    <parentEventIdentifier>
      <partyReference href="BANKOFAGENTSNA" />
      <eventId eventIdScheme="http://www.bankofagentsna.com/messaging/eventids">RolloverGroup6</eventId>
      <childEventIdentifier>
        <partyReference href="BANKOFAGENTSNA" />
        <eventId eventIdScheme="http://www.bankofagentsna.com/messaging/eventids">45100</eventId>
      </childEventIdentifier>
      <childEventIdentifier>
        <partyReference href="BANKOFAGENTSNA" />
        <eventId eventIdScheme="http://www.bankofagentsna.com/messaging/eventids">45128</eventId>
      </childEventIdentifier>
    </parentEventIdentifier>
    <lenderPartyReference href="LENDERCORP" />
    <effectiveDate>2014-09-05</effectiveDate>
    <currentContracts>
      <loanContractReference href="CONT12345" />
    </currentContracts>
    <newContracts>
      <contract id="CONT67890">
        <partyReference href="BANKOFAGENTSNA" />
        <contractId contractIdScheme="http://www.bankofagentsna.com/messaging/contractids">NC5678</contractId>
        <facilityReference href="FAC12345" />
        <effectiveDate>2014-09-05</effectiveDate>
        <borrowerPartyReference href="BORROWERINC" />
        <amount>
          <currency currencyScheme="http://www.fpml.org/coding-scheme/external/iso4217-2001-08-15">USD</currency>
          <amount>2500000.00</amount>
          <shareAmount>2500000.00</shareAmount>
        </amount>
        <maturityDate>2014-09-30</maturityDate>
        <floatingRateAccrual>
          <accrualOptionId accrualTypeIdScheme="http://www.bankofagentsna.com/messaging/accrualtypeids">58451</accrualOptionId>
          <dayCountFraction dayCountFractionScheme="http://www.fpml.org/coding-scheme/day-count-fraction">30/360</dayCountFraction>
          <floatingRateIndex floatingRateIndexScheme="http://www.fpml.org/coding-scheme/floating-rate-index">USD-LIBOR-LIBO</floatingRateIndex>
          <indexTenor>
            <periodMultiplier>3</periodMultiplier>
            <period>M</period>
          </indexTenor>
          <spread>0.01</spread>
          <startDate>2014-09-05</startDate>
          <endDate>2014-09-30</endDate>
          <numberOfDays>25</numberOfDays>
          <rateFixingDate>2014-09-05</rateFixingDate>
        </floatingRateAccrual>
      </contract>
      <contract id="CONT09876">
        <partyReference href="BANKOFAGENTSNA" />
        <contractId contractIdScheme="http://www.bankofagentsna.com/messaging/contractids">NC8765</contractId>
        <facilityReference href="FAC12345" />
        <effectiveDate>2014-09-05</effectiveDate>
        <borrowerPartyReference href="BORROWERINC" />
        <amount>
          <currency currencyScheme="http://www.fpml.org/coding-scheme/external/iso4217-2001-08-15">USD</currency>
          <amount>2500000.00</amount>
          <shareAmount>2500000.00</shareAmount>
        </amount>
        <maturityDate>2014-09-30</maturityDate>
        <floatingRateAccrual>
          <accrualOptionId accrualTypeIdScheme="http://www.bankofagentsna.com/messaging/accrualtypeids">58451</accrualOptionId>
          <dayCountFraction dayCountFractionScheme="http://www.fpml.org/coding-scheme/day-count-fraction">30/360</dayCountFraction>
          <floatingRateIndex floatingRateIndexScheme="http://www.fpml.org/coding-scheme/floating-rate-index">USD-LIBOR-LIBO</floatingRateIndex>
          <indexTenor>
            <periodMultiplier>3</periodMultiplier>
            <period>M</period>
          </indexTenor>
          <spread>0.01</spread>
          <startDate>2014-09-05</startDate>
          <endDate>2014-09-30</endDate>
          <numberOfDays>25</numberOfDays>
          <rateFixingDate>2014-09-03</rateFixingDate>
        </floatingRateAccrual>
      </contract>
    </newContracts>
  </rollover>
  <interestPayment>
    <eventIdentifier>
      <partyReference href="BANKOFAGENTSNA" />
      <eventId eventIdScheme="http://www.bankofagentsna.com/messaging/eventids">45128</eventId>
    </eventIdentifier>
    <parentEventIdentifier>
      <partyReference href="BANKOFAGENTSNA" />
      <eventId eventIdScheme="http://www.bankofagentsna.com/messaging/eventids">RolloverGroup6</eventId>
      <childEventIdentifier>
        <partyReference href="BANKOFAGENTSNA" />
        <eventId eventIdScheme="http://www.bankofagentsna.com/messaging/eventids">45100</eventId>
      </childEventIdentifier>
      <childEventIdentifier>
        <partyReference href="BANKOFAGENTSNA" />
        <eventId eventIdScheme="http://www.bankofagentsna.com/messaging/eventids">45128</eventId>
      </childEventIdentifier>
    </parentEventIdentifier>
    <lenderPartyReference href="LENDERCORP" />
    <cashPayable>
      <payerPartyReference href="BANKOFAGENTSNA" />
      <receiverPartyReference href="LENDERCORP" />
      <netAmount>
        <currency currencyScheme="http://www.fpml.org/coding-scheme/external/iso4217-2001-08-15">USD</currency>
        <amount>14972.22</amount>
      </netAmount>
      <taxWithholding>
        <amount>
          <currency currencyScheme="http://www.fpml.org/coding-scheme/external/iso4217-2001-08-15">USD</currency>
          <amount>0.00</amount>
        </amount>
      </taxWithholding>
    </cashPayable>
    <agentPartyReference href="BANKOFAGENTSNA" />
    <borrowerPartyReference href="BORROWERINC" />
    <effectiveDate>2014-09-05</effectiveDate>
    <loanContractReference href="CONT12345" />
    <startDate>2014-06-09</startDate>
    <endDate>2014-09-05</endDate>
    <calculationMethod>ContractPositionThruPeriod</calculationMethod>
    <amount>
      <currency currencyScheme="http://www.fpml.org/coding-scheme/external/iso4217-2001-08-15">USD</currency>
      <amount>14972.22</amount>
    </amount>
    <accrualSchedule>
      <startDate>2014-06-09</startDate>
      <endDate>2014-09-05</endDate>
      <numberOfDays>88</numberOfDays>
      <referenceAmount>
        <currency currencyScheme="http://www.fpml.org/coding-scheme/external/iso4217-2001-08-15">USD</currency>
        <amount>5000000.00</amount>
        <shareAmount>5000000.00</shareAmount>
      </referenceAmount>
      <rate>0.01225</rate>
      <accrualAmount>
        <currency currencyScheme="http://www.fpml.org/coding-scheme/external/iso4217-2001-08-15">USD</currency>
        <amount>14972.22</amount>
        <shareAmount>14972.22</shareAmount>
      </accrualAmount>
    </accrualSchedule>
  </interestPayment>
  <facilitySummary id="FAC12345">
    <partyReference href="BANKOFAGENTSNA" />
    <instrumentId instrumentIdScheme="http://www.cusip.com/">F123452TLA</instrumentId>
    <description>Term Loan A</description>
    <borrowerPartyReference href="BORROWERINC" />
    <agentPartyReference href="BANKOFAGENTSNA" />
    <startDate>2014-04-11</startDate>
    <currentCommitment>
      <totalCommitmentAmount>
        <currency currencyScheme="http://www.fpml.org/coding-scheme/external/iso4217-2001-08-15">USD</currency>
        <amount>25000000.00</amount>
        <shareAmount>25000000.00</shareAmount>
      </totalCommitmentAmount>
    </currentCommitment>
  </facilitySummary>
  <contractSummary id="CONT12345">
    <partyReference href="BANKOFAGENTSNA" />
    <contractId contractIdScheme="http://www.bankofagentsna.com/messaging/contractids">CC1234</contractId>
    <facilityReference href="FAC12345" />
    <effectiveDate>2014-06-09</effectiveDate>
    <borrowerPartyReference href="BORROWERINC" />
    <amount>
      <currency currencyScheme="http://www.fpml.org/coding-scheme/external/iso4217-2001-08-15">USD</currency>
      <amount>5000000.00</amount>
      <shareAmount>5000000.00</shareAmount>
    </amount>
  </contractSummary>
  <party id="BANKOFAGENTSNA">
    <partyId partyIdScheme="http://www.loanmarketdirectory.com/external/schemes/MEI">US2A432121</partyId>
    <businessUnit>
      <name>Investor Relations</name>
      <contactInfo>
        <address>
          <streetAddress>
            <streetLine>2 Penns Way, Suite 100</streetLine>
          </streetAddress>
          <city>New Castle</city>
          <state>DE</state>
          <country>US</country>
          <postalCode>19720</postalCode>
        </address>
      </contactInfo>
    </businessUnit>
  </party>
  <party id="BORROWERINC">
    <partyId partyIdScheme="http://www.loanmarketdirectory.com/external/schemes/MEI">US3B789454</partyId>
  </party>
  <party id="COBORROWERINC">
    <partyId partyIdScheme="http://www.loanmarketdirectory.com/external/schemes/MEI">US4C147258</partyId>
  </party>
  <party id="LENDERCORP">
    <partyId partyIdScheme="http://www.loanmarketdirectory.com/external/schemes/MEI">US5L567878</partyId>
  </party>
</loanServicingNotification>

