<?xml version="1.0" encoding="utf-8"?>
<!--View is confirmation-->
<!--Version is 5-11-->
<!--NS is http://www.fpml.org/FpML-5/confirmation-->
<!--View is confirmation-->
<!--Version is 5-11-->
<!--NS is http://www.fpml.org/FpML-5/confirmation-->
<!--
        == Copyright (c) 2018-2020 All rights reserved.
        == Financial Products Markup Language is subject to the FpML public license.
        == A copy of this license is available at http://www.fpml.org/license/license.html
-->
<!--
This notice communicates relevant contact and payment details, communicated by parties to anyone who wishes to initiate payments and/or communicate with them.
-->
<loanPartyProfileStatement xmlns="http://www.fpml.org/FpML-5/confirmation" xmlns:xsi="http://www.w3.org/2001/XMLSchema-instance" fpmlVersion="5-11" xsi:schemaLocation="http://www.fpml.org/FpML-5/confirmation ../../fpml-main-5-11.xsd http://www.w3.org/2000/09/xmldsig# ../../xmldsig-core-schema.xsd">
  <header>
    <messageId messageIdScheme="http://www.company.com/messageIdScheme">SentProfileMessageID1</messageId>
    <sentBy messageAddressScheme="http://www.company.com/messageAddressScheme">EatonVance</sentBy>
    <sendTo messageAddressScheme="http://www.company.com/messageAddressScheme">JPMorganChase</sendTo>
    <creationTimestamp>2017-09-15T09:30:47Z</creationTimestamp>
    <implementationSpecification>
      <name>LoanFpML</name>
      <version implementationSpecificationVersionScheme="http://www.company.com/implementationSpecificationVersion">v5.10</version>
      <date>2017-09-10</date>
    </implementationSpecification>
  </header>
  <isCorrection>false</isCorrection>
  <partyProfile>
    <partyProfileIdentifier>
      <partyReference href="EatonVance" />
      <partyProfileId partyProfileIdScheme="http://www.company.com/partyProfileIdScheme">PP1234</partyProfileId>
    </partyProfileIdentifier>
    <effectiveDate>2017-09-15</effectiveDate>
    <partyReference href="EatonVance" />
    <documentation>
      <taxForm>
        <taxFormType taxFormTypeScheme="http://www.fpml.org/coding-scheme/tax-form-type">W9</taxFormType>
      </taxForm>
    </documentation>
    <communicationDetails>
      <identifier>
        <partyReference href="EatonVance" />
        <associationId associationToAssetIdScheme="http://www.company.com/associationToAssetIdSheme">AA1234</associationId>
      </identifier>
      <applicableAssets>
        <allAssets>All</allAssets>
      </applicableAssets>
      <applicableTransactions>
        <allTransactions>All</allTransactions>
      </applicableTransactions>
      <relatedPerson>
        <personReference href="JohnSmith" />
        <role personRoleScheme="http://www.fpml.org/coding-scheme/person-role">Buyer</role>
      </relatedPerson>
      <relatedBusinessUnit>
        <businessUnitReference href="EatonVance" />
        <role unitRoleScheme="http://www.fpml.org/coding-scheme/unit-role">TradingDesk</role>
      </relatedBusinessUnit>
    </communicationDetails>
    <settlementInstructionDetails>
      <identifier>
        <partyReference href="EatonVance" />
        <associationId associationToAssetIdScheme="http://www.company.com/associationToAssetIdScheme">AAID1234</associationId>
      </identifier>
      <applicableAssets>
        <allAssets>All</allAssets>
      </applicableAssets>
      <applicableTransactions>
        <allTransactions>All</allTransactions>
      </applicableTransactions>
      <settlementDetails>
        <id settlementInstructionIdScheme="http://www.company.com/settlementInstructionIdScheme">SettlementInstructionID1</id>
        <currency currencyScheme="http://www.fpml.org/coding-scheme/currency-1-0">USD</currency>
        <settlementInstruction>
          <settlementMethod settlementMethodScheme="http://www.fpml.org/coding-scheme/settlement-method">Fedwire</settlementMethod>
          <beneficiary>
            <routingExplicitDetails>
              <routingName>EatonVance</routingName>
              <routingAddress>
                <streetAddress>
                  <streetLine>6789 Main Street</streetLine>
                </streetAddress>
                <city>New York</city>
                <state>NY</state>
                <country countryScheme="http://www.fpml.org/coding-scheme/external/iso3166">US</country>
                <postalCode>10001</postalCode>
              </routingAddress>
              <routingAccountNumber>000000000001</routingAccountNumber>
              <routingReferenceText>Settlement</routingReferenceText>
            </routingExplicitDetails>
          </beneficiary>
        </settlementInstruction>
      </settlementDetails>
    </settlementInstructionDetails>
  </partyProfile>
  <party id="EatonVance">
    <partyId partyIdScheme="http://www.fpml.org/coding-scheme/external/party-id-MEI-1-0">EV1000001</partyId>
    <country countryScheme="http://www.fpml.org/coding-scheme/external/iso3166">US</country>
    <person id="JohnSmith">
      <firstName>John</firstName>
      <surname>Smith</surname>
      <contactInfo>
        <telephone>
          <type>Work</type>
          <number>5552222222</number>
        </telephone>
        <email>buyer.contact@eatonvance.com</email>
        <address>
          <streetAddress>
            <streetLine>6789 Main Street</streetLine>
          </streetAddress>
          <city>New York</city>
          <state>NY</state>
          <country countryScheme="http://www.fpml.org/coding-scheme/external/iso3166">US</country>
          <postalCode>10001</postalCode>
        </address>
      </contactInfo>
    </person>
  </party>
</loanPartyProfileStatement>

