<?xml version="1.0" encoding="utf-8"?>
<!--View is confirmation-->
<!--Version is 5-11-->
<!--NS is http://www.fpml.org/FpML-5/confirmation-->
<!--View is confirmation-->
<!--Version is 5-11-->
<!--NS is http://www.fpml.org/FpML-5/confirmation-->
<!--
        == Copyright (c) 2018-2020 All rights reserved.
        == Financial Products Markup Language is subject to the FpML public license.
        == A copy of this license is available at http://www.fpml.org/license/license.html
-->
<!--
Facility notification - this notification communicates the scheduled termination of a facility. 
-->
<loanServicingNotification xmlns="http://www.fpml.org/FpML-5/confirmation" xmlns:xsi="http://www.w3.org/2001/XMLSchema-instance" fpmlVersion="5-11" xsi:schemaLocation="http://www.fpml.org/FpML-5/confirmation ../../fpml-main-5-11.xsd http://www.w3.org/2000/09/xmldsig# ../../xmldsig-core-schema.xsd">
  <header>
    <messageId messageIdScheme="http://www.bankofagentsna.com/messaging/messageids">115892</messageId>
    <sentBy messageAddressScheme="http://www.loanmarketdirectory.com/external/schemes/MEI">US2A432121</sentBy>
    <sendTo messageAddressScheme="http://www.loanmarketdirectory.com/external/schemes/MEI">US5L567878</sendTo>
    <creationTimestamp>2014-12-09T09:30:47Z</creationTimestamp>
    <implementationSpecification>
      <name>BKLoanSys</name>
      <version implementationSpecificationVersionScheme="http://www.bkloansys.com/">1.0</version>
      <date>2012-12-06</date>
    </implementationSpecification>
  </header>
  <isCorrection>false</isCorrection>
  <noticeDate>2014-12-09</noticeDate>
  <isGlobalOnly>false</isGlobalOnly>
  <facilityTermination>
    <eventIdentifier>
      <partyReference href="BANKOFAGENTSNA" />
      <eventId eventIdScheme="http://www.bankofagentsna.com/messaging/eventids">53802</eventId>
    </eventIdentifier>
    <lenderPartyReference href="LENDERCORP" />
    <agentPartyReference href="BANKOFAGENTSNA" />
    <borrowerPartyReference href="BORROWERINC" />
    <effectiveDate>2014-12-20</effectiveDate>
    <facilityReference href="FAC12345" />
  </facilityTermination>
  <facilitySummary id="FAC12345">
    <partyReference href="BANKOFAGENTSNA" />
    <instrumentId instrumentIdScheme="http://www.cusip.com/">F123452TLA</instrumentId>
    <description>Term Loan A</description>
    <borrowerPartyReference href="BORROWERINC" />
    <agentPartyReference href="BANKOFAGENTSNA" />
    <startDate>2014-09-20</startDate>
    <maturityDate>2014-12-20</maturityDate>
    <currentCommitment>
      <totalCommitmentAmount>
        <currency currencyScheme="http://www.fpml.org/coding-scheme/external/iso4217-2001-08-15">USD</currency>
        <amount>2000000.00</amount>
        <shareAmount>597648.51</shareAmount>
      </totalCommitmentAmount>
    </currentCommitment>
  </facilitySummary>
  <contractIdentifier id="LCON123">
    <partyReference href="BANKOFAGENTSNA" />
    <contractId contractIdScheme="http://www.bankofagentsna.com/messaging/contractids">91835</contractId>
    <facilityReference href="FAC12345" />
  </contractIdentifier>
  <party id="BANKOFAGENTSNA">
    <partyId partyIdScheme="http://www.loanmarketdirectory.com/external/schemes/MEI">US2A432121</partyId>
  </party>
  <party id="LENDERCORP">
    <partyId partyIdScheme="http://www.loanmarketdirectory.com/external/schemes/MEI">US5L567878</partyId>
  </party>
  <party id="BORROWERINC">
    <partyId partyIdScheme="http://www.loanmarketdirectory.com/external/schemes/MEI">US3B789454</partyId>
  </party>
</loanServicingNotification>

