<?xml version="1.0" encoding="utf-8"?>
<!--View is confirmation-->
<!--Version is 5-11-->
<!--NS is http://www.fpml.org/FpML-5/confirmation-->
<!--View is confirmation-->
<!--Version is 5-11-->
<!--NS is http://www.fpml.org/FpML-5/confirmation-->
<!--
        == Copyright (c) 2018-2020 All rights reserved.
        == Financial Products Markup Language is subject to the FpML public license.
        == A copy of this license is available at http://www.fpml.org/license/license.html
-->
<!--
Interest payment notifications represent interest paid by the borrower against outstanding contracts on existing facilities.
-->
<loanServicingNotification xmlns="http://www.fpml.org/FpML-5/confirmation" xmlns:xsi="http://www.w3.org/2001/XMLSchema-instance" fpmlVersion="5-11" xsi:schemaLocation="http://www.fpml.org/FpML-5/confirmation ../../fpml-main-5-11.xsd http://www.w3.org/2000/09/xmldsig# ../../xmldsig-core-schema.xsd">
  <header>
    <messageId messageIdScheme="http://www.bankofagentsna.com/messaging/messageids">541772</messageId>
    <sentBy messageAddressScheme="http://www.loanmarketdirectory.com/external/schemes/MEI">US2A432121</sentBy>
    <sendTo messageAddressScheme="http://www.loanmarketdirectory.com/external/schemes/MEI">US5L567878</sendTo>
    <creationTimestamp>2013-10-21T09:30:47Z</creationTimestamp>
    <implementationSpecification>
      <name>BKLoanSys</name>
      <version implementationSpecificationVersionScheme="http://www.bkloansys.com/">1.0</version>
      <date>2012-12-06</date>
    </implementationSpecification>
  </header>
  <isCorrection>false</isCorrection>
  <noticeDate>2014-11-12</noticeDate>
  <isGlobalOnly>false</isGlobalOnly>
  <eventPayment>
    <payerPartyReference href="BORROWERCORP" />
    <receiverPartyReference href="LENDERCORP" />
    <paymentAmount>
      <currency currencyScheme="http://www.fpml.org/coding-scheme/external/iso4217-2001-08-15">USD</currency>
      <amount>70734.89</amount>
    </paymentAmount>
    <paymentDate>
      <unadjustedDate>2014-10-31</unadjustedDate>
      <dateAdjustments>
        <businessDayConvention>FOLLOWING</businessDayConvention>
        <businessCenters>
          <businessCenter>USNY</businessCenter>
        </businessCenters>
      </dateAdjustments>
    </paymentDate>
    <eventIdentifier>
      <partyReference href="BANKOFAGENTSNA" />
      <eventId eventIdScheme="http://www.bankofagentsna.com/messaging/eventids">61724</eventId>
    </eventIdentifier>
  </eventPayment>
  <interestPayment>
    <eventIdentifier>
      <partyReference href="BANKOFAGENTSNA" />
      <eventId eventIdScheme="http://www.bankofagentsna.com/messaging/eventids">61724</eventId>
    </eventIdentifier>
    <lenderPartyReference href="LENDERCORP" />
    <effectiveDate>2014-10-31</effectiveDate>
    <loanContractReference href="CONT123" />
    <startDate>2014-09-30</startDate>
    <endDate>2014-10-30</endDate>
    <calculationMethod>ContractPositionThruPeriod</calculationMethod>
    <amount>
      <currency currencyScheme="http://www.fpml.org/coding-scheme/external/iso4217-2001-08-15">USD</currency>
      <amount>141469.78</amount>
      <shareAmount>70734.89</shareAmount>
    </amount>
  </interestPayment>
  <facilityIdentifier id="FAC12345">
    <partyReference href="BANKOFAGENTSNA" />
    <instrumentId instrumentIdScheme="http://www.cusip.com/">F123452TLA</instrumentId>
    <description>Term Loan A</description>
  </facilityIdentifier>
  <contractIdentifier id="CONT123">
    <partyReference href="BANKOFAGENTSNA" />
    <contractId contractIdScheme="http://www.bankofagentsna.com/messaging/contractids">LNC12345</contractId>
    <facilityReference href="FAC12345" />
  </contractIdentifier>
  <party id="BANKOFAGENTSNA">
    <partyId partyIdScheme="http://www.loanmarketdirectory.com/external/schemes/MEI">US2A432121</partyId>
  </party>
  <party id="BORROWERCORP">
    <partyId partyIdScheme="http://www.loanmarketdirectory.com/external/schemes/MEI">US3B789454</partyId>
  </party>
  <party id="COBORROWERINC">
    <partyId partyIdScheme="http://www.loanmarketdirectory.com/external/schemes/MEI">US4C147258</partyId>
  </party>
  <party id="LENDERCORP">
    <partyId partyIdScheme="http://www.loanmarketdirectory.com/external/schemes/MEI">US5L567878</partyId>
  </party>
</loanServicingNotification>

