<?xml version="1.0" encoding="utf-8"?>
<!--View is confirmation-->
<!--Version is 5-11-->
<!--NS is http://www.fpml.org/FpML-5/confirmation-->
<!--View is confirmation-->
<!--Version is 5-11-->
<!--NS is http://www.fpml.org/FpML-5/confirmation-->
<!--
        == Copyright (c) 2018-2020 All rights reserved.
        == Financial Products Markup Language is subject to the FpML public license.
        == A copy of this license is available at http://www.fpml.org/license/license.html
-->
<!--
Loan Servicing notifications provide a means for agent banks to communicate multiple events for 1 asset, such as floating rate margin resets and/or 
re-definitions of the way in which outstanding contracts are structured. 

This example represents a rollover with:
        - a single maturing contract
        - a single base rate set for the new contract
-->
<loanServicingNotification xmlns="http://www.fpml.org/FpML-5/confirmation" xmlns:xsi="http://www.w3.org/2001/XMLSchema-instance" fpmlVersion="5-11" xsi:schemaLocation="http://www.fpml.org/FpML-5/confirmation ../../fpml-main-5-11.xsd http://www.w3.org/2000/09/xmldsig# ../../xmldsig-core-schema.xsd">
  <header>
    <messageId messageIdScheme="http://www.bankofagentsna.com/messaging/messageids">591357</messageId>
    <sentBy messageAddressScheme="http://www.loanmarketdirectory.com/external/schemes/MEI">US2A432121</sentBy>
    <sendTo messageAddressScheme="http://www.loanmarketdirectory.com/external/schemes/MEI">US5L567878</sendTo>
    <creationTimestamp>2013-10-21T09:30:47Z</creationTimestamp>
    <implementationSpecification>
      <name>BKLoanSys</name>
      <version implementationSpecificationVersionScheme="http://www.bkloansys.com/">1.0</version>
      <date>2012-12-06</date>
    </implementationSpecification>
  </header>
  <isCorrection>false</isCorrection>
  <noticeDate>2013-10-21</noticeDate>
  <isGlobalOnly>false</isGlobalOnly>
  <rollover>
    <eventIdentifier>
      <partyReference href="BANKOFAGENTSNA" />
      <eventId eventIdScheme="http://www.bankofagentsna.com/messaging/eventids">72200</eventId>
    </eventIdentifier>
    <parentEventIdentifier>
      <partyReference href="BANKOFAGENTSNA" />
      <eventId eventIdScheme="http://www.bankofagentsna.com/messaging/eventids">RolloverGroup1</eventId>
      <childEventIdentifier>
        <partyReference href="BANKOFAGENTSNA" />
        <eventId eventIdScheme="http://www.bankofagentsna.com/messaging/eventids">72200</eventId>
      </childEventIdentifier>
      <childEventIdentifier>
        <partyReference href="BANKOFAGENTSNA" />
        <eventId eventIdScheme="http://www.bankofagentsna.com/messaging/eventids">72253</eventId>
      </childEventIdentifier>
    </parentEventIdentifier>
    <effectiveDate>2013-10-23</effectiveDate>
    <currentContracts>
      <loanContractReference href="CONT12345" />
    </currentContracts>
    <newContracts>
      <contract id="CONT67890">
        <partyReference href="BANKOFAGENTSNA" />
        <contractId contractIdScheme="http://www.bankofagentsna.com/messaging/contractids">NC5678</contractId>
        <facilityReference href="FAC12345" />
        <effectiveDate>2013-10-23</effectiveDate>
        <borrowerPartyReference href="BORROWERINC" />
        <amount>
          <currency currencyScheme="http://www.fpml.org/coding-scheme/external/iso4217-2001-08-15">USD</currency>
          <amount>209000000</amount>
          <shareAmount>59714285.71</shareAmount>
        </amount>
        <floatingRateAccrual>
          <accrualOptionId accrualTypeIdScheme="http://www.bankofagentsna.com/messaging/accrualtypeids">48174</accrualOptionId>
          <dayCountFraction dayCountFractionScheme="http://www.fpml.org/coding-scheme/day-count-fraction">30/360</dayCountFraction>
          <floatingRateIndex floatingRateIndexScheme="http://www.fpml.org/coding-scheme/floating-rate-index">USD-LIBOR-LIBO</floatingRateIndex>
          <indexTenor>
            <periodMultiplier>3</periodMultiplier>
            <period>M</period>
          </indexTenor>
          <spread>0.0155</spread>
          <startDate>2013-10-23</startDate>
          <endDate>2013-11-25</endDate>
          <numberOfDays>33</numberOfDays>
          <rateFixingDate>2013-10-21</rateFixingDate>
          <baseRate>0.0017</baseRate>
          <allInRate>0.0172</allInRate>
        </floatingRateAccrual>
      </contract>
    </newContracts>
  </rollover>
  <baseRateSet>
    <eventIdentifier>
      <partyReference href="BANKOFAGENTSNA" />
      <eventId eventIdScheme="http://www.bankofagentsna.com/messaging/eventids">72253</eventId>
    </eventIdentifier>
    <parentEventIdentifier>
      <partyReference href="BANKOFAGENTSNA" />
      <eventId eventIdScheme="http://www.bankofagentsna.com/messaging/eventids">RolloverGroup1</eventId>
      <childEventIdentifier>
        <partyReference href="BANKOFAGENTSNA" />
        <eventId eventIdScheme="http://www.bankofagentsna.com/messaging/eventids">72200</eventId>
      </childEventIdentifier>
      <childEventIdentifier>
        <partyReference href="BANKOFAGENTSNA" />
        <eventId eventIdScheme="http://www.bankofagentsna.com/messaging/eventids">72253</eventId>
      </childEventIdentifier>
    </parentEventIdentifier>
    <lenderPartyReference href="LENDERCORP" />
    <agentPartyReference href="BANKOFAGENTSNA" />
    <borrowerPartyReference href="BORROWERINC" />
    <effectiveDate>2013-10-23</effectiveDate>
    <loanContractReference href="CONT67890" />
    <fixingDate>2013-10-21</fixingDate>
    <rate>0.017</rate>
  </baseRateSet>
  <facilitySummary id="FAC12345">
    <partyReference href="BANKOFAGENTSNA" />
    <instrumentId instrumentIdScheme="http://www.cusip.com/">F123452TLA</instrumentId>
    <description>Term Loan A</description>
    <borrowerPartyReference href="BORROWERINC" />
    <agentPartyReference href="BANKOFAGENTSNA" />
    <startDate>2013-09-18</startDate>
    <currentCommitment>
      <totalCommitmentAmount>
        <currency currencyScheme="http://www.fpml.org/coding-scheme/external/iso4217-2001-08-15">USD</currency>
        <amount>209000000</amount>
        <shareAmount>59714285.71</shareAmount>
      </totalCommitmentAmount>
    </currentCommitment>
  </facilitySummary>
  <contractIdentifier>
    <partyReference href="BANKOFAGENTSNA" />
    <contractId contractIdScheme="http://www.bankofagentsna.com/messaging/contractids">NC5678</contractId>
    <facilityReference href="FAC12345" />
  </contractIdentifier>
  <contractSummary id="CONT12345">
    <partyReference href="BANKOFAGENTSNA" />
    <contractId contractIdScheme="http://www.bankofagentsna.com/messaging/contractids">CC1234</contractId>
    <facilityReference href="FAC12345" />
    <effectiveDate>2013-10-23</effectiveDate>
    <borrowerPartyReference href="BORROWERINC" />
    <amount>
      <currency currencyScheme="http://www.fpml.org/coding-scheme/external/iso4217-2001-08-15">USD</currency>
      <amount>209000000</amount>
    </amount>
  </contractSummary>
  <party id="BANKOFAGENTSNA">
    <partyId partyIdScheme="http://www.loanmarketdirectory.com/external/schemes/MEI">US2A432121</partyId>
    <businessUnit>
      <name>Investor Relations</name>
      <contactInfo>
        <telephone>
          <type>Work</type>
          <number>302-894-6010</number>
        </telephone>
        <telephone>
          <type>Fax</type>
          <number>212-994-0961</number>
        </telephone>
        <email>global.loans.support@bankofagents.com</email>
        <address>
          <streetAddress>
            <streetLine>2 Penns Way, Suite 100</streetLine>
          </streetAddress>
          <city>New Castle</city>
          <state>DE</state>
          <country>US</country>
          <postalCode>19720</postalCode>
        </address>
      </contactInfo>
    </businessUnit>
  </party>
  <party id="BORROWERINC">
    <partyId partyIdScheme="http://www.loanmarketdirectory.com/external/schemes/MEI">US3B789454</partyId>
  </party>
  <party id="COBORROWERINC">
    <partyId partyIdScheme="http://www.loanmarketdirectory.com/external/schemes/MEI">US4C147258</partyId>
  </party>
  <party id="LENDERCORP">
    <partyId partyIdScheme="http://www.loanmarketdirectory.com/external/schemes/MEI">US5L567878</partyId>
  </party>
</loanServicingNotification>

