<?xml version="1.0" encoding="utf-8"?>
<!--View is confirmation-->
<!--Version is 5-11-->
<!--NS is http://www.fpml.org/FpML-5/confirmation-->
<!--
        == Copyright (c) 2018-2020 All rights reserved.
        == Financial Products Markup Language is subject to the FpML public license.
        == A copy of this license is available at http://www.fpml.org/license/license.html
-->
<executionNotification xmlns="http://www.fpml.org/FpML-5/confirmation" xmlns:xsi="http://www.w3.org/2001/XMLSchema-instance" fpmlVersion="5-11" xsi:schemaLocation="http://www.fpml.org/FpML-5/confirmation ../../fpml-main-5-11.xsd http://www.w3.org/2000/09/xmldsig# ../../xmldsig-core-schema.xsd">
  <header>
    <messageId messageIdScheme="XXX">GW:2W81Q117</messageId>
    <sentBy>XXXXXXXX</sentBy>
    <sendTo>YYYYYYYY</sendTo>
    <creationTimestamp>2018-09-17T06:55:42+05:00</creationTimestamp>
  </header>
  <isCorrection>false</isCorrection>
  <trade>
    <tradeHeader>
      <partyTradeIdentifier>
        <partyReference href="Party1" />
        <tradeId tradeIdScheme="http://www.party1.com/swaps/trade-id">E2000098N10184</tradeId>
      </partyTradeIdentifier>
      <partyTradeIdentifier>
        <partyReference href="Party2" />
        <tradeId tradeIdScheme="http://www.party2.com/swaps/trade-id">1234</tradeId>
      </partyTradeIdentifier>
      <tradeDate>2018-09-17</tradeDate>
    </tradeHeader>
    <swap>
      <swapStream id="inflation_linked_bond">
        <payerPartyReference href="Party1" />
        <receiverPartyReference href="Party2" />
        <calculationPeriodDates id="leg_1_calculationPeriodDates">
          <effectiveDate>
            <unadjustedDate>2018-09-17</unadjustedDate>
            <dateAdjustments>
              <businessDayConvention>NONE</businessDayConvention>
            </dateAdjustments>
            <adjustedDate>2018-09-17</adjustedDate>
          </effectiveDate>
          <terminationDate>
            <unadjustedDate>2036-11-22</unadjustedDate>
            <dateAdjustments>
              <businessDayConvention>NONE</businessDayConvention>
            </dateAdjustments>
            <adjustedDate>2036-11-22</adjustedDate>
          </terminationDate>
          <calculationPeriodDatesAdjustments>
            <businessDayConvention>NONE</businessDayConvention>
          </calculationPeriodDatesAdjustments>
          <firstPeriodStartDate>
            <unadjustedDate>2018-05-22</unadjustedDate>
            <dateAdjustments>
              <businessDayConvention>NONE</businessDayConvention>
            </dateAdjustments>
          </firstPeriodStartDate>
          <firstRegularPeriodStartDate>2018-11-22</firstRegularPeriodStartDate>
          <calculationPeriodFrequency>
            <periodMultiplier>6</periodMultiplier>
            <period>M</period>
            <rollConvention>22</rollConvention>
          </calculationPeriodFrequency>
        </calculationPeriodDates>
        <paymentDates id="leg_1_paymentDates">
          <calculationPeriodDatesReference href="leg_1_calculationPeriodDates" />
          <paymentFrequency>
            <periodMultiplier>6</periodMultiplier>
            <period>M</period>
          </paymentFrequency>
          <payRelativeTo>CalculationPeriodEndDate</payRelativeTo>
          <paymentDatesAdjustments>
            <businessDayConvention>FOLLOWING</businessDayConvention>
            <businessCenters>
              <businessCenter>GBLO</businessCenter>
            </businessCenters>
          </paymentDatesAdjustments>
        </paymentDates>
        <calculationPeriodAmount>
          <calculation>
            <notionalSchedule id="leg_1_notionalSchedule">
              <notionalStepSchedule>
                <initialValue>100000000</initialValue>
                <currency>GBP</currency>
              </notionalStepSchedule>
            </notionalSchedule>
            <inflationRateCalculation>
              <floatingRateIndex>UK-RPI</floatingRateIndex>
              <floatingRateMultiplierSchedule>
                <initialValue>0.00125</initialValue>
              </floatingRateMultiplierSchedule>
              <inflationLag>
                <periodMultiplier>3</periodMultiplier>
                <period>M</period>
              </inflationLag>
              <indexSource>UKRPI</indexSource>
              <interpolationMethod>LinearZeroYield</interpolationMethod>
              <initialIndexLevel>260.01935</initialIndexLevel>
              <fallbackBondApplicable>true</fallbackBondApplicable>
              <calculationMethod>Ratio</calculationMethod>
              <calculationStyle>ZeroCoupon</calculationStyle>
              <finalPrincipalExchangeCalculation>
                <floored>false</floored>
              </finalPrincipalExchangeCalculation>
            </inflationRateCalculation>
            <dayCountFraction>ACT/ACT.ISMA</dayCountFraction>
          </calculation>
        </calculationPeriodAmount>
        <principalExchanges>
          <initialExchange>false</initialExchange>
          <finalExchange>true</finalExchange>
          <intermediateExchange>false</intermediateExchange>
        </principalExchanges>
      </swapStream>
      <swapStream>
        <payerPartyReference href="Party2" />
        <receiverPartyReference href="Party1" />
        <calculationPeriodDates id="leg_2_calculationPeriodDates">
          <effectiveDate>
            <unadjustedDate>2018-09-17</unadjustedDate>
            <dateAdjustments>
              <businessDayConvention>NONE</businessDayConvention>
            </dateAdjustments>
            <adjustedDate>2018-09-17</adjustedDate>
          </effectiveDate>
          <terminationDate>
            <unadjustedDate>2036-11-22</unadjustedDate>
            <dateAdjustments>
              <businessDayConvention>MODFOLLOWING</businessDayConvention>
              <businessCenters>
                <businessCenter>GBLO</businessCenter>
              </businessCenters>
            </dateAdjustments>
            <adjustedDate>2036-11-24</adjustedDate>
          </terminationDate>
          <calculationPeriodDatesAdjustments>
            <businessDayConvention>MODFOLLOWING</businessDayConvention>
            <businessCenters>
              <businessCenter>GBLO</businessCenter>
            </businessCenters>
          </calculationPeriodDatesAdjustments>
          <calculationPeriodFrequency>
            <periodMultiplier>12</periodMultiplier>
            <period>M</period>
            <rollConvention>22</rollConvention>
          </calculationPeriodFrequency>
        </calculationPeriodDates>
        <paymentDates id="leg_2_paymentDates">
          <calculationPeriodDatesReference href="leg_2_calculationPeriodDates" />
          <paymentFrequency>
            <periodMultiplier>12</periodMultiplier>
            <period>M</period>
          </paymentFrequency>
          <firstPaymentDate>2019-05-22</firstPaymentDate>
          <lastRegularPaymentDate>2036-05-22</lastRegularPaymentDate>
          <payRelativeTo>CalculationPeriodEndDate</payRelativeTo>
          <paymentDatesAdjustments>
            <businessDayConvention>MODFOLLOWING</businessDayConvention>
            <businessCenters>
              <businessCenter>GBLO</businessCenter>
            </businessCenters>
          </paymentDatesAdjustments>
        </paymentDates>
        <resetDates id="leg_2_resetDates">
          <calculationPeriodDatesReference href="leg_2_calculationPeriodDates" />
          <resetRelativeTo>CalculationPeriodEndDate</resetRelativeTo>
          <fixingDates>
            <periodMultiplier>0</periodMultiplier>
            <period>D</period>
            <businessDayConvention>PRECEDING</businessDayConvention>
            <businessCenters>
              <businessCenter>GBLO</businessCenter>
            </businessCenters>
            <dateRelativeTo href="leg_2_calculationPeriodDates" />
          </fixingDates>
          <resetFrequency>
            <periodMultiplier>12</periodMultiplier>
            <period>M</period>
          </resetFrequency>
          <resetDatesAdjustments>
            <businessDayConvention>PRECEDING</businessDayConvention>
            <businessCenters>
              <businessCenter>GBLO</businessCenter>
            </businessCenters>
          </resetDatesAdjustments>
        </resetDates>
        <calculationPeriodAmount>
          <calculation>
            <notionalSchedule id="leg_2_notionalSchedule">
              <notionalStepSchedule>
                <initialValue>100000000</initialValue>
                <currency>GBP</currency>
              </notionalStepSchedule>
            </notionalSchedule>
            <floatingRateCalculation>
              <floatingRateIndex>GBP-WMBA-SONIA-COMPOUND</floatingRateIndex>
              <spreadSchedule>
                <initialValue>0.00507708</initialValue>
              </spreadSchedule>
            </floatingRateCalculation>
            <dayCountFraction>ACT/365.FIXED</dayCountFraction>
          </calculation>
        </calculationPeriodAmount>
        <principalExchanges>
          <initialExchange>false</initialExchange>
          <finalExchange>true</finalExchange>
          <intermediateExchange>false</intermediateExchange>
        </principalExchanges>
      </swapStream>
      <additionalTerms>
        <bondReference>
          <bond>
            <instrumentId instrumentIdScheme="http://www.fpml.org/coding-scheme/external/instrument-id-ISIN">GB00BYZW3J87</instrumentId>
            <couponRate>0.125</couponRate>
          </bond>
          <conditionPrecedentBond>true</conditionPrecedentBond>
        </bondReference>
        <swapStreamReference href="inflation_linked_bond" />
      </additionalTerms>
    </swap>
  </trade>
  <party id="Party1">
    <partyId partyIdScheme="http://www.party1.com/swaps/party-id">12345</partyId>
  </party>
  <party id="Party2">
    <partyId partyIdScheme="http://www.party1.com/swaps/party-id">67890</partyId>
  </party>
</executionNotification>

