<?xml version="1.0" encoding="utf-8"?>
<!--View is confirmation-->
<!--Version is 5-11-->
<!--NS is http://www.fpml.org/FpML-5/confirmation-->
<!--
        == Copyright (c) 2018-2020 All rights reserved.
        == Financial Products Markup Language is subject to the FpML public license.
        == A copy of this license is available at http://www.fpml.org/license/license.html
-->
<!--

see confirmation template: inflation-asset-swap-ex02-ratio-zc-floored.xml

-->
<executionNotification xmlns="http://www.fpml.org/FpML-5/confirmation" xmlns:xsi="http://www.w3.org/2001/XMLSchema-instance" fpmlVersion="5-11" xsi:schemaLocation="http://www.fpml.org/FpML-5/confirmation ../../fpml-main-5-11.xsd http://www.w3.org/2000/09/xmldsig# ../../xmldsig-core-schema.xsd">
  <header>
    <messageId messageIdScheme="XXX">GW:2W81Q117</messageId>
    <sentBy>XXXXXXXX</sentBy>
    <sendTo>YYYYYYYY</sendTo>
    <creationTimestamp>2018-09-17T06:55:42+05:00</creationTimestamp>
  </header>
  <isCorrection>false</isCorrection>
  <trade>
    <tradeHeader>
      <partyTradeIdentifier>
        <issuer issuerIdScheme="http://www.fpml.org/coding-scheme/external/cftc/issuer-identifier">1111111111</issuer>
        <tradeId tradeIdScheme="http://www.fpml.org/coding-scheme/external/unique-transaction-identifier">AA000000000000000000000088888888</tradeId>
      </partyTradeIdentifier>
      <partyTradeIdentifier>
        <partyReference href="Party1" />
        <tradeId tradeIdScheme="http://www.party1.com/swaps/trade-id">88888888</tradeId>
      </partyTradeIdentifier>
      <partyTradeIdentifier>
        <partyReference href="Party2" />
        <tradeId tradeIdScheme="http://www.party2.com/swaps/trade-id">1234</tradeId>
      </partyTradeIdentifier>
      <tradeDate>2014-12-05</tradeDate>
    </tradeHeader>
    <swap>
      <swapStream id="inflation_linked_bond">
        <payerPartyReference href="Party2" />
        <receiverPartyReference href="Party1" />
        <calculationPeriodDates id="leg_1_calculationPeriodDates">
          <effectiveDate>
            <unadjustedDate>2014-12-09</unadjustedDate>
            <dateAdjustments>
              <businessDayConvention>NONE</businessDayConvention>
            </dateAdjustments>
            <adjustedDate>2014-12-09</adjustedDate>
          </effectiveDate>
          <terminationDate>
            <unadjustedDate>2022-09-01</unadjustedDate>
            <dateAdjustments>
              <businessDayConvention>MODFOLLOWING</businessDayConvention>
            </dateAdjustments>
            <adjustedDate>2022-09-01</adjustedDate>
          </terminationDate>
          <calculationPeriodDatesAdjustments>
            <businessDayConvention>NONE</businessDayConvention>
          </calculationPeriodDatesAdjustments>
          <firstPeriodStartDate>
            <unadjustedDate>2014-09-01</unadjustedDate>
            <dateAdjustments>
              <businessDayConvention>NONE</businessDayConvention>
            </dateAdjustments>
          </firstPeriodStartDate>
          <calculationPeriodFrequency>
            <periodMultiplier>1</periodMultiplier>
            <period>Y</period>
            <rollConvention>1</rollConvention>
          </calculationPeriodFrequency>
        </calculationPeriodDates>
        <paymentDates id="leg_1_paymentDates">
          <calculationPeriodDatesReference href="leg_1_calculationPeriodDates" />
          <paymentFrequency>
            <periodMultiplier>1</periodMultiplier>
            <period>Y</period>
          </paymentFrequency>
          <payRelativeTo>CalculationPeriodEndDate</payRelativeTo>
          <paymentDaysOffset>
            <periodMultiplier>0</periodMultiplier>
            <period>D</period>
          </paymentDaysOffset>
          <paymentDatesAdjustments>
            <businessDayConvention>FOLLOWING</businessDayConvention>
            <businessCenters>
              <businessCenter>EUTA</businessCenter>
              <businessCenter>GBLO</businessCenter>
            </businessCenters>
          </paymentDatesAdjustments>
        </paymentDates>
        <calculationPeriodAmount>
          <calculation>
            <notionalSchedule id="leg_1_notionalSchedule">
              <notionalStepSchedule>
                <initialValue>100000000</initialValue>
                <currency>EUR</currency>
              </notionalStepSchedule>
            </notionalSchedule>
            <inflationRateCalculation>
              <floatingRateIndex>EUR-EXT-CPI</floatingRateIndex>
              <floatingRateMultiplierSchedule>
                <initialValue>0.0285</initialValue>
              </floatingRateMultiplierSchedule>
              <inflationLag>
                <periodMultiplier>3</periodMultiplier>
                <period>M</period>
              </inflationLag>
              <indexSource>CPTFEMU</indexSource>
              <interpolationMethod>LinearZeroYield</interpolationMethod>
              <initialIndexLevel>109.7</initialIndexLevel>
              <fallbackBondApplicable>true</fallbackBondApplicable>
              <calculationMethod>Ratio</calculationMethod>
              <calculationStyle>ZeroCoupon</calculationStyle>
              <finalPrincipalExchangeCalculation>
                <floored>true</floored>
              </finalPrincipalExchangeCalculation>
            </inflationRateCalculation>
            <dayCountFraction>ACT/ACT.ICMA</dayCountFraction>
          </calculation>
        </calculationPeriodAmount>
        <principalExchanges>
          <initialExchange>false</initialExchange>
          <finalExchange>true</finalExchange>
          <intermediateExchange>false</intermediateExchange>
        </principalExchanges>
      </swapStream>
      <swapStream>
        <payerPartyReference href="Party1" />
        <receiverPartyReference href="Party2" />
        <calculationPeriodDates id="leg_2_calculationPeriodDates">
          <effectiveDate>
            <unadjustedDate>2014-12-09</unadjustedDate>
            <dateAdjustments>
              <businessDayConvention>NONE</businessDayConvention>
            </dateAdjustments>
            <adjustedDate>2014-12-09</adjustedDate>
          </effectiveDate>
          <terminationDate>
            <unadjustedDate>2022-09-01</unadjustedDate>
            <dateAdjustments>
              <businessDayConvention>NONE</businessDayConvention>
            </dateAdjustments>
            <adjustedDate>2022-09-01</adjustedDate>
          </terminationDate>
          <calculationPeriodDatesAdjustments>
            <businessDayConvention>MODFOLLOWING</businessDayConvention>
            <businessCenters>
              <businessCenter>EUTA</businessCenter>
              <businessCenter>GBLO</businessCenter>
            </businessCenters>
          </calculationPeriodDatesAdjustments>
          <firstRegularPeriodStartDate>2015-03-01</firstRegularPeriodStartDate>
          <stubPeriodType>ShortInitial</stubPeriodType>
          <calculationPeriodFrequency>
            <periodMultiplier>3</periodMultiplier>
            <period>M</period>
            <rollConvention>1</rollConvention>
          </calculationPeriodFrequency>
        </calculationPeriodDates>
        <paymentDates id="leg_2_paymentDates">
          <calculationPeriodDatesReference href="leg_2_calculationPeriodDates" />
          <paymentFrequency>
            <periodMultiplier>3</periodMultiplier>
            <period>M</period>
          </paymentFrequency>
          <firstPaymentDate>2015-03-01</firstPaymentDate>
          <payRelativeTo>CalculationPeriodEndDate</payRelativeTo>
          <paymentDatesAdjustments>
            <businessDayConvention>MODFOLLOWING</businessDayConvention>
            <businessCenters>
              <businessCenter>EUTA</businessCenter>
              <businessCenter>GBLO</businessCenter>
            </businessCenters>
          </paymentDatesAdjustments>
        </paymentDates>
        <resetDates id="leg_2_resetDates">
          <calculationPeriodDatesReference href="leg_2_calculationPeriodDates" />
          <resetRelativeTo>CalculationPeriodStartDate</resetRelativeTo>
          <fixingDates>
            <periodMultiplier>0</periodMultiplier>
            <period>D</period>
            <dayType>Business</dayType>
            <businessDayConvention>MODFOLLOWING</businessDayConvention>
            <businessCenters>
              <businessCenter>EUTA</businessCenter>
            </businessCenters>
            <dateRelativeTo href="leg_2_calculationPeriodDates" />
          </fixingDates>
          <resetFrequency>
            <periodMultiplier>3</periodMultiplier>
            <period>M</period>
          </resetFrequency>
          <resetDatesAdjustments>
            <businessDayConvention>MODFOLLOWING</businessDayConvention>
            <businessCenters>
              <businessCenter>EUTA</businessCenter>
            </businessCenters>
          </resetDatesAdjustments>
        </resetDates>
        <calculationPeriodAmount>
          <calculation>
            <notionalSchedule id="leg_2_notionalSchedule">
              <notionalStepSchedule>
                <initialValue>100000000</initialValue>
                <currency>EUR</currency>
              </notionalStepSchedule>
            </notionalSchedule>
            <floatingRateCalculation>
              <floatingRateIndex>EUR-EURIBOR-Reuters</floatingRateIndex>
              <indexTenor>
                <periodMultiplier>3</periodMultiplier>
                <period>M</period>
              </indexTenor>
              <spreadSchedule>
                <initialValue>0.0178</initialValue>
                <type>Long</type>
              </spreadSchedule>
            </floatingRateCalculation>
            <dayCountFraction>ACT/360</dayCountFraction>
          </calculation>
        </calculationPeriodAmount>
        <stubCalculationPeriodAmount>
          <calculationPeriodDatesReference href="leg_2_calculationPeriodDates" />
          <initialStub>
            <floatingRate>
              <floatingRateIndex>EUR-EURIBOR-Reuters</floatingRateIndex>
              <indexTenor>
                <periodMultiplier>2</periodMultiplier>
                <period>M</period>
              </indexTenor>
            </floatingRate>
            <floatingRate>
              <floatingRateIndex>EUR-EURIBOR-Reuters</floatingRateIndex>
              <indexTenor>
                <periodMultiplier>3</periodMultiplier>
                <period>M</period>
              </indexTenor>
            </floatingRate>
          </initialStub>
        </stubCalculationPeriodAmount>
        <principalExchanges>
          <initialExchange>false</initialExchange>
          <finalExchange>true</finalExchange>
          <intermediateExchange>false</intermediateExchange>
        </principalExchanges>
      </swapStream>
      <earlyTerminationProvision>
        <optionalEarlyTermination>
          <europeanExercise>
            <expirationDate>
              <relativeDate>
                <periodMultiplier>-5</periodMultiplier>
                <period>D</period>
                <dayType>Business</dayType>
                <businessDayConvention>MODFOLLOWING</businessDayConvention>
                <businessCenters>
                  <businessCenter>GBLO</businessCenter>
                  <businessCenter>EUTA</businessCenter>
                </businessCenters>
                <dateRelativeTo href="cashSettlementPaymentDate" />
              </relativeDate>
            </expirationDate>
            <earliestExerciseTime>
              <hourMinuteTime>09:00:00</hourMinuteTime>
              <businessCenter>BEBR</businessCenter>
            </earliestExerciseTime>
            <expirationTime>
              <hourMinuteTime>11:00:00</hourMinuteTime>
              <businessCenter>BEBR</businessCenter>
            </expirationTime>
          </europeanExercise>
          <calculationAgent>
            <calculationAgentPartyReference href="Party1" />
          </calculationAgent>
          <cashSettlement>
            <cashSettlementValuationDate>
              <periodMultiplier>-2</periodMultiplier>
              <period>D</period>
              <businessDayConvention>NONE</businessDayConvention>
              <dateRelativeTo href="cashSettlementPaymentDate" />
            </cashSettlementValuationDate>
            <cashSettlementPaymentDate id="cashSettlementPaymentDate">
              <adjustableDates>
                <unadjustedDate>2019-12-05</unadjustedDate>
                <dateAdjustments>
                  <businessDayConvention>FOLLOWING</businessDayConvention>
                  <businessCenters>
                    <businessCenter>GBLO</businessCenter>
                    <businessCenter>EUTA</businessCenter>
                  </businessCenters>
                </dateAdjustments>
              </adjustableDates>
            </cashSettlementPaymentDate>
            <cashPriceMethod>
              <cashSettlementCurrency>EUR</cashSettlementCurrency>
              <quotationRateType>Bid</quotationRateType>
            </cashPriceMethod>
          </cashSettlement>
        </optionalEarlyTermination>
      </earlyTerminationProvision>
      <additionalTerms>
        <bondReference>
          <bond>
            <instrumentId instrumentIdScheme="ISIN">XS0573950101</instrumentId>
            <couponRate>2.85</couponRate>
          </bond>
          <conditionPrecedentBond>true</conditionPrecedentBond>
        </bondReference>
        <swapStreamReference href="inflation_linked_bond" />
      </additionalTerms>
    </swap>
  </trade>
  <party id="Party1">
    <partyId partyIdScheme="http://www.party1.com/swaps/party-id">12345</partyId>
  </party>
  <party id="Party2">
    <partyId partyIdScheme="http://www.party1.com/swaps/party-id">67890</partyId>
  </party>
</executionNotification>

