<?xml version="1.0" encoding="utf-8"?>
<!--View is confirmation-->
<!--Version is 5-11-->
<!--NS is http://www.fpml.org/FpML-5/confirmation-->
<requestClearing xmlns="http://www.fpml.org/FpML-5/confirmation" xmlns:xsi="http://www.w3.org/2001/XMLSchema-instance" fpmlVersion="5-11" xsi:schemaLocation="http://www.fpml.org/FpML-5/confirmation ../../fpml-main-5-11.xsd http://www.w3.org/2000/09/xmldsig# ../../xmldsig-core-schema.xsd">
  <header>
    <messageId messageIdScheme="http://sef1.com/message-id">SEF001</messageId>
    <sentBy messageAddressScheme="http://www.lchclearnet.com/clearlink/coding-scheme/party-id">SEF1</sentBy>
    <sendTo messageAddressScheme="http://www.lchclearnet.com/clearlink/coding-scheme/party-id">LCHLGB2L</sendTo>
    <creationTimestamp>2018-09-14T08:57:00Z</creationTimestamp>
  </header>
  <isCorrection>false</isCorrection>
  <correlationId correlationIdScheme="http://sef1.com/coding-scheme/correlation-id">0123456</correlationId>
  <sequenceNumber>1</sequenceNumber>
  <trade>
    <tradeHeader>
      <partyTradeIdentifier>
        <partyReference href="tradeSource" />
        <tradeId tradeIdScheme="http://www.fpml.org/coding-scheme/trade-package-id">TR3</tradeId>
      </partyTradeIdentifier>
      <partyTradeInformation>
        <partyReference href="counterpartyA" />
        <relatedParty>
          <partyReference href="clearingBrokerA" />
          <role partyRoleScheme="http://www.lchclearnet.com/clearlink/coding-scheme/party-role">ClearingBroker</role>
        </relatedParty>
        <relatedParty>
          <partyReference href="tradeSource" />
          <role partyRoleScheme="http://www.lchclearnet.com/clearlink/coding-scheme/party-role">TradeSource</role>
        </relatedParty>
        <relatedParty>
          <partyReference href="executionVenue" />
          <role partyRoleScheme="http://www.lchclearnet.com/clearlink/coding-scheme/party-role">ExecutionVenue</role>
        </relatedParty>
        <executionDateTime>2018-09-14T08:57:00Z</executionDateTime>
        <executionVenueType>SEF</executionVenueType>
      </partyTradeInformation>
      <partyTradeInformation>
        <partyReference href="counterpartyB" />
        <relatedParty>
          <partyReference href="clearingBrokerB" />
          <role partyRoleScheme="http://www.lchclearnet.com/clearlink/coding-scheme/party-role">ClearingBroker</role>
        </relatedParty>
        <relatedParty>
          <partyReference href="tradeSource" />
          <role partyRoleScheme="http://www.lchclearnet.com/clearlink/coding-scheme/party-role">TradeSource</role>
        </relatedParty>
        <relatedParty>
          <partyReference href="executionVenue" />
          <role partyRoleScheme="http://www.lchclearnet.com/clearlink/coding-scheme/party-role">ExecutionVenue</role>
        </relatedParty>
        <executionDateTime>2018-09-14T08:57:00Z</executionDateTime>
        <executionVenueType>SEF</executionVenueType>
      </partyTradeInformation>
      <tradeDate>2018-09-14</tradeDate>
    </tradeHeader>
    <swap>
      <productType productTypeScheme="http://www.fpml.org/coding-scheme/product-taxonomy">InterestRate:IRSwap:Inflation</productType>
      <swapStream id="floatingLeg2">
        <payerPartyReference href="counterpartyB" />
        <receiverPartyReference href="counterpartyA" />
        <calculationPeriodDates id="floatingLeg2CalcPeriodDates">
          <effectiveDate>
            <unadjustedDate>2018-05-22</unadjustedDate>
            <dateAdjustments>
              <businessDayConvention>NONE</businessDayConvention>
            </dateAdjustments>
          </effectiveDate>
          <terminationDate>
            <unadjustedDate>2036-11-22</unadjustedDate>
            <dateAdjustments>
              <businessDayConvention>MODFOLLOWING</businessDayConvention>
              <businessCenters>
                <businessCenter>GBLO</businessCenter>
              </businessCenters>
            </dateAdjustments>
          </terminationDate>
          <calculationPeriodDatesAdjustments>
            <businessDayConvention>NONE</businessDayConvention>
          </calculationPeriodDatesAdjustments>
          <calculationPeriodFrequency>
            <periodMultiplier>6</periodMultiplier>
            <period>M</period>
            <rollConvention>22</rollConvention>
          </calculationPeriodFrequency>
        </calculationPeriodDates>
        <paymentDates id="floatingLeg2PaymentDates">
          <calculationPeriodDatesReference href="floatingLeg2CalcPeriodDates" />
          <paymentFrequency>
            <periodMultiplier>6</periodMultiplier>
            <period>M</period>
          </paymentFrequency>
          <payRelativeTo>CalculationPeriodEndDate</payRelativeTo>
          <paymentDatesAdjustments>
            <businessDayConvention>FOLLOWING</businessDayConvention>
            <businessCenters>
              <businessCenter>GBLO</businessCenter>
            </businessCenters>
          </paymentDatesAdjustments>
        </paymentDates>
        <calculationPeriodAmount>
          <calculation>
            <notionalSchedule>
              <notionalStepSchedule>
                <initialValue>100000000</initialValue>
                <currency>GBP</currency>
              </notionalStepSchedule>
            </notionalSchedule>
            <inflationRateCalculation>
              <floatingRateIndex>UK-RPI</floatingRateIndex>
              <inflationLag>
                <periodMultiplier>3</periodMultiplier>
                <period>M</period>
              </inflationLag>
              <indexSource>UKRPI</indexSource>
              <interpolationMethod>LinearZeroYield</interpolationMethod>
              <initialIndexLevel>260.01935</initialIndexLevel>
<!-- fallbackBondApplicable should always be false -->
              <fallbackBondApplicable>false</fallbackBondApplicable>
<!-- calculationMethod should always be Ratio -->
              <calculationMethod>Ratio</calculationMethod>
<!-- calculationStyle should always be ZeroCoupon -->
              <calculationStyle>ZeroCoupon</calculationStyle>
<!-- finalPrincipalExchangeCalculation/floored should always be false -->
              <finalPrincipalExchangeCalculation>
                <floored>false</floored>
              </finalPrincipalExchangeCalculation>
            </inflationRateCalculation>
            <dayCountFraction>ACT/ACT.ISMA</dayCountFraction>
          </calculation>
        </calculationPeriodAmount>
        <principalExchanges>
<!-- initialExchange should always be false -->
          <initialExchange>false</initialExchange>
<!-- finalExchange should always be true -->
          <finalExchange>true</finalExchange>
<!-- intermediateExchange should always be false -->
          <intermediateExchange>false</intermediateExchange>
        </principalExchanges>
      </swapStream>
      <swapStream id="fixedLeg2">
        <payerPartyReference href="counterpartyA" />
        <receiverPartyReference href="counterpartyB" />
        <calculationPeriodDates id="fixedLeg2CalcPeriodDates">
          <effectiveDate>
            <unadjustedDate>2018-05-22</unadjustedDate>
            <dateAdjustments>
              <businessDayConvention>NONE</businessDayConvention>
            </dateAdjustments>
          </effectiveDate>
          <terminationDate>
            <unadjustedDate>2036-11-22</unadjustedDate>
            <dateAdjustments>
              <businessDayConvention>MODFOLLOWING</businessDayConvention>
              <businessCenters>
                <businessCenter>GBLO</businessCenter>
              </businessCenters>
            </dateAdjustments>
          </terminationDate>
          <calculationPeriodDatesAdjustments>
            <businessDayConvention>MODFOLLOWING</businessDayConvention>
            <businessCenters>
              <businessCenter>GBLO</businessCenter>
            </businessCenters>
          </calculationPeriodDatesAdjustments>
          <calculationPeriodFrequency>
            <periodMultiplier>6</periodMultiplier>
            <period>M</period>
            <rollConvention>22</rollConvention>
          </calculationPeriodFrequency>
        </calculationPeriodDates>
        <paymentDates id="fixedLeg2PaymentDates">
          <calculationPeriodDatesReference href="fixedLeg2CalcPeriodDates" />
          <paymentFrequency>
            <periodMultiplier>6</periodMultiplier>
            <period>M</period>
          </paymentFrequency>
          <payRelativeTo>CalculationPeriodEndDate</payRelativeTo>
          <paymentDatesAdjustments>
            <businessDayConvention>MODFOLLOWING</businessDayConvention>
            <businessCenters>
              <businessCenter>GBLO</businessCenter>
            </businessCenters>
          </paymentDatesAdjustments>
        </paymentDates>
        <calculationPeriodAmount>
          <calculation>
            <notionalSchedule>
              <notionalStepSchedule>
                <initialValue>171614793.936162</initialValue>
                <currency>GBP</currency>
              </notionalStepSchedule>
            </notionalSchedule>
            <fixedRateSchedule>
              <initialValue>0.0</initialValue>
            </fixedRateSchedule>
            <dayCountFraction>ACT/360</dayCountFraction>
          </calculation>
        </calculationPeriodAmount>
        <principalExchanges>
<!-- initialExchange should always be false -->
          <initialExchange>false</initialExchange>
<!-- finalExchange should always be true -->
          <finalExchange>true</finalExchange>
<!-- intermediateExchange should always be false -->
          <intermediateExchange>false</intermediateExchange>
        </principalExchanges>
      </swapStream>
      <additionalTerms>
        <bondReference>
          <bond>
            <instrumentId instrumentIdScheme="http://www.fpml.org/coding-scheme/external/instrument-id-ISIN">GB00BYZW3J87</instrumentId>
            <couponRate>0.125</couponRate>
          </bond>
<!-- conditionPrecedentBond should always be false -->
          <conditionPrecedentBond>false</conditionPrecedentBond>
        </bondReference>
<!--currently not in FpML 5-11 XSD, however expected to be in new verion of FpML 5-11 -->
        <spreadCalculationMethod>Proceeds</spreadCalculationMethod>
        <swapStreamReference href="floatingLeg2" />
      </additionalTerms>
    </swap>
    <documentation>
      <masterAgreement>
        <masterAgreementType masterAgreementTypeScheme="http://www.fpml.org/coding-scheme/master-agreement-type">ISDA</masterAgreementType>
      </masterAgreement>
      <contractualDefinitions contractualDefinitionsScheme="http://www.fpml.org/coding-scheme/contractual-definitions">ISDA2006</contractualDefinitions>
      <contractualDefinitions contractualDefinitionsScheme="http://www.fpml.org/coding-scheme/contractual-definitions">ISDA2008Inflation</contractualDefinitions>
    </documentation>
    <approvals>
      <approval>
        <type>Clearing</type>
        <status>Approved</status>
        <approvingPartyReference href="clearingBrokerA" />
        <approvedPartyReference href="counterpartyA" />
        <approvalId>ABC</approvalId>
      </approval>
    </approvals>
  </trade>
  <party id="counterpartyA">
    <partyId partyIdScheme="http://www.lchclearnet.com/clearlink/coding-scheme/party-id">MEGACLIENT</partyId>
<!-- LEI -->
    <partyId partyIdScheme="http://www.fpml.org/coding-scheme/external/iso17442">MEGACLIENT LEI</partyId>
  </party>
  <party id="clearingBrokerA">
    <partyId partyIdScheme="http://www.lchclearnet.com/clearlink/coding-scheme/party-id">FCM B</partyId>
<!-- LEI -->
    <partyId partyIdScheme="http://www.fpml.org/coding-scheme/external/iso17442">FCM B LEI</partyId>
  </party>
  <party id="counterpartyB">
    <partyId partyIdScheme="http://www.lchclearnet.com/clearlink/coding-scheme/party-id">EB Y</partyId>
<!-- LEI -->
    <partyId partyIdScheme="http://www.fpml.org/coding-scheme/external/iso17442">EB Y LEI</partyId>
  </party>
  <party id="clearingBrokerB">
    <partyId partyIdScheme="http://www.lchclearnet.com/clearlink/coding-scheme/party-id">EB Y</partyId>
<!-- LEI -->
    <partyId partyIdScheme="http://www.fpml.org/coding-scheme/external/iso17442">EB Y LEI</partyId>
  </party>
  <party id="tradeSource">
    <partyId partyIdScheme="http://www.lchclearnet.com/clearlink/coding-scheme/party-id">SEF1</partyId>
<!-- LEI -->
    <partyId partyIdScheme="http://www.fpml.org/coding-scheme/external/iso17442">SEF1 LEI</partyId>
  </party>
  <party id="executionVenue">
    <partyId partyIdScheme="http://www.lchclearnet.com/clearlink/coding-scheme/party-id">SEF1</partyId>
<!-- LEI -->
    <partyId partyIdScheme="http://www.fpml.org/coding-scheme/external/iso17442">SEF1 LEI</partyId>
  </party>
</requestClearing>

