<?xml version="1.0" encoding="utf-8"?>
<!--View is reporting-->
<!--Version is 5-11-->
<!--NS is http://www.fpml.org/FpML-5/reporting-->
<!--
  == Copyright (c) 2018-2020 All rights reserved.
  == Financial Products Markup Language is subject to the FpML public license.
  == A copy of this license is available at http://www.fpml.org/license/license.html
  -->
<!--View is reporting-->
<!--Version is 5-0-->
<!--NS is http://www.fpml.org/FpML-5/master-->
<!--Omit some adjustments, details of procedures, and other information not required for a report-->
<positionReport xmlns="http://www.fpml.org/FpML-5/reporting" xmlns:xsi="http://www.w3.org/2001/XMLSchema-instance" fpmlVersion="5-11" xsi:schemaLocation="http://www.fpml.org/FpML-5/reporting ../fpml-main-5-11.xsd http://www.w3.org/2000/09/xmldsig# ../xmldsig-core-schema.xsd">
  <header>
    <messageId messageIdScheme="http://www.abc.com/mid">XXX00123</messageId>
    <sentBy>ABCDUS33</sentBy>
    <sendTo>HEDGUS33</sendTo>
    <creationTimestamp>2004-08-02T15:38:00Z</creationTimestamp>
  </header>
  <asOfDate>2004-06-02</asOfDate>
  <dataSetName>Valuation</dataSetName>
<!-- TRS on equity (USD) -->
  <position>
    <positionId positionIdScheme="http://www.abc.com/positionId">TBD</positionId>
    <reportingRoles>
      <baseParty href="hedge_global" />
    </reportingRoles>
    <constituent>
      <holding>
        <equity>
          <instrumentId instrumentIdScheme="http://www.fpml.org/spec/2002/instrument-id-Bloomberg-1-0">STM-FP</instrumentId>
          <description>STMicroelectronics N.V. ordinary shares</description>
          <exchangeId exchangeIdScheme="http://www.fpml.org/coding-scheme/external/iso10383">NSE</exchangeId>
        </equity>
        <quantity>
          <number>2000</number>
        </quantity>
        <type>Long</type>
      </holding>
    </constituent>
    <valuation>
      <quote>
        <value>101.0</value>
        <measureType>SettlementPrice</measureType>
        <currency>USD</currency>
      </quote>
      <quote>
        <value>202000.00</value>
        <measureType>MarketQuote</measureType>
        <currency>USD</currency>
      </quote>
    </valuation>
  </position>
  <party id="party1">
    <partyId partyIdScheme="http://www.fpml.org/coding-scheme/external/iso17442">QGPGHQ1ENZOOLJRFTH41</partyId>
    <partyName>ABCD Securities Inc.</partyName>
  </party>
  <party id="hedge_global">
    <partyId partyIdScheme="http://www.fpml.org/coding-scheme/dummy-party-id">HEDG-GLOB</partyId>
    <partyName>HedgeCo Global Growth</partyName>
  </party>
  <party id="hedge_asia">
    <partyId partyIdScheme="http://www.fpml.org/coding-scheme/dummy-party-id">HEDG-ASIA</partyId>
    <partyName>HedgeCo Asia Fund</partyName>
  </party>
</positionReport>

