<?xml version="1.0" encoding="UTF-8" standalone="yes"?>
<publicExecutionReport xmlns:saxon="http://saxon.sf.net/" xmlns:xsi="http://www.w3.org/2001/XMLSchema-instance" xmlns="http://www.fpml.org/FpML-5/transparency" fpmlVersion="5-3" xsi:schemaLocation="http://www.fpml.org/FpML-5/transparency ../../fpml-main-5-3.xsd">
   <isCorrection>false</isCorrection>
   <correlationId correlationIdScheme="http://abc.com/correlation-id">456</correlationId>
   <sequenceNumber>1</sequenceNumber>
   <originatingEvent>Trade</originatingEvent>
   <trade>
      <tradeHeader>
         <partyTradeIdentifier>
            <issuer issuerIdScheme="http://www.fpml.org/coding-scheme/external/iso17442">VTOUP9FCHUXIINML4787</issuer>
            <tradeId tradeIdScheme="http://www.fpml.org/coding-scheme/external/unique-transaction-identifier">12345678901234567890123456789012</tradeId>
         </partyTradeIdentifier>
         <tradeInformation>
            <executionDateTime>2011-01-01T09:12:34</executionDateTime>
            <intentToClear>false</intentToClear>
            <nonStandardTerms>true</nonStandardTerms>
            <offMarketPrice>true</offMarketPrice>
            <largeSizeTrade>false</largeSizeTrade>
            <executionType>Electronic</executionType>
            <executionVenueType>SEF</executionVenueType>
         </tradeInformation>
         <tradeDate>2005-02-20</tradeDate>
      </tradeHeader>
      <swap>
         <primaryAssetClass>InterestRate</primaryAssetClass>
         <productType>InterestRate:Irswap:Fixed-Float</productType><!--fixed leg; 3% fixed rate; single payment after 30 years; calculation every year -->
         <swapStream>
            <calculationPeriodDates id="N10434">
               <effectiveDate>
                  <unadjustedDate>2005-02-22</unadjustedDate>
               </effectiveDate>
               <terminationDate>
                  <unadjustedDate>2035-02-22</unadjustedDate>
               </terminationDate>
            </calculationPeriodDates>
            <paymentDates>
               <paymentFrequency>
                  <periodMultiplier>1</periodMultiplier>
                  <period>T</period>
               </paymentFrequency>
            </paymentDates>
            <calculationPeriodAmount>
               <calculation>
                  <notionalSchedule>
                     <notionalStepSchedule>
                        <initialValue>100000</initialValue>
                        <currency>GBP</currency>
                     </notionalStepSchedule>
                  </notionalSchedule>
                  <fixedRateSchedule>
                     <initialValue>0.03</initialValue>
                  </fixedRateSchedule>
                  <dayCountFraction>30E/360</dayCountFraction>
               </calculation>
            </calculationPeriodAmount>
         </swapStream><!--floating leg; GBP-LIBOR-ISDA 6 months rate; single payment after 30 years; calculation every three months with flat compounding -->
         <swapStream>
            <calculationPeriodDates id="N10277">
               <effectiveDate>
                  <unadjustedDate>2005-02-22</unadjustedDate>
               </effectiveDate>
               <terminationDate>
                  <unadjustedDate>2035-02-22</unadjustedDate>
               </terminationDate>
            </calculationPeriodDates>
            <paymentDates>
               <paymentFrequency>
                  <periodMultiplier>1</periodMultiplier>
                  <period>T</period>
               </paymentFrequency>
            </paymentDates>
            <resetDates id="resetDates">
               <resetFrequency>
                  <periodMultiplier>3</periodMultiplier>
                  <period>M</period>
               </resetFrequency>
            </resetDates>
            <calculationPeriodAmount>
               <calculation>
                  <notionalSchedule>
                     <notionalStepSchedule>
                        <initialValue>100000</initialValue>
                        <currency>GBP</currency>
                     </notionalStepSchedule>
                  </notionalSchedule>
                  <floatingRateCalculation>
                     <floatingRateIndex>GBP-LIBOR-ISDA</floatingRateIndex>
                     <indexTenor>
                        <periodMultiplier>6</periodMultiplier>
                        <period>M</period>
                     </indexTenor>
                  </floatingRateCalculation>
                  <dayCountFraction>ACT/360</dayCountFraction>
               </calculation>
            </calculationPeriodAmount>
         </swapStream>
      </swap>
   </trade>
</publicExecutionReport>