<?xml version="1.0" encoding="UTF-8" standalone="yes"?>
<publicExecutionReport xmlns:saxon="http://saxon.sf.net/" xmlns:xsi="http://www.w3.org/2001/XMLSchema-instance" xmlns="http://www.fpml.org/FpML-5/transparency" fpmlVersion="5-3" xsi:schemaLocation="http://www.fpml.org/FpML-5/transparency ../../fpml-main-5-3.xsd">
   <header>
      <messageId messageIdScheme="http://abc.com/message-id">123</messageId>
      <sentBy>abc</sentBy>
      <sendTo>sdr</sendTo>
      <creationTimestamp>2011-01-01T00:00:00</creationTimestamp>
   </header>
   <isCorrection>false</isCorrection>
   <correlationId correlationIdScheme="http://abc.com/correlation-id">456</correlationId>
   <sequenceNumber>1</sequenceNumber>
   <originatingEvent>Trade</originatingEvent>
   <trade>
      <tradeHeader>
         <partyTradeIdentifier>
            <issuer issuerIdScheme="http://www.fpml.org/coding-scheme/external/iso17442">VTOUP9FCHUXIINML4787</issuer>
            <tradeId tradeIdScheme="http://www.fpml.org/coding-scheme/external/unique-transaction-identifier">12345678901234567890123456789012</tradeId>
         </partyTradeIdentifier>
         <tradeInformation>
            <executionDateTime>2011-01-01T09:12:34</executionDateTime>
            <intentToClear>false</intentToClear>
            <nonStandardTerms>true</nonStandardTerms>
            <offMarketPrice>true</offMarketPrice>
            <largeSizeTrade>false</largeSizeTrade>
            <executionType>Electronic</executionType>
            <executionVenueType>SEF</executionVenueType>
         </tradeInformation>
         <tradeDate>2000-08-30</tradeDate>
      </tradeHeader>
      <swaption>
         <primaryAssetClass>InterestRate</primaryAssetClass>
         <productType>InterestRate:Options:Swaption</productType>
         <premium>
            <paymentAmount>
               <currency>EUR</currency>
               <amount>100000</amount>
            </paymentAmount>
         </premium>
         <optionType>Put</optionType>
         <europeanExercise>
            <expirationDate>
               <adjustableDate>
                  <unadjustedDate>2001-08-28</unadjustedDate>
               </adjustableDate>
            </expirationDate>
         </europeanExercise>
         <swaptionStraddle>false</swaptionStraddle>
         <swap>
            <swapStream>
               <calculationPeriodDates id="CalcPeriodDates0">
                  <effectiveDate>
                     <unadjustedDate>2001-08-30</unadjustedDate>
                  </effectiveDate>
                  <terminationDate>
                     <unadjustedDate>2006-08-30</unadjustedDate>
                  </terminationDate>
               </calculationPeriodDates>
               <paymentDates>
                  <paymentFrequency>
                     <periodMultiplier>1</periodMultiplier>
                     <period>Y</period>
                  </paymentFrequency>
               </paymentDates>
               <calculationPeriodAmount>
                  <calculation>
                     <notionalSchedule>
                        <notionalStepSchedule>
                           <initialValue>100000000</initialValue>
                           <currency>EUR</currency>
                        </notionalStepSchedule>
                     </notionalSchedule>
                     <fixedRateSchedule>
                        <initialValue>0.05</initialValue>
                     </fixedRateSchedule>
                     <dayCountFraction>30/360</dayCountFraction>
                  </calculation>
               </calculationPeriodAmount>
            </swapStream>
            <swapStream>
               <calculationPeriodDates id="CalcPeriodDates1">
                  <effectiveDate>
                     <unadjustedDate>2001-08-30</unadjustedDate>
                  </effectiveDate>
                  <terminationDate>
                     <unadjustedDate>2006-08-30</unadjustedDate>
                  </terminationDate>
               </calculationPeriodDates>
               <paymentDates>
                  <paymentFrequency>
                     <periodMultiplier>6</periodMultiplier>
                     <period>M</period>
                  </paymentFrequency>
               </paymentDates>
               <resetDates id="resetDates0">
                  <resetFrequency>
                     <periodMultiplier>6</periodMultiplier>
                     <period>M</period>
                  </resetFrequency>
               </resetDates>
               <calculationPeriodAmount>
                  <calculation>
                     <notionalSchedule>
                        <notionalStepSchedule>
                           <initialValue>100000000</initialValue>
                           <currency>EUR</currency>
                        </notionalStepSchedule>
                     </notionalSchedule>
                     <floatingRateCalculation>
                        <floatingRateIndex>EUR-EURIBOR-Telerate</floatingRateIndex>
                        <indexTenor>
                           <periodMultiplier>6</periodMultiplier>
                           <period>M</period>
                        </indexTenor>
                     </floatingRateCalculation>
                     <dayCountFraction>ACT/360</dayCountFraction>
                  </calculation>
               </calculationPeriodAmount>
            </swapStream>
         </swap>
      </swaption>
   </trade>
</publicExecutionReport>