<?xml version="1.0" encoding="utf-8"?>
<!--View is confirmation-->
<!--Version is 5-10-->
<!--NS is http://www.fpml.org/FpML-5/confirmation-->
<!--
   == Copyright (c) 2014-2018 All rights reserved.
   == Financial Products Markup Language is subject to the FpML public license.
   == A copy of this license is available at http://www.fpml.org/license/license.html
-->
<!--5.0:Message type is a Root of the message-->
<!--5.0 Messaging: changed <requestTradeConfirmation> -><requestConfirmation>-->
<requestConfirmation xmlns="http://www.fpml.org/FpML-5/confirmation" xmlns:xsi="http://www.w3.org/2001/XMLSchema-instance" fpmlVersion="5-10" xsi:schemaLocation="http://www.fpml.org/FpML-5/confirmation ../../fpml-main-5-10.xsd http://www.w3.org/2000/09/xmldsig# ../../xmldsig-core-schema.xsd">
  <header>
    <messageId messageIdScheme="http://www.fpml.org/msg-id">123</messageId>
    <sentBy>BIC1</sentBy>
    <sendTo>BIC16C</sendTo>
    <creationTimestamp>2009-01-27T15:38:00-00:00</creationTimestamp>
  </header>
<!--5.0 Messaging: added
                <isCorrection>
                <correlationId>
                <sequenceNumber>
        -->
  <isCorrection>false</isCorrection>
  <correlationId correlationIdScheme="http://www.example.com/conversationId">CW/2009/01/27/123</correlationId>
  <sequenceNumber>1</sequenceNumber>
  <trade>
    <tradeHeader>
      <partyTradeIdentifier>
        <partyReference href="partyA" />
        <tradeId tradeIdScheme="http://www.swapswire.com/spec/2001/trade-id-1-0">166555</tradeId>
      </partyTradeIdentifier>
      <partyTradeIdentifier>
        <partyReference href="partyB" />
        <tradeId tradeIdScheme="http://www.swapswire.com/spec/2001/trade-id-1-0">166555</tradeId>
      </partyTradeIdentifier>
      <tradeDate>2009-01-27</tradeDate>
    </tradeHeader>
    <dividendSwapOptionTransactionSupplement>
      <buyerPartyReference href="partyA" />
      <sellerPartyReference href="partyB" />
      <optionType>Call</optionType>
      <equityPremium>
        <payerPartyReference href="partyA" />
        <receiverPartyReference href="partyB" />
        <paymentAmount>
          <currency>GBP</currency>
          <amount>1500000</amount>
        </paymentAmount>
        <paymentDate>
          <unadjustedDate>2009-01-29</unadjustedDate>
          <dateAdjustments>
            <businessDayConvention>NotApplicable</businessDayConvention>
          </dateAdjustments>
        </paymentDate>
      </equityPremium>
      <equityExercise>
        <equityEuropeanExercise>
          <expirationDate>
            <adjustableDate>
              <unadjustedDate>2015-03-20</unadjustedDate>
              <dateAdjustments>
                <businessDayConvention>NotApplicable</businessDayConvention>
              </dateAdjustments>
            </adjustableDate>
          </expirationDate>
          <equityExpirationTimeType>OSP</equityExpirationTimeType>
        </equityEuropeanExercise>
        <automaticExercise>true</automaticExercise>
        <equityValuation id="valuationDate">
          <futuresPriceValuation>true</futuresPriceValuation>
        </equityValuation>
        <settlementCurrency>USD</settlementCurrency>
        <settlementType>Cash</settlementType>
      </equityExercise>
      <dividendSwapTransactionSupplement>
        <dividendLeg>
          <payerPartyReference href="partyA" />
          <receiverPartyReference href="partyB" />
          <underlyer>
            <singleUnderlyer>
              <index>
                <instrumentId instrumentIdScheme="http://example.com/instrumentId">.FCHI</instrumentId>
                <description>France CAC 40 Index</description>
                <currency>EUR</currency>
                <exchangeId>XPAR</exchangeId>
                <relatedExchangeId>XMAT</relatedExchangeId>
                <relatedExchangeId>XMON</relatedExchangeId>
              </index>
              <openUnits>1000</openUnits>
            </singleUnderlyer>
          </underlyer>
          <settlementType>Cash</settlementType>
          <settlementCurrency>USD</settlementCurrency>
          <declaredCashDividendPercentage>1.0</declaredCashDividendPercentage>
          <declaredCashEquivalentDividendPercentage>1.0</declaredCashEquivalentDividendPercentage>
          <dividendPeriod id="d1">
            <unadjustedStartDate>2010-12-20</unadjustedStartDate>
            <unadjustedEndDate id="e1">2011-12-19</unadjustedEndDate>
            <dateAdjustments>
              <businessDayConvention>FOLLOWING</businessDayConvention>
              <businessCenters>
                <businessCenter>EUTA</businessCenter>
              </businessCenters>
            </dateAdjustments>
            <fixedStrike>0.045</fixedStrike>
            <paymentDate id="p1">
              <relativeDate>
                <periodMultiplier>3</periodMultiplier>
                <period>D</period>
                <dayType>Calendar</dayType>
                <businessDayConvention>FOLLOWING</businessDayConvention>
                <dateRelativeTo href="e1" />
              </relativeDate>
            </paymentDate>
          </dividendPeriod>
          <dividendPeriod id="d2">
            <unadjustedStartDate>2011-12-20</unadjustedStartDate>
            <unadjustedEndDate id="e2">2012-12-19</unadjustedEndDate>
            <dateAdjustments>
              <businessDayConvention>FOLLOWING</businessDayConvention>
              <businessCenters>
                <businessCenter>EUTA</businessCenter>
              </businessCenters>
            </dateAdjustments>
            <fixedStrike>0.045</fixedStrike>
            <paymentDate id="p2">
              <relativeDate>
                <periodMultiplier>3</periodMultiplier>
                <period>D</period>
                <dayType>Calendar</dayType>
                <businessDayConvention>FOLLOWING</businessDayConvention>
                <dateRelativeTo href="e2" />
              </relativeDate>
            </paymentDate>
          </dividendPeriod>
        </dividendLeg>
        <fixedLeg>
          <payerPartyReference href="partyB" />
          <receiverPartyReference href="partyA" />
          <fixedPayment>
            <paymentAmount>
              <currency>USD</currency>
              <amount>50000</amount>
            </paymentAmount>
            <paymentDate>
              <periodMultiplier>0</periodMultiplier>
              <period>D</period>
              <businessDayConvention>NONE</businessDayConvention>
              <dateRelativeTo href="p1" />
            </paymentDate>
          </fixedPayment>
          <fixedPayment>
            <paymentAmount>
              <currency>USD</currency>
              <amount>56000</amount>
            </paymentAmount>
            <paymentDate>
              <periodMultiplier>0</periodMultiplier>
              <period>D</period>
              <businessDayConvention>NONE</businessDayConvention>
              <dateRelativeTo href="p1" />
            </paymentDate>
          </fixedPayment>
        </fixedLeg>
      </dividendSwapTransactionSupplement>
    </dividendSwapOptionTransactionSupplement>
  </trade>
  <party id="partyA">
    <partyId partyIdScheme="http://www.fpml.org/coding-scheme/dummy-party-id">ABC1</partyId>
    <partyName>SwapsWire Ltd (LE)</partyName>
  </party>
  <party id="partyB">
    <partyId partyIdScheme="http://www.fpml.org/coding-scheme/dummy-party-id">ABC6</partyId>
    <partyName>Rusty</partyName>
  </party>
</requestConfirmation>

