<?xml version="1.0" encoding="UTF-8"?>
<gcl:CodeList xmlns:gcl="http://xml.genericode.org/2004/ns/CodeList/0.2/" xmlns:doc="http://www.fpml.org/coding-scheme/documentation" xmlns:xsi="http://www.w3.org/2001/XMLSchema-instance" xsi:schemaLocation="http://xml.genericode.org/2004/ns/CodeList/0.2/ CodeList.xsd">
   <Annotation>
      <Description>
         <doc:definition>Action type as defined by the European Securities and Markets Authority (ESMA).</doc:definition>
         <doc:publicationDate>2015-06-24</doc:publicationDate>
      </Description>
   </Annotation>
   <Identification>
      <ShortName>actionTypeScheme</ShortName>
      <Version>1-0</Version>
      <CanonicalUri>http://www.fpml.org/coding-scheme/action-type</CanonicalUri>
      <CanonicalVersionUri>http://www.fpml.org/coding-scheme/action-type-1-0</CanonicalVersionUri>
      <LocationUri>http://www.fpml.org/coding-scheme/action-type-1-0.xml</LocationUri>
   </Identification>
   <ColumnSet>
      <Column Id="Code" Use="required">
         <ShortName>Code</ShortName>
         <Data Type="token">
            <Parameter ShortName="maxLength">63</Parameter>
         </Data>
      </Column>
      <Column Id="Source" Use="optional">
         <ShortName>Source</ShortName>
         <Data Type="string"/>
      </Column>
      <Column Id="Description" Use="optional">
         <ShortName>Description</ShortName>
         <Data Type="string"/>
      </Column>
      <Key Id="PrimaryKey">
         <ShortName>key</ShortName>
         <ColumnRef Ref="Code"/>
      </Key>
   </ColumnSet>
   <SimpleCodeList>
      <Row>
         <Value>
            <SimpleValue>C</SimpleValue>
         </Value>
         <Value>
            <SimpleValue>FpML</SimpleValue>
         </Value>
         <Value>
            <SimpleValue>Cancel (a termination of an existing contract).</SimpleValue>
         </Value>
      </Row>
      <Row>
         <Value>
            <SimpleValue>E</SimpleValue>
         </Value>
         <Value>
            <SimpleValue>FpML</SimpleValue>
         </Value>
         <Value>
            <SimpleValue>Error (a cancellation of a wrongly submitted report).</SimpleValue>
         </Value>
      </Row>
      <Row>
         <Value>
            <SimpleValue>M</SimpleValue>
         </Value>
         <Value>
            <SimpleValue>FpML</SimpleValue>
         </Value>
         <Value>
            <SimpleValue>Modify (a modification of details of a previously reported derivative contract).</SimpleValue>
         </Value>
      </Row>
      <Row>
         <Value>
            <SimpleValue>N</SimpleValue>
         </Value>
         <Value>
            <SimpleValue>FpML</SimpleValue>
         </Value>
         <Value>
            <SimpleValue>New (a derivative contract reported for the first time).</SimpleValue>
         </Value>
      </Row>
      <Row>
         <Value>
            <SimpleValue>O</SimpleValue>
         </Value>
         <Value>
            <SimpleValue>FpML</SimpleValue>
         </Value>
         <Value>
            <SimpleValue>Other (any other amendment to the report).</SimpleValue>
         </Value>
      </Row>
      <Row>
         <Value>
            <SimpleValue>V</SimpleValue>
         </Value>
         <Value>
            <SimpleValue>FpML</SimpleValue>
         </Value>
         <Value>
            <SimpleValue>Valuation update (an update of a contract valuation).</SimpleValue>
         </Value>
      </Row>
      <Row>
         <Value>
            <SimpleValue>Z</SimpleValue>
         </Value>
         <Value>
            <SimpleValue>FpML</SimpleValue>
         </Value>
         <Value>
            <SimpleValue>Compression (a compression of the reported contract).</SimpleValue>
         </Value>
      </Row>
   </SimpleCodeList>
</gcl:CodeList>