<?xml version="1.0" encoding="UTF-8"?>
<gcl:CodeList xmlns:gcl="http://xml.genericode.org/2004/ns/CodeList/0.2/" xmlns:doc="http://www.fpml.org/coding-scheme/documentation" xmlns:xsi="http://www.w3.org/2001/XMLSchema-instance" xsi:schemaLocation="http://xml.genericode.org/2004/ns/CodeList/0.2/ CodeList.xsd">
   <Annotation>
      <Description>
         <doc:definition>Defines an allocation reporting status categorization. Specifies whether the trade is anticipated to be allocated, has been allocated, or will not be allocated.</doc:definition>
         <doc:publicationDate>2012-04-20</doc:publicationDate>
      </Description>
   </Annotation>
   <Identification>
      <ShortName>allocationReportingStatusScheme</ShortName>
      <Version>1-0</Version>
      <CanonicalUri>http://www.fpml.org/coding-scheme/allocation-reporting-status</CanonicalUri>
      <CanonicalVersionUri>http://www.fpml.org/coding-scheme/allocation-reporting-status-1-0</CanonicalVersionUri>
      <LocationUri>http://www.fpml.org/coding-scheme/allocation-reporting-status-1-0.xml</LocationUri>
   </Identification>
   <ColumnSet>
      <Column Id="Code" Use="required">
         <ShortName>Code</ShortName>
         <Data Type="token">
            <Parameter ShortName="maxLength">63</Parameter>
         </Data>
      </Column>
      <Column Id="Source" Use="optional">
         <ShortName>Source</ShortName>
         <Data Type="string"/>
      </Column>
      <Column Id="Description" Use="optional">
         <ShortName>Description</ShortName>
         <Data Type="string"/>
      </Column>
      <Key Id="PrimaryKey">
         <ShortName>key</ShortName>
         <ColumnRef Ref="Code"/>
      </Key>
   </ColumnSet>
   <SimpleCodeList>
      <Row>
         <Value>
            <SimpleValue>PostAllocation</SimpleValue>
         </Value>
         <Value>
            <SimpleValue>FpML</SimpleValue>
         </Value>
         <Value>
            <SimpleValue>An indication that the swap has been allocated.</SimpleValue>
         </Value>
      </Row>
      <Row>
         <Value>
            <SimpleValue>PreAllocation</SimpleValue>
         </Value>
         <Value>
            <SimpleValue>FpML</SimpleValue>
         </Value>
         <Value>
            <SimpleValue>An indication that the swap is to be allocated.</SimpleValue>
         </Value>
      </Row>
      <Row>
         <Value>
            <SimpleValue>Unallocated</SimpleValue>
         </Value>
         <Value>
            <SimpleValue>FpML</SimpleValue>
         </Value>
         <Value>
            <SimpleValue>An indication that the swap has not been allocated.</SimpleValue>
         </Value>
      </Row>
   </SimpleCodeList>
</gcl:CodeList>