<?xml version="1.0" encoding="UTF-8"?>
<gcl:CodeList xmlns:gcl="http://xml.genericode.org/2004/ns/CodeList/0.2/" xmlns:doc="http://www.fpml.org/coding-scheme/documentation" xmlns:xsi="http://www.w3.org/2001/XMLSchema-instance" xsi:schemaLocation="http://xml.genericode.org/2004/ns/CodeList/0.2/ CodeList.xsd">
   <Annotation>
      <Description>
         <doc:definition>A list of settlement tasks at the allocation level, the completion of which are prerequisites to the settlement of a trade (or allocation).</doc:definition>
         <doc:publicationDate>2017-12-22</doc:publicationDate>
      </Description>
   </Annotation>
   <Identification>
      <ShortName>allocationSettlementTaskTypeScheme</ShortName>
      <Version>1-0</Version>
      <CanonicalUri>http://www.fpml.org/coding-scheme/allocation-settlement-task-type</CanonicalUri>
      <CanonicalVersionUri>http://www.fpml.org/coding-scheme/allocation-settlement-task-type-1-0</CanonicalVersionUri>
      <LocationUri>http://www.fpml.org/coding-scheme/allocation-settlement-task-type-1-0.xml</LocationUri>
   </Identification>
   <ColumnSet>
      <Column Id="Code" Use="required">
         <ShortName>Code</ShortName>
         <Data Type="token">
            <Parameter ShortName="maxLength">63</Parameter>
         </Data>
      </Column>
      <Column Id="Source" Use="optional">
         <ShortName>Source</ShortName>
         <Data Type="string"/>
      </Column>
      <Column Id="Description" Use="optional">
         <ShortName>Description</ShortName>
         <Data Type="string"/>
      </Column>
      <Key Id="PrimaryKey">
         <ShortName>key</ShortName>
         <ColumnRef Ref="Code"/>
      </Key>
   </ColumnSet>
   <SimpleCodeList>
      <Row>
         <Value>
            <SimpleValue>AgentConsent</SimpleValue>
         </Value>
         <Value>
            <SimpleValue>FpML</SimpleValue>
         </Value>
         <Value>
            <SimpleValue>Agent consent to settling the allocation is required.</SimpleValue>
         </Value>
      </Row>
      <Row>
         <Value>
            <SimpleValue>BorrowerConsent</SimpleValue>
         </Value>
         <Value>
            <SimpleValue>FpML</SimpleValue>
         </Value>
         <Value>
            <SimpleValue>Borrower consent to settling the allocation is required.</SimpleValue>
         </Value>
      </Row>
      <Row>
         <Value>
            <SimpleValue>IssuerConsent</SimpleValue>
         </Value>
         <Value>
            <SimpleValue>FpML</SimpleValue>
         </Value>
         <Value>
            <SimpleValue>Issuer (commonly Letter of Credit Issuer) consent to the allocation is required.</SimpleValue>
         </Value>
      </Row>
      <Row>
         <Value>
            <SimpleValue>LenderDueDiligence</SimpleValue>
         </Value>
         <Value>
            <SimpleValue>FpML</SimpleValue>
         </Value>
         <Value>
            <SimpleValue>Due diligence must be completed for the lender in order to settle the allocation.</SimpleValue>
         </Value>
      </Row>
      <Row>
         <Value>
            <SimpleValue>LenderProfileDetails</SimpleValue>
         </Value>
         <Value>
            <SimpleValue>FpML</SimpleValue>
         </Value>
         <Value>
            <SimpleValue>The lender's party profile details are required to settle the allocation.</SimpleValue>
         </Value>
      </Row>
      <Row>
         <Value>
            <SimpleValue>SwingLineLenderConsent</SimpleValue>
         </Value>
         <Value>
            <SimpleValue>FpML</SimpleValue>
         </Value>
         <Value>
            <SimpleValue>The Swing Line Lender's consent to the allocation is required.</SimpleValue>
         </Value>
      </Row>
   </SimpleCodeList>
</gcl:CodeList>