<?xml version="1.0" encoding="UTF-8"?>
<gcl:CodeList xmlns:gcl="http://xml.genericode.org/2004/ns/CodeList/0.2/" xmlns:doc="http://www.fpml.org/coding-scheme/documentation" xmlns:xsi="http://www.w3.org/2001/XMLSchema-instance" xsi:schemaLocation="http://xml.genericode.org/2004/ns/CodeList/0.2/ CodeList.xsd">
   <Annotation>
      <Description>
         <doc:definition>The transaction (event) types that the associated settlement instructions apply to.</doc:definition>
         <doc:publicationDate>2017-12-22</doc:publicationDate>
      </Description>
   </Annotation>
   <Identification>
      <ShortName>applicableTransactionTypeScheme</ShortName>
      <Version>1-0</Version>
      <CanonicalUri>http://www.fpml.org/coding-scheme/applicable-transaction-type</CanonicalUri>
      <CanonicalVersionUri>http://www.fpml.org/coding-scheme/applicable-transaction-type-1-0</CanonicalVersionUri>
      <LocationUri>http://www.fpml.org/coding-scheme/applicable-transaction-type-1-0.xml</LocationUri>
   </Identification>
   <ColumnSet>
      <Column Id="Code" Use="required">
         <ShortName>Code</ShortName>
         <Data Type="token">
            <Parameter ShortName="maxLength">63</Parameter>
         </Data>
      </Column>
      <Column Id="Source" Use="optional">
         <ShortName>Source</ShortName>
         <Data Type="string"/>
      </Column>
      <Column Id="Description" Use="optional">
         <ShortName>Description</ShortName>
         <Data Type="string"/>
      </Column>
      <Key Id="PrimaryKey">
         <ShortName>key</ShortName>
         <ColumnRef Ref="Code"/>
      </Key>
   </ColumnSet>
   <SimpleCodeList>
      <Row>
         <Value>
            <SimpleValue>AccruingFeePayment</SimpleValue>
         </Value>
         <Value>
            <SimpleValue>FpML</SimpleValue>
         </Value>
         <Value>
            <SimpleValue>AccruingFeePayment - Option reflecting  an existing cash event type.</SimpleValue>
         </Value>
      </Row>
      <Row>
         <Value>
            <SimpleValue>AccruingFeePaymentRetraction</SimpleValue>
         </Value>
         <Value>
            <SimpleValue>FpML</SimpleValue>
         </Value>
         <Value>
            <SimpleValue>AccruingFeePaymentRetraction - Option reflecting  an existing cash event type.</SimpleValue>
         </Value>
      </Row>
      <Row>
         <Value>
            <SimpleValue>Advance</SimpleValue>
         </Value>
         <Value>
            <SimpleValue>FpML</SimpleValue>
         </Value>
         <Value>
            <SimpleValue>Advance - Option reflecting  an existing cash event type.</SimpleValue>
         </Value>
      </Row>
      <Row>
         <Value>
            <SimpleValue>AdvanceRetraction</SimpleValue>
         </Value>
         <Value>
            <SimpleValue>FpML</SimpleValue>
         </Value>
         <Value>
            <SimpleValue>AdvanceRetraction - Option reflecting  an existing cash event type.</SimpleValue>
         </Value>
      </Row>
      <Row>
         <Value>
            <SimpleValue>AllocationPayment</SimpleValue>
         </Value>
         <Value>
            <SimpleValue>FpML</SimpleValue>
         </Value>
         <Value>
            <SimpleValue>AllocationPayment - Option reflecting  an existing cash event type.</SimpleValue>
         </Value>
      </Row>
      <Row>
         <Value>
            <SimpleValue>AllocationPaymentRetraction</SimpleValue>
         </Value>
         <Value>
            <SimpleValue>FpML</SimpleValue>
         </Value>
         <Value>
            <SimpleValue>AllocationPaymentRetraction - Option reflecting  an existing cash event type.</SimpleValue>
         </Value>
      </Row>
      <Row>
         <Value>
            <SimpleValue>InterestPayment</SimpleValue>
         </Value>
         <Value>
            <SimpleValue>FpML</SimpleValue>
         </Value>
         <Value>
            <SimpleValue>InterestPayment - Option reflecting  an existing cash event type.</SimpleValue>
         </Value>
      </Row>
      <Row>
         <Value>
            <SimpleValue>InterestPaymentRetraction</SimpleValue>
         </Value>
         <Value>
            <SimpleValue>FpML</SimpleValue>
         </Value>
         <Value>
            <SimpleValue>InterestPaymentRetraction - Option reflecting  an existing cash event type.</SimpleValue>
         </Value>
      </Row>
      <Row>
         <Value>
            <SimpleValue>NonRecurringFeePayment</SimpleValue>
         </Value>
         <Value>
            <SimpleValue>FpML</SimpleValue>
         </Value>
         <Value>
            <SimpleValue>NonRecurringFeePayment - Option reflecting  an existing cash event type.</SimpleValue>
         </Value>
      </Row>
      <Row>
         <Value>
            <SimpleValue>NonRecurringFeePaymentRetraction</SimpleValue>
         </Value>
         <Value>
            <SimpleValue>FpML</SimpleValue>
         </Value>
         <Value>
            <SimpleValue>NonRecurringFeePaymentRetraction - Option reflecting  an existing cash event type.</SimpleValue>
         </Value>
      </Row>
      <Row>
         <Value>
            <SimpleValue>Repayment</SimpleValue>
         </Value>
         <Value>
            <SimpleValue>FpML</SimpleValue>
         </Value>
         <Value>
            <SimpleValue>Repayment - Option reflecting  an existing cash event type.</SimpleValue>
         </Value>
      </Row>
      <Row>
         <Value>
            <SimpleValue>RepaymentRetraction</SimpleValue>
         </Value>
         <Value>
            <SimpleValue>FpML</SimpleValue>
         </Value>
         <Value>
            <SimpleValue>RepaymentRetraction - Option reflecting  an existing cash event type.</SimpleValue>
         </Value>
      </Row>
      <Row>
         <Value>
            <SimpleValue>TradePayment</SimpleValue>
         </Value>
         <Value>
            <SimpleValue>FpML</SimpleValue>
         </Value>
         <Value>
            <SimpleValue>TradePayment - Option epresents the payment object for all loan trading notifications.</SimpleValue>
         </Value>
      </Row>
      <Row>
         <Value>
            <SimpleValue>TradePaymentRetraction</SimpleValue>
         </Value>
         <Value>
            <SimpleValue>FpML</SimpleValue>
         </Value>
         <Value>
            <SimpleValue>TradePaymentRetraction - Option epresents the payment object for all loan trading notifications.</SimpleValue>
         </Value>
      </Row>
   </SimpleCodeList>
</gcl:CodeList>