<?xml version="1.0" encoding="UTF-8"?>
<gcl:CodeList xmlns:gcl="http://xml.genericode.org/2004/ns/CodeList/0.2/" xmlns:doc="http://www.fpml.org/coding-scheme/documentation" xmlns:xsi="http://www.w3.org/2001/XMLSchema-instance" xsi:schemaLocation="http://xml.genericode.org/2004/ns/CodeList/0.2/ CodeList.xsd">
   <Annotation>
      <Description>
         <doc:definition>Defines a simple asset class categorization. Used for classification of the risk class of the trade.</doc:definition>
      </Description>
   </Annotation>
   <Identification>
      <ShortName>assetClassScheme</ShortName>
      <Version>2-0</Version>
      <CanonicalUri>http://www.fpml.org/coding-scheme/asset-class</CanonicalUri>
      <CanonicalVersionUri>http://www.fpml.org/coding-scheme/asset-class-2-0</CanonicalVersionUri>
      <LocationUri>http://www.fpml.org/coding-scheme/asset-class-2-0.xml</LocationUri>
   </Identification>
   <ColumnSet>
      <Column Id="Code" Use="required">
         <ShortName>Code</ShortName>
         <Data Type="token">
            <Parameter ShortName="maxLength">63</Parameter>
         </Data>
      </Column>
      <Column Id="Source" Use="optional">
         <ShortName>Source</ShortName>
         <Data Type="string"/>
      </Column>
      <Column Id="Description" Use="optional">
         <ShortName>Description</ShortName>
         <Data Type="string"/>
      </Column>
      <Key Id="PrimaryKey">
         <ShortName>key</ShortName>
         <ColumnRef Ref="Code"/>
      </Key>
   </ColumnSet>
   <SimpleCodeList>
      <Row>
         <Value>
            <SimpleValue>Commodity</SimpleValue>
         </Value>
         <Value>
            <SimpleValue>FpML</SimpleValue>
         </Value>
         <Value>
            <SimpleValue>Commodity.</SimpleValue>
         </Value>
      </Row>
      <Row>
         <Value>
            <SimpleValue>Credit</SimpleValue>
         </Value>
         <Value>
            <SimpleValue>FpML</SimpleValue>
         </Value>
         <Value>
            <SimpleValue>Credit.</SimpleValue>
         </Value>
      </Row>
      <Row>
         <Value>
            <SimpleValue>Equity</SimpleValue>
         </Value>
         <Value>
            <SimpleValue>FpML</SimpleValue>
         </Value>
         <Value>
            <SimpleValue>Equity.</SimpleValue>
         </Value>
      </Row>
      <Row>
         <Value>
            <SimpleValue>ForeignExchange</SimpleValue>
         </Value>
         <Value>
            <SimpleValue>FpML</SimpleValue>
         </Value>
         <Value>
            <SimpleValue>ForeignExchange.</SimpleValue>
         </Value>
      </Row>
      <Row>
         <Value>
            <SimpleValue>InterestRate</SimpleValue>
         </Value>
         <Value>
            <SimpleValue>FpML</SimpleValue>
         </Value>
         <Value>
            <SimpleValue>InterestRate.</SimpleValue>
         </Value>
      </Row>
   </SimpleCodeList>
</gcl:CodeList>