<?xml version="1.0" encoding="UTF-8"?>
<gcl:CodeList xmlns:gcl="http://xml.genericode.org/2004/ns/CodeList/0.2/" xmlns:doc="http://www.fpml.org/coding-scheme/documentation" xmlns:xsi="http://www.w3.org/2001/XMLSchema-instance" xsi:schemaLocation="http://xml.genericode.org/2004/ns/CodeList/0.2/ CodeList.xsd">
   <Annotation>
      <Description>
         <doc:definition>Defines the type of Broker Confirm the FpML trade represents.</doc:definition>
         <doc:publicationDate>2013-01-15</doc:publicationDate>
      </Description>
   </Annotation>
   <Identification>
      <ShortName>brokerConfirmationTypeScheme</ShortName>
      <Version>5-0</Version>
      <CanonicalUri>http://www.fpml.org/coding-scheme/broker-confirmation-type</CanonicalUri>
      <CanonicalVersionUri>http://www.fpml.org/coding-scheme/broker-confirmation-type-5-0</CanonicalVersionUri>
      <LocationUri>http://www.fpml.org/coding-scheme/broker-confirmation-type-5-0.xml</LocationUri>
   </Identification>
   <ColumnSet>
      <Column Id="Code" Use="required">
         <ShortName>Code</ShortName>
         <Data Type="token">
            <Parameter ShortName="maxLength">63</Parameter>
         </Data>
      </Column>
      <Column Id="Source" Use="optional">
         <ShortName>Source</ShortName>
         <Data Type="string"/>
      </Column>
      <Column Id="Description" Use="optional">
         <ShortName>Description</ShortName>
         <Data Type="string"/>
      </Column>
      <Key Id="PrimaryKey">
         <ShortName>key</ShortName>
         <ColumnRef Ref="Code"/>
      </Key>
   </ColumnSet>
   <SimpleCodeList>
      <Row>
         <Value>
            <SimpleValue>ABX</SimpleValue>
         </Value>
         <Value>
            <SimpleValue>FpML</SimpleValue>
         </Value>
         <Value>
            <SimpleValue>Broker Confirmation Type representing ABX index trades.</SimpleValue>
         </Value>
      </Row>
      <Row>
         <Value>
            <SimpleValue>AsiaCorporate</SimpleValue>
         </Value>
         <Value>
            <SimpleValue>FpML</SimpleValue>
         </Value>
         <Value>
            <SimpleValue>Broker Confirmation Type of Asia Corporate.</SimpleValue>
         </Value>
      </Row>
      <Row>
         <Value>
            <SimpleValue>AsiaSovereign</SimpleValue>
         </Value>
         <Value>
            <SimpleValue>FpML</SimpleValue>
         </Value>
         <Value>
            <SimpleValue>Broker Confirmation Type of Asia Sovereign.</SimpleValue>
         </Value>
      </Row>
      <Row>
         <Value>
            <SimpleValue>AustraliaCorporate</SimpleValue>
         </Value>
         <Value>
            <SimpleValue>FpML</SimpleValue>
         </Value>
         <Value>
            <SimpleValue>Broker Confirmation Type of Australia Corporate.</SimpleValue>
         </Value>
      </Row>
      <Row>
         <Value>
            <SimpleValue>AustraliaSovereign</SimpleValue>
         </Value>
         <Value>
            <SimpleValue>FpML</SimpleValue>
         </Value>
         <Value>
            <SimpleValue>Broker Confirmation Type of Australia Sovereign.</SimpleValue>
         </Value>
      </Row>
      <Row>
         <Value>
            <SimpleValue>CDSonLeveragedLoans</SimpleValue>
         </Value>
         <Value>
            <SimpleValue>FpML</SimpleValue>
         </Value>
         <Value>
            <SimpleValue>Broker Confirmation Type for use with Credit Derivative Transactions on Leveraged Loans.</SimpleValue>
         </Value>
      </Row>
      <Row>
         <Value>
            <SimpleValue>CDSonMBS</SimpleValue>
         </Value>
         <Value>
            <SimpleValue>FpML</SimpleValue>
         </Value>
         <Value>
            <SimpleValue>Broker Confirmation Type for use with Credit Derivative Transactions on Mortgage-backed Security with Pay-As-You-Go or Physical Settlement.</SimpleValue>
         </Value>
      </Row>
      <Row>
         <Value>
            <SimpleValue>CDXEmergingMarkets</SimpleValue>
         </Value>
         <Value>
            <SimpleValue>FpML</SimpleValue>
         </Value>
         <Value>
            <SimpleValue>Broker Confirmation Type for CDX Emerging Markets Untranched Transactions.</SimpleValue>
         </Value>
      </Row>
      <Row>
         <Value>
            <SimpleValue>CDXEmergingMarketsDiversified</SimpleValue>
         </Value>
         <Value>
            <SimpleValue>FpML</SimpleValue>
         </Value>
         <Value>
            <SimpleValue>Broker Confirmation Type for CDX Emerging Markets Diversified Untranched Transactions.</SimpleValue>
         </Value>
      </Row>
      <Row>
         <Value>
            <SimpleValue>CDXSwaption</SimpleValue>
         </Value>
         <Value>
            <SimpleValue>FpML</SimpleValue>
         </Value>
         <Value>
            <SimpleValue>Broker Confirmation Type for CDX Swaption Transactions.</SimpleValue>
         </Value>
      </Row>
      <Row>
         <Value>
            <SimpleValue>CDXTranche</SimpleValue>
         </Value>
         <Value>
            <SimpleValue>FpML</SimpleValue>
         </Value>
         <Value>
            <SimpleValue>Broker Confirmation Type for Dow Jones CDX Tranche Transactions.</SimpleValue>
         </Value>
      </Row>
      <Row>
         <Value>
            <SimpleValue>CMBX</SimpleValue>
         </Value>
         <Value>
            <SimpleValue>FpML</SimpleValue>
         </Value>
         <Value>
            <SimpleValue>Broker Confirmation Type representing CMBX index trades.</SimpleValue>
         </Value>
      </Row>
      <Row>
         <Value>
            <SimpleValue>DJ.CDX.EM </SimpleValue>
         </Value>
         <Value>
            <SimpleValue>FpML</SimpleValue>
         </Value>
         <Value>
            <SimpleValue>Broker Confirmation Type for CDS Index trades relating to Dow Jones CDX.EM index series.</SimpleValue>
         </Value>
      </Row>
      <Row>
         <Value>
            <SimpleValue>DJ.CDX.NA</SimpleValue>
         </Value>
         <Value>
            <SimpleValue>FpML</SimpleValue>
         </Value>
         <Value>
            <SimpleValue>Broker Confirmation Type for CDS Index trades relating to Dow Jones CDX.NA.IG and Dow Jones CDX.NA.HY index series.</SimpleValue>
         </Value>
      </Row>
      <Row>
         <Value>
            <SimpleValue>EmergingEuropeanAndMiddleEasternSovereign</SimpleValue>
         </Value>
         <Value>
            <SimpleValue>FpML</SimpleValue>
         </Value>
         <Value>
            <SimpleValue>Broker Confirmation Type of Emerging European and Middle Eastern Sovereign.</SimpleValue>
         </Value>
      </Row>
      <Row>
         <Value>
            <SimpleValue>EmergingEuropeanCorporate</SimpleValue>
         </Value>
         <Value>
            <SimpleValue>FpML</SimpleValue>
         </Value>
         <Value>
            <SimpleValue>Broker Confirmation Type for EMERGING EUROPEAN CORPORATE.</SimpleValue>
         </Value>
      </Row>
      <Row>
         <Value>
            <SimpleValue>EmergingEuropeanCorporateLPN</SimpleValue>
         </Value>
         <Value>
            <SimpleValue>FpML</SimpleValue>
         </Value>
         <Value>
            <SimpleValue>Broker Confirmation Type for EMERGING EUROPEAN CORPORATE LPN.</SimpleValue>
         </Value>
      </Row>
      <Row>
         <Value>
            <SimpleValue>EuropeanCMBS</SimpleValue>
         </Value>
         <Value>
            <SimpleValue>FpML</SimpleValue>
         </Value>
         <Value>
            <SimpleValue>Broker Confirmation Type for Single Name European CMBS Transactions.</SimpleValue>
         </Value>
      </Row>
      <Row>
         <Value>
            <SimpleValue>EuropeanCorporate</SimpleValue>
         </Value>
         <Value>
            <SimpleValue>FpML</SimpleValue>
         </Value>
         <Value>
            <SimpleValue>Broker Confirmation Type of European Corporate.</SimpleValue>
         </Value>
      </Row>
      <Row>
         <Value>
            <SimpleValue>EuropeanRMBS</SimpleValue>
         </Value>
         <Value>
            <SimpleValue>FpML</SimpleValue>
         </Value>
         <Value>
            <SimpleValue>Broker Confirmation Type for Single Name European RMBS Transactions.</SimpleValue>
         </Value>
      </Row>
      <Row>
         <Value>
            <SimpleValue>iTraxxAsiaExJapan</SimpleValue>
         </Value>
         <Value>
            <SimpleValue>FpML</SimpleValue>
         </Value>
         <Value>
            <SimpleValue>Broker Confirmation Type for iTraxx Asia Excluding Japan.</SimpleValue>
         </Value>
      </Row>
      <Row>
         <Value>
            <SimpleValue>iTraxxAsiaExJapanSwaption</SimpleValue>
         </Value>
         <Value>
            <SimpleValue>FpML</SimpleValue>
         </Value>
         <Value>
            <SimpleValue>Broker Confirmation Type for iTraxx Asia Ex-Japan Swaption Transactions.</SimpleValue>
         </Value>
      </Row>
      <Row>
         <Value>
            <SimpleValue>iTraxxAsiaExJapanTranche</SimpleValue>
         </Value>
         <Value>
            <SimpleValue>FpML</SimpleValue>
         </Value>
         <Value>
            <SimpleValue>Broker Confirmation Type for iTraxx Asia Excluding Japan Tranched Transactions.</SimpleValue>
         </Value>
      </Row>
      <Row>
         <Value>
            <SimpleValue>iTraxxAustralia</SimpleValue>
         </Value>
         <Value>
            <SimpleValue>FpML</SimpleValue>
         </Value>
         <Value>
            <SimpleValue>Broker Confirmation Type for iTraxx Australia.</SimpleValue>
         </Value>
      </Row>
      <Row>
         <Value>
            <SimpleValue>iTraxxAustraliaSwaption</SimpleValue>
         </Value>
         <Value>
            <SimpleValue>FpML</SimpleValue>
         </Value>
         <Value>
            <SimpleValue>Broker Confirmation Type for iTraxx Australia Swaption Transactions.</SimpleValue>
         </Value>
      </Row>
      <Row>
         <Value>
            <SimpleValue>iTraxxAustraliaTranche</SimpleValue>
         </Value>
         <Value>
            <SimpleValue>FpML</SimpleValue>
         </Value>
         <Value>
            <SimpleValue>Broker Confirmation Type for iTraxx Australia Tranched Transactions.</SimpleValue>
         </Value>
      </Row>
      <Row>
         <Value>
            <SimpleValue>iTraxxCJ</SimpleValue>
         </Value>
         <Value>
            <SimpleValue>FpML</SimpleValue>
         </Value>
         <Value>
            <SimpleValue>Broker Confirmation Type for iTraxx CJ.</SimpleValue>
         </Value>
      </Row>
      <Row>
         <Value>
            <SimpleValue>iTraxxCJTranche</SimpleValue>
         </Value>
         <Value>
            <SimpleValue>FpML</SimpleValue>
         </Value>
         <Value>
            <SimpleValue>Broker Confirmation Type for iTraxx CJ Tranched Transactions.</SimpleValue>
         </Value>
      </Row>
      <Row>
         <Value>
            <SimpleValue>iTraxxEurope</SimpleValue>
         </Value>
         <Value>
            <SimpleValue>FpML</SimpleValue>
         </Value>
         <Value>
            <SimpleValue>Broker Confirmation Type for iTraxx Europe.</SimpleValue>
         </Value>
      </Row>
      <Row>
         <Value>
            <SimpleValue>iTraxxEurope</SimpleValue>
         </Value>
         <Value>
            <SimpleValue>FpML</SimpleValue>
         </Value>
         <Value>
            <SimpleValue>Broker Confirmation Type for iTraxx Europe Transactions</SimpleValue>
         </Value>
      </Row>
      <Row>
         <Value>
            <SimpleValue>iTraxxEuropeSwaption</SimpleValue>
         </Value>
         <Value>
            <SimpleValue>FpML</SimpleValue>
         </Value>
         <Value>
            <SimpleValue>Broker Confirmation Type for iTraxx Europe Swaption Transactions.</SimpleValue>
         </Value>
      </Row>
      <Row>
         <Value>
            <SimpleValue>iTraxxEuropeTranche</SimpleValue>
         </Value>
         <Value>
            <SimpleValue>FpML</SimpleValue>
         </Value>
         <Value>
            <SimpleValue>Broker Confirmation Type for iTraxx Europe Tranched Transactions.</SimpleValue>
         </Value>
      </Row>
      <Row>
         <Value>
            <SimpleValue>iTraxxJapan</SimpleValue>
         </Value>
         <Value>
            <SimpleValue>FpML</SimpleValue>
         </Value>
         <Value>
            <SimpleValue>Broker Confirmation Type for iTraxx Japan.</SimpleValue>
         </Value>
      </Row>
      <Row>
         <Value>
            <SimpleValue>iTraxxJapanSwaption</SimpleValue>
         </Value>
         <Value>
            <SimpleValue>FpML</SimpleValue>
         </Value>
         <Value>
            <SimpleValue>Broker Confirmation Type for iTraxx Japan Swaption Transactions.</SimpleValue>
         </Value>
      </Row>
      <Row>
         <Value>
            <SimpleValue>iTraxxJapanTranche</SimpleValue>
         </Value>
         <Value>
            <SimpleValue>FpML</SimpleValue>
         </Value>
         <Value>
            <SimpleValue>Broker Confirmation Type for iTraxx Japan Tranched Transactions.</SimpleValue>
         </Value>
      </Row>
      <Row>
         <Value>
            <SimpleValue>iTraxxLevX</SimpleValue>
         </Value>
         <Value>
            <SimpleValue>FpML</SimpleValue>
         </Value>
         <Value>
            <SimpleValue>Broker Confirmation Type for iTraxx LevX.</SimpleValue>
         </Value>
      </Row>
      <Row>
         <Value>
            <SimpleValue>iTraxxSDI75</SimpleValue>
         </Value>
         <Value>
            <SimpleValue>FpML</SimpleValue>
         </Value>
         <Value>
            <SimpleValue>Broker Confirmation Type for iTraxx SDI 75 Transactions.</SimpleValue>
         </Value>
      </Row>
      <Row>
         <Value>
            <SimpleValue>iTraxxSovX</SimpleValue>
         </Value>
         <Value>
            <SimpleValue>FpML</SimpleValue>
         </Value>
         <Value>
            <SimpleValue>Broker Confirmation Type for iTraxx SovX.</SimpleValue>
         </Value>
      </Row>
      <Row>
         <Value>
            <SimpleValue>JapanCorporate</SimpleValue>
         </Value>
         <Value>
            <SimpleValue>FpML</SimpleValue>
         </Value>
         <Value>
            <SimpleValue>Broker Confirmation Type of Japan Corporate.</SimpleValue>
         </Value>
      </Row>
      <Row>
         <Value>
            <SimpleValue>JapanSovereign</SimpleValue>
         </Value>
         <Value>
            <SimpleValue>FpML</SimpleValue>
         </Value>
         <Value>
            <SimpleValue>Broker Confirmation Type of Japan Sovereign.</SimpleValue>
         </Value>
      </Row>
      <Row>
         <Value>
            <SimpleValue>LatinAmericaCorporate</SimpleValue>
         </Value>
         <Value>
            <SimpleValue>FpML</SimpleValue>
         </Value>
         <Value>
            <SimpleValue>Broker Confirmation Type of Latin America Corporate.</SimpleValue>
         </Value>
      </Row>
      <Row>
         <Value>
            <SimpleValue>LatinAmericaCorporateBond</SimpleValue>
         </Value>
         <Value>
            <SimpleValue>FpML</SimpleValue>
         </Value>
         <Value>
            <SimpleValue>Broker Confirmation Type for LATIN AMERICA CORPORATE B.</SimpleValue>
         </Value>
      </Row>
      <Row>
         <Value>
            <SimpleValue>LatinAmericaCorporateBondOrLoan</SimpleValue>
         </Value>
         <Value>
            <SimpleValue>FpML</SimpleValue>
         </Value>
         <Value>
            <SimpleValue>Broker Confirmation Type for LATIN AMERICA CORPORATE BL.</SimpleValue>
         </Value>
      </Row>
      <Row>
         <Value>
            <SimpleValue>LatinAmericaSovereign</SimpleValue>
         </Value>
         <Value>
            <SimpleValue>FpML</SimpleValue>
         </Value>
         <Value>
            <SimpleValue>Broker Confirmation Type of Latin America Sovereign.</SimpleValue>
         </Value>
      </Row>
      <Row>
         <Value>
            <SimpleValue>MBX</SimpleValue>
         </Value>
         <Value>
            <SimpleValue>FpML</SimpleValue>
         </Value>
         <Value>
            <SimpleValue>Broker Confirmation Type for MBX Transactions.</SimpleValue>
         </Value>
      </Row>
      <Row>
         <Value>
            <SimpleValue>MCDX</SimpleValue>
         </Value>
         <Value>
            <SimpleValue>FpML</SimpleValue>
         </Value>
         <Value>
            <SimpleValue>Broker Confirmation Type for Municipal CDX Untranched Transactions.</SimpleValue>
         </Value>
      </Row>
      <Row>
         <Value>
            <SimpleValue>NewZealandCorporate</SimpleValue>
         </Value>
         <Value>
            <SimpleValue>FpML</SimpleValue>
         </Value>
         <Value>
            <SimpleValue>Broker Confirmation Type of New Zealand Corporate.</SimpleValue>
         </Value>
      </Row>
      <Row>
         <Value>
            <SimpleValue>NewZealandSovereign</SimpleValue>
         </Value>
         <Value>
            <SimpleValue>FpML</SimpleValue>
         </Value>
         <Value>
            <SimpleValue>Broker Confirmation Type of New Zealand Sovereign.</SimpleValue>
         </Value>
      </Row>
      <Row>
         <Value>
            <SimpleValue>NorthAmericanCorporate</SimpleValue>
         </Value>
         <Value>
            <SimpleValue>FpML</SimpleValue>
         </Value>
         <Value>
            <SimpleValue>Broker ConfirmationType of North American Corporate.</SimpleValue>
         </Value>
      </Row>
      <Row>
         <Value>
            <SimpleValue>PO</SimpleValue>
         </Value>
         <Value>
            <SimpleValue>FpML</SimpleValue>
         </Value>
         <Value>
            <SimpleValue>Broker Confirmation Type for PO Index Transactions.</SimpleValue>
         </Value>
      </Row>
      <Row>
         <Value>
            <SimpleValue>SingaporeCorporate</SimpleValue>
         </Value>
         <Value>
            <SimpleValue>FpML</SimpleValue>
         </Value>
         <Value>
            <SimpleValue>Broker Confirmation Type of Singapore Corporate.</SimpleValue>
         </Value>
      </Row>
      <Row>
         <Value>
            <SimpleValue>SingaporeSovereign</SimpleValue>
         </Value>
         <Value>
            <SimpleValue>FpML</SimpleValue>
         </Value>
         <Value>
            <SimpleValue>Broker Confirmation Type of Singapore Sovereign.</SimpleValue>
         </Value>
      </Row>
      <Row>
         <Value>
            <SimpleValue>StandardAsiaCorporate</SimpleValue>
         </Value>
         <Value>
            <SimpleValue>FpML</SimpleValue>
         </Value>
         <Value>
            <SimpleValue>Broker Confirmation Type of STANDARD ASIA CORPORATE.</SimpleValue>
         </Value>
      </Row>
      <Row>
         <Value>
            <SimpleValue>StandardAsiaSovereign</SimpleValue>
         </Value>
         <Value>
            <SimpleValue>FpML</SimpleValue>
         </Value>
         <Value>
            <SimpleValue>Broker Confirmation Type of STANDARD ASIA SOVEREIGN.</SimpleValue>
         </Value>
      </Row>
      <Row>
         <Value>
            <SimpleValue>StandardAustraliaCorporate</SimpleValue>
         </Value>
         <Value>
            <SimpleValue>FpML</SimpleValue>
         </Value>
         <Value>
            <SimpleValue>Broker Confirmation Type of STANDARD AUSTRALIA CORPORATE.</SimpleValue>
         </Value>
      </Row>
      <Row>
         <Value>
            <SimpleValue>StandardAustraliaSovereign</SimpleValue>
         </Value>
         <Value>
            <SimpleValue>FpML</SimpleValue>
         </Value>
         <Value>
            <SimpleValue>Broker Confirmation Type of STANDARD AUSTRALIA SOVEREIGN.</SimpleValue>
         </Value>
      </Row>
      <Row>
         <Value>
            <SimpleValue>StandardCDXTranche</SimpleValue>
         </Value>
         <Value>
            <SimpleValue>FpML</SimpleValue>
         </Value>
         <Value>
            <SimpleValue>Broker Confirmation Type for Standard CDX Tranche Transactions.</SimpleValue>
         </Value>
      </Row>
      <Row>
         <Value>
            <SimpleValue>StandardEmergingEuropeanAndMiddleEasternSovereign</SimpleValue>
         </Value>
         <Value>
            <SimpleValue>FpML</SimpleValue>
         </Value>
         <Value>
            <SimpleValue>Broker Confirmation Type of STANDARD EMERGING EUROPEAN AND MIDDLE EASTERN SOVEREIGN.</SimpleValue>
         </Value>
      </Row>
      <Row>
         <Value>
            <SimpleValue>StandardEmergingEuropeanCorporate</SimpleValue>
         </Value>
         <Value>
            <SimpleValue>FpML</SimpleValue>
         </Value>
         <Value>
            <SimpleValue>Broker Confirmation Type of STANDARD EMERGING EUROPEAN CORPORATE.</SimpleValue>
         </Value>
      </Row>
      <Row>
         <Value>
            <SimpleValue>StandardEmergingEuropeanCorporateLPN</SimpleValue>
         </Value>
         <Value>
            <SimpleValue>FpML</SimpleValue>
         </Value>
         <Value>
            <SimpleValue>Broker Confirmation Type of STANDARD EMERGING EUROPEAN CORPORATE LPN.</SimpleValue>
         </Value>
      </Row>
      <Row>
         <Value>
            <SimpleValue>StandardEuropeanCorporate</SimpleValue>
         </Value>
         <Value>
            <SimpleValue>FpML</SimpleValue>
         </Value>
         <Value>
            <SimpleValue>Broker Confirmation Type for STANDARD EUROPEAN CORPORATE.</SimpleValue>
         </Value>
      </Row>
      <Row>
         <Value>
            <SimpleValue>StandardiTraxxEuropeTranche</SimpleValue>
         </Value>
         <Value>
            <SimpleValue>FpML</SimpleValue>
         </Value>
         <Value>
            <SimpleValue>Broker Confirmation Type for Standard iTraxx Europe Tranched Transactions.</SimpleValue>
         </Value>
      </Row>
      <Row>
         <Value>
            <SimpleValue>StandardJapanCorporate</SimpleValue>
         </Value>
         <Value>
            <SimpleValue>FpML</SimpleValue>
         </Value>
         <Value>
            <SimpleValue>Broker Confirmation Type of STANDARD JAPAN CORPORATE.</SimpleValue>
         </Value>
      </Row>
      <Row>
         <Value>
            <SimpleValue>StandardJapanSovereign</SimpleValue>
         </Value>
         <Value>
            <SimpleValue>FpML</SimpleValue>
         </Value>
         <Value>
            <SimpleValue>Broker Confirmation Type of STANDARD JAPAN SOVEREIGN.</SimpleValue>
         </Value>
      </Row>
      <Row>
         <Value>
            <SimpleValue>StandardLatinAmericaCorporateBond</SimpleValue>
         </Value>
         <Value>
            <SimpleValue>FpML</SimpleValue>
         </Value>
         <Value>
            <SimpleValue>Broker Confirmation Type of STANDARD LATIN AMERICA CORPORATE B.</SimpleValue>
         </Value>
      </Row>
      <Row>
         <Value>
            <SimpleValue>StandardLatinAmericaCorporateBondOrLoan</SimpleValue>
         </Value>
         <Value>
            <SimpleValue>FpML</SimpleValue>
         </Value>
         <Value>
            <SimpleValue>Broker Confirmation Type of STANDARD LATIN AMERICA CORPORATE BL.</SimpleValue>
         </Value>
      </Row>
      <Row>
         <Value>
            <SimpleValue>StandardLatinAmericaSovereign</SimpleValue>
         </Value>
         <Value>
            <SimpleValue>FpML</SimpleValue>
         </Value>
         <Value>
            <SimpleValue>Broker Confirmation Type of STANDARD LATIN AMERICA SOVEREIGN.</SimpleValue>
         </Value>
      </Row>
      <Row>
         <Value>
            <SimpleValue>StandardLCDS</SimpleValue>
         </Value>
         <Value>
            <SimpleValue>FpML</SimpleValue>
         </Value>
         <Value>
            <SimpleValue>Standard Syndicated Secured Loan Credit Default Swap Broker Confirmation Type.</SimpleValue>
         </Value>
      </Row>
      <Row>
         <Value>
            <SimpleValue>StandardLCDSBullet</SimpleValue>
         </Value>
         <Value>
            <SimpleValue>FpML</SimpleValue>
         </Value>
         <Value>
            <SimpleValue>Broker Confirmation Type for Standard Syndicated Secured Loan Credit Default Swap Bullet Transactions.</SimpleValue>
         </Value>
      </Row>
      <Row>
         <Value>
            <SimpleValue>StandardLCDXBullet</SimpleValue>
         </Value>
         <Value>
            <SimpleValue>FpML</SimpleValue>
         </Value>
         <Value>
            <SimpleValue>Broker Confirmation Type for Standard Syndicated Secured Loan Credit Default Swap Index Bullet Transactions.</SimpleValue>
         </Value>
      </Row>
      <Row>
         <Value>
            <SimpleValue>StandardLCDXBulletTranche</SimpleValue>
         </Value>
         <Value>
            <SimpleValue>FpML</SimpleValue>
         </Value>
         <Value>
            <SimpleValue>Broker Confirmation Type for Standard Syndicated Secured Loan Credit Default Swap Index Bullet Tranche Transactions.</SimpleValue>
         </Value>
      </Row>
      <Row>
         <Value>
            <SimpleValue>StandardNewZealandCorporate</SimpleValue>
         </Value>
         <Value>
            <SimpleValue>FpML</SimpleValue>
         </Value>
         <Value>
            <SimpleValue>Broker Confirmation Type of STANDARD NEW ZEALAND CORPORATE.</SimpleValue>
         </Value>
      </Row>
      <Row>
         <Value>
            <SimpleValue>StandardNewZealandSovereign</SimpleValue>
         </Value>
         <Value>
            <SimpleValue>FpML</SimpleValue>
         </Value>
         <Value>
            <SimpleValue>Broker Confirmation Type of STANDARD NEW ZEALAND SOVEREIGN.</SimpleValue>
         </Value>
      </Row>
      <Row>
         <Value>
            <SimpleValue>StandardNorthAmericanCorporate</SimpleValue>
         </Value>
         <Value>
            <SimpleValue>FpML</SimpleValue>
         </Value>
         <Value>
            <SimpleValue>Broker Confirmation Type for STANDARD NORTH AMERICAN CORPORATE.</SimpleValue>
         </Value>
      </Row>
      <Row>
         <Value>
            <SimpleValue>StandardSingaporeCorporate</SimpleValue>
         </Value>
         <Value>
            <SimpleValue>FpML</SimpleValue>
         </Value>
         <Value>
            <SimpleValue>Broker Confirmation Type of STANDARD SINGAPORE CORPORATE.</SimpleValue>
         </Value>
      </Row>
      <Row>
         <Value>
            <SimpleValue>StandardSingaporeSovereign</SimpleValue>
         </Value>
         <Value>
            <SimpleValue>FpML</SimpleValue>
         </Value>
         <Value>
            <SimpleValue>Broker Confirmation Type of STANDARD SINGAPORE SOVEREIGN.</SimpleValue>
         </Value>
      </Row>
      <Row>
         <Value>
            <SimpleValue>StandardSubordinatedEuropeanInsuranceCorporate</SimpleValue>
         </Value>
         <Value>
            <SimpleValue>FpML</SimpleValue>
         </Value>
         <Value>
            <SimpleValue>Broker Confirmation Type for STANDARD SUBORDINATED EUROPEAN INSURANCE CORPORATE.</SimpleValue>
         </Value>
      </Row>
      <Row>
         <Value>
            <SimpleValue>StandardWesternEuropeanSovereign</SimpleValue>
         </Value>
         <Value>
            <SimpleValue>FpML</SimpleValue>
         </Value>
         <Value>
            <SimpleValue>Broker Confirmation Type for STANDARD WESTERN EUROPEAN SOVEREIGN.</SimpleValue>
         </Value>
      </Row>
      <Row>
         <Value>
            <SimpleValue>SubordinatedEuropeanInsuranceCorporate</SimpleValue>
         </Value>
         <Value>
            <SimpleValue>FpML</SimpleValue>
         </Value>
         <Value>
            <SimpleValue>Broker Confirmation Type of Subordinated European Insurance Corporate.</SimpleValue>
         </Value>
      </Row>
      <Row>
         <Value>
            <SimpleValue>SukukCorporate</SimpleValue>
         </Value>
         <Value>
            <SimpleValue>FpML</SimpleValue>
         </Value>
         <Value>
            <SimpleValue>Broker Confirmation Type of SUKUK CORPORATE.</SimpleValue>
         </Value>
      </Row>
      <Row>
         <Value>
            <SimpleValue>SukukSovereign</SimpleValue>
         </Value>
         <Value>
            <SimpleValue>FpML</SimpleValue>
         </Value>
         <Value>
            <SimpleValue>Broker Confirmation Type of SUKUK SOVEREIGN.</SimpleValue>
         </Value>
      </Row>
      <Row>
         <Value>
            <SimpleValue>SyndicatedSecuredLoanCDS</SimpleValue>
         </Value>
         <Value>
            <SimpleValue>FpML</SimpleValue>
         </Value>
         <Value>
            <SimpleValue>Syndicated Secured Loan Credit Default Swap Broker Confirmation Type.</SimpleValue>
         </Value>
      </Row>
      <Row>
         <Value>
            <SimpleValue>TRX</SimpleValue>
         </Value>
         <Value>
            <SimpleValue>FpML</SimpleValue>
         </Value>
         <Value>
            <SimpleValue>Broker Confirmation Type for TRX Transactions.</SimpleValue>
         </Value>
      </Row>
      <Row>
         <Value>
            <SimpleValue>TRX.II</SimpleValue>
         </Value>
         <Value>
            <SimpleValue>FpML</SimpleValue>
         </Value>
         <Value>
            <SimpleValue>Broker Confirmation Type for TRX.II Transactions.</SimpleValue>
         </Value>
      </Row>
      <Row>
         <Value>
            <SimpleValue>USMunicipalFullFaithAndCredit</SimpleValue>
         </Value>
         <Value>
            <SimpleValue>FpML</SimpleValue>
         </Value>
         <Value>
            <SimpleValue>Broker Confirmation Type for U.S. MUNICIPAL FULL FAITH AND CREDIT.</SimpleValue>
         </Value>
      </Row>
      <Row>
         <Value>
            <SimpleValue>USMunicipalGeneralFund</SimpleValue>
         </Value>
         <Value>
            <SimpleValue>FpML</SimpleValue>
         </Value>
         <Value>
            <SimpleValue>Broker Confirmation Type for U.S. MUNICIPAL GENERAL FUND.</SimpleValue>
         </Value>
      </Row>
      <Row>
         <Value>
            <SimpleValue>USMunicipalRevenue</SimpleValue>
         </Value>
         <Value>
            <SimpleValue>FpML</SimpleValue>
         </Value>
         <Value>
            <SimpleValue>Broker Confirmation Type for U.S. MUNICIPAL REVENUE.</SimpleValue>
         </Value>
      </Row>
      <Row>
         <Value>
            <SimpleValue>WesternEuropeanSovereign</SimpleValue>
         </Value>
         <Value>
            <SimpleValue>FpML</SimpleValue>
         </Value>
         <Value>
            <SimpleValue>Broker Confirmation Type of Western European Sovereign.</SimpleValue>
         </Value>
      </Row>
   </SimpleCodeList>
</gcl:CodeList>