<?xml version="1.0" encoding="UTF-8"?>
<gcl:CodeList xmlns:gcl="http://xml.genericode.org/2004/ns/CodeList/0.2/" xmlns:doc="http://www.fpml.org/coding-scheme/documentation" xmlns:xsi="http://www.w3.org/2001/XMLSchema-instance" xsi:schemaLocation="http://xml.genericode.org/2004/ns/CodeList/0.2/ CodeList.xsd">
   <Annotation>
      <Description>
         <doc:definition>A business day calendar location</doc:definition>
         <doc:description>
            <doc:paragraph>The codes are based on the business calendar location some of which based on the ISO country code or exchange code, or some other codes.</doc:paragraph>
            <doc:paragraph>Additional business day calendar location codes could be built according to the following rules: the first two characters represent the ISO country code, the next two characters represent 
				a) the first two letters of the location, if the location name is one word, 
				b) the first letter of the first word followed by the first letter of the second word, if the location name consists of at least two words.
				Note for creating new city codes for US and Canada: the two-letter combinations used in postal US states (http://pe.usps.gov/text/pub28/28apb.htm ) and Canadian provinces (http://www.canadapost.ca/tools/pg/manual/PGaddress-e.asp) abbreviations cannot be utilized (e.g. the code for Denver, United States is USDN and not USDE, because of the DE is the abbreviation for Delaware state ).
			</doc:paragraph>
         </doc:description>
         <doc:publicationDate>2017-04-07</doc:publicationDate>
      </Description>
   </Annotation>
   <Identification>
      <ShortName>businessCenterScheme</ShortName>
      <Version>7-22</Version>
      <CanonicalUri>http://www.fpml.org/coding-scheme/business-center</CanonicalUri>
      <CanonicalVersionUri>http://www.fpml.org/coding-scheme/business-center-7-22</CanonicalVersionUri>
      <LocationUri>http://www.fpml.org/coding-scheme/business-center-7-22.xml</LocationUri>
   </Identification>
   <ColumnSet>
      <Column Id="Code" Use="required">
         <ShortName>Code</ShortName>
         <Data Type="token">
            <Parameter ShortName="maxLength">63</Parameter>
         </Data>
      </Column>
      <Column Id="Source" Use="optional">
         <ShortName>Source</ShortName>
         <Data Type="string"/>
      </Column>
      <Column Id="Description" Use="optional">
         <ShortName>Description</ShortName>
         <Data Type="string"/>
      </Column>
      <Key Id="PrimaryKey">
         <ShortName>key</ShortName>
         <ColumnRef Ref="Code"/>
      </Key>
   </ColumnSet>
   <SimpleCodeList>
      <Row>
         <Value>
            <SimpleValue>AEAD</SimpleValue>
         </Value>
         <Value>
            <SimpleValue>FpML</SimpleValue>
         </Value>
         <Value>
            <SimpleValue>Abu Dhabi, United Arab Emirates</SimpleValue>
         </Value>
      </Row>
      <Row>
         <Value>
            <SimpleValue>AEDU</SimpleValue>
         </Value>
         <Value>
            <SimpleValue>FpML</SimpleValue>
         </Value>
         <Value>
            <SimpleValue>Dubai, United Arab Emirates</SimpleValue>
         </Value>
      </Row>
      <Row>
         <Value>
            <SimpleValue>AMYE</SimpleValue>
         </Value>
         <Value>
            <SimpleValue>FpML</SimpleValue>
         </Value>
         <Value>
            <SimpleValue>Yerevan, Armenia</SimpleValue>
         </Value>
      </Row>
      <Row>
         <Value>
            <SimpleValue>AOLU</SimpleValue>
         </Value>
         <Value>
            <SimpleValue>FpML</SimpleValue>
         </Value>
         <Value>
            <SimpleValue>Luanda, Angola</SimpleValue>
         </Value>
      </Row>
      <Row>
         <Value>
            <SimpleValue>ARBA</SimpleValue>
         </Value>
         <Value>
            <SimpleValue>FpML</SimpleValue>
         </Value>
         <Value>
            <SimpleValue>Buenos Aires, Argentina</SimpleValue>
         </Value>
      </Row>
      <Row>
         <Value>
            <SimpleValue>ATVI</SimpleValue>
         </Value>
         <Value>
            <SimpleValue>FpML</SimpleValue>
         </Value>
         <Value>
            <SimpleValue>Vienna, Austria</SimpleValue>
         </Value>
      </Row>
      <Row>
         <Value>
            <SimpleValue>AUAD</SimpleValue>
         </Value>
         <Value>
            <SimpleValue>FpML</SimpleValue>
         </Value>
         <Value>
            <SimpleValue>Adelaide,  Australia</SimpleValue>
         </Value>
      </Row>
      <Row>
         <Value>
            <SimpleValue>AUBR</SimpleValue>
         </Value>
         <Value>
            <SimpleValue>FpML</SimpleValue>
         </Value>
         <Value>
            <SimpleValue>Brisbane, Australia</SimpleValue>
         </Value>
      </Row>
      <Row>
         <Value>
            <SimpleValue>AUCA</SimpleValue>
         </Value>
         <Value>
            <SimpleValue>FpML</SimpleValue>
         </Value>
         <Value>
            <SimpleValue>Canberra, Australia</SimpleValue>
         </Value>
      </Row>
      <Row>
         <Value>
            <SimpleValue>AUDA</SimpleValue>
         </Value>
         <Value>
            <SimpleValue>FpML</SimpleValue>
         </Value>
         <Value>
            <SimpleValue>Darwin, Australia</SimpleValue>
         </Value>
      </Row>
      <Row>
         <Value>
            <SimpleValue>AUME</SimpleValue>
         </Value>
         <Value>
            <SimpleValue>FpML</SimpleValue>
         </Value>
         <Value>
            <SimpleValue>Melbourne, Australia</SimpleValue>
         </Value>
      </Row>
      <Row>
         <Value>
            <SimpleValue>AUPE</SimpleValue>
         </Value>
         <Value>
            <SimpleValue>FpML</SimpleValue>
         </Value>
         <Value>
            <SimpleValue>Perth, Australia</SimpleValue>
         </Value>
      </Row>
      <Row>
         <Value>
            <SimpleValue>AUSY</SimpleValue>
         </Value>
         <Value>
            <SimpleValue>FpML</SimpleValue>
         </Value>
         <Value>
            <SimpleValue>Sydney, Australia</SimpleValue>
         </Value>
      </Row>
      <Row>
         <Value>
            <SimpleValue>BBBR</SimpleValue>
         </Value>
         <Value>
            <SimpleValue>FpML</SimpleValue>
         </Value>
         <Value>
            <SimpleValue>Bridgetown, Barbados</SimpleValue>
         </Value>
      </Row>
      <Row>
         <Value>
            <SimpleValue>BDDH</SimpleValue>
         </Value>
         <Value>
            <SimpleValue>FpML</SimpleValue>
         </Value>
         <Value>
            <SimpleValue>Dhaka, Bangladesh</SimpleValue>
         </Value>
      </Row>
      <Row>
         <Value>
            <SimpleValue>BEBR</SimpleValue>
         </Value>
         <Value>
            <SimpleValue>FpML</SimpleValue>
         </Value>
         <Value>
            <SimpleValue>Brussels, Belgium</SimpleValue>
         </Value>
      </Row>
      <Row>
         <Value>
            <SimpleValue>BGSO</SimpleValue>
         </Value>
         <Value>
            <SimpleValue>FpML</SimpleValue>
         </Value>
         <Value>
            <SimpleValue>Sofia, Bulgaria</SimpleValue>
         </Value>
      </Row>
      <Row>
         <Value>
            <SimpleValue>BHMA</SimpleValue>
         </Value>
         <Value>
            <SimpleValue>FpML</SimpleValue>
         </Value>
         <Value>
            <SimpleValue>Manama, Bahrain</SimpleValue>
         </Value>
      </Row>
      <Row>
         <Value>
            <SimpleValue>BMHA</SimpleValue>
         </Value>
         <Value>
            <SimpleValue>FpML</SimpleValue>
         </Value>
         <Value>
            <SimpleValue>Hamilton, Bermuda</SimpleValue>
         </Value>
      </Row>
      <Row>
         <Value>
            <SimpleValue>BNBS</SimpleValue>
         </Value>
         <Value>
            <SimpleValue>FpML</SimpleValue>
         </Value>
         <Value>
            <SimpleValue>Bandar Seri Begawan, Brunei</SimpleValue>
         </Value>
      </Row>
      <Row>
         <Value>
            <SimpleValue>BOLP</SimpleValue>
         </Value>
         <Value>
            <SimpleValue>FpML</SimpleValue>
         </Value>
         <Value>
            <SimpleValue>La Paz, Bolivia</SimpleValue>
         </Value>
      </Row>
      <Row>
         <Value>
            <SimpleValue>BRBD</SimpleValue>
         </Value>
         <Value>
            <SimpleValue>FpML</SimpleValue>
         </Value>
         <Value>
            <SimpleValue>Brazil Business Day. This means a business day in any of Sao Paulo, Rio de Janeiro or Brasilia not otherwise declared as a financial market holiday by the Bolsa de Mercadorias &amp; Futuros (BM&amp;F)</SimpleValue>
         </Value>
      </Row>
      <Row>
         <Annotation>
            <Description>
               <doc:description>
                  <doc:paragraph>BRDB (Brazil Business Days; adopted at business-center-6-7, May 2009) replaces business center collection - BRBR, BRRJ, BRSP.</doc:paragraph>
                  <doc:paragraph>See: the 2009 ISDA/EMTA recommendation for BRL CDI Non-Deliverable swaps.</doc:paragraph>
               </doc:description>
            </Description>
         </Annotation>
         <Value>
            <SimpleValue>BRBR</SimpleValue>
         </Value>
         <Value>
            <SimpleValue>FpML</SimpleValue>
         </Value>
         <Value>
            <SimpleValue>Brasilia, Brazil</SimpleValue>
         </Value>
      </Row>
      <Row>
         <Annotation>
            <Description>
               <doc:description>
                  <doc:paragraph>BRDB (Brazil Business Days; adopted at business-center-6-7, May 2009) replaces business center collection - BRBR, BRRJ, BRSP.</doc:paragraph>
                  <doc:paragraph>See: the 2009 ISDA/EMTA recommendation for BRL CDI Non-Deliverable swaps.</doc:paragraph>
               </doc:description>
            </Description>
         </Annotation>
         <Value>
            <SimpleValue>BRRJ</SimpleValue>
         </Value>
         <Value>
            <SimpleValue>FpML</SimpleValue>
         </Value>
         <Value>
            <SimpleValue>Rio de Janeiro, Brazil</SimpleValue>
         </Value>
      </Row>
      <Row>
         <Annotation>
            <Description>
               <doc:description>
                  <doc:paragraph>BRDB (Brazil Business Days; adopted at business-center-6-7, May 2009) replaces business center collection - BRBR, BRRJ, BRSP.</doc:paragraph>
                  <doc:paragraph>See: the 2009 ISDA/EMTA recommendation for BRL CDI Non-Deliverable swaps.</doc:paragraph>
               </doc:description>
            </Description>
         </Annotation>
         <Value>
            <SimpleValue>BRSP</SimpleValue>
         </Value>
         <Value>
            <SimpleValue>FpML</SimpleValue>
         </Value>
         <Value>
            <SimpleValue>Sao Paulo, Brazil</SimpleValue>
         </Value>
      </Row>
      <Row>
         <Value>
            <SimpleValue>BSNA</SimpleValue>
         </Value>
         <Value>
            <SimpleValue>FpML</SimpleValue>
         </Value>
         <Value>
            <SimpleValue>Nassau, Bahamas</SimpleValue>
         </Value>
      </Row>
      <Row>
         <Value>
            <SimpleValue>BWGA</SimpleValue>
         </Value>
         <Value>
            <SimpleValue>FpML</SimpleValue>
         </Value>
         <Value>
            <SimpleValue>Gaborone, Botswana</SimpleValue>
         </Value>
      </Row>
      <Row>
         <Value>
            <SimpleValue>CACL</SimpleValue>
         </Value>
         <Value>
            <SimpleValue>FpML</SimpleValue>
         </Value>
         <Value>
            <SimpleValue>Calgary, Canada</SimpleValue>
         </Value>
      </Row>
      <Row>
         <Value>
            <SimpleValue>CAMO</SimpleValue>
         </Value>
         <Value>
            <SimpleValue>FpML</SimpleValue>
         </Value>
         <Value>
            <SimpleValue>Montreal, Canada</SimpleValue>
         </Value>
      </Row>
      <Row>
         <Value>
            <SimpleValue>CAOT</SimpleValue>
         </Value>
         <Value>
            <SimpleValue>FpML</SimpleValue>
         </Value>
         <Value>
            <SimpleValue>Ottawa, Canada</SimpleValue>
         </Value>
      </Row>
      <Row>
         <Value>
            <SimpleValue>CATO</SimpleValue>
         </Value>
         <Value>
            <SimpleValue>FpML</SimpleValue>
         </Value>
         <Value>
            <SimpleValue>Toronto, Canada</SimpleValue>
         </Value>
      </Row>
      <Row>
         <Value>
            <SimpleValue>CAVA</SimpleValue>
         </Value>
         <Value>
            <SimpleValue>FpML</SimpleValue>
         </Value>
         <Value>
            <SimpleValue>Vancouver, Canada</SimpleValue>
         </Value>
      </Row>
      <Row>
         <Value>
            <SimpleValue>CAWI</SimpleValue>
         </Value>
         <Value>
            <SimpleValue>FpML</SimpleValue>
         </Value>
         <Value>
            <SimpleValue>Winnipeg, Canada</SimpleValue>
         </Value>
      </Row>
      <Row>
         <Value>
            <SimpleValue>CHBA</SimpleValue>
         </Value>
         <Value>
            <SimpleValue>FpML</SimpleValue>
         </Value>
         <Value>
            <SimpleValue>Basel, Switzerland</SimpleValue>
         </Value>
      </Row>
      <Row>
         <Value>
            <SimpleValue>CHGE</SimpleValue>
         </Value>
         <Value>
            <SimpleValue>FpML</SimpleValue>
         </Value>
         <Value>
            <SimpleValue>Geneva, Switzerland</SimpleValue>
         </Value>
      </Row>
      <Row>
         <Value>
            <SimpleValue>CHZU</SimpleValue>
         </Value>
         <Value>
            <SimpleValue>FpML</SimpleValue>
         </Value>
         <Value>
            <SimpleValue>Zurich, Switzerland</SimpleValue>
         </Value>
      </Row>
      <Row>
         <Value>
            <SimpleValue>CIAB</SimpleValue>
         </Value>
         <Value>
            <SimpleValue>FpML</SimpleValue>
         </Value>
         <Value>
            <SimpleValue>Abidjan, Cote d'Ivoire</SimpleValue>
         </Value>
      </Row>
      <Row>
         <Value>
            <SimpleValue>CLSA</SimpleValue>
         </Value>
         <Value>
            <SimpleValue>FpML</SimpleValue>
         </Value>
         <Value>
            <SimpleValue>Santiago, Chile</SimpleValue>
         </Value>
      </Row>
      <Row>
         <Value>
            <SimpleValue>CNBE</SimpleValue>
         </Value>
         <Value>
            <SimpleValue>FpML</SimpleValue>
         </Value>
         <Value>
            <SimpleValue>Beijing, China</SimpleValue>
         </Value>
      </Row>
      <Row>
         <Value>
            <SimpleValue>CNSH</SimpleValue>
         </Value>
         <Value>
            <SimpleValue>FpML</SimpleValue>
         </Value>
         <Value>
            <SimpleValue>Shanghai, China</SimpleValue>
         </Value>
      </Row>
      <Row>
         <Value>
            <SimpleValue>COBO</SimpleValue>
         </Value>
         <Value>
            <SimpleValue>FpML</SimpleValue>
         </Value>
         <Value>
            <SimpleValue>Bogota, Colombia</SimpleValue>
         </Value>
      </Row>
      <Row>
         <Value>
            <SimpleValue>CRSJ</SimpleValue>
         </Value>
         <Value>
            <SimpleValue>FpML</SimpleValue>
         </Value>
         <Value>
            <SimpleValue>San Jose, Costa Rica</SimpleValue>
         </Value>
      </Row>
      <Row>
         <Value>
            <SimpleValue>CYNI</SimpleValue>
         </Value>
         <Value>
            <SimpleValue>FpML</SimpleValue>
         </Value>
         <Value>
            <SimpleValue>Nicosia, Cyprus</SimpleValue>
         </Value>
      </Row>
      <Row>
         <Value>
            <SimpleValue>CZPR</SimpleValue>
         </Value>
         <Value>
            <SimpleValue>FpML</SimpleValue>
         </Value>
         <Value>
            <SimpleValue>Prague, Czech Republic</SimpleValue>
         </Value>
      </Row>
      <Row>
         <Value>
            <SimpleValue>DECO</SimpleValue>
         </Value>
         <Value>
            <SimpleValue>FpML</SimpleValue>
         </Value>
         <Value>
            <SimpleValue>Cologne, Germany</SimpleValue>
         </Value>
      </Row>
      <Row>
         <Value>
            <SimpleValue>DEDU</SimpleValue>
         </Value>
         <Value>
            <SimpleValue>FpML</SimpleValue>
         </Value>
         <Value>
            <SimpleValue>Dusseldorf, Germany</SimpleValue>
         </Value>
      </Row>
      <Row>
         <Value>
            <SimpleValue>DEFR</SimpleValue>
         </Value>
         <Value>
            <SimpleValue>FpML</SimpleValue>
         </Value>
         <Value>
            <SimpleValue>Frankfurt, Germany</SimpleValue>
         </Value>
      </Row>
      <Row>
         <Value>
            <SimpleValue>DELE</SimpleValue>
         </Value>
         <Value>
            <SimpleValue>FpML</SimpleValue>
         </Value>
         <Value>
            <SimpleValue>Leipzig, Germany</SimpleValue>
         </Value>
      </Row>
      <Row>
         <Value>
            <SimpleValue>DEMA</SimpleValue>
         </Value>
         <Value>
            <SimpleValue>FpML</SimpleValue>
         </Value>
         <Value>
            <SimpleValue>Mainz, Germany</SimpleValue>
         </Value>
      </Row>
      <Row>
         <Value>
            <SimpleValue>DEMU</SimpleValue>
         </Value>
         <Value>
            <SimpleValue>FpML</SimpleValue>
         </Value>
         <Value>
            <SimpleValue>Munich, Germany</SimpleValue>
         </Value>
      </Row>
      <Row>
         <Value>
            <SimpleValue>DEST</SimpleValue>
         </Value>
         <Value>
            <SimpleValue>FpML</SimpleValue>
         </Value>
         <Value>
            <SimpleValue>Stuttgart, Germany</SimpleValue>
         </Value>
      </Row>
      <Row>
         <Value>
            <SimpleValue>DKCO</SimpleValue>
         </Value>
         <Value>
            <SimpleValue>FpML</SimpleValue>
         </Value>
         <Value>
            <SimpleValue>Copenhagen, Denmark</SimpleValue>
         </Value>
      </Row>
      <Row>
         <Value>
            <SimpleValue>DOSD</SimpleValue>
         </Value>
         <Value>
            <SimpleValue>FpML</SimpleValue>
         </Value>
         <Value>
            <SimpleValue>Santo Domingo, Dominican Republic</SimpleValue>
         </Value>
      </Row>
      <Row>
         <Value>
            <SimpleValue>DZAL</SimpleValue>
         </Value>
         <Value>
            <SimpleValue>FpML</SimpleValue>
         </Value>
         <Value>
            <SimpleValue>Algiers, Algeria</SimpleValue>
         </Value>
      </Row>
      <Row>
         <Value>
            <SimpleValue>EETA</SimpleValue>
         </Value>
         <Value>
            <SimpleValue>FpML</SimpleValue>
         </Value>
         <Value>
            <SimpleValue>Tallinn, Estonia</SimpleValue>
         </Value>
      </Row>
      <Row>
         <Value>
            <SimpleValue>EGCA</SimpleValue>
         </Value>
         <Value>
            <SimpleValue>FpML</SimpleValue>
         </Value>
         <Value>
            <SimpleValue>Cairo, Egypt</SimpleValue>
         </Value>
      </Row>
      <Row>
         <Value>
            <SimpleValue>ESAS</SimpleValue>
         </Value>
         <Value>
            <SimpleValue>FpML</SimpleValue>
         </Value>
         <Value>
            <SimpleValue>ESAS Settlement Day (as defined in 2006 ISDA Definitions Section 7.1 and Supplement Number 15 to the 2000 ISDA Definitions)</SimpleValue>
         </Value>
      </Row>
      <Row>
         <Value>
            <SimpleValue>ESBA</SimpleValue>
         </Value>
         <Value>
            <SimpleValue>FpML</SimpleValue>
         </Value>
         <Value>
            <SimpleValue>Barcelona, Spain</SimpleValue>
         </Value>
      </Row>
      <Row>
         <Value>
            <SimpleValue>ESMA</SimpleValue>
         </Value>
         <Value>
            <SimpleValue>FpML</SimpleValue>
         </Value>
         <Value>
            <SimpleValue>Madrid, Spain</SimpleValue>
         </Value>
      </Row>
      <Row>
         <Value>
            <SimpleValue>ETAA</SimpleValue>
         </Value>
         <Value>
            <SimpleValue>FpML</SimpleValue>
         </Value>
         <Value>
            <SimpleValue>Addis Ababa, Ethiopia</SimpleValue>
         </Value>
      </Row>
      <Row>
         <Value>
            <SimpleValue>EUTA</SimpleValue>
         </Value>
         <Value>
            <SimpleValue>FpML</SimpleValue>
         </Value>
         <Value>
            <SimpleValue>TARGET (euro 'Business Center')</SimpleValue>
         </Value>
      </Row>
      <Row>
         <Value>
            <SimpleValue>FIHE</SimpleValue>
         </Value>
         <Value>
            <SimpleValue>FpML</SimpleValue>
         </Value>
         <Value>
            <SimpleValue>Helsinki, Finland</SimpleValue>
         </Value>
      </Row>
      <Row>
         <Value>
            <SimpleValue>FRPA</SimpleValue>
         </Value>
         <Value>
            <SimpleValue>FpML</SimpleValue>
         </Value>
         <Value>
            <SimpleValue>Paris, France</SimpleValue>
         </Value>
      </Row>
      <Row>
         <Value>
            <SimpleValue>GBED</SimpleValue>
         </Value>
         <Value>
            <SimpleValue>FpML</SimpleValue>
         </Value>
         <Value>
            <SimpleValue>Edinburgh, Scotland</SimpleValue>
         </Value>
      </Row>
      <Row>
         <Value>
            <SimpleValue>GBLO</SimpleValue>
         </Value>
         <Value>
            <SimpleValue>FpML</SimpleValue>
         </Value>
         <Value>
            <SimpleValue>London, United Kingdom</SimpleValue>
         </Value>
      </Row>
      <Row>
         <Value>
            <SimpleValue>GETB</SimpleValue>
         </Value>
         <Value>
            <SimpleValue>FpML</SimpleValue>
         </Value>
         <Value>
            <SimpleValue>Tbilisi, Georgia</SimpleValue>
         </Value>
      </Row>
      <Row>
         <Value>
            <SimpleValue>GGSP</SimpleValue>
         </Value>
         <Value>
            <SimpleValue>FpML</SimpleValue>
         </Value>
         <Value>
            <SimpleValue>Saint Peter Port, Guernsey</SimpleValue>
         </Value>
      </Row>
      <Row>
         <Value>
            <SimpleValue>GHAC</SimpleValue>
         </Value>
         <Value>
            <SimpleValue>FpML</SimpleValue>
         </Value>
         <Value>
            <SimpleValue>Accra, Ghana</SimpleValue>
         </Value>
      </Row>
      <Row>
         <Value>
            <SimpleValue>GRAT</SimpleValue>
         </Value>
         <Value>
            <SimpleValue>FpML</SimpleValue>
         </Value>
         <Value>
            <SimpleValue>Athens, Greece</SimpleValue>
         </Value>
      </Row>
      <Row>
         <Value>
            <SimpleValue>HKHK</SimpleValue>
         </Value>
         <Value>
            <SimpleValue>FpML</SimpleValue>
         </Value>
         <Value>
            <SimpleValue>Hong Kong, Hong Kong</SimpleValue>
         </Value>
      </Row>
      <Row>
         <Value>
            <SimpleValue>HNTE</SimpleValue>
         </Value>
         <Value>
            <SimpleValue>FpML</SimpleValue>
         </Value>
         <Value>
            <SimpleValue>Tegucigalpa, Honduras</SimpleValue>
         </Value>
      </Row>
      <Row>
         <Value>
            <SimpleValue>HRZA</SimpleValue>
         </Value>
         <Value>
            <SimpleValue>FpML</SimpleValue>
         </Value>
         <Value>
            <SimpleValue>Zagreb, Republic of Croatia</SimpleValue>
         </Value>
      </Row>
      <Row>
         <Value>
            <SimpleValue>HUBU</SimpleValue>
         </Value>
         <Value>
            <SimpleValue>FpML</SimpleValue>
         </Value>
         <Value>
            <SimpleValue>Budapest, Hungary</SimpleValue>
         </Value>
      </Row>
      <Row>
         <Value>
            <SimpleValue>IDJA</SimpleValue>
         </Value>
         <Value>
            <SimpleValue>FpML</SimpleValue>
         </Value>
         <Value>
            <SimpleValue>Jakarta, Indonesia</SimpleValue>
         </Value>
      </Row>
      <Row>
         <Value>
            <SimpleValue>IEDU</SimpleValue>
         </Value>
         <Value>
            <SimpleValue>FpML</SimpleValue>
         </Value>
         <Value>
            <SimpleValue>Dublin, Ireland</SimpleValue>
         </Value>
      </Row>
      <Row>
         <Value>
            <SimpleValue>ILJE</SimpleValue>
         </Value>
         <Value>
            <SimpleValue>FpML</SimpleValue>
         </Value>
         <Value>
            <SimpleValue>Jerusalem, Israel</SimpleValue>
         </Value>
      </Row>
      <Row>
         <Value>
            <SimpleValue>ILTA</SimpleValue>
         </Value>
         <Value>
            <SimpleValue>FpML</SimpleValue>
         </Value>
         <Value>
            <SimpleValue>Tel Aviv, Israel</SimpleValue>
         </Value>
      </Row>
      <Row>
         <Value>
            <SimpleValue>INBA</SimpleValue>
         </Value>
         <Value>
            <SimpleValue>FpML</SimpleValue>
         </Value>
         <Value>
            <SimpleValue>Bangalore, India</SimpleValue>
         </Value>
      </Row>
      <Row>
         <Value>
            <SimpleValue>INCH</SimpleValue>
         </Value>
         <Value>
            <SimpleValue>FpML</SimpleValue>
         </Value>
         <Value>
            <SimpleValue>Chennai, India</SimpleValue>
         </Value>
      </Row>
      <Row>
         <Value>
            <SimpleValue>INHY</SimpleValue>
         </Value>
         <Value>
            <SimpleValue>FpML</SimpleValue>
         </Value>
         <Value>
            <SimpleValue>Hyderabad, India</SimpleValue>
         </Value>
      </Row>
      <Row>
         <Value>
            <SimpleValue>INKO</SimpleValue>
         </Value>
         <Value>
            <SimpleValue>FpML</SimpleValue>
         </Value>
         <Value>
            <SimpleValue>Kolkata, India</SimpleValue>
         </Value>
      </Row>
      <Row>
         <Value>
            <SimpleValue>INMU</SimpleValue>
         </Value>
         <Value>
            <SimpleValue>FpML</SimpleValue>
         </Value>
         <Value>
            <SimpleValue>Mumbai, India</SimpleValue>
         </Value>
      </Row>
      <Row>
         <Value>
            <SimpleValue>INND</SimpleValue>
         </Value>
         <Value>
            <SimpleValue>FpML</SimpleValue>
         </Value>
         <Value>
            <SimpleValue>New Delhi, India</SimpleValue>
         </Value>
      </Row>
      <Row>
         <Value>
            <SimpleValue>IRTE</SimpleValue>
         </Value>
         <Value>
            <SimpleValue>FpML</SimpleValue>
         </Value>
         <Value>
            <SimpleValue>Tehran, Iran</SimpleValue>
         </Value>
      </Row>
      <Row>
         <Value>
            <SimpleValue>ISRE</SimpleValue>
         </Value>
         <Value>
            <SimpleValue>FpML</SimpleValue>
         </Value>
         <Value>
            <SimpleValue>Reykjavik, Iceland</SimpleValue>
         </Value>
      </Row>
      <Row>
         <Value>
            <SimpleValue>ITMI</SimpleValue>
         </Value>
         <Value>
            <SimpleValue>FpML</SimpleValue>
         </Value>
         <Value>
            <SimpleValue>Milan, Italy</SimpleValue>
         </Value>
      </Row>
      <Row>
         <Value>
            <SimpleValue>ITRO</SimpleValue>
         </Value>
         <Value>
            <SimpleValue>FpML</SimpleValue>
         </Value>
         <Value>
            <SimpleValue>Rome, Italy</SimpleValue>
         </Value>
      </Row>
      <Row>
         <Value>
            <SimpleValue>ITTU</SimpleValue>
         </Value>
         <Value>
            <SimpleValue>FpML</SimpleValue>
         </Value>
         <Value>
            <SimpleValue>Turin, Italy</SimpleValue>
         </Value>
      </Row>
      <Row>
         <Value>
            <SimpleValue>JESH</SimpleValue>
         </Value>
         <Value>
            <SimpleValue>FpML</SimpleValue>
         </Value>
         <Value>
            <SimpleValue>St. Helier, Channel Islands, Jersey</SimpleValue>
         </Value>
      </Row>
      <Row>
         <Value>
            <SimpleValue>JMKI</SimpleValue>
         </Value>
         <Value>
            <SimpleValue>FpML</SimpleValue>
         </Value>
         <Value>
            <SimpleValue>Kingston, Jamaica</SimpleValue>
         </Value>
      </Row>
      <Row>
         <Value>
            <SimpleValue>JOAM</SimpleValue>
         </Value>
         <Value>
            <SimpleValue>FpML</SimpleValue>
         </Value>
         <Value>
            <SimpleValue>Amman, Jordan</SimpleValue>
         </Value>
      </Row>
      <Row>
         <Value>
            <SimpleValue>JPTO</SimpleValue>
         </Value>
         <Value>
            <SimpleValue>FpML</SimpleValue>
         </Value>
         <Value>
            <SimpleValue>Tokyo, Japan</SimpleValue>
         </Value>
      </Row>
      <Row>
         <Value>
            <SimpleValue>KENA</SimpleValue>
         </Value>
         <Value>
            <SimpleValue>FpML</SimpleValue>
         </Value>
         <Value>
            <SimpleValue>Nairobi, Kenya</SimpleValue>
         </Value>
      </Row>
      <Row>
         <Value>
            <SimpleValue>KRSE</SimpleValue>
         </Value>
         <Value>
            <SimpleValue>FpML</SimpleValue>
         </Value>
         <Value>
            <SimpleValue>Seoul, Republic of Korea</SimpleValue>
         </Value>
      </Row>
      <Row>
         <Value>
            <SimpleValue>KWKC</SimpleValue>
         </Value>
         <Value>
            <SimpleValue>FpML</SimpleValue>
         </Value>
         <Value>
            <SimpleValue>Kuwait City, Kuwait</SimpleValue>
         </Value>
      </Row>
      <Row>
         <Value>
            <SimpleValue>KYGE</SimpleValue>
         </Value>
         <Value>
            <SimpleValue>FpML</SimpleValue>
         </Value>
         <Value>
            <SimpleValue>George Town, Cayman Islands</SimpleValue>
         </Value>
      </Row>
      <Row>
         <Value>
            <SimpleValue>KZAL</SimpleValue>
         </Value>
         <Value>
            <SimpleValue>FpML</SimpleValue>
         </Value>
         <Value>
            <SimpleValue>Almaty, Kazakhstan</SimpleValue>
         </Value>
      </Row>
      <Row>
         <Value>
            <SimpleValue>LBBE</SimpleValue>
         </Value>
         <Value>
            <SimpleValue>FpML</SimpleValue>
         </Value>
         <Value>
            <SimpleValue>Beirut, Lebanon</SimpleValue>
         </Value>
      </Row>
      <Row>
         <Value>
            <SimpleValue>LKCO</SimpleValue>
         </Value>
         <Value>
            <SimpleValue>FpML</SimpleValue>
         </Value>
         <Value>
            <SimpleValue>Colombo, Sri Lanka</SimpleValue>
         </Value>
      </Row>
      <Row>
         <Value>
            <SimpleValue>LULU</SimpleValue>
         </Value>
         <Value>
            <SimpleValue>FpML</SimpleValue>
         </Value>
         <Value>
            <SimpleValue>Luxembourg, Luxembourg</SimpleValue>
         </Value>
      </Row>
      <Row>
         <Value>
            <SimpleValue>LVRI</SimpleValue>
         </Value>
         <Value>
            <SimpleValue>FpML</SimpleValue>
         </Value>
         <Value>
            <SimpleValue>Riga, Latvia</SimpleValue>
         </Value>
      </Row>
      <Row>
         <Value>
            <SimpleValue>MACA</SimpleValue>
         </Value>
         <Value>
            <SimpleValue>FpML</SimpleValue>
         </Value>
         <Value>
            <SimpleValue>Casablanca, Morocco</SimpleValue>
         </Value>
      </Row>
      <Row>
         <Value>
            <SimpleValue>MARA</SimpleValue>
         </Value>
         <Value>
            <SimpleValue>FpML</SimpleValue>
         </Value>
         <Value>
            <SimpleValue>Rabat, Morocco</SimpleValue>
         </Value>
      </Row>
      <Row>
         <Value>
            <SimpleValue>MCMO</SimpleValue>
         </Value>
         <Value>
            <SimpleValue>FpML</SimpleValue>
         </Value>
         <Value>
            <SimpleValue>Monaco, Monaco</SimpleValue>
         </Value>
      </Row>
      <Row>
         <Value>
            <SimpleValue>MOMA</SimpleValue>
         </Value>
         <Value>
            <SimpleValue>FpML</SimpleValue>
         </Value>
         <Value>
            <SimpleValue>Macau, Macao</SimpleValue>
         </Value>
      </Row>
      <Row>
         <Value>
            <SimpleValue>MTVA</SimpleValue>
         </Value>
         <Value>
            <SimpleValue>FpML</SimpleValue>
         </Value>
         <Value>
            <SimpleValue>Valletta, Malta</SimpleValue>
         </Value>
      </Row>
      <Row>
         <Value>
            <SimpleValue>MUPL</SimpleValue>
         </Value>
         <Value>
            <SimpleValue>FpML</SimpleValue>
         </Value>
         <Value>
            <SimpleValue>Port Louis, Mauritius</SimpleValue>
         </Value>
      </Row>
      <Row>
         <Value>
            <SimpleValue>MVMA</SimpleValue>
         </Value>
         <Value>
            <SimpleValue>FpML</SimpleValue>
         </Value>
         <Value>
            <SimpleValue>Male, Maldives</SimpleValue>
         </Value>
      </Row>
      <Row>
         <Value>
            <SimpleValue>MWLI</SimpleValue>
         </Value>
         <Value>
            <SimpleValue>FpML</SimpleValue>
         </Value>
         <Value>
            <SimpleValue>Lilongwe, Malawi</SimpleValue>
         </Value>
      </Row>
      <Row>
         <Value>
            <SimpleValue>MXMC</SimpleValue>
         </Value>
         <Value>
            <SimpleValue>FpML</SimpleValue>
         </Value>
         <Value>
            <SimpleValue>Mexico City, Mexico</SimpleValue>
         </Value>
      </Row>
      <Row>
         <Value>
            <SimpleValue>MYKL</SimpleValue>
         </Value>
         <Value>
            <SimpleValue>FpML</SimpleValue>
         </Value>
         <Value>
            <SimpleValue>Kuala Lumpur, Malaysia</SimpleValue>
         </Value>
      </Row>
      <Row>
         <Value>
            <SimpleValue>MYLA</SimpleValue>
         </Value>
         <Value>
            <SimpleValue>FpML</SimpleValue>
         </Value>
         <Value>
            <SimpleValue>Labuan, Malaysia</SimpleValue>
         </Value>
      </Row>
      <Row>
         <Value>
            <SimpleValue>NAWI</SimpleValue>
         </Value>
         <Value>
            <SimpleValue>FpML</SimpleValue>
         </Value>
         <Value>
            <SimpleValue>Windhoek, Namibia</SimpleValue>
         </Value>
      </Row>
      <Row>
         <Value>
            <SimpleValue>NGAB</SimpleValue>
         </Value>
         <Value>
            <SimpleValue>FpML</SimpleValue>
         </Value>
         <Value>
            <SimpleValue>Abuja, Nigeria</SimpleValue>
         </Value>
      </Row>
      <Row>
         <Value>
            <SimpleValue>NGLA</SimpleValue>
         </Value>
         <Value>
            <SimpleValue>FpML</SimpleValue>
         </Value>
         <Value>
            <SimpleValue>Lagos, Nigeria</SimpleValue>
         </Value>
      </Row>
      <Row>
         <Value>
            <SimpleValue>NLAM</SimpleValue>
         </Value>
         <Value>
            <SimpleValue>FpML</SimpleValue>
         </Value>
         <Value>
            <SimpleValue>Amsterdam, Netherlands</SimpleValue>
         </Value>
      </Row>
      <Row>
         <Value>
            <SimpleValue>NLRO</SimpleValue>
         </Value>
         <Value>
            <SimpleValue>FpML</SimpleValue>
         </Value>
         <Value>
            <SimpleValue>Rotterdam, Netherlands</SimpleValue>
         </Value>
      </Row>
      <Row>
         <Value>
            <SimpleValue>NOOS</SimpleValue>
         </Value>
         <Value>
            <SimpleValue>FpML</SimpleValue>
         </Value>
         <Value>
            <SimpleValue>Oslo, Norway</SimpleValue>
         </Value>
      </Row>
      <Row>
         <Value>
            <SimpleValue>NPKA</SimpleValue>
         </Value>
         <Value>
            <SimpleValue>FpML</SimpleValue>
         </Value>
         <Value>
            <SimpleValue>Kathmandu, Nepal</SimpleValue>
         </Value>
      </Row>
      <Row>
         <Value>
            <SimpleValue>NYFD</SimpleValue>
         </Value>
         <Value>
            <SimpleValue>FpML</SimpleValue>
         </Value>
         <Value>
            <SimpleValue>New York Fed Business Day (as defined in 2006 ISDA Definitions Section 1.9 and 2000 ISDA Definitions Section 1.9)</SimpleValue>
         </Value>
      </Row>
      <Row>
         <Value>
            <SimpleValue>NYSE</SimpleValue>
         </Value>
         <Value>
            <SimpleValue>FpML</SimpleValue>
         </Value>
         <Value>
            <SimpleValue>New York Stock Exchange Business Day (as defined in 2006 ISDA Definitions Section 1.10 and 2000 ISDA Definitions Section 1.10)</SimpleValue>
         </Value>
      </Row>
      <Row>
         <Value>
            <SimpleValue>NZAU</SimpleValue>
         </Value>
         <Value>
            <SimpleValue>FpML</SimpleValue>
         </Value>
         <Value>
            <SimpleValue>Auckland, New Zealand</SimpleValue>
         </Value>
      </Row>
      <Row>
         <Value>
            <SimpleValue>NZWE</SimpleValue>
         </Value>
         <Value>
            <SimpleValue>FpML</SimpleValue>
         </Value>
         <Value>
            <SimpleValue>Wellington, New Zealand</SimpleValue>
         </Value>
      </Row>
      <Row>
         <Value>
            <SimpleValue>OMMU</SimpleValue>
         </Value>
         <Value>
            <SimpleValue>FpML</SimpleValue>
         </Value>
         <Value>
            <SimpleValue>Muscat, Oman</SimpleValue>
         </Value>
      </Row>
      <Row>
         <Value>
            <SimpleValue>PAPC</SimpleValue>
         </Value>
         <Value>
            <SimpleValue>FpML</SimpleValue>
         </Value>
         <Value>
            <SimpleValue>Panama City, Panama</SimpleValue>
         </Value>
      </Row>
      <Row>
         <Value>
            <SimpleValue>PELI</SimpleValue>
         </Value>
         <Value>
            <SimpleValue>FpML</SimpleValue>
         </Value>
         <Value>
            <SimpleValue>Lima, Peru</SimpleValue>
         </Value>
      </Row>
      <Row>
         <Value>
            <SimpleValue>PHMA</SimpleValue>
         </Value>
         <Value>
            <SimpleValue>FpML</SimpleValue>
         </Value>
         <Value>
            <SimpleValue>Manila, Philippines</SimpleValue>
         </Value>
      </Row>
      <Row>
         <Value>
            <SimpleValue>PHMK</SimpleValue>
         </Value>
         <Value>
            <SimpleValue>FpML</SimpleValue>
         </Value>
         <Value>
            <SimpleValue>Makati, Philippines</SimpleValue>
         </Value>
      </Row>
      <Row>
         <Value>
            <SimpleValue>PKKA</SimpleValue>
         </Value>
         <Value>
            <SimpleValue>FpML</SimpleValue>
         </Value>
         <Value>
            <SimpleValue>Karachi, Pakistan</SimpleValue>
         </Value>
      </Row>
      <Row>
         <Value>
            <SimpleValue>PLWA</SimpleValue>
         </Value>
         <Value>
            <SimpleValue>FpML</SimpleValue>
         </Value>
         <Value>
            <SimpleValue>Warsaw, Poland</SimpleValue>
         </Value>
      </Row>
      <Row>
         <Value>
            <SimpleValue>PRSJ</SimpleValue>
         </Value>
         <Value>
            <SimpleValue>FpML</SimpleValue>
         </Value>
         <Value>
            <SimpleValue>San Juan, Puerto Rico</SimpleValue>
         </Value>
      </Row>
      <Row>
         <Value>
            <SimpleValue>PTLI</SimpleValue>
         </Value>
         <Value>
            <SimpleValue>FpML</SimpleValue>
         </Value>
         <Value>
            <SimpleValue>Lisbon, Portugal</SimpleValue>
         </Value>
      </Row>
      <Row>
         <Value>
            <SimpleValue>QADO</SimpleValue>
         </Value>
         <Value>
            <SimpleValue>FpML</SimpleValue>
         </Value>
         <Value>
            <SimpleValue>Doha, Qatar</SimpleValue>
         </Value>
      </Row>
      <Row>
         <Value>
            <SimpleValue>ROBU</SimpleValue>
         </Value>
         <Value>
            <SimpleValue>FpML</SimpleValue>
         </Value>
         <Value>
            <SimpleValue>Bucarest, Romania</SimpleValue>
         </Value>
      </Row>
      <Row>
         <Value>
            <SimpleValue>RSBE</SimpleValue>
         </Value>
         <Value>
            <SimpleValue>FpML</SimpleValue>
         </Value>
         <Value>
            <SimpleValue>Belgrade, Serbia</SimpleValue>
         </Value>
      </Row>
      <Row>
         <Value>
            <SimpleValue>RUMO</SimpleValue>
         </Value>
         <Value>
            <SimpleValue>FpML</SimpleValue>
         </Value>
         <Value>
            <SimpleValue>Moscow, Russian Federation</SimpleValue>
         </Value>
      </Row>
      <Row>
         <Value>
            <SimpleValue>SAAB</SimpleValue>
         </Value>
         <Value>
            <SimpleValue>FpML</SimpleValue>
         </Value>
         <Value>
            <SimpleValue>Abha, Saudi Arabia</SimpleValue>
         </Value>
      </Row>
      <Row>
         <Value>
            <SimpleValue>SAJE</SimpleValue>
         </Value>
         <Value>
            <SimpleValue>FpML</SimpleValue>
         </Value>
         <Value>
            <SimpleValue>Jeddah, Saudi Arabia</SimpleValue>
         </Value>
      </Row>
      <Row>
         <Value>
            <SimpleValue>SARI</SimpleValue>
         </Value>
         <Value>
            <SimpleValue>FpML</SimpleValue>
         </Value>
         <Value>
            <SimpleValue>Riyadh, Saudi Arabia</SimpleValue>
         </Value>
      </Row>
      <Row>
         <Value>
            <SimpleValue>SEST</SimpleValue>
         </Value>
         <Value>
            <SimpleValue>FpML</SimpleValue>
         </Value>
         <Value>
            <SimpleValue>Stockholm, Sweden</SimpleValue>
         </Value>
      </Row>
      <Row>
         <Value>
            <SimpleValue>SGSI</SimpleValue>
         </Value>
         <Value>
            <SimpleValue>FpML</SimpleValue>
         </Value>
         <Value>
            <SimpleValue>Singapore, Singapore</SimpleValue>
         </Value>
      </Row>
      <Row>
         <Value>
            <SimpleValue>SILJ</SimpleValue>
         </Value>
         <Value>
            <SimpleValue>FpML</SimpleValue>
         </Value>
         <Value>
            <SimpleValue>Ljubljana, Slovenia</SimpleValue>
         </Value>
      </Row>
      <Row>
         <Value>
            <SimpleValue>SKBR</SimpleValue>
         </Value>
         <Value>
            <SimpleValue>FpML</SimpleValue>
         </Value>
         <Value>
            <SimpleValue>Bratislava, Slovakia</SimpleValue>
         </Value>
      </Row>
      <Row>
         <Value>
            <SimpleValue>SNDA</SimpleValue>
         </Value>
         <Value>
            <SimpleValue>FpML</SimpleValue>
         </Value>
         <Value>
            <SimpleValue>Dakar, Senegal</SimpleValue>
         </Value>
      </Row>
      <Row>
         <Value>
            <SimpleValue>SVSS</SimpleValue>
         </Value>
         <Value>
            <SimpleValue>FpML</SimpleValue>
         </Value>
         <Value>
            <SimpleValue>San Salvador, El Salvador</SimpleValue>
         </Value>
      </Row>
      <Row>
         <Value>
            <SimpleValue>THBA</SimpleValue>
         </Value>
         <Value>
            <SimpleValue>FpML</SimpleValue>
         </Value>
         <Value>
            <SimpleValue>Bangkok, Thailand</SimpleValue>
         </Value>
      </Row>
      <Row>
         <Value>
            <SimpleValue>TNTU</SimpleValue>
         </Value>
         <Value>
            <SimpleValue>FpML</SimpleValue>
         </Value>
         <Value>
            <SimpleValue>Tunis, Tunisia</SimpleValue>
         </Value>
      </Row>
      <Row>
         <Value>
            <SimpleValue>TRAN</SimpleValue>
         </Value>
         <Value>
            <SimpleValue>FpML</SimpleValue>
         </Value>
         <Value>
            <SimpleValue>Ankara, Turkey</SimpleValue>
         </Value>
      </Row>
      <Row>
         <Value>
            <SimpleValue>TRIS</SimpleValue>
         </Value>
         <Value>
            <SimpleValue>FpML</SimpleValue>
         </Value>
         <Value>
            <SimpleValue>Istanbul, Turkey</SimpleValue>
         </Value>
      </Row>
      <Row>
         <Value>
            <SimpleValue>TTPS</SimpleValue>
         </Value>
         <Value>
            <SimpleValue>FpML</SimpleValue>
         </Value>
         <Value>
            <SimpleValue>Port of Spain, Trinidad and Tobago</SimpleValue>
         </Value>
      </Row>
      <Row>
         <Value>
            <SimpleValue>TWTA</SimpleValue>
         </Value>
         <Value>
            <SimpleValue>FpML</SimpleValue>
         </Value>
         <Value>
            <SimpleValue>Taipei, Taiwan</SimpleValue>
         </Value>
      </Row>
      <Row>
         <Value>
            <SimpleValue>TZDA</SimpleValue>
         </Value>
         <Value>
            <SimpleValue>FpML</SimpleValue>
         </Value>
         <Value>
            <SimpleValue>Dar es Salaam, Tanzania</SimpleValue>
         </Value>
      </Row>
      <Row>
         <Value>
            <SimpleValue>TZDO</SimpleValue>
         </Value>
         <Value>
            <SimpleValue>FpML</SimpleValue>
         </Value>
         <Value>
            <SimpleValue>Dodoma, Tanzania</SimpleValue>
         </Value>
      </Row>
      <Row>
         <Value>
            <SimpleValue>UAKI</SimpleValue>
         </Value>
         <Value>
            <SimpleValue>FpML</SimpleValue>
         </Value>
         <Value>
            <SimpleValue>Kiev, Ukraine</SimpleValue>
         </Value>
      </Row>
      <Row>
         <Value>
            <SimpleValue>UGKA</SimpleValue>
         </Value>
         <Value>
            <SimpleValue>FpML</SimpleValue>
         </Value>
         <Value>
            <SimpleValue>Kampala, Uganda</SimpleValue>
         </Value>
      </Row>
      <Row>
         <Value>
            <SimpleValue>USBO</SimpleValue>
         </Value>
         <Value>
            <SimpleValue>FpML</SimpleValue>
         </Value>
         <Value>
            <SimpleValue>Boston, Massachusetts, United States</SimpleValue>
         </Value>
      </Row>
      <Row>
         <Value>
            <SimpleValue>USCH</SimpleValue>
         </Value>
         <Value>
            <SimpleValue>FpML</SimpleValue>
         </Value>
         <Value>
            <SimpleValue>Chicago, United States</SimpleValue>
         </Value>
      </Row>
      <Row>
         <Value>
            <SimpleValue>USCR</SimpleValue>
         </Value>
         <Value>
            <SimpleValue>FpML</SimpleValue>
         </Value>
         <Value>
            <SimpleValue>Charlotte, North Carolina, United States</SimpleValue>
         </Value>
      </Row>
      <Row>
         <Value>
            <SimpleValue>USDC</SimpleValue>
         </Value>
         <Value>
            <SimpleValue>FpML</SimpleValue>
         </Value>
         <Value>
            <SimpleValue>Washington, District of Columbia, United States</SimpleValue>
         </Value>
      </Row>
      <Row>
         <Value>
            <SimpleValue>USDN</SimpleValue>
         </Value>
         <Value>
            <SimpleValue>FpML</SimpleValue>
         </Value>
         <Value>
            <SimpleValue>Denver, United States</SimpleValue>
         </Value>
      </Row>
      <Row>
         <Value>
            <SimpleValue>USDT</SimpleValue>
         </Value>
         <Value>
            <SimpleValue>FpML</SimpleValue>
         </Value>
         <Value>
            <SimpleValue>Detroit, Michigan, United States</SimpleValue>
         </Value>
      </Row>
      <Row>
         <Value>
            <SimpleValue>USGS</SimpleValue>
         </Value>
         <Value>
            <SimpleValue>FpML</SimpleValue>
         </Value>
         <Value>
            <SimpleValue>U.S. Government Securities Business Day (as defined in 2006 ISDA Definitions Section 1.11 and 2000 ISDA Definitions Section 1.11)</SimpleValue>
         </Value>
      </Row>
      <Row>
         <Value>
            <SimpleValue>USHL</SimpleValue>
         </Value>
         <Value>
            <SimpleValue>FpML</SimpleValue>
         </Value>
         <Value>
            <SimpleValue>Honolulu, Hawaii, United States</SimpleValue>
         </Value>
      </Row>
      <Row>
         <Value>
            <SimpleValue>USHO</SimpleValue>
         </Value>
         <Value>
            <SimpleValue>FpML</SimpleValue>
         </Value>
         <Value>
            <SimpleValue>Houston, United States</SimpleValue>
         </Value>
      </Row>
      <Row>
         <Value>
            <SimpleValue>USLA</SimpleValue>
         </Value>
         <Value>
            <SimpleValue>FpML</SimpleValue>
         </Value>
         <Value>
            <SimpleValue>Los Angeles, United States</SimpleValue>
         </Value>
      </Row>
      <Row>
         <Value>
            <SimpleValue>USMB</SimpleValue>
         </Value>
         <Value>
            <SimpleValue>FpML</SimpleValue>
         </Value>
         <Value>
            <SimpleValue>Mobile, Alabama, United States</SimpleValue>
         </Value>
      </Row>
      <Row>
         <Value>
            <SimpleValue>USMN</SimpleValue>
         </Value>
         <Value>
            <SimpleValue>FpML</SimpleValue>
         </Value>
         <Value>
            <SimpleValue>Minneapolis, United States</SimpleValue>
         </Value>
      </Row>
      <Row>
         <Value>
            <SimpleValue>USNY</SimpleValue>
         </Value>
         <Value>
            <SimpleValue>FpML</SimpleValue>
         </Value>
         <Value>
            <SimpleValue>New York, United States</SimpleValue>
         </Value>
      </Row>
      <Row>
         <Value>
            <SimpleValue>USPO</SimpleValue>
         </Value>
         <Value>
            <SimpleValue>FpML</SimpleValue>
         </Value>
         <Value>
            <SimpleValue>Portland, Oregon, United States</SimpleValue>
         </Value>
      </Row>
      <Row>
         <Value>
            <SimpleValue>USSA</SimpleValue>
         </Value>
         <Value>
            <SimpleValue>FpML</SimpleValue>
         </Value>
         <Value>
            <SimpleValue>Sacramento, California, United States</SimpleValue>
         </Value>
      </Row>
      <Row>
         <Value>
            <SimpleValue>USSE</SimpleValue>
         </Value>
         <Value>
            <SimpleValue>FpML</SimpleValue>
         </Value>
         <Value>
            <SimpleValue>Seattle, United States</SimpleValue>
         </Value>
      </Row>
      <Row>
         <Value>
            <SimpleValue>USWT</SimpleValue>
         </Value>
         <Value>
            <SimpleValue>FpML</SimpleValue>
         </Value>
         <Value>
            <SimpleValue>Wichita, United States</SimpleValue>
         </Value>
      </Row>
      <Row>
         <Value>
            <SimpleValue>UYMO</SimpleValue>
         </Value>
         <Value>
            <SimpleValue>FpML</SimpleValue>
         </Value>
         <Value>
            <SimpleValue>Montevideo, Uruguay</SimpleValue>
         </Value>
      </Row>
      <Row>
         <Value>
            <SimpleValue>VECA</SimpleValue>
         </Value>
         <Value>
            <SimpleValue>FpML</SimpleValue>
         </Value>
         <Value>
            <SimpleValue>Caracas, Venezuela</SimpleValue>
         </Value>
      </Row>
      <Row>
         <Value>
            <SimpleValue>VGRT</SimpleValue>
         </Value>
         <Value>
            <SimpleValue>FpML</SimpleValue>
         </Value>
         <Value>
            <SimpleValue>Road Town, Virgin Islands (British)</SimpleValue>
         </Value>
      </Row>
      <Row>
         <Value>
            <SimpleValue>VNHA</SimpleValue>
         </Value>
         <Value>
            <SimpleValue>FpML</SimpleValue>
         </Value>
         <Value>
            <SimpleValue>Hanoi, Vietnam</SimpleValue>
         </Value>
      </Row>
      <Row>
         <Value>
            <SimpleValue>VNHC</SimpleValue>
         </Value>
         <Value>
            <SimpleValue>FpML</SimpleValue>
         </Value>
         <Value>
            <SimpleValue>Ho Chi Minh (formerly Saigon), Vietnam</SimpleValue>
         </Value>
      </Row>
      <Row>
         <Value>
            <SimpleValue>YEAD</SimpleValue>
         </Value>
         <Value>
            <SimpleValue>FpML</SimpleValue>
         </Value>
         <Value>
            <SimpleValue>Aden, Yemen</SimpleValue>
         </Value>
      </Row>
      <Row>
         <Value>
            <SimpleValue>ZAJO</SimpleValue>
         </Value>
         <Value>
            <SimpleValue>FpML</SimpleValue>
         </Value>
         <Value>
            <SimpleValue>Johannesburg, South Africa</SimpleValue>
         </Value>
      </Row>
      <Row>
         <Value>
            <SimpleValue>ZMLU</SimpleValue>
         </Value>
         <Value>
            <SimpleValue>FpML</SimpleValue>
         </Value>
         <Value>
            <SimpleValue>Lusaka, Zambia</SimpleValue>
         </Value>
      </Row>
      <Row>
         <Value>
            <SimpleValue>ZWHA</SimpleValue>
         </Value>
         <Value>
            <SimpleValue>FpML</SimpleValue>
         </Value>
         <Value>
            <SimpleValue>Harare, Zimbabwe</SimpleValue>
         </Value>
      </Row>
   </SimpleCodeList>
</gcl:CodeList>