<?xml version="1.0" encoding="UTF-8"?>
<gcl:CodeList xmlns:gcl="http://xml.genericode.org/2004/ns/CodeList/0.2/" xmlns:doc="http://www.fpml.org/coding-scheme/documentation" xmlns:xsi="http://www.w3.org/2001/XMLSchema-instance" xsi:schemaLocation="http://xml.genericode.org/2004/ns/CodeList/0.2/ CodeList.xsd">
   <Annotation>
      <Description>
         <doc:definition>Contains a code representing the Commodity Reference Price corresponding to the CFTC Part 20 covered commodities.</doc:definition>
         <doc:publicationDate>2016-02-26</doc:publicationDate>
      </Description>
   </Annotation>
   <Identification>
      <ShortName>commodityReferencePriceScheme</ShortName>
      <Version>1-0</Version>
      <CanonicalUri>http://www.fpml.org/coding-scheme/cftc-commodity-reference-price</CanonicalUri>
      <CanonicalVersionUri>http://www.fpml.org/coding-scheme/cftc-commodity-reference-price-1-0</CanonicalVersionUri>
      <LocationUri>http://www.fpml.org/coding-scheme/cftc-commodity-reference-price-1-0.xml</LocationUri>
   </Identification>
   <ColumnSet>
      <Column Id="Code" Use="required">
         <ShortName>Code</ShortName>
         <Data Type="token">
            <Parameter ShortName="maxLength">63</Parameter>
         </Data>
      </Column>
      <Column Id="Source" Use="optional">
         <ShortName>Source</ShortName>
         <Data Type="string"/>
      </Column>
      <Column Id="Description" Use="optional">
         <ShortName>Description</ShortName>
         <Data Type="string"/>
      </Column>
      <Key Id="PrimaryKey">
         <ShortName>key</ShortName>
         <ColumnRef Ref="Code"/>
      </Key>
   </ColumnSet>
   <SimpleCodeList>
      <Row>
         <Value>
            <SimpleValue>COAL-CENTRAL APPALACHIAN-NYMEX</SimpleValue>
         </Value>
         <Value>
            <SimpleValue>FpML</SimpleValue>
         </Value>
         <Value>
            <SimpleValue>A code for the NYMEX Central Appalachian Coal. commodity</SimpleValue>
         </Value>
      </Row>
      <Row>
         <Value>
            <SimpleValue>COCOA-ICE</SimpleValue>
         </Value>
         <Value>
            <SimpleValue>FpML</SimpleValue>
         </Value>
         <Value>
            <SimpleValue>A code for the ICE Futures U.S. (‘‘ICUS’’) Cocoa. commodity</SimpleValue>
         </Value>
      </Row>
      <Row>
         <Value>
            <SimpleValue>COFFEE ARABICA-ICE</SimpleValue>
         </Value>
         <Value>
            <SimpleValue>FpML</SimpleValue>
         </Value>
         <Value>
            <SimpleValue>A code for the ICUS Coffee C. commodity</SimpleValue>
         </Value>
      </Row>
      <Row>
         <Value>
            <SimpleValue>COFFEE ROBUSTA-ICE</SimpleValue>
         </Value>
         <Value>
            <SimpleValue>FpML</SimpleValue>
         </Value>
         <Value>
            <SimpleValue>A code for the ICUS Coffee C. commodity</SimpleValue>
         </Value>
      </Row>
      <Row>
         <Value>
            <SimpleValue>COPPER-COMEX</SimpleValue>
         </Value>
         <Value>
            <SimpleValue>FpML</SimpleValue>
         </Value>
         <Value>
            <SimpleValue>A code for the COMEX (‘‘CMX’’) Copper Grade #1. commodity</SimpleValue>
         </Value>
      </Row>
      <Row>
         <Value>
            <SimpleValue>CORN-CBOT</SimpleValue>
         </Value>
         <Value>
            <SimpleValue>FpML</SimpleValue>
         </Value>
         <Value>
            <SimpleValue>A code for the Chicago Board of Trade (‘‘CBOT’’) Corn. commodity</SimpleValue>
         </Value>
      </Row>
      <Row>
         <Value>
            <SimpleValue>COTTON NO. 2-ICE</SimpleValue>
         </Value>
         <Value>
            <SimpleValue>FpML</SimpleValue>
         </Value>
         <Value>
            <SimpleValue>A code for the ICUS Cotton No. 2. commodity</SimpleValue>
         </Value>
      </Row>
      <Row>
         <Value>
            <SimpleValue>ETHANOL-CBOT</SimpleValue>
         </Value>
         <Value>
            <SimpleValue>FpML</SimpleValue>
         </Value>
         <Value>
            <SimpleValue>A code for the CBOT Ethanol. commodity</SimpleValue>
         </Value>
      </Row>
      <Row>
         <Value>
            <SimpleValue>FEEDER CATTLE-CME</SimpleValue>
         </Value>
         <Value>
            <SimpleValue>FpML</SimpleValue>
         </Value>
         <Value>
            <SimpleValue>A code for the CME Feeder Cattle. commodity</SimpleValue>
         </Value>
      </Row>
      <Row>
         <Value>
            <SimpleValue>FROZEN CONCENTRATED ORANGE JUICE NO. 1-ICE</SimpleValue>
         </Value>
         <Value>
            <SimpleValue>FpML</SimpleValue>
         </Value>
         <Value>
            <SimpleValue>A code for the ICUS Frozen Concentrated Orange Juice. commodity</SimpleValue>
         </Value>
      </Row>
      <Row>
         <Value>
            <SimpleValue>GASOLINE-RBOB-NEW YORK-ICE</SimpleValue>
         </Value>
         <Value>
            <SimpleValue>FpML</SimpleValue>
         </Value>
         <Value>
            <SimpleValue>A code for the NYMEX Gasoline Blendstock (RBOB). commodity</SimpleValue>
         </Value>
      </Row>
      <Row>
         <Value>
            <SimpleValue>GASOLINE-RBOB-NEW YORK-NYMEX</SimpleValue>
         </Value>
         <Value>
            <SimpleValue>FpML</SimpleValue>
         </Value>
         <Value>
            <SimpleValue>A code for the NYMEX Gasoline Blendstock (RBOB). commodity</SimpleValue>
         </Value>
      </Row>
      <Row>
         <Value>
            <SimpleValue>GOLD-COMEX</SimpleValue>
         </Value>
         <Value>
            <SimpleValue>FpML</SimpleValue>
         </Value>
         <Value>
            <SimpleValue>A code for the CMX Gold. commodity</SimpleValue>
         </Value>
      </Row>
      <Row>
         <Value>
            <SimpleValue>HEATING OIL-NEW YORK-NYMEX</SimpleValue>
         </Value>
         <Value>
            <SimpleValue>FpML</SimpleValue>
         </Value>
         <Value>
            <SimpleValue>A code for the NYMEX No. 2 Heating Oil, New York Harbor. commodity</SimpleValue>
         </Value>
      </Row>
      <Row>
         <Value>
            <SimpleValue>LEAN HOGS-CME</SimpleValue>
         </Value>
         <Value>
            <SimpleValue>FpML</SimpleValue>
         </Value>
         <Value>
            <SimpleValue>A code for the CME Lean Hogs. commodity</SimpleValue>
         </Value>
      </Row>
      <Row>
         <Value>
            <SimpleValue>LIVE CATTLE-CME</SimpleValue>
         </Value>
         <Value>
            <SimpleValue>FpML</SimpleValue>
         </Value>
         <Value>
            <SimpleValue>A code for the CME Live Cattle. commodity</SimpleValue>
         </Value>
      </Row>
      <Row>
         <Value>
            <SimpleValue>LUMBER-CME</SimpleValue>
         </Value>
         <Value>
            <SimpleValue>FpML</SimpleValue>
         </Value>
         <Value>
            <SimpleValue>A code for the CME Random Length Lumber. commodity</SimpleValue>
         </Value>
      </Row>
      <Row>
         <Value>
            <SimpleValue>MILK-CLASS III-CME</SimpleValue>
         </Value>
         <Value>
            <SimpleValue>FpML</SimpleValue>
         </Value>
         <Value>
            <SimpleValue>A code for the CME Milk Class III. commodity</SimpleValue>
         </Value>
      </Row>
      <Row>
         <Value>
            <SimpleValue>MILK-NONFAT-DRY-CME</SimpleValue>
         </Value>
         <Value>
            <SimpleValue>FpML</SimpleValue>
         </Value>
         <Value>
            <SimpleValue>A code for the CME Non Fat Dry Milk. commodity</SimpleValue>
         </Value>
      </Row>
      <Row>
         <Value>
            <SimpleValue>NATURAL GAS-NYMEX</SimpleValue>
         </Value>
         <Value>
            <SimpleValue>FpML</SimpleValue>
         </Value>
         <Value>
            <SimpleValue>A code for the NYMEX Natural Gas. commodity</SimpleValue>
         </Value>
      </Row>
      <Row>
         <Value>
            <SimpleValue>OATS-CBOT</SimpleValue>
         </Value>
         <Value>
            <SimpleValue>FpML</SimpleValue>
         </Value>
         <Value>
            <SimpleValue>A code for the CBOT Oats. commodity</SimpleValue>
         </Value>
      </Row>
      <Row>
         <Value>
            <SimpleValue>OIL-WTI-NYMEX</SimpleValue>
         </Value>
         <Value>
            <SimpleValue>FpML</SimpleValue>
         </Value>
         <Value>
            <SimpleValue>A code for the NYMEX Crude Oil, Light Sweet. commodity</SimpleValue>
         </Value>
      </Row>
      <Row>
         <Value>
            <SimpleValue>PALLADIUM-NYMEX</SimpleValue>
         </Value>
         <Value>
            <SimpleValue>FpML</SimpleValue>
         </Value>
         <Value>
            <SimpleValue>A code for the NYMEX Palladium. commodity</SimpleValue>
         </Value>
      </Row>
      <Row>
         <Value>
            <SimpleValue>PLATINUM-NYMEX</SimpleValue>
         </Value>
         <Value>
            <SimpleValue>FpML</SimpleValue>
         </Value>
         <Value>
            <SimpleValue>A code for the NYMEX Platinum. commodity</SimpleValue>
         </Value>
      </Row>
      <Row>
         <Value>
            <SimpleValue>RICE-CBOT</SimpleValue>
         </Value>
         <Value>
            <SimpleValue>FpML</SimpleValue>
         </Value>
         <Value>
            <SimpleValue>A code for the CBOT Rough Rice. commodity</SimpleValue>
         </Value>
      </Row>
      <Row>
         <Value>
            <SimpleValue>SILVER-COMEX</SimpleValue>
         </Value>
         <Value>
            <SimpleValue>FpML</SimpleValue>
         </Value>
         <Value>
            <SimpleValue>A code for the CMX Silver. commodity</SimpleValue>
         </Value>
      </Row>
      <Row>
         <Value>
            <SimpleValue>SOYBEAN MEAL-CBOT</SimpleValue>
         </Value>
         <Value>
            <SimpleValue>FpML</SimpleValue>
         </Value>
         <Value>
            <SimpleValue>A code for the CBOT Soybean Meal commodity</SimpleValue>
         </Value>
      </Row>
      <Row>
         <Value>
            <SimpleValue>SOYBEAN OIL-CBOT</SimpleValue>
         </Value>
         <Value>
            <SimpleValue>FpML</SimpleValue>
         </Value>
         <Value>
            <SimpleValue>A code for the CBOT Soybean Oil. commodity</SimpleValue>
         </Value>
      </Row>
      <Row>
         <Value>
            <SimpleValue>SOYBEANS-CBOT</SimpleValue>
         </Value>
         <Value>
            <SimpleValue>FpML</SimpleValue>
         </Value>
         <Value>
            <SimpleValue>A code for the CBOT Soybeans. commodity</SimpleValue>
         </Value>
      </Row>
      <Row>
         <Value>
            <SimpleValue>SUGAR # 11 (WORLD)-ICE</SimpleValue>
         </Value>
         <Value>
            <SimpleValue>FpML</SimpleValue>
         </Value>
         <Value>
            <SimpleValue>A code for the ICUS Sugar No. 11. commodity</SimpleValue>
         </Value>
      </Row>
      <Row>
         <Value>
            <SimpleValue>SUGAR # 16 (US)-ICE</SimpleValue>
         </Value>
         <Value>
            <SimpleValue>FpML</SimpleValue>
         </Value>
         <Value>
            <SimpleValue>A code for the ICUS Sugar No. 16. commodity</SimpleValue>
         </Value>
      </Row>
      <Row>
         <Value>
            <SimpleValue>WHEAT-CBOT</SimpleValue>
         </Value>
         <Value>
            <SimpleValue>FpML</SimpleValue>
         </Value>
         <Value>
            <SimpleValue>A code for the CBOT Wheat. commodity</SimpleValue>
         </Value>
      </Row>
      <Row>
         <Value>
            <SimpleValue>WHEAT HRW-KCBOT</SimpleValue>
         </Value>
         <Value>
            <SimpleValue>FpML</SimpleValue>
         </Value>
         <Value>
            <SimpleValue>A code for the Kansas City Board of Trade (‘‘KCBT’’)Wheat. commodity</SimpleValue>
         </Value>
      </Row>
      <Row>
         <Value>
            <SimpleValue>WHEAT RED SPRING-MGE</SimpleValue>
         </Value>
         <Value>
            <SimpleValue>FpML</SimpleValue>
         </Value>
         <Value>
            <SimpleValue>A code for the Wheat. commodity</SimpleValue>
         </Value>
      </Row>
   </SimpleCodeList>
</gcl:CodeList>