<?xml version="1.0" encoding="UTF-8"?>
<gcl:CodeList xmlns:gcl="http://xml.genericode.org/2004/ns/CodeList/0.2/" xmlns:doc="http://www.fpml.org/coding-scheme/documentation" xmlns:xsi="http://www.w3.org/2001/XMLSchema-instance" xsi:schemaLocation="http://xml.genericode.org/2004/ns/CodeList/0.2/ CodeList.xsd">
   <Annotation>
      <Description>
         <doc:definition>ISDA Collateral Assets Definitions as published by ISDA in the 2003 ISDA Collateral Asset Definitions.</doc:definition>
         <doc:publicationDate>2014-05-06</doc:publicationDate>
      </Description>
   </Annotation>
   <Identification>
      <ShortName>collateralAssetDefinitionsScheme</ShortName>
      <Version>1-0</Version>
      <CanonicalUri>http://www.fpml.org/coding-scheme/collateral-asset-definitions</CanonicalUri>
      <CanonicalVersionUri>http://www.fpml.org/coding-scheme/collateral-asset-definitions-1-0</CanonicalVersionUri>
      <LocationUri>http://www.fpml.org/coding-scheme/collateral-asset-definitions-1-0.xml</LocationUri>
   </Identification>
   <ColumnSet>
      <Column Id="Code" Use="required">
         <ShortName>Code</ShortName>
         <Data Type="token">
            <Parameter ShortName="maxLength">63</Parameter>
         </Data>
      </Column>
      <Column Id="Source" Use="optional">
         <ShortName>Source</ShortName>
         <Data Type="string"/>
      </Column>
      <Column Id="Description" Use="optional">
         <ShortName>Description</ShortName>
         <Data Type="string"/>
      </Column>
      <Key Id="PrimaryKey">
         <ShortName>key</ShortName>
         <ColumnRef Ref="Code"/>
      </Key>
   </ColumnSet>
   <SimpleCodeList>
      <Row>
         <Value>
            <SimpleValue>AU-CASH</SimpleValue>
         </Value>
         <Value>
            <SimpleValue>FpML</SimpleValue>
         </Value>
         <Value>
            <SimpleValue>Australian Dollar (AUD) Cash.</SimpleValue>
         </Value>
      </Row>
      <Row>
         <Value>
            <SimpleValue>AU-CIB</SimpleValue>
         </Value>
         <Value>
            <SimpleValue>FpML</SimpleValue>
         </Value>
         <Value>
            <SimpleValue>Australian Government Securities Capital-Indexed Bonds.</SimpleValue>
         </Value>
      </Row>
      <Row>
         <Value>
            <SimpleValue>AU-FIB</SimpleValue>
         </Value>
         <Value>
            <SimpleValue>FpML</SimpleValue>
         </Value>
         <Value>
            <SimpleValue>Australian Semi-Government Securities Fixed Interest Bonds.</SimpleValue>
         </Value>
      </Row>
      <Row>
         <Value>
            <SimpleValue>AU-FRB</SimpleValue>
         </Value>
         <Value>
            <SimpleValue>FpML</SimpleValue>
         </Value>
         <Value>
            <SimpleValue>Australian Government Securities Fixed Rate Bonds.</SimpleValue>
         </Value>
      </Row>
      <Row>
         <Value>
            <SimpleValue>AU-ILB</SimpleValue>
         </Value>
         <Value>
            <SimpleValue>FpML</SimpleValue>
         </Value>
         <Value>
            <SimpleValue>Australian Semi-Government Securities Index Linked Bonds.</SimpleValue>
         </Value>
      </Row>
      <Row>
         <Value>
            <SimpleValue>AU-NOTE</SimpleValue>
         </Value>
         <Value>
            <SimpleValue>FpML</SimpleValue>
         </Value>
         <Value>
            <SimpleValue>Australian Government Securities Treasury Notes.</SimpleValue>
         </Value>
      </Row>
      <Row>
         <Value>
            <SimpleValue>AU-STATENOTE</SimpleValue>
         </Value>
         <Value>
            <SimpleValue>FpML</SimpleValue>
         </Value>
         <Value>
            <SimpleValue>Australian Semi-Government Securities Treasury Notes.</SimpleValue>
         </Value>
      </Row>
      <Row>
         <Value>
            <SimpleValue>AU-TAB</SimpleValue>
         </Value>
         <Value>
            <SimpleValue>FpML</SimpleValue>
         </Value>
         <Value>
            <SimpleValue>Australian Government Securities Treasury Adjustable Rate Bonds.</SimpleValue>
         </Value>
      </Row>
      <Row>
         <Value>
            <SimpleValue>BE-BEL20</SimpleValue>
         </Value>
         <Value>
            <SimpleValue>FpML</SimpleValue>
         </Value>
         <Value>
            <SimpleValue>BEL20 Equity Securities.</SimpleValue>
         </Value>
      </Row>
      <Row>
         <Value>
            <SimpleValue>BE-CERT</SimpleValue>
         </Value>
         <Value>
            <SimpleValue>FpML</SimpleValue>
         </Value>
         <Value>
            <SimpleValue>Belgian Treasury Certificates.</SimpleValue>
         </Value>
      </Row>
      <Row>
         <Value>
            <SimpleValue>BE-LINEAR</SimpleValue>
         </Value>
         <Value>
            <SimpleValue>FpML</SimpleValue>
         </Value>
         <Value>
            <SimpleValue>Belgian Linear Obligations.</SimpleValue>
         </Value>
      </Row>
      <Row>
         <Value>
            <SimpleValue>BE-NOTE</SimpleValue>
         </Value>
         <Value>
            <SimpleValue>FpML</SimpleValue>
         </Value>
         <Value>
            <SimpleValue>Belgian Treasury notes.</SimpleValue>
         </Value>
      </Row>
      <Row>
         <Value>
            <SimpleValue>BE-REGIONGT</SimpleValue>
         </Value>
         <Value>
            <SimpleValue>FpML</SimpleValue>
         </Value>
         <Value>
            <SimpleValue>Public sector issues guaranteed by Regional Authorities.</SimpleValue>
         </Value>
      </Row>
      <Row>
         <Value>
            <SimpleValue>BE-STATEGT</SimpleValue>
         </Value>
         <Value>
            <SimpleValue>FpML</SimpleValue>
         </Value>
         <Value>
            <SimpleValue>Public sector issues guaranteed by the Belgian State.</SimpleValue>
         </Value>
      </Row>
      <Row>
         <Value>
            <SimpleValue>BE-STATELOAN</SimpleValue>
         </Value>
         <Value>
            <SimpleValue>FpML</SimpleValue>
         </Value>
         <Value>
            <SimpleValue>Belgian State Loans.</SimpleValue>
         </Value>
      </Row>
      <Row>
         <Value>
            <SimpleValue>CA-BOND</SimpleValue>
         </Value>
         <Value>
            <SimpleValue>FpML</SimpleValue>
         </Value>
         <Value>
            <SimpleValue>Canada Bonds.</SimpleValue>
         </Value>
      </Row>
      <Row>
         <Value>
            <SimpleValue>CA-CASH</SimpleValue>
         </Value>
         <Value>
            <SimpleValue>FpML</SimpleValue>
         </Value>
         <Value>
            <SimpleValue>Canadian Dollar (CAD) Cash.</SimpleValue>
         </Value>
      </Row>
      <Row>
         <Value>
            <SimpleValue>CA-RRB</SimpleValue>
         </Value>
         <Value>
            <SimpleValue>FpML</SimpleValue>
         </Value>
         <Value>
            <SimpleValue>Government of Canada Real Return Bonds.</SimpleValue>
         </Value>
      </Row>
      <Row>
         <Value>
            <SimpleValue>CA-TBILL</SimpleValue>
         </Value>
         <Value>
            <SimpleValue>FpML</SimpleValue>
         </Value>
         <Value>
            <SimpleValue>Government of Canada Treasury Bills.</SimpleValue>
         </Value>
      </Row>
      <Row>
         <Value>
            <SimpleValue>CH-CANTON</SimpleValue>
         </Value>
         <Value>
            <SimpleValue>FpML</SimpleValue>
         </Value>
         <Value>
            <SimpleValue>Public Authority Bond.</SimpleValue>
         </Value>
      </Row>
      <Row>
         <Value>
            <SimpleValue>CH-CASH</SimpleValue>
         </Value>
         <Value>
            <SimpleValue>FpML</SimpleValue>
         </Value>
         <Value>
            <SimpleValue>Swiss Franc (CHF) Cash.</SimpleValue>
         </Value>
      </Row>
      <Row>
         <Value>
            <SimpleValue>CH-FEDBOND</SimpleValue>
         </Value>
         <Value>
            <SimpleValue>FpML</SimpleValue>
         </Value>
         <Value>
            <SimpleValue>Federal Bond.</SimpleValue>
         </Value>
      </Row>
      <Row>
         <Value>
            <SimpleValue>DE-BILL</SimpleValue>
         </Value>
         <Value>
            <SimpleValue>FpML</SimpleValue>
         </Value>
         <Value>
            <SimpleValue>Unverzinsliche Schatzanweisungen (Bills).</SimpleValue>
         </Value>
      </Row>
      <Row>
         <Value>
            <SimpleValue>DE-BOND</SimpleValue>
         </Value>
         <Value>
            <SimpleValue>FpML</SimpleValue>
         </Value>
         <Value>
            <SimpleValue>Bundesanleihen (Bonds).</SimpleValue>
         </Value>
      </Row>
      <Row>
         <Value>
            <SimpleValue>DE-ERBLAST</SimpleValue>
         </Value>
         <Value>
            <SimpleValue>FpML</SimpleValue>
         </Value>
         <Value>
            <SimpleValue>Negotiable Debt Obligations issued by or taken over and since serviced and managed by the Erblasttilgungsfond (Redemption Fund for Inherited Liabilities) backed by Federal Republic of Germany, including but not limited to former issues of the Treuhandanstalt, the Bundesbahn, the Bundespost, the Economic Recovery Program (ERP), the privatised Federal Railway (Bahn AG), the telecommunications element of the Federal Post Office (Telekom) and the German Unity Fund.</SimpleValue>
         </Value>
      </Row>
      <Row>
         <Value>
            <SimpleValue>DE-MUNI</SimpleValue>
         </Value>
         <Value>
            <SimpleValue>FpML</SimpleValue>
         </Value>
         <Value>
            <SimpleValue>Kommunalschuldverschreib	ungen (Municipal Bonds).</SimpleValue>
         </Value>
      </Row>
      <Row>
         <Value>
            <SimpleValue>DE-NOTE2</SimpleValue>
         </Value>
         <Value>
            <SimpleValue>FpML</SimpleValue>
         </Value>
         <Value>
            <SimpleValue>Bundesschatzanweisungen (Notes).</SimpleValue>
         </Value>
      </Row>
      <Row>
         <Value>
            <SimpleValue>DE-NOTE5.5</SimpleValue>
         </Value>
         <Value>
            <SimpleValue>FpML</SimpleValue>
         </Value>
         <Value>
            <SimpleValue>Bundesobligationen (Notes).</SimpleValue>
         </Value>
      </Row>
      <Row>
         <Value>
            <SimpleValue>DE-PFAND</SimpleValue>
         </Value>
         <Value>
            <SimpleValue>FpML</SimpleValue>
         </Value>
         <Value>
            <SimpleValue>Hypothekenpfandbriefe (Mortgage Bonds).</SimpleValue>
         </Value>
      </Row>
      <Row>
         <Value>
            <SimpleValue>DK-BILL</SimpleValue>
         </Value>
         <Value>
            <SimpleValue>FpML</SimpleValue>
         </Value>
         <Value>
            <SimpleValue>Skatkammerbeviser (Treasury Bills).</SimpleValue>
         </Value>
      </Row>
      <Row>
         <Value>
            <SimpleValue>DK-BOLIGX</SimpleValue>
         </Value>
         <Value>
            <SimpleValue>FpML</SimpleValue>
         </Value>
         <Value>
            <SimpleValue>BoligX obligationer.</SimpleValue>
         </Value>
      </Row>
      <Row>
         <Value>
            <SimpleValue>DK-BOND</SimpleValue>
         </Value>
         <Value>
            <SimpleValue>FpML</SimpleValue>
         </Value>
         <Value>
            <SimpleValue>Statsobligationer (Government Bonds).</SimpleValue>
         </Value>
      </Row>
      <Row>
         <Value>
            <SimpleValue>DK-CALLMORT</SimpleValue>
         </Value>
         <Value>
            <SimpleValue>FpML</SimpleValue>
         </Value>
         <Value>
            <SimpleValue>Callable Mortgage Bonds.</SimpleValue>
         </Value>
      </Row>
      <Row>
         <Value>
            <SimpleValue>DK-CASH</SimpleValue>
         </Value>
         <Value>
            <SimpleValue>FpML</SimpleValue>
         </Value>
         <Value>
            <SimpleValue>Danish Krone (DKK) Cash.</SimpleValue>
         </Value>
      </Row>
      <Row>
         <Value>
            <SimpleValue>DK-KFX</SimpleValue>
         </Value>
         <Value>
            <SimpleValue>FpML</SimpleValue>
         </Value>
         <Value>
            <SimpleValue>KFX Equity Securities.</SimpleValue>
         </Value>
      </Row>
      <Row>
         <Value>
            <SimpleValue>DK-MORT</SimpleValue>
         </Value>
         <Value>
            <SimpleValue>FpML</SimpleValue>
         </Value>
         <Value>
            <SimpleValue>Non-callable Mortgage Bonds.</SimpleValue>
         </Value>
      </Row>
      <Row>
         <Value>
            <SimpleValue>DK-NOTE</SimpleValue>
         </Value>
         <Value>
            <SimpleValue>FpML</SimpleValue>
         </Value>
         <Value>
            <SimpleValue>Statsgaeldsbeviser (Treasury Notes).</SimpleValue>
         </Value>
      </Row>
      <Row>
         <Value>
            <SimpleValue>ES-BILL</SimpleValue>
         </Value>
         <Value>
            <SimpleValue>FpML</SimpleValue>
         </Value>
         <Value>
            <SimpleValue>Treasury Bills - Letras del Tesoro.</SimpleValue>
         </Value>
      </Row>
      <Row>
         <Value>
            <SimpleValue>ES-BOND</SimpleValue>
         </Value>
         <Value>
            <SimpleValue>FpML</SimpleValue>
         </Value>
         <Value>
            <SimpleValue>Public Government Debt.</SimpleValue>
         </Value>
      </Row>
      <Row>
         <Value>
            <SimpleValue>ES-CEDULAS</SimpleValue>
         </Value>
         <Value>
            <SimpleValue>FpML</SimpleValue>
         </Value>
         <Value>
            <SimpleValue>Cedulas.</SimpleValue>
         </Value>
      </Row>
      <Row>
         <Value>
            <SimpleValue>ES-CORP</SimpleValue>
         </Value>
         <Value>
            <SimpleValue>FpML</SimpleValue>
         </Value>
         <Value>
            <SimpleValue>Corporate Bonds.</SimpleValue>
         </Value>
      </Row>
      <Row>
         <Value>
            <SimpleValue>ES-EQUITY</SimpleValue>
         </Value>
         <Value>
            <SimpleValue>FpML</SimpleValue>
         </Value>
         <Value>
            <SimpleValue>Equity securities issued by a Spanish company, and listed as an IBEX 35 constituent company as reported by the Sociedad de Bolsas, each share representing the minimum unit of participation of a shareholder in the stock capital of the company.</SimpleValue>
         </Value>
      </Row>
      <Row>
         <Value>
            <SimpleValue>EU-CASH</SimpleValue>
         </Value>
         <Value>
            <SimpleValue>FpML</SimpleValue>
         </Value>
         <Value>
            <SimpleValue>Euro (EUR) Cash.</SimpleValue>
         </Value>
      </Row>
      <Row>
         <Value>
            <SimpleValue>EU-EURO100</SimpleValue>
         </Value>
         <Value>
            <SimpleValue>FpML</SimpleValue>
         </Value>
         <Value>
            <SimpleValue>FTSE Euro 100 Index Equity Securities.</SimpleValue>
         </Value>
      </Row>
      <Row>
         <Value>
            <SimpleValue>EU-EUROTOP300</SimpleValue>
         </Value>
         <Value>
            <SimpleValue>FpML</SimpleValue>
         </Value>
         <Value>
            <SimpleValue>FTSE Eurotop 300 Index Equity Securities.</SimpleValue>
         </Value>
      </Row>
      <Row>
         <Value>
            <SimpleValue>EU-STOXX50</SimpleValue>
         </Value>
         <Value>
            <SimpleValue>FpML</SimpleValue>
         </Value>
         <Value>
            <SimpleValue>EuroSTOXX 50 Index Equity Securities.</SimpleValue>
         </Value>
      </Row>
      <Row>
         <Value>
            <SimpleValue>EU-STOXX600</SimpleValue>
         </Value>
         <Value>
            <SimpleValue>FpML</SimpleValue>
         </Value>
         <Value>
            <SimpleValue>STOXX 600 Index Equity Securities.</SimpleValue>
         </Value>
      </Row>
      <Row>
         <Value>
            <SimpleValue>FI-BILL</SimpleValue>
         </Value>
         <Value>
            <SimpleValue>FpML</SimpleValue>
         </Value>
         <Value>
            <SimpleValue>Treasury bills.</SimpleValue>
         </Value>
      </Row>
      <Row>
         <Value>
            <SimpleValue>FI-BOND</SimpleValue>
         </Value>
         <Value>
            <SimpleValue>FpML</SimpleValue>
         </Value>
         <Value>
            <SimpleValue>Serial bonds (Finnish Government Bond).</SimpleValue>
         </Value>
      </Row>
      <Row>
         <Value>
            <SimpleValue>FI-HEX</SimpleValue>
         </Value>
         <Value>
            <SimpleValue>FpML</SimpleValue>
         </Value>
         <Value>
            <SimpleValue>HEX Equity Securities.</SimpleValue>
         </Value>
      </Row>
      <Row>
         <Value>
            <SimpleValue>FR-BDT</SimpleValue>
         </Value>
         <Value>
            <SimpleValue>FpML</SimpleValue>
         </Value>
         <Value>
            <SimpleValue>Commercial Paper: (Billet de Tresorerie).</SimpleValue>
         </Value>
      </Row>
      <Row>
         <Value>
            <SimpleValue>FR-BTAN</SimpleValue>
         </Value>
         <Value>
            <SimpleValue>FpML</SimpleValue>
         </Value>
         <Value>
            <SimpleValue>Treasury Notes: Bons du Tresor a Taux Annuel (BTAN).</SimpleValue>
         </Value>
      </Row>
      <Row>
         <Value>
            <SimpleValue>FR-BTF</SimpleValue>
         </Value>
         <Value>
            <SimpleValue>FpML</SimpleValue>
         </Value>
         <Value>
            <SimpleValue>Treasury Bills: Bons du Tresor a Taux Fixe (BTF).</SimpleValue>
         </Value>
      </Row>
      <Row>
         <Value>
            <SimpleValue>FR-OAT</SimpleValue>
         </Value>
         <Value>
            <SimpleValue>FpML</SimpleValue>
         </Value>
         <Value>
            <SimpleValue>Government bonds: Obligations Assimilables du Tresor (OAT).</SimpleValue>
         </Value>
      </Row>
      <Row>
         <Value>
            <SimpleValue>FR-STRIP</SimpleValue>
         </Value>
         <Value>
            <SimpleValue>FpML</SimpleValue>
         </Value>
         <Value>
            <SimpleValue>STRIPS.</SimpleValue>
         </Value>
      </Row>
      <Row>
         <Value>
            <SimpleValue>GA-AU-GOV</SimpleValue>
         </Value>
         <Value>
            <SimpleValue>FpML</SimpleValue>
         </Value>
         <Value>
            <SimpleValue>Generally Accepted Australian Government Obligations.</SimpleValue>
         </Value>
      </Row>
      <Row>
         <Value>
            <SimpleValue>GA-BE-GOV</SimpleValue>
         </Value>
         <Value>
            <SimpleValue>FpML</SimpleValue>
         </Value>
         <Value>
            <SimpleValue>Generally Accepted Belgian Government Obligations.</SimpleValue>
         </Value>
      </Row>
      <Row>
         <Value>
            <SimpleValue>GA-CA-GOV</SimpleValue>
         </Value>
         <Value>
            <SimpleValue>FpML</SimpleValue>
         </Value>
         <Value>
            <SimpleValue>Generally Accepted Canadian Government Obligations.</SimpleValue>
         </Value>
      </Row>
      <Row>
         <Value>
            <SimpleValue>GA-CH-GOV</SimpleValue>
         </Value>
         <Value>
            <SimpleValue>FpML</SimpleValue>
         </Value>
         <Value>
            <SimpleValue>Generally Accepted Swiss Government Obligations.</SimpleValue>
         </Value>
      </Row>
      <Row>
         <Value>
            <SimpleValue>GA-DE-GOV</SimpleValue>
         </Value>
         <Value>
            <SimpleValue>FpML</SimpleValue>
         </Value>
         <Value>
            <SimpleValue>Generally Accepted German Government Obligations.</SimpleValue>
         </Value>
      </Row>
      <Row>
         <Value>
            <SimpleValue>GA-DK-GOV</SimpleValue>
         </Value>
         <Value>
            <SimpleValue>FpML</SimpleValue>
         </Value>
         <Value>
            <SimpleValue>Generally Accepted Danish Government Obligations.</SimpleValue>
         </Value>
      </Row>
      <Row>
         <Value>
            <SimpleValue>GA-ES-GOV</SimpleValue>
         </Value>
         <Value>
            <SimpleValue>FpML</SimpleValue>
         </Value>
         <Value>
            <SimpleValue>Generally Accepted Spanish Government Obligations.</SimpleValue>
         </Value>
      </Row>
      <Row>
         <Value>
            <SimpleValue>GA-EU-GOV</SimpleValue>
         </Value>
         <Value>
            <SimpleValue>FpML</SimpleValue>
         </Value>
         <Value>
            <SimpleValue>Generally Accepted EU Member State Government Securities.</SimpleValue>
         </Value>
      </Row>
      <Row>
         <Value>
            <SimpleValue>GA-EUROZONE-GOV</SimpleValue>
         </Value>
         <Value>
            <SimpleValue>FpML</SimpleValue>
         </Value>
         <Value>
            <SimpleValue>Generally Accepted Euro Zone Government Securities.</SimpleValue>
         </Value>
      </Row>
      <Row>
         <Value>
            <SimpleValue>GA-FI-GOV</SimpleValue>
         </Value>
         <Value>
            <SimpleValue>FpML</SimpleValue>
         </Value>
         <Value>
            <SimpleValue>Generally Accepted Finnish Government Obligations.</SimpleValue>
         </Value>
      </Row>
      <Row>
         <Value>
            <SimpleValue>GA-FR-GOV</SimpleValue>
         </Value>
         <Value>
            <SimpleValue>FpML</SimpleValue>
         </Value>
         <Value>
            <SimpleValue>Generally Accepted French Government Obligations.</SimpleValue>
         </Value>
      </Row>
      <Row>
         <Value>
            <SimpleValue>GA-G5-GOV</SimpleValue>
         </Value>
         <Value>
            <SimpleValue>FpML</SimpleValue>
         </Value>
         <Value>
            <SimpleValue>Generally Accepted G5 Government Obligations.</SimpleValue>
         </Value>
      </Row>
      <Row>
         <Value>
            <SimpleValue>GA-GB-GOV</SimpleValue>
         </Value>
         <Value>
            <SimpleValue>FpML</SimpleValue>
         </Value>
         <Value>
            <SimpleValue>Generally Accepted British Government Obligations.</SimpleValue>
         </Value>
      </Row>
      <Row>
         <Value>
            <SimpleValue>GA-HK-GOV</SimpleValue>
         </Value>
         <Value>
            <SimpleValue>FpML</SimpleValue>
         </Value>
         <Value>
            <SimpleValue>Generally Accepted Hong Kong Government Obligations.</SimpleValue>
         </Value>
      </Row>
      <Row>
         <Value>
            <SimpleValue>GA-IT-GOV</SimpleValue>
         </Value>
         <Value>
            <SimpleValue>FpML</SimpleValue>
         </Value>
         <Value>
            <SimpleValue>Generally Accepted Italian Government Obligations.</SimpleValue>
         </Value>
      </Row>
      <Row>
         <Value>
            <SimpleValue>GA-JP-GOV</SimpleValue>
         </Value>
         <Value>
            <SimpleValue>FpML</SimpleValue>
         </Value>
         <Value>
            <SimpleValue>Generally Accepted Japanese Government Obligations.</SimpleValue>
         </Value>
      </Row>
      <Row>
         <Value>
            <SimpleValue>GA-KR-GOV</SimpleValue>
         </Value>
         <Value>
            <SimpleValue>FpML</SimpleValue>
         </Value>
         <Value>
            <SimpleValue>Generally Accepted Korean Government Obligations.</SimpleValue>
         </Value>
      </Row>
      <Row>
         <Value>
            <SimpleValue>GA-NL-GOV</SimpleValue>
         </Value>
         <Value>
            <SimpleValue>FpML</SimpleValue>
         </Value>
         <Value>
            <SimpleValue>Generally Accepted Netherlands Government Obligations.</SimpleValue>
         </Value>
      </Row>
      <Row>
         <Value>
            <SimpleValue>GA-NO-GOV</SimpleValue>
         </Value>
         <Value>
            <SimpleValue>FpML</SimpleValue>
         </Value>
         <Value>
            <SimpleValue>Generally Accepted Norwegian Government Obligations.</SimpleValue>
         </Value>
      </Row>
      <Row>
         <Value>
            <SimpleValue>GA-NZ-GOV</SimpleValue>
         </Value>
         <Value>
            <SimpleValue>FpML</SimpleValue>
         </Value>
         <Value>
            <SimpleValue>Generally Accepted New Zealand Government Obligations.</SimpleValue>
         </Value>
      </Row>
      <Row>
         <Value>
            <SimpleValue>GA-SE-GOV</SimpleValue>
         </Value>
         <Value>
            <SimpleValue>FpML</SimpleValue>
         </Value>
         <Value>
            <SimpleValue>Generally Accepted Swedish Government Obligations.</SimpleValue>
         </Value>
      </Row>
      <Row>
         <Value>
            <SimpleValue>GA-SG-GOV</SimpleValue>
         </Value>
         <Value>
            <SimpleValue>FpML</SimpleValue>
         </Value>
         <Value>
            <SimpleValue>Generally Accepted Singaporean Government Obligations.</SimpleValue>
         </Value>
      </Row>
      <Row>
         <Value>
            <SimpleValue>GA-US-AGENCY</SimpleValue>
         </Value>
         <Value>
            <SimpleValue>FpML</SimpleValue>
         </Value>
         <Value>
            <SimpleValue>Generally Accepted US Agency Obligations.</SimpleValue>
         </Value>
      </Row>
      <Row>
         <Value>
            <SimpleValue>GA-US-GOV</SimpleValue>
         </Value>
         <Value>
            <SimpleValue>FpML</SimpleValue>
         </Value>
         <Value>
            <SimpleValue>Generally Accepted US Government Obligations.</SimpleValue>
         </Value>
      </Row>
      <Row>
         <Value>
            <SimpleValue>GA-US-MORTGAGES</SimpleValue>
         </Value>
         <Value>
            <SimpleValue>FpML</SimpleValue>
         </Value>
         <Value>
            <SimpleValue>Generally Accepted US Mortgage-Backed Obligations.</SimpleValue>
         </Value>
      </Row>
      <Row>
         <Value>
            <SimpleValue>GB-CASH</SimpleValue>
         </Value>
         <Value>
            <SimpleValue>FpML</SimpleValue>
         </Value>
         <Value>
            <SimpleValue>British Pound Sterling (GBP) Cash.</SimpleValue>
         </Value>
      </Row>
      <Row>
         <Value>
            <SimpleValue>GB-DDGILT</SimpleValue>
         </Value>
         <Value>
            <SimpleValue>FpML</SimpleValue>
         </Value>
         <Value>
            <SimpleValue>Double-dated Gilts.</SimpleValue>
         </Value>
      </Row>
      <Row>
         <Value>
            <SimpleValue>GB-FT100</SimpleValue>
         </Value>
         <Value>
            <SimpleValue>FpML</SimpleValue>
         </Value>
         <Value>
            <SimpleValue>FTSE 100 Equity Securities.</SimpleValue>
         </Value>
      </Row>
      <Row>
         <Value>
            <SimpleValue>GB-FT250</SimpleValue>
         </Value>
         <Value>
            <SimpleValue>FpML</SimpleValue>
         </Value>
         <Value>
            <SimpleValue>FTSE 250 Equity Securities.</SimpleValue>
         </Value>
      </Row>
      <Row>
         <Value>
            <SimpleValue>GB-FT350</SimpleValue>
         </Value>
         <Value>
            <SimpleValue>FpML</SimpleValue>
         </Value>
         <Value>
            <SimpleValue>FTSE 350 Equity Securities.</SimpleValue>
         </Value>
      </Row>
      <Row>
         <Value>
            <SimpleValue>GB-GILT</SimpleValue>
         </Value>
         <Value>
            <SimpleValue>FpML</SimpleValue>
         </Value>
         <Value>
            <SimpleValue>Conventional Gilts.</SimpleValue>
         </Value>
      </Row>
      <Row>
         <Value>
            <SimpleValue>GB-INDEXGILT</SimpleValue>
         </Value>
         <Value>
            <SimpleValue>FpML</SimpleValue>
         </Value>
         <Value>
            <SimpleValue>Index-Linked Gilts.</SimpleValue>
         </Value>
      </Row>
      <Row>
         <Value>
            <SimpleValue>GB-PERPGILT</SimpleValue>
         </Value>
         <Value>
            <SimpleValue>FpML</SimpleValue>
         </Value>
         <Value>
            <SimpleValue>Undated or Perpetual Gilts.</SimpleValue>
         </Value>
      </Row>
      <Row>
         <Value>
            <SimpleValue>GB-RUMPGILT</SimpleValue>
         </Value>
         <Value>
            <SimpleValue>FpML</SimpleValue>
         </Value>
         <Value>
            <SimpleValue>Rump Stock.</SimpleValue>
         </Value>
      </Row>
      <Row>
         <Value>
            <SimpleValue>GB-SUPR1</SimpleValue>
         </Value>
         <Value>
            <SimpleValue>FpML</SimpleValue>
         </Value>
         <Value>
            <SimpleValue>Bank of England Euro Bills.</SimpleValue>
         </Value>
      </Row>
      <Row>
         <Value>
            <SimpleValue>GB-SUPR2</SimpleValue>
         </Value>
         <Value>
            <SimpleValue>FpML</SimpleValue>
         </Value>
         <Value>
            <SimpleValue>Bank of England Euro Notes.</SimpleValue>
         </Value>
      </Row>
      <Row>
         <Value>
            <SimpleValue>GB-TBILL</SimpleValue>
         </Value>
         <Value>
            <SimpleValue>FpML</SimpleValue>
         </Value>
         <Value>
            <SimpleValue>UK Treasury Bills.</SimpleValue>
         </Value>
      </Row>
      <Row>
         <Value>
            <SimpleValue>GB-ZEROGILT</SimpleValue>
         </Value>
         <Value>
            <SimpleValue>FpML</SimpleValue>
         </Value>
         <Value>
            <SimpleValue>Gilt Strips or Zero Coupon Gilts.</SimpleValue>
         </Value>
      </Row>
      <Row>
         <Value>
            <SimpleValue>HK-BILL</SimpleValue>
         </Value>
         <Value>
            <SimpleValue>FpML</SimpleValue>
         </Value>
         <Value>
            <SimpleValue>Hong Kong Government Exchange Fund Bills.</SimpleValue>
         </Value>
      </Row>
      <Row>
         <Value>
            <SimpleValue>HK-CASH</SimpleValue>
         </Value>
         <Value>
            <SimpleValue>FpML</SimpleValue>
         </Value>
         <Value>
            <SimpleValue>Hong Kong Dollar (HKD) Cash.</SimpleValue>
         </Value>
      </Row>
      <Row>
         <Value>
            <SimpleValue>HK-NOTE</SimpleValue>
         </Value>
         <Value>
            <SimpleValue>FpML</SimpleValue>
         </Value>
         <Value>
            <SimpleValue>Hong Kong Government Exchange Fund Notes.</SimpleValue>
         </Value>
      </Row>
      <Row>
         <Value>
            <SimpleValue>IT-BOT</SimpleValue>
         </Value>
         <Value>
            <SimpleValue>FpML</SimpleValue>
         </Value>
         <Value>
            <SimpleValue>Botbuoni Ordinari del Tesoro (BOT) zero coupon debt securities issued by the Italian Treasury with maturities up to 365 days.</SimpleValue>
         </Value>
      </Row>
      <Row>
         <Value>
            <SimpleValue>IT-BTP</SimpleValue>
         </Value>
         <Value>
            <SimpleValue>FpML</SimpleValue>
         </Value>
         <Value>
            <SimpleValue>Buoni del Tesoro Poliennali fixed interest semi-annual debt securities issued by the Italian Treasury with original maturities between 3 and 30 years.</SimpleValue>
         </Value>
      </Row>
      <Row>
         <Value>
            <SimpleValue>IT-CCT</SimpleValue>
         </Value>
         <Value>
            <SimpleValue>FpML</SimpleValue>
         </Value>
         <Value>
            <SimpleValue>Certificati di Credito del Tesoro a Cedola Variable (CCT) or floating rate interest bearing debt securities issued by the Italian Treasury.</SimpleValue>
         </Value>
      </Row>
      <Row>
         <Value>
            <SimpleValue>IT-CORP</SimpleValue>
         </Value>
         <Value>
            <SimpleValue>FpML</SimpleValue>
         </Value>
         <Value>
            <SimpleValue>Corporate bonds.</SimpleValue>
         </Value>
      </Row>
      <Row>
         <Value>
            <SimpleValue>IT-CTZ</SimpleValue>
         </Value>
         <Value>
            <SimpleValue>FpML</SimpleValue>
         </Value>
         <Value>
            <SimpleValue>Certificati del Tesoro zero coupon debt securities issued by the Italian Treasury with maturities between 18 and 24 months.</SimpleValue>
         </Value>
      </Row>
      <Row>
         <Value>
            <SimpleValue>IT-MIB30</SimpleValue>
         </Value>
         <Value>
            <SimpleValue>FpML</SimpleValue>
         </Value>
         <Value>
            <SimpleValue>MIB30 Equity Securities.</SimpleValue>
         </Value>
      </Row>
      <Row>
         <Value>
            <SimpleValue>IT-REP</SimpleValue>
         </Value>
         <Value>
            <SimpleValue>FpML</SimpleValue>
         </Value>
         <Value>
            <SimpleValue>Debt securities issued and marketed by the Republic of Italy outside the Italian market, traded as Eurobonds.</SimpleValue>
         </Value>
      </Row>
      <Row>
         <Value>
            <SimpleValue>JP-CASH</SimpleValue>
         </Value>
         <Value>
            <SimpleValue>FpML</SimpleValue>
         </Value>
         <Value>
            <SimpleValue>Japanese Yen (JPY) Cash.</SimpleValue>
         </Value>
      </Row>
      <Row>
         <Value>
            <SimpleValue>JP-CORPORATE</SimpleValue>
         </Value>
         <Value>
            <SimpleValue>FpML</SimpleValue>
         </Value>
         <Value>
            <SimpleValue>Corporate bonds including straight bonds.</SimpleValue>
         </Value>
      </Row>
      <Row>
         <Value>
            <SimpleValue>JP-CP</SimpleValue>
         </Value>
         <Value>
            <SimpleValue>FpML</SimpleValue>
         </Value>
         <Value>
            <SimpleValue>Commercial Paper.</SimpleValue>
         </Value>
      </Row>
      <Row>
         <Value>
            <SimpleValue>JP-EQUITY</SimpleValue>
         </Value>
         <Value>
            <SimpleValue>FpML</SimpleValue>
         </Value>
         <Value>
            <SimpleValue>Equity securities issued by a Japanese company, each share representing the minimum unit of participation of a partner in the stock capital of the company.</SimpleValue>
         </Value>
      </Row>
      <Row>
         <Value>
            <SimpleValue>JP-EUROBOND</SimpleValue>
         </Value>
         <Value>
            <SimpleValue>FpML</SimpleValue>
         </Value>
         <Value>
            <SimpleValue>Yen-denominated foreign bonds.</SimpleValue>
         </Value>
      </Row>
      <Row>
         <Value>
            <SimpleValue>JP-JGB</SimpleValue>
         </Value>
         <Value>
            <SimpleValue>FpML</SimpleValue>
         </Value>
         <Value>
            <SimpleValue>Japanese Government Bonds.</SimpleValue>
         </Value>
      </Row>
      <Row>
         <Value>
            <SimpleValue>KR-BOND</SimpleValue>
         </Value>
         <Value>
            <SimpleValue>FpML</SimpleValue>
         </Value>
         <Value>
            <SimpleValue>Korean Treasury Bonds.</SimpleValue>
         </Value>
      </Row>
      <Row>
         <Value>
            <SimpleValue>KR-CASH</SimpleValue>
         </Value>
         <Value>
            <SimpleValue>FpML</SimpleValue>
         </Value>
         <Value>
            <SimpleValue>Korean Won (KRW) Cash.</SimpleValue>
         </Value>
      </Row>
      <Row>
         <Value>
            <SimpleValue>KR-EXIM</SimpleValue>
         </Value>
         <Value>
            <SimpleValue>FpML</SimpleValue>
         </Value>
         <Value>
            <SimpleValue>Non Korean Won denominated Export-Import Bank of Korea bonds.</SimpleValue>
         </Value>
      </Row>
      <Row>
         <Value>
            <SimpleValue>KR-KDICKRW</SimpleValue>
         </Value>
         <Value>
            <SimpleValue>FpML</SimpleValue>
         </Value>
         <Value>
            <SimpleValue>Korean Development Insurance Corporation Bonds (Korean Won denominated).</SimpleValue>
         </Value>
      </Row>
      <Row>
         <Value>
            <SimpleValue>KR-KDR</SimpleValue>
         </Value>
         <Value>
            <SimpleValue>FpML</SimpleValue>
         </Value>
         <Value>
            <SimpleValue>Non-Korean Won denominated Korea Development Bank bonds (KDBs).</SimpleValue>
         </Value>
      </Row>
      <Row>
         <Value>
            <SimpleValue>KR-KEPCO</SimpleValue>
         </Value>
         <Value>
            <SimpleValue>FpML</SimpleValue>
         </Value>
         <Value>
            <SimpleValue>KEPCO bonds.</SimpleValue>
         </Value>
      </Row>
      <Row>
         <Value>
            <SimpleValue>KR-MSB</SimpleValue>
         </Value>
         <Value>
            <SimpleValue>FpML</SimpleValue>
         </Value>
         <Value>
            <SimpleValue>Monetary Stabilisation Bonds.</SimpleValue>
         </Value>
      </Row>
      <Row>
         <Value>
            <SimpleValue>KR-NHC</SimpleValue>
         </Value>
         <Value>
            <SimpleValue>FpML</SimpleValue>
         </Value>
         <Value>
            <SimpleValue>Non Korean Won denominated Korea National Housing Corporation bonds (KNHCs).</SimpleValue>
         </Value>
      </Row>
      <Row>
         <Value>
            <SimpleValue>KR-ROK</SimpleValue>
         </Value>
         <Value>
            <SimpleValue>FpML</SimpleValue>
         </Value>
         <Value>
            <SimpleValue>Non-Korean Won denominated Republic of Korea bonds (ROKs).</SimpleValue>
         </Value>
      </Row>
      <Row>
         <Value>
            <SimpleValue>NL-AEX</SimpleValue>
         </Value>
         <Value>
            <SimpleValue>FpML</SimpleValue>
         </Value>
         <Value>
            <SimpleValue>AEX Equity Securities.</SimpleValue>
         </Value>
      </Row>
      <Row>
         <Value>
            <SimpleValue>NL-BILL</SimpleValue>
         </Value>
         <Value>
            <SimpleValue>FpML</SimpleValue>
         </Value>
         <Value>
            <SimpleValue>Dutch Treasury Certificates.</SimpleValue>
         </Value>
      </Row>
      <Row>
         <Value>
            <SimpleValue>NL-BOND</SimpleValue>
         </Value>
         <Value>
            <SimpleValue>FpML</SimpleValue>
         </Value>
         <Value>
            <SimpleValue>Dutch State Loans.</SimpleValue>
         </Value>
      </Row>
      <Row>
         <Value>
            <SimpleValue>NO-BOND</SimpleValue>
         </Value>
         <Value>
            <SimpleValue>FpML</SimpleValue>
         </Value>
         <Value>
            <SimpleValue>Norwegian Government Bonds.</SimpleValue>
         </Value>
      </Row>
      <Row>
         <Value>
            <SimpleValue>NO-CASH</SimpleValue>
         </Value>
         <Value>
            <SimpleValue>FpML</SimpleValue>
         </Value>
         <Value>
            <SimpleValue>Norwegian Krone (NOK) Cash.</SimpleValue>
         </Value>
      </Row>
      <Row>
         <Value>
            <SimpleValue>NO-OBX</SimpleValue>
         </Value>
         <Value>
            <SimpleValue>FpML</SimpleValue>
         </Value>
         <Value>
            <SimpleValue>OBX Equity Securities.</SimpleValue>
         </Value>
      </Row>
      <Row>
         <Value>
            <SimpleValue>NO-TBILL</SimpleValue>
         </Value>
         <Value>
            <SimpleValue>FpML</SimpleValue>
         </Value>
         <Value>
            <SimpleValue>Norwegian T-Bills.</SimpleValue>
         </Value>
      </Row>
      <Row>
         <Value>
            <SimpleValue>NZ-BOND</SimpleValue>
         </Value>
         <Value>
            <SimpleValue>FpML</SimpleValue>
         </Value>
         <Value>
            <SimpleValue>New Zealand Government Bonds.</SimpleValue>
         </Value>
      </Row>
      <Row>
         <Value>
            <SimpleValue>NZ-CASH</SimpleValue>
         </Value>
         <Value>
            <SimpleValue>FpML</SimpleValue>
         </Value>
         <Value>
            <SimpleValue>New Zealand Dollar (NZD) Cash.</SimpleValue>
         </Value>
      </Row>
      <Row>
         <Value>
            <SimpleValue>NZ-TBILL</SimpleValue>
         </Value>
         <Value>
            <SimpleValue>FpML</SimpleValue>
         </Value>
         <Value>
            <SimpleValue>New Zealand Government Treasury Bills.</SimpleValue>
         </Value>
      </Row>
      <Row>
         <Value>
            <SimpleValue>SE-CASH</SimpleValue>
         </Value>
         <Value>
            <SimpleValue>FpML</SimpleValue>
         </Value>
         <Value>
            <SimpleValue>Swedish Krona (SEK) Cash.</SimpleValue>
         </Value>
      </Row>
      <Row>
         <Value>
            <SimpleValue>SE-GOVT</SimpleValue>
         </Value>
         <Value>
            <SimpleValue>FpML</SimpleValue>
         </Value>
         <Value>
            <SimpleValue>Swedish Government Bonds (SGB).</SimpleValue>
         </Value>
      </Row>
      <Row>
         <Value>
            <SimpleValue>SE-ILGOVT</SimpleValue>
         </Value>
         <Value>
            <SimpleValue>FpML</SimpleValue>
         </Value>
         <Value>
            <SimpleValue>Swedish Index Linked Government bonds.</SimpleValue>
         </Value>
      </Row>
      <Row>
         <Value>
            <SimpleValue>SE-MORT</SimpleValue>
         </Value>
         <Value>
            <SimpleValue>FpML</SimpleValue>
         </Value>
         <Value>
            <SimpleValue>Swedish Mortgage Bonds.</SimpleValue>
         </Value>
      </Row>
      <Row>
         <Value>
            <SimpleValue>SE-OMX</SimpleValue>
         </Value>
         <Value>
            <SimpleValue>FpML</SimpleValue>
         </Value>
         <Value>
            <SimpleValue>OMX Equity Securities.</SimpleValue>
         </Value>
      </Row>
      <Row>
         <Value>
            <SimpleValue>SE-TBILL</SimpleValue>
         </Value>
         <Value>
            <SimpleValue>FpML</SimpleValue>
         </Value>
         <Value>
            <SimpleValue>Swedish Treasury Bills (STB).</SimpleValue>
         </Value>
      </Row>
      <Row>
         <Value>
            <SimpleValue>SG-BOND</SimpleValue>
         </Value>
         <Value>
            <SimpleValue>FpML</SimpleValue>
         </Value>
         <Value>
            <SimpleValue>Singapore Government (SGS) Bonds.</SimpleValue>
         </Value>
      </Row>
      <Row>
         <Value>
            <SimpleValue>SG-CASH</SimpleValue>
         </Value>
         <Value>
            <SimpleValue>FpML</SimpleValue>
         </Value>
         <Value>
            <SimpleValue>Singapore Dollar (SGD) Cash.</SimpleValue>
         </Value>
      </Row>
      <Row>
         <Value>
            <SimpleValue>SG-TBILL</SimpleValue>
         </Value>
         <Value>
            <SimpleValue>FpML</SimpleValue>
         </Value>
         <Value>
            <SimpleValue>Singapore Government T-Bills (T-Bills).</SimpleValue>
         </Value>
      </Row>
      <Row>
         <Value>
            <SimpleValue>SU-IADB</SimpleValue>
         </Value>
         <Value>
            <SimpleValue>FpML</SimpleValue>
         </Value>
         <Value>
            <SimpleValue>Inter-American Development Bank Bonds.</SimpleValue>
         </Value>
      </Row>
      <Row>
         <Value>
            <SimpleValue>SU-IBRDDN</SimpleValue>
         </Value>
         <Value>
            <SimpleValue>FpML</SimpleValue>
         </Value>
         <Value>
            <SimpleValue>International Bank for Reconstruction and Development (World Bank) Discount Notes.</SimpleValue>
         </Value>
      </Row>
      <Row>
         <Value>
            <SimpleValue>SU-IBRDGB</SimpleValue>
         </Value>
         <Value>
            <SimpleValue>FpML</SimpleValue>
         </Value>
         <Value>
            <SimpleValue>International Bank for Reconstruction and Development (World Bank or IBRD) Global Benchmark Bonds.</SimpleValue>
         </Value>
      </Row>
      <Row>
         <Value>
            <SimpleValue>US-ARM</SimpleValue>
         </Value>
         <Value>
            <SimpleValue>FpML</SimpleValue>
         </Value>
         <Value>
            <SimpleValue>Adjustable Rate Mortgage (ARM) Bonds.</SimpleValue>
         </Value>
      </Row>
      <Row>
         <Value>
            <SimpleValue>US-CASH</SimpleValue>
         </Value>
         <Value>
            <SimpleValue>FpML</SimpleValue>
         </Value>
         <Value>
            <SimpleValue>United States of America Dollar (USD) Cash.</SimpleValue>
         </Value>
      </Row>
      <Row>
         <Value>
            <SimpleValue>US-DERIV</SimpleValue>
         </Value>
         <Value>
            <SimpleValue>FpML</SimpleValue>
         </Value>
         <Value>
            <SimpleValue>REMICs, CMOs and other derivative structures.</SimpleValue>
         </Value>
      </Row>
      <Row>
         <Value>
            <SimpleValue>US-DOW</SimpleValue>
         </Value>
         <Value>
            <SimpleValue>FpML</SimpleValue>
         </Value>
         <Value>
            <SimpleValue>Dow Jones Industrial Average Equity Securities.</SimpleValue>
         </Value>
      </Row>
      <Row>
         <Value>
            <SimpleValue>US-DOW-COMP</SimpleValue>
         </Value>
         <Value>
            <SimpleValue>FpML</SimpleValue>
         </Value>
         <Value>
            <SimpleValue>Dow Jones Composite Average Equity Securities.</SimpleValue>
         </Value>
      </Row>
      <Row>
         <Value>
            <SimpleValue>US-DOW-TRAN</SimpleValue>
         </Value>
         <Value>
            <SimpleValue>FpML</SimpleValue>
         </Value>
         <Value>
            <SimpleValue>Dow Jones Transportation Average Equity Securities.</SimpleValue>
         </Value>
      </Row>
      <Row>
         <Value>
            <SimpleValue>US-DOW-UTIL</SimpleValue>
         </Value>
         <Value>
            <SimpleValue>FpML</SimpleValue>
         </Value>
         <Value>
            <SimpleValue>Dow Jones Utilities Average Equity Securities.</SimpleValue>
         </Value>
      </Row>
      <Row>
         <Value>
            <SimpleValue>US-FAMC</SimpleValue>
         </Value>
         <Value>
            <SimpleValue>FpML</SimpleValue>
         </Value>
         <Value>
            <SimpleValue>Federal Agricultural Mortgage Corp (Farmer Mac) Bonds.</SimpleValue>
         </Value>
      </Row>
      <Row>
         <Value>
            <SimpleValue>US-FCS</SimpleValue>
         </Value>
         <Value>
            <SimpleValue>FpML</SimpleValue>
         </Value>
         <Value>
            <SimpleValue>Farm Credit System (FCS) Bonds.</SimpleValue>
         </Value>
      </Row>
      <Row>
         <Value>
            <SimpleValue>US-FCSFAC</SimpleValue>
         </Value>
         <Value>
            <SimpleValue>FpML</SimpleValue>
         </Value>
         <Value>
            <SimpleValue>Farm Credit System Financial Assistance Corporation (FCSFAC) Bonds.</SimpleValue>
         </Value>
      </Row>
      <Row>
         <Value>
            <SimpleValue>US-FHLB</SimpleValue>
         </Value>
         <Value>
            <SimpleValue>FpML</SimpleValue>
         </Value>
         <Value>
            <SimpleValue>Callable Agency Debt - Federal Home Loan Bank (FHLB).</SimpleValue>
         </Value>
      </Row>
      <Row>
         <Value>
            <SimpleValue>US-FHLBNC</SimpleValue>
         </Value>
         <Value>
            <SimpleValue>FpML</SimpleValue>
         </Value>
         <Value>
            <SimpleValue>Non-Callable Federal Home Loan Bank Debt.</SimpleValue>
         </Value>
      </Row>
      <Row>
         <Value>
            <SimpleValue>US-FHLBNCDN</SimpleValue>
         </Value>
         <Value>
            <SimpleValue>FpML</SimpleValue>
         </Value>
         <Value>
            <SimpleValue>Non-Callable Federal Home Loan Bank Discount Notes.</SimpleValue>
         </Value>
      </Row>
      <Row>
         <Value>
            <SimpleValue>US-FHLMC</SimpleValue>
         </Value>
         <Value>
            <SimpleValue>FpML</SimpleValue>
         </Value>
         <Value>
            <SimpleValue>Callable Agency Debt - the Federal Home Loan Mortgage Corporation (FHLMC or Freddie Mac).</SimpleValue>
         </Value>
      </Row>
      <Row>
         <Value>
            <SimpleValue>US-FHLMCMBS</SimpleValue>
         </Value>
         <Value>
            <SimpleValue>FpML</SimpleValue>
         </Value>
         <Value>
            <SimpleValue>Federal Home Loan Mortgage Corporation Certificates - Mortgage Backed Securities.</SimpleValue>
         </Value>
      </Row>
      <Row>
         <Value>
            <SimpleValue>US-FICO</SimpleValue>
         </Value>
         <Value>
            <SimpleValue>FpML</SimpleValue>
         </Value>
         <Value>
            <SimpleValue>Financing Corp (FICO) Bonds.</SimpleValue>
         </Value>
      </Row>
      <Row>
         <Value>
            <SimpleValue>US-FNMA</SimpleValue>
         </Value>
         <Value>
            <SimpleValue>FpML</SimpleValue>
         </Value>
         <Value>
            <SimpleValue>Callable Agency Debt - Federal National Mortgage Association (FNMA or Fannie Mae).</SimpleValue>
         </Value>
      </Row>
      <Row>
         <Value>
            <SimpleValue>US-FNMAMBS</SimpleValue>
         </Value>
         <Value>
            <SimpleValue>FpML</SimpleValue>
         </Value>
         <Value>
            <SimpleValue>Federal National Mortgage Association Certificates - Mortgage Backed Securities.</SimpleValue>
         </Value>
      </Row>
      <Row>
         <Value>
            <SimpleValue>US-GNMA</SimpleValue>
         </Value>
         <Value>
            <SimpleValue>FpML</SimpleValue>
         </Value>
         <Value>
            <SimpleValue>Callable Agency Debt - Government National Mortgage Association (GNMA).</SimpleValue>
         </Value>
      </Row>
      <Row>
         <Value>
            <SimpleValue>US-GNMAMBS</SimpleValue>
         </Value>
         <Value>
            <SimpleValue>FpML</SimpleValue>
         </Value>
         <Value>
            <SimpleValue>Government National Mortgage Association Certificates - Mortgage Backed Securities (GNMA or Ginnie Mae)</SimpleValue>
         </Value>
      </Row>
      <Row>
         <Value>
            <SimpleValue>US-LEHM-BOND</SimpleValue>
         </Value>
         <Value>
            <SimpleValue>FpML</SimpleValue>
         </Value>
         <Value>
            <SimpleValue>Lehman Brothers Credit Bond Index Debt Securities.</SimpleValue>
         </Value>
      </Row>
      <Row>
         <Value>
            <SimpleValue>US-NAS-100</SimpleValue>
         </Value>
         <Value>
            <SimpleValue>FpML</SimpleValue>
         </Value>
         <Value>
            <SimpleValue>NASDAQ-100 Index Equity Securities.</SimpleValue>
         </Value>
      </Row>
      <Row>
         <Value>
            <SimpleValue>US-NAS-COMP</SimpleValue>
         </Value>
         <Value>
            <SimpleValue>FpML</SimpleValue>
         </Value>
         <Value>
            <SimpleValue>NASDAQ Composite Index Equity Securities.</SimpleValue>
         </Value>
      </Row>
      <Row>
         <Value>
            <SimpleValue>US-NCAD</SimpleValue>
         </Value>
         <Value>
            <SimpleValue>FpML</SimpleValue>
         </Value>
         <Value>
            <SimpleValue>Non-Callable Agency Debt - Various Issuers.</SimpleValue>
         </Value>
      </Row>
      <Row>
         <Value>
            <SimpleValue>US-NCADN</SimpleValue>
         </Value>
         <Value>
            <SimpleValue>FpML</SimpleValue>
         </Value>
         <Value>
            <SimpleValue>Non-Callable Agency Discount Notes - Various Issuers.</SimpleValue>
         </Value>
      </Row>
      <Row>
         <Value>
            <SimpleValue>US-NYSE-COMP</SimpleValue>
         </Value>
         <Value>
            <SimpleValue>FpML</SimpleValue>
         </Value>
         <Value>
            <SimpleValue>NYSE Composite Index Equity Securities.</SimpleValue>
         </Value>
      </Row>
      <Row>
         <Value>
            <SimpleValue>US-REFCORP</SimpleValue>
         </Value>
         <Value>
            <SimpleValue>FpML</SimpleValue>
         </Value>
         <Value>
            <SimpleValue>Resolution Funding Corp (REFCorp) Bonds.</SimpleValue>
         </Value>
      </Row>
      <Row>
         <Value>
            <SimpleValue>US-S&amp;P100</SimpleValue>
         </Value>
         <Value>
            <SimpleValue>FpML</SimpleValue>
         </Value>
         <Value>
            <SimpleValue>Standard &amp; Poor's 100 Index Equity Securities.</SimpleValue>
         </Value>
      </Row>
      <Row>
         <Value>
            <SimpleValue>US-S&amp;P400</SimpleValue>
         </Value>
         <Value>
            <SimpleValue>FpML</SimpleValue>
         </Value>
         <Value>
            <SimpleValue>Standard &amp; Poor's Midcap 400 Equity Securities. corporations that are included within the Standard And Poor's Midcap 400 Index published by Standard And Poor's, a division of The McGraw-Hill Companies, Inc.</SimpleValue>
         </Value>
      </Row>
      <Row>
         <Value>
            <SimpleValue>US-S&amp;P500</SimpleValue>
         </Value>
         <Value>
            <SimpleValue>FpML</SimpleValue>
         </Value>
         <Value>
            <SimpleValue>Standard &amp;  Poor's 500 Index Equity Securities.</SimpleValue>
         </Value>
      </Row>
      <Row>
         <Value>
            <SimpleValue>US-S&amp;P600</SimpleValue>
         </Value>
         <Value>
            <SimpleValue>FpML</SimpleValue>
         </Value>
         <Value>
            <SimpleValue>Standard &amp; Poor's Smallcap 600 Index Equity Securities.</SimpleValue>
         </Value>
      </Row>
      <Row>
         <Value>
            <SimpleValue>US-SLMA</SimpleValue>
         </Value>
         <Value>
            <SimpleValue>FpML</SimpleValue>
         </Value>
         <Value>
            <SimpleValue>Student Loan Marketing Association (Sallie Mae) Bonds.</SimpleValue>
         </Value>
      </Row>
      <Row>
         <Value>
            <SimpleValue>US-STRIP</SimpleValue>
         </Value>
         <Value>
            <SimpleValue>FpML</SimpleValue>
         </Value>
         <Value>
            <SimpleValue>US Treasury Strips.</SimpleValue>
         </Value>
      </Row>
      <Row>
         <Value>
            <SimpleValue>US-TBILL</SimpleValue>
         </Value>
         <Value>
            <SimpleValue>FpML</SimpleValue>
         </Value>
         <Value>
            <SimpleValue>US Treasury Bills.</SimpleValue>
         </Value>
      </Row>
      <Row>
         <Value>
            <SimpleValue>US-TBOND</SimpleValue>
         </Value>
         <Value>
            <SimpleValue>FpML</SimpleValue>
         </Value>
         <Value>
            <SimpleValue>US Treasury Bonds.</SimpleValue>
         </Value>
      </Row>
      <Row>
         <Value>
            <SimpleValue>US-TIPS</SimpleValue>
         </Value>
         <Value>
            <SimpleValue>FpML</SimpleValue>
         </Value>
         <Value>
            <SimpleValue>US Treasury Inflation Protected Issues (TIPS).</SimpleValue>
         </Value>
      </Row>
      <Row>
         <Value>
            <SimpleValue>US-TNOTE</SimpleValue>
         </Value>
         <Value>
            <SimpleValue>FpML</SimpleValue>
         </Value>
         <Value>
            <SimpleValue>US Treasury Notes.</SimpleValue>
         </Value>
      </Row>
      <Row>
         <Value>
            <SimpleValue>US-TVA</SimpleValue>
         </Value>
         <Value>
            <SimpleValue>FpML</SimpleValue>
         </Value>
         <Value>
            <SimpleValue>Tennessee Valley Authority (TVA) Bonds.</SimpleValue>
         </Value>
      </Row>
   </SimpleCodeList>
</gcl:CodeList>