<?xml version="1.0" encoding="UTF-8"?>
<gcl:CodeList xmlns:gcl="http://xml.genericode.org/2004/ns/CodeList/0.2/" xmlns:doc="http://www.fpml.org/coding-scheme/documentation" xmlns:xsi="http://www.w3.org/2001/XMLSchema-instance" xsi:schemaLocation="http://xml.genericode.org/2004/ns/CodeList/0.2/ CodeList.xsd">
   <Annotation>
      <Description>
         <doc:definition>Defines a scheme of Coal Transportation Equipment values.</doc:definition>
      </Description>
   </Annotation>
   <Identification>
      <ShortName>commodityCoalTransportationEquipmentScheme</ShortName>
      <Version>2-0</Version>
      <CanonicalUri>http://www.fpml.org/coding-scheme/commodity-coal-transportation-equipment</CanonicalUri>
      <CanonicalVersionUri>http://www.fpml.org/coding-scheme/commodity-coal-transportation-equipment-2-0</CanonicalVersionUri>
      <LocationUri>http://www.fpml.org/coding-scheme/commodity-coal-transportation-equipment-2-0.xml</LocationUri>
   </Identification>
   <ColumnSet>
      <Column Id="Code" Use="required">
         <ShortName>Code</ShortName>
         <Data Type="token">
            <Parameter ShortName="maxLength">63</Parameter>
         </Data>
      </Column>
      <Column Id="Source" Use="optional">
         <ShortName>Source</ShortName>
         <Data Type="string"/>
      </Column>
      <Column Id="Description" Use="optional">
         <ShortName>Description</ShortName>
         <Data Type="string"/>
      </Column>
      <Key Id="PrimaryKey">
         <ShortName>key</ShortName>
         <ColumnRef Ref="Code"/>
      </Key>
   </ColumnSet>
   <SimpleCodeList>
      <Row>
         <Value>
            <SimpleValue>Barge</SimpleValue>
         </Value>
         <Value>
            <SimpleValue>FpML</SimpleValue>
         </Value>
         <Value>
            <SimpleValue>Delivery will take place by Barge.</SimpleValue>
         </Value>
      </Row>
      <Row>
         <Value>
            <SimpleValue>Railcar</SimpleValue>
         </Value>
         <Value>
            <SimpleValue>FpML</SimpleValue>
         </Value>
         <Value>
            <SimpleValue>Delivery will take place by Railcar.</SimpleValue>
         </Value>
      </Row>
      <Row>
         <Value>
            <SimpleValue>Truck</SimpleValue>
         </Value>
         <Value>
            <SimpleValue>FpML</SimpleValue>
         </Value>
         <Value>
            <SimpleValue>Delivery will take place by Truck.</SimpleValue>
         </Value>
      </Row>
   </SimpleCodeList>
</gcl:CodeList>