<?xml version="1.0" encoding="UTF-8"?>
<gcl:CodeList xmlns:gcl="http://xml.genericode.org/2004/ns/CodeList/0.2/" xmlns:doc="http://www.fpml.org/coding-scheme/documentation" xmlns:xsi="http://www.w3.org/2001/XMLSchema-instance" xsi:schemaLocation="http://xml.genericode.org/2004/ns/CodeList/0.2/ CodeList.xsd">
   <Annotation>
      <Description>
         <doc:definition>Specifies the types of metal product for a physically settled metal trade. Note: the coding scheme is intended for non-precious metals only.</doc:definition>
         <doc:publicationDate>2016-09-16</doc:publicationDate>
      </Description>
   </Annotation>
   <Identification>
      <ShortName>commodityMetalProductTypeScheme</ShortName>
      <Version>3-0</Version>
      <CanonicalUri>http://www.fpml.org/coding-scheme/commodity-metal-product-type</CanonicalUri>
      <CanonicalVersionUri>http://www.fpml.org/coding-scheme/commodity-metal-product-type-3-0</CanonicalVersionUri>
      <LocationUri>http://www.fpml.org/coding-scheme/commodity-metal-product-type-3-0.xml</LocationUri>
   </Identification>
   <ColumnSet>
      <Column Id="Code" Use="required">
         <ShortName>Code</ShortName>
         <Data Type="token">
            <Parameter ShortName="maxLength">63</Parameter>
         </Data>
      </Column>
      <Column Id="Source" Use="optional">
         <ShortName>Source</ShortName>
         <Data Type="string"/>
      </Column>
      <Column Id="Description" Use="optional">
         <ShortName>Description</ShortName>
         <Data Type="string"/>
      </Column>
      <Key Id="PrimaryKey">
         <ShortName>key</ShortName>
         <ColumnRef Ref="Code"/>
      </Key>
   </ColumnSet>
   <SimpleCodeList>
      <Row>
         <Value>
            <SimpleValue>Aluminum-Alloy</SimpleValue>
         </Value>
         <Value>
            <SimpleValue>FpML</SimpleValue>
         </Value>
         <Value>
            <SimpleValue>Alloy Aluminum alloy conforming to the Aluminum Association Inc. A380.1 specification (1989).</SimpleValue>
         </Value>
      </Row>
      <Row>
         <Value>
            <SimpleValue>Aluminum-Primary</SimpleValue>
         </Value>
         <Value>
            <SimpleValue>FpML</SimpleValue>
         </Value>
         <Value>
            <SimpleValue>Primary Aluminium 99.70% purity.</SimpleValue>
         </Value>
      </Row>
      <Row>
         <Value>
            <SimpleValue>Cobalt</SimpleValue>
         </Value>
         <Value>
            <SimpleValue>FpML</SimpleValue>
         </Value>
         <Value>
            <SimpleValue>Cobalt.</SimpleValue>
         </Value>
      </Row>
      <Row>
         <Value>
            <SimpleValue>Copper</SimpleValue>
         </Value>
         <Value>
            <SimpleValue>FpML</SimpleValue>
         </Value>
         <Value>
            <SimpleValue>Copper.</SimpleValue>
         </Value>
      </Row>
      <Row>
         <Value>
            <SimpleValue>Lead</SimpleValue>
         </Value>
         <Value>
            <SimpleValue>FpML</SimpleValue>
         </Value>
         <Value>
            <SimpleValue>Lead.</SimpleValue>
         </Value>
      </Row>
      <Row>
         <Value>
            <SimpleValue>Molybdenum</SimpleValue>
         </Value>
         <Value>
            <SimpleValue>FpML</SimpleValue>
         </Value>
         <Value>
            <SimpleValue>Molybdenum.</SimpleValue>
         </Value>
      </Row>
      <Row>
         <Value>
            <SimpleValue>NASAAC</SimpleValue>
         </Value>
         <Value>
            <SimpleValue>FpML</SimpleValue>
         </Value>
         <Value>
            <SimpleValue>Aluminum alloy conforming to the LME NA380.1 specification.</SimpleValue>
         </Value>
      </Row>
      <Row>
         <Value>
            <SimpleValue>Nickel</SimpleValue>
         </Value>
         <Value>
            <SimpleValue>FpML</SimpleValue>
         </Value>
         <Value>
            <SimpleValue>Nickel.</SimpleValue>
         </Value>
      </Row>
      <Row>
         <Value>
            <SimpleValue>Steel</SimpleValue>
         </Value>
         <Value>
            <SimpleValue>FpML</SimpleValue>
         </Value>
         <Value>
            <SimpleValue>Steel.</SimpleValue>
         </Value>
      </Row>
      <Row>
         <Value>
            <SimpleValue>Tin</SimpleValue>
         </Value>
         <Value>
            <SimpleValue>FpML</SimpleValue>
         </Value>
         <Value>
            <SimpleValue>Tin.</SimpleValue>
         </Value>
      </Row>
      <Row>
         <Value>
            <SimpleValue>Uranium</SimpleValue>
         </Value>
         <Value>
            <SimpleValue>FpML</SimpleValue>
         </Value>
         <Value>
            <SimpleValue>Uranium.</SimpleValue>
         </Value>
      </Row>
      <Row>
         <Value>
            <SimpleValue>Zinc</SimpleValue>
         </Value>
         <Value>
            <SimpleValue>FpML</SimpleValue>
         </Value>
         <Value>
            <SimpleValue>Zinc.</SimpleValue>
         </Value>
      </Row>
   </SimpleCodeList>
</gcl:CodeList>