<?xml version="1.0" encoding="UTF-8"?>
<gcl:CodeList xmlns:gcl="http://xml.genericode.org/2004/ns/CodeList/0.2/" xmlns:doc="http://www.fpml.org/coding-scheme/documentation" xmlns:xsi="http://www.w3.org/2001/XMLSchema-instance" xsi:schemaLocation="http://xml.genericode.org/2004/ns/CodeList/0.2/ CodeList.xsd">
   <Annotation>
      <Description>
         <doc:definition>Defines a publication in which the rate, price, index or factor is to be found. (e.g  Gas Daily, Platts Bloomberg.)</doc:definition>
         <doc:publicationDate>2014-09-15</doc:publicationDate>
      </Description>
   </Annotation>
   <Identification>
      <ShortName>informationProviderScheme</ShortName>
      <Version>4-0</Version>
      <CanonicalUri>http://www.fpml.org/coding-scheme/commodity-information-provider</CanonicalUri>
      <CanonicalVersionUri>http://www.fpml.org/coding-scheme/commodity-information-provider-4-0</CanonicalVersionUri>
      <LocationUri>http://www.fpml.org/coding-scheme/commodity-information-provider-4-0.xml</LocationUri>
   </Identification>
   <ColumnSet>
      <Column Id="Code" Use="required">
         <ShortName>Code</ShortName>
         <Data Type="token">
            <Parameter ShortName="maxLength">63</Parameter>
         </Data>
      </Column>
      <Column Id="Source" Use="optional">
         <ShortName>Source</ShortName>
         <Data Type="string"/>
      </Column>
      <Column Id="Description" Use="optional">
         <ShortName>Description</ShortName>
         <Data Type="string"/>
      </Column>
      <Key Id="PrimaryKey">
         <ShortName>key</ShortName>
         <ColumnRef Ref="Code"/>
      </Key>
   </ColumnSet>
   <SimpleCodeList>
      <Row>
         <Value>
            <SimpleValue>Argus</SimpleValue>
         </Value>
         <Value>
            <SimpleValue>FpML</SimpleValue>
         </Value>
         <Value>
            <SimpleValue>TBD.</SimpleValue>
         </Value>
      </Row>
      <Row>
         <Value>
            <SimpleValue>Argus/McCloskey's</SimpleValue>
         </Value>
         <Value>
            <SimpleValue>FpML</SimpleValue>
         </Value>
         <Value>
            <SimpleValue>TBD.</SimpleValue>
         </Value>
      </Row>
      <Row>
         <Value>
            <SimpleValue>Argus-Americas-Crude-Report</SimpleValue>
         </Value>
         <Value>
            <SimpleValue>FpML</SimpleValue>
         </Value>
         <Value>
            <SimpleValue>TBD.</SimpleValue>
         </Value>
      </Row>
      <Row>
         <Value>
            <SimpleValue>Argus-Biofuel-Report</SimpleValue>
         </Value>
         <Value>
            <SimpleValue>FpML</SimpleValue>
         </Value>
         <Value>
            <SimpleValue>TBD.</SimpleValue>
         </Value>
      </Row>
      <Row>
         <Value>
            <SimpleValue>Argus-Crude-Report</SimpleValue>
         </Value>
         <Value>
            <SimpleValue>FpML</SimpleValue>
         </Value>
         <Value>
            <SimpleValue>TBD.</SimpleValue>
         </Value>
      </Row>
      <Row>
         <Value>
            <SimpleValue>Argus-European-Products-Report</SimpleValue>
         </Value>
         <Value>
            <SimpleValue>FpML</SimpleValue>
         </Value>
         <Value>
            <SimpleValue>TBD.</SimpleValue>
         </Value>
      </Row>
      <Row>
         <Value>
            <SimpleValue>Argus-FMB</SimpleValue>
         </Value>
         <Value>
            <SimpleValue>FpML</SimpleValue>
         </Value>
         <Value>
            <SimpleValue>Argus Media Fertilizer Reports. http://www.argusmedia.com/Fertilizer</SimpleValue>
         </Value>
      </Row>
      <Row>
         <Value>
            <SimpleValue>Argus-International-LPG-Report</SimpleValue>
         </Value>
         <Value>
            <SimpleValue>FpML</SimpleValue>
         </Value>
         <Value>
            <SimpleValue>TBD.</SimpleValue>
         </Value>
      </Row>
      <Row>
         <Value>
            <SimpleValue>Argus-LPG</SimpleValue>
         </Value>
         <Value>
            <SimpleValue>FpML</SimpleValue>
         </Value>
         <Value>
            <SimpleValue>TBD.</SimpleValue>
         </Value>
      </Row>
      <Row>
         <Value>
            <SimpleValue>Argus-Nat-Gas</SimpleValue>
         </Value>
         <Value>
            <SimpleValue>FpML</SimpleValue>
         </Value>
         <Value>
            <SimpleValue>TBD.</SimpleValue>
         </Value>
      </Row>
      <Row>
         <Value>
            <SimpleValue>ARGUS-US-PRODUCTS</SimpleValue>
         </Value>
         <Value>
            <SimpleValue>FpML</SimpleValue>
         </Value>
         <Value>
            <SimpleValue>The Argus US Products report. http://www.argusmedia.com/Petroleum/Petroleum-Products/Argus-US-Products</SimpleValue>
         </Value>
      </Row>
      <Row>
         <Value>
            <SimpleValue>AssocBanksSingapore</SimpleValue>
         </Value>
         <Value>
            <SimpleValue>ISDA</SimpleValue>
         </Value>
         <Value>
            <SimpleValue>The Association of Banks in Singapore.</SimpleValue>
         </Value>
      </Row>
      <Row>
         <Value>
            <SimpleValue>BankOfCanada</SimpleValue>
         </Value>
         <Value>
            <SimpleValue>ISDA</SimpleValue>
         </Value>
         <Value>
            <SimpleValue>The central bank of Canada.</SimpleValue>
         </Value>
      </Row>
      <Row>
         <Value>
            <SimpleValue>BankOfEngland</SimpleValue>
         </Value>
         <Value>
            <SimpleValue>ISDA</SimpleValue>
         </Value>
         <Value>
            <SimpleValue>The Bank Of England.</SimpleValue>
         </Value>
      </Row>
      <Row>
         <Value>
            <SimpleValue>BankOfJapan</SimpleValue>
         </Value>
         <Value>
            <SimpleValue>ISDA</SimpleValue>
         </Value>
         <Value>
            <SimpleValue>The central bank of Japan.</SimpleValue>
         </Value>
      </Row>
      <Row>
         <Value>
            <SimpleValue>Bloomberg</SimpleValue>
         </Value>
         <Value>
            <SimpleValue>ISDA</SimpleValue>
         </Value>
         <Value>
            <SimpleValue>Bloomberg LP.</SimpleValue>
         </Value>
      </Row>
      <Row>
         <Value>
            <SimpleValue>CAISO</SimpleValue>
         </Value>
         <Value>
            <SimpleValue>FpML</SimpleValue>
         </Value>
         <Value>
            <SimpleValue>http://www.caiso.com</SimpleValue>
         </Value>
      </Row>
      <Row>
         <Value>
            <SimpleValue>Canadian-Gas-Price-Reporter</SimpleValue>
         </Value>
         <Value>
            <SimpleValue>FpML</SimpleValue>
         </Value>
         <Value>
            <SimpleValue>TBD.</SimpleValue>
         </Value>
      </Row>
      <Row>
         <Value>
            <SimpleValue>Canadian-Gas-Reporter</SimpleValue>
         </Value>
         <Value>
            <SimpleValue>FpML</SimpleValue>
         </Value>
         <Value>
            <SimpleValue>TBD.</SimpleValue>
         </Value>
      </Row>
      <Row>
         <Value>
            <SimpleValue>Chemical-Markets-Association</SimpleValue>
         </Value>
         <Value>
            <SimpleValue>FpML</SimpleValue>
         </Value>
         <Value>
            <SimpleValue>TBD.</SimpleValue>
         </Value>
      </Row>
      <Row>
         <Value>
            <SimpleValue>CMAI-Aromatics-Market-Report</SimpleValue>
         </Value>
         <Value>
            <SimpleValue>FpML</SimpleValue>
         </Value>
         <Value>
            <SimpleValue>TBD.</SimpleValue>
         </Value>
      </Row>
      <Row>
         <Value>
            <SimpleValue>CMAI-GLOBAL-PLASTICS-AND-POLYMERS-MARKET-REPORT</SimpleValue>
         </Value>
         <Value>
            <SimpleValue>FpML</SimpleValue>
         </Value>
         <Value>
            <SimpleValue>CMAI Monomers Market Report.	http://www.ihs.com/products/chemical/index.aspx?pu=1&amp;rd=cmai"</SimpleValue>
         </Value>
      </Row>
      <Row>
         <Value>
            <SimpleValue>CMAI-MONOMERS-MARKET-REPORT</SimpleValue>
         </Value>
         <Value>
            <SimpleValue>FpML</SimpleValue>
         </Value>
         <Value>
            <SimpleValue>CMAI Global Plastics and Polymers Market Report.	http://www.ihs.com/products/chemical/index.aspx?pu=1&amp;=cmai</SimpleValue>
         </Value>
      </Row>
      <Row>
         <Value>
            <SimpleValue>CMAI-Weekly-Methanol-Market-Report</SimpleValue>
         </Value>
         <Value>
            <SimpleValue>FpML</SimpleValue>
         </Value>
         <Value>
            <SimpleValue>TBD.</SimpleValue>
         </Value>
      </Row>
      <Row>
         <Value>
            <SimpleValue>CRU-Steel-Long-Product-Monitor</SimpleValue>
         </Value>
         <Value>
            <SimpleValue>FpML</SimpleValue>
         </Value>
         <Value>
            <SimpleValue>TBD.</SimpleValue>
         </Value>
      </Row>
      <Row>
         <Value>
            <SimpleValue>CRU-Steel-Sheet-Products-Monitor</SimpleValue>
         </Value>
         <Value>
            <SimpleValue>FpML</SimpleValue>
         </Value>
         <Value>
            <SimpleValue>http://www.crugroup.com</SimpleValue>
         </Value>
      </Row>
      <Row>
         <Value>
            <SimpleValue>DEPARTMENT-OF-ENERGY</SimpleValue>
         </Value>
         <Value>
            <SimpleValue>FpML</SimpleValue>
         </Value>
         <Value>
            <SimpleValue>US Energy Information Adminstration publishes prices as reported by the US Department of Energy.	http://www.eia.gov/petroleum/gasdiesel/</SimpleValue>
         </Value>
      </Row>
      <Row>
         <Value>
            <SimpleValue>DEPARTMENT-OF-LABOR</SimpleValue>
         </Value>
         <Value>
            <SimpleValue>FpML</SimpleValue>
         </Value>
         <Value>
            <SimpleValue>US Department of Labor Bureau of Labor Statistics. http://data.bls.gov/cgi-bin/surveymost?wp</SimpleValue>
         </Value>
      </Row>
      <Row>
         <Value>
            <SimpleValue>Dow-Jones-Energy-Service</SimpleValue>
         </Value>
         <Value>
            <SimpleValue>FpML</SimpleValue>
         </Value>
         <Value>
            <SimpleValue>TBD.</SimpleValue>
         </Value>
      </Row>
      <Row>
         <Value>
            <SimpleValue>Dow-Jones-Energy-Service-Screen</SimpleValue>
         </Value>
         <Value>
            <SimpleValue>FpML</SimpleValue>
         </Value>
         <Value>
            <SimpleValue>TBD.</SimpleValue>
         </Value>
      </Row>
      <Row>
         <Value>
            <SimpleValue>Dow-Jones-Nat-Gas</SimpleValue>
         </Value>
         <Value>
            <SimpleValue>FpML</SimpleValue>
         </Value>
         <Value>
            <SimpleValue>TBD.</SimpleValue>
         </Value>
      </Row>
      <Row>
         <Value>
            <SimpleValue>ERCOT</SimpleValue>
         </Value>
         <Value>
            <SimpleValue>FpML</SimpleValue>
         </Value>
         <Value>
            <SimpleValue>http://www.ercot.com</SimpleValue>
         </Value>
      </Row>
      <Row>
         <Value>
            <SimpleValue>EuroCentralBank</SimpleValue>
         </Value>
         <Value>
            <SimpleValue>ISDA</SimpleValue>
         </Value>
         <Value>
            <SimpleValue>The European Central Bank.</SimpleValue>
         </Value>
      </Row>
      <Row>
         <Value>
            <SimpleValue>FederalReserve</SimpleValue>
         </Value>
         <Value>
            <SimpleValue>ISDA</SimpleValue>
         </Value>
         <Value>
            <SimpleValue>The Federal Reserve, the central bank of the United States.</SimpleValue>
         </Value>
      </Row>
      <Row>
         <Value>
            <SimpleValue>FERTECON</SimpleValue>
         </Value>
         <Value>
            <SimpleValue>FpML</SimpleValue>
         </Value>
         <Value>
            <SimpleValue>FERTECON Limited Information Services. http://fertecon.com/current_information_services.asp</SimpleValue>
         </Value>
      </Row>
      <Row>
         <Value>
            <SimpleValue>Fertilizer-Week</SimpleValue>
         </Value>
         <Value>
            <SimpleValue>FpML</SimpleValue>
         </Value>
         <Value>
            <SimpleValue>Fertilizer Week. http://www.crugroup.com/market-analysis/products/fertilizerweek</SimpleValue>
         </Value>
      </Row>
      <Row>
         <Value>
            <SimpleValue>FHLBSF</SimpleValue>
         </Value>
         <Value>
            <SimpleValue>ISDA</SimpleValue>
         </Value>
         <Value>
            <SimpleValue>The Federal Home Loan Bank of San Francisco, or its successor.</SimpleValue>
         </Value>
      </Row>
      <Row>
         <Value>
            <SimpleValue>Gas-Daily</SimpleValue>
         </Value>
         <Value>
            <SimpleValue>FpML</SimpleValue>
         </Value>
         <Value>
            <SimpleValue>TBD.</SimpleValue>
         </Value>
      </Row>
      <Row>
         <Value>
            <SimpleValue>Gas-Daily-Price-Guide</SimpleValue>
         </Value>
         <Value>
            <SimpleValue>FpML</SimpleValue>
         </Value>
         <Value>
            <SimpleValue>TBD.</SimpleValue>
         </Value>
      </Row>
      <Row>
         <Value>
            <SimpleValue>GlobalCoal</SimpleValue>
         </Value>
         <Value>
            <SimpleValue>FpML</SimpleValue>
         </Value>
         <Value>
            <SimpleValue>TBD.</SimpleValue>
         </Value>
      </Row>
      <Row>
         <Value>
            <SimpleValue>Heren-Report</SimpleValue>
         </Value>
         <Value>
            <SimpleValue>FpML</SimpleValue>
         </Value>
         <Value>
            <SimpleValue>TBD.</SimpleValue>
         </Value>
      </Row>
      <Row>
         <Value>
            <SimpleValue>ICIS</SimpleValue>
         </Value>
         <Value>
            <SimpleValue>FpML</SimpleValue>
         </Value>
         <Value>
            <SimpleValue>TBD.</SimpleValue>
         </Value>
      </Row>
      <Row>
         <Value>
            <SimpleValue>Inside-FERC</SimpleValue>
         </Value>
         <Value>
            <SimpleValue>FpML</SimpleValue>
         </Value>
         <Value>
            <SimpleValue>TBD.</SimpleValue>
         </Value>
      </Row>
      <Row>
         <Value>
            <SimpleValue>ISDA</SimpleValue>
         </Value>
         <Value>
            <SimpleValue>ISDA</SimpleValue>
         </Value>
         <Value>
            <SimpleValue>International Swaps and Derivatives Association, Inc.</SimpleValue>
         </Value>
      </Row>
      <Row>
         <Value>
            <SimpleValue>ISO-New-England</SimpleValue>
         </Value>
         <Value>
            <SimpleValue>FpML</SimpleValue>
         </Value>
         <Value>
            <SimpleValue>http://www.iso-ne.com</SimpleValue>
         </Value>
      </Row>
      <Row>
         <Value>
            <SimpleValue>JAPAN-MOF-TSRR</SimpleValue>
         </Value>
         <Value>
            <SimpleValue>FpML</SimpleValue>
         </Value>
         <Value>
            <SimpleValue>Japanese Ministry of Finance Trade Statistics Reference Room.</SimpleValue>
         </Value>
      </Row>
      <Row>
         <Value>
            <SimpleValue>LEBA</SimpleValue>
         </Value>
         <Value>
            <SimpleValue>FpML</SimpleValue>
         </Value>
         <Value>
            <SimpleValue>TBD.</SimpleValue>
         </Value>
      </Row>
      <Row>
         <Value>
            <SimpleValue>London-Bullion-Market-Association</SimpleValue>
         </Value>
         <Value>
            <SimpleValue>FpML</SimpleValue>
         </Value>
         <Value>
            <SimpleValue>TBD.</SimpleValue>
         </Value>
      </Row>
      <Row>
         <Value>
            <SimpleValue>Megawatt-Daily</SimpleValue>
         </Value>
         <Value>
            <SimpleValue>FpML</SimpleValue>
         </Value>
         <Value>
            <SimpleValue>TBD.</SimpleValue>
         </Value>
      </Row>
      <Row>
         <Value>
            <SimpleValue>Metal-Bulletin</SimpleValue>
         </Value>
         <Value>
            <SimpleValue>FpML</SimpleValue>
         </Value>
         <Value>
            <SimpleValue>TBD.</SimpleValue>
         </Value>
      </Row>
      <Row>
         <Value>
            <SimpleValue>MISO</SimpleValue>
         </Value>
         <Value>
            <SimpleValue>FpML</SimpleValue>
         </Value>
         <Value>
            <SimpleValue>http://www.midwestiso.com</SimpleValue>
         </Value>
      </Row>
      <Row>
         <Value>
            <SimpleValue>Natural-Gas-Week</SimpleValue>
         </Value>
         <Value>
            <SimpleValue>FpML</SimpleValue>
         </Value>
         <Value>
            <SimpleValue>TBD.</SimpleValue>
         </Value>
      </Row>
      <Row>
         <Value>
            <SimpleValue>Net-Energy</SimpleValue>
         </Value>
         <Value>
            <SimpleValue>FpML</SimpleValue>
         </Value>
         <Value>
            <SimpleValue>Canadian Net-Energy.</SimpleValue>
         </Value>
      </Row>
      <Row>
         <Value>
            <SimpleValue>NGI-Bidweek-Survey</SimpleValue>
         </Value>
         <Value>
            <SimpleValue>FpML</SimpleValue>
         </Value>
         <Value>
            <SimpleValue>TBD.</SimpleValue>
         </Value>
      </Row>
      <Row>
         <Value>
            <SimpleValue>NUCLEAR-MARKET-REVIEW</SimpleValue>
         </Value>
         <Value>
            <SimpleValue>FpML</SimpleValue>
         </Value>
         <Value>
            <SimpleValue>The Nuclear Market Review report as published by Trade tech. http://www.uranium.info/nuclear_market_review.php</SimpleValue>
         </Value>
      </Row>
      <Row>
         <Value>
            <SimpleValue>NYISO</SimpleValue>
         </Value>
         <Value>
            <SimpleValue>FpML</SimpleValue>
         </Value>
         <Value>
            <SimpleValue>http://www.nyiso.com</SimpleValue>
         </Value>
      </Row>
      <Row>
         <Value>
            <SimpleValue>OPIS</SimpleValue>
         </Value>
         <Value>
            <SimpleValue>FpML</SimpleValue>
         </Value>
         <Value>
            <SimpleValue>TBD.</SimpleValue>
         </Value>
      </Row>
      <Row>
         <Value>
            <SimpleValue>Paper-Trader</SimpleValue>
         </Value>
         <Value>
            <SimpleValue>FpML</SimpleValue>
         </Value>
         <Value>
            <SimpleValue>TBD.</SimpleValue>
         </Value>
      </Row>
      <Row>
         <Value>
            <SimpleValue>PERTAMINA</SimpleValue>
         </Value>
         <Value>
            <SimpleValue>FpML</SimpleValue>
         </Value>
         <Value>
            <SimpleValue>Pertamina-Indonesia. http://www.pertamina.com/</SimpleValue>
         </Value>
      </Row>
      <Row>
         <Value>
            <SimpleValue>PETROCHEMWIRE</SimpleValue>
         </Value>
         <Value>
            <SimpleValue>FpML</SimpleValue>
         </Value>
         <Value>
            <SimpleValue>PetroChemWire Publication Calendar. http://www.petrochemwire.com/</SimpleValue>
         </Value>
      </Row>
      <Row>
         <Value>
            <SimpleValue>PIX</SimpleValue>
         </Value>
         <Value>
            <SimpleValue>FpML</SimpleValue>
         </Value>
         <Value>
            <SimpleValue>PIX Pulp Benchmark Indexes, or any successor publication, published by FOEX Indexes Ltd. or its successor (http://www.foex.fi).</SimpleValue>
         </Value>
      </Row>
      <Row>
         <Value>
            <SimpleValue>PJM</SimpleValue>
         </Value>
         <Value>
            <SimpleValue>FpML</SimpleValue>
         </Value>
         <Value>
            <SimpleValue>http://www.pjm.com</SimpleValue>
         </Value>
      </Row>
      <Row>
         <Value>
            <SimpleValue>Platts-Asia-Pacific</SimpleValue>
         </Value>
         <Value>
            <SimpleValue>FpML</SimpleValue>
         </Value>
         <Value>
            <SimpleValue>TBD.</SimpleValue>
         </Value>
      </Row>
      <Row>
         <Value>
            <SimpleValue>Platts-Asia-Pacific/Arab-Marketscan</SimpleValue>
         </Value>
         <Value>
            <SimpleValue>FpML</SimpleValue>
         </Value>
         <Value>
            <SimpleValue>TBD.</SimpleValue>
         </Value>
      </Row>
      <Row>
         <Value>
            <SimpleValue>Platts-Clean-Tankerwire</SimpleValue>
         </Value>
         <Value>
            <SimpleValue>FpML</SimpleValue>
         </Value>
         <Value>
            <SimpleValue>TBD.</SimpleValue>
         </Value>
      </Row>
      <Row>
         <Value>
            <SimpleValue>Platts-Coal-Trader</SimpleValue>
         </Value>
         <Value>
            <SimpleValue>FpML</SimpleValue>
         </Value>
         <Value>
            <SimpleValue>TBD.</SimpleValue>
         </Value>
      </Row>
      <Row>
         <Value>
            <SimpleValue>Platts-Crude-Oil-Marketwire</SimpleValue>
         </Value>
         <Value>
            <SimpleValue>FpML</SimpleValue>
         </Value>
         <Value>
            <SimpleValue>TBD.</SimpleValue>
         </Value>
      </Row>
      <Row>
         <Value>
            <SimpleValue>Platts-Dirty-Takerwire</SimpleValue>
         </Value>
         <Value>
            <SimpleValue>FpML</SimpleValue>
         </Value>
         <Value>
            <SimpleValue>TBD.</SimpleValue>
         </Value>
      </Row>
      <Row>
         <Value>
            <SimpleValue>Platts-ENGR</SimpleValue>
         </Value>
         <Value>
            <SimpleValue>FpML</SimpleValue>
         </Value>
         <Value>
            <SimpleValue>TBD.</SimpleValue>
         </Value>
      </Row>
      <Row>
         <Value>
            <SimpleValue>Platts-European</SimpleValue>
         </Value>
         <Value>
            <SimpleValue>FpML</SimpleValue>
         </Value>
         <Value>
            <SimpleValue>TBD.</SimpleValue>
         </Value>
      </Row>
      <Row>
         <Value>
            <SimpleValue>Platts-European-Marketscan</SimpleValue>
         </Value>
         <Value>
            <SimpleValue>FpML</SimpleValue>
         </Value>
         <Value>
            <SimpleValue>TBD.</SimpleValue>
         </Value>
      </Row>
      <Row>
         <Value>
            <SimpleValue>Platts-Gas-Daily</SimpleValue>
         </Value>
         <Value>
            <SimpleValue>FpML</SimpleValue>
         </Value>
         <Value>
            <SimpleValue>TBD.</SimpleValue>
         </Value>
      </Row>
      <Row>
         <Value>
            <SimpleValue>Platts-Gas-Daily-Price-Guide</SimpleValue>
         </Value>
         <Value>
            <SimpleValue>FpML</SimpleValue>
         </Value>
         <Value>
            <SimpleValue>TBD.</SimpleValue>
         </Value>
      </Row>
      <Row>
         <Value>
            <SimpleValue>Platts-Inside-FERC</SimpleValue>
         </Value>
         <Value>
            <SimpleValue>FpML</SimpleValue>
         </Value>
         <Value>
            <SimpleValue>TBD.</SimpleValue>
         </Value>
      </Row>
      <Row>
         <Value>
            <SimpleValue>Platts-LPG</SimpleValue>
         </Value>
         <Value>
            <SimpleValue>FpML</SimpleValue>
         </Value>
         <Value>
            <SimpleValue>http://www.platts.com/Products/lpgaswire</SimpleValue>
         </Value>
      </Row>
      <Row>
         <Value>
            <SimpleValue>Platts-Marketwire</SimpleValue>
         </Value>
         <Value>
            <SimpleValue>FpML</SimpleValue>
         </Value>
         <Value>
            <SimpleValue>TBD.</SimpleValue>
         </Value>
      </Row>
      <Row>
         <Value>
            <SimpleValue>Platts-Megawatt-Daily</SimpleValue>
         </Value>
         <Value>
            <SimpleValue>FpML</SimpleValue>
         </Value>
         <Value>
            <SimpleValue>TBD.</SimpleValue>
         </Value>
      </Row>
      <Row>
         <Value>
            <SimpleValue>Platts-Metals-Alert</SimpleValue>
         </Value>
         <Value>
            <SimpleValue>FpML</SimpleValue>
         </Value>
         <Value>
            <SimpleValue>TBD.</SimpleValue>
         </Value>
      </Row>
      <Row>
         <Value>
            <SimpleValue>Platts-Oilgram</SimpleValue>
         </Value>
         <Value>
            <SimpleValue>FpML</SimpleValue>
         </Value>
         <Value>
            <SimpleValue>TBD.</SimpleValue>
         </Value>
      </Row>
      <Row>
         <Value>
            <SimpleValue>Platts-Oilgram-Bunkerwire</SimpleValue>
         </Value>
         <Value>
            <SimpleValue>FpML</SimpleValue>
         </Value>
         <Value>
            <SimpleValue>TBD.</SimpleValue>
         </Value>
      </Row>
      <Row>
         <Value>
            <SimpleValue>Platts-Polymerscan</SimpleValue>
         </Value>
         <Value>
            <SimpleValue>FpML</SimpleValue>
         </Value>
         <Value>
            <SimpleValue>http://www.platts.com/Products/polymerscan</SimpleValue>
         </Value>
      </Row>
      <Row>
         <Value>
            <SimpleValue>Platts-TSI-Iron-Ore</SimpleValue>
         </Value>
         <Value>
            <SimpleValue>FpML</SimpleValue>
         </Value>
         <Value>
            <SimpleValue>The Steel Index Iron Ore Service. http://www.thesteelindex.com/en/iron-ore</SimpleValue>
         </Value>
      </Row>
      <Row>
         <Value>
            <SimpleValue>Platts-TSI-Scrap</SimpleValue>
         </Value>
         <Value>
            <SimpleValue>FpML</SimpleValue>
         </Value>
         <Value>
            <SimpleValue>The Steel Index Scrap Reference Prices. http://www.thesteelindex.com/en/scrapprices</SimpleValue>
         </Value>
      </Row>
      <Row>
         <Value>
            <SimpleValue>Platts-TSI-Steel</SimpleValue>
         </Value>
         <Value>
            <SimpleValue>FpML</SimpleValue>
         </Value>
         <Value>
            <SimpleValue>The Steel Index. http://www.thesteelindex.com/en/price-specifications</SimpleValue>
         </Value>
      </Row>
      <Row>
         <Value>
            <SimpleValue>Platts-U.S.</SimpleValue>
         </Value>
         <Value>
            <SimpleValue>FpML</SimpleValue>
         </Value>
         <Value>
            <SimpleValue>TBD.</SimpleValue>
         </Value>
      </Row>
      <Row>
         <Value>
            <SimpleValue>Platts-U.S.-Marketscan</SimpleValue>
         </Value>
         <Value>
            <SimpleValue>FpML</SimpleValue>
         </Value>
         <Value>
            <SimpleValue>TBD.</SimpleValue>
         </Value>
      </Row>
      <Row>
         <Value>
            <SimpleValue>PPM</SimpleValue>
         </Value>
         <Value>
            <SimpleValue>FpML</SimpleValue>
         </Value>
         <Value>
            <SimpleValue>Paper Packaging Monitor, or any successor publication, published by RISI or its successor (http://www.www.risiinfo.com).</SimpleValue>
         </Value>
      </Row>
      <Row>
         <Value>
            <SimpleValue>PPM-Europe</SimpleValue>
         </Value>
         <Value>
            <SimpleValue>FpML</SimpleValue>
         </Value>
         <Value>
            <SimpleValue>Paper Packaging Monitor-Europe, or any successor publication, published by RISI or its successor (http://www.www.risiinfo.com).</SimpleValue>
         </Value>
      </Row>
      <Row>
         <Value>
            <SimpleValue>PPW</SimpleValue>
         </Value>
         <Value>
            <SimpleValue>FpML</SimpleValue>
         </Value>
         <Value>
            <SimpleValue>Pulp &amp; Paper Week, or any successor publication, published by RISI or its successor (http://www.www.risiinfo.com).</SimpleValue>
         </Value>
      </Row>
      <Row>
         <Value>
            <SimpleValue>ReserveBankAustralia</SimpleValue>
         </Value>
         <Value>
            <SimpleValue>ISDA</SimpleValue>
         </Value>
         <Value>
            <SimpleValue>The Reserve Bank of Australia.</SimpleValue>
         </Value>
      </Row>
      <Row>
         <Value>
            <SimpleValue>ReserveBankNewZealand</SimpleValue>
         </Value>
         <Value>
            <SimpleValue>ISDA</SimpleValue>
         </Value>
         <Value>
            <SimpleValue>The Reserve Bank of New Zealand.</SimpleValue>
         </Value>
      </Row>
      <Row>
         <Value>
            <SimpleValue>Reuters</SimpleValue>
         </Value>
         <Value>
            <SimpleValue>ISDA</SimpleValue>
         </Value>
         <Value>
            <SimpleValue>Reuters Group Plc.</SimpleValue>
         </Value>
      </Row>
      <Row>
         <Value>
            <SimpleValue>Reuters-Screen</SimpleValue>
         </Value>
         <Value>
            <SimpleValue>FpML</SimpleValue>
         </Value>
         <Value>
            <SimpleValue>TBD.</SimpleValue>
         </Value>
      </Row>
      <Row>
         <Value>
            <SimpleValue>RIM-Intelligence-Products</SimpleValue>
         </Value>
         <Value>
            <SimpleValue>FpML</SimpleValue>
         </Value>
         <Value>
            <SimpleValue>TBD.</SimpleValue>
         </Value>
      </Row>
      <Row>
         <Value>
            <SimpleValue>SeaPac</SimpleValue>
         </Value>
         <Value>
            <SimpleValue>FpML</SimpleValue>
         </Value>
         <Value>
            <SimpleValue>SeaPac Services.</SimpleValue>
         </Value>
      </Row>
      <Row>
         <Value>
            <SimpleValue>Telerate</SimpleValue>
         </Value>
         <Value>
            <SimpleValue>ISDA</SimpleValue>
         </Value>
         <Value>
            <SimpleValue>Telerate, Inc.</SimpleValue>
         </Value>
      </Row>
      <Row>
         <Value>
            <SimpleValue>Telerate-Screen</SimpleValue>
         </Value>
         <Value>
            <SimpleValue>FpML</SimpleValue>
         </Value>
         <Value>
            <SimpleValue>TBD.</SimpleValue>
         </Value>
      </Row>
      <Row>
         <Value>
            <SimpleValue>UX-WEEKLY</SimpleValue>
         </Value>
         <Value>
            <SimpleValue>FpML</SimpleValue>
         </Value>
         <Value>
            <SimpleValue>The Ux Consulting Company. http://www.uxc.com/products/uxw_overview.aspx</SimpleValue>
         </Value>
      </Row>
      <Row>
         <Value>
            <SimpleValue>World-Crude-Report</SimpleValue>
         </Value>
         <Value>
            <SimpleValue>FpML</SimpleValue>
         </Value>
         <Value>
            <SimpleValue>TBD.</SimpleValue>
         </Value>
      </Row>
      <Row>
         <Value>
            <SimpleValue>World-Pulp-Monthly</SimpleValue>
         </Value>
         <Value>
            <SimpleValue>FpML</SimpleValue>
         </Value>
         <Value>
            <SimpleValue>TBD.</SimpleValue>
         </Value>
      </Row>
   </SimpleCodeList>
</gcl:CodeList>