<?xml version="1.0" encoding="UTF-8"?>
<gcl:CodeList xmlns:gcl="http://xml.genericode.org/2004/ns/CodeList/0.2/" xmlns:doc="http://www.fpml.org/coding-scheme/documentation" xmlns:xsi="http://www.w3.org/2001/XMLSchema-instance" xsi:schemaLocation="http://xml.genericode.org/2004/ns/CodeList/0.2/ CodeList.xsd">
   <Annotation>
      <Description>
         <doc:definition>Specifies the method by which FX rate will be applied.</doc:definition>
      </Description>
   </Annotation>
   <Identification>
      <ShortName>commodityFxTypeScheme</ShortName>
      <Version>1-0</Version>
      <CanonicalUri>http://www.fpml.org/coding-scheme/commodity-fx-type</CanonicalUri>
      <CanonicalVersionUri>http://www.fpml.org/coding-scheme/commodity-fx-type-1-0</CanonicalVersionUri>
      <LocationUri>http://www.fpml.org/coding-scheme/commodity-fx-type-1-0.xml</LocationUri>
   </Identification>
   <ColumnSet>
      <Column Id="Code" Use="required">
         <ShortName>Code</ShortName>
         <Data Type="token">
            <Parameter ShortName="maxLength">63</Parameter>
         </Data>
      </Column>
      <Column Id="Source" Use="optional">
         <ShortName>Source</ShortName>
         <Data Type="string"/>
      </Column>
      <Column Id="Description" Use="optional">
         <ShortName>Description</ShortName>
         <Data Type="string"/>
      </Column>
      <Key Id="PrimaryKey">
         <ShortName>key</ShortName>
         <ColumnRef Ref="Code"/>
      </Key>
   </ColumnSet>
   <SimpleCodeList>
      <Row>
         <Value>
            <SimpleValue>AverageAtPeriodEnd</SimpleValue>
         </Value>
         <Value>
            <SimpleValue>FpML</SimpleValue>
         </Value>
         <Value>
            <SimpleValue>An average FX rate will be applied to the Floating Amount when this is calculated.</SimpleValue>
         </Value>
      </Row>
      <Row>
         <Value>
            <SimpleValue>Daily</SimpleValue>
         </Value>
         <Value>
            <SimpleValue>FpML</SimpleValue>
         </Value>
         <Value>
            <SimpleValue>The prevailing FX spot rate will be applied to the observed Commodity Reference Price on each Pricing Date.</SimpleValue>
         </Value>
      </Row>
      <Row>
         <Value>
            <SimpleValue>SpotAtPeriodEnd</SimpleValue>
         </Value>
         <Value>
            <SimpleValue>FpML</SimpleValue>
         </Value>
         <Value>
            <SimpleValue>The prevailing FX spot rate will be applied to the Floating Amount when this is calculated.</SimpleValue>
         </Value>
      </Row>
   </SimpleCodeList>
</gcl:CodeList>