<?xml version="1.0" encoding="UTF-8"?>
<gcl:CodeList xmlns:gcl="http://xml.genericode.org/2004/ns/CodeList/0.2/" xmlns:doc="http://www.fpml.org/coding-scheme/documentation" xmlns:xsi="http://www.w3.org/2001/XMLSchema-instance" xsi:schemaLocation="http://xml.genericode.org/2004/ns/CodeList/0.2/ CodeList.xsd">
   <Annotation>
      <Description>
         <doc:definition>Contains a code representing a CFTC Part 20 covered commodity</doc:definition>
         <doc:publicationDate>2012-08-02</doc:publicationDate>
      </Description>
   </Annotation>
   <Identification>
      <ShortName>commodityCodeScheme</ShortName>
      <Version>1-0</Version>
      <CanonicalUri>http://www.fpml.org/coding-scheme/commodity-code</CanonicalUri>
      <CanonicalVersionUri>http://www.fpml.org/coding-scheme/commodity-code-1-0</CanonicalVersionUri>
      <LocationUri/>
   </Identification>
   <ColumnSet>
      <Column Id="Code" Use="required">
         <ShortName>Code</ShortName>
         <Data Type="token">
            <Parameter ShortName="maxLength">63</Parameter>
         </Data>
      </Column>
      <Column Id="Source" Use="optional">
         <ShortName>Source</ShortName>
         <Data Type="string"/>
      </Column>
      <Column Id="Description" Use="optional">
         <ShortName>Description</ShortName>
         <Data Type="string"/>
      </Column>
      <Key Id="PrimaryKey">
         <ShortName>key</ShortName>
         <ColumnRef Ref="Code"/>
      </Key>
   </ColumnSet>
   <SimpleCodeList>
      <Row>
         <Value>
            <SimpleValue>CBT BO</SimpleValue>
         </Value>
         <Value>
            <SimpleValue>FpML</SimpleValue>
         </Value>
         <Value>
            <SimpleValue>A code for the  BO commodity</SimpleValue>
         </Value>
      </Row>
      <Row>
         <Value>
            <SimpleValue>CBT C</SimpleValue>
         </Value>
         <Value>
            <SimpleValue>FpML</SimpleValue>
         </Value>
         <Value>
            <SimpleValue>A code for the  C commodity</SimpleValue>
         </Value>
      </Row>
      <Row>
         <Value>
            <SimpleValue>CBT EH</SimpleValue>
         </Value>
         <Value>
            <SimpleValue>FpML</SimpleValue>
         </Value>
         <Value>
            <SimpleValue>A code for the  EH commodity</SimpleValue>
         </Value>
      </Row>
      <Row>
         <Value>
            <SimpleValue>CBT O</SimpleValue>
         </Value>
         <Value>
            <SimpleValue>FpML</SimpleValue>
         </Value>
         <Value>
            <SimpleValue>A code for the  O commodity</SimpleValue>
         </Value>
      </Row>
      <Row>
         <Value>
            <SimpleValue>CBT RR</SimpleValue>
         </Value>
         <Value>
            <SimpleValue>FpML</SimpleValue>
         </Value>
         <Value>
            <SimpleValue>A code for the  RR commodity</SimpleValue>
         </Value>
      </Row>
      <Row>
         <Value>
            <SimpleValue>CBT S</SimpleValue>
         </Value>
         <Value>
            <SimpleValue>FpML</SimpleValue>
         </Value>
         <Value>
            <SimpleValue>A code for the  S commodity</SimpleValue>
         </Value>
      </Row>
      <Row>
         <Value>
            <SimpleValue>CBT SM</SimpleValue>
         </Value>
         <Value>
            <SimpleValue>FpML</SimpleValue>
         </Value>
         <Value>
            <SimpleValue>A code for the  SM commodity</SimpleValue>
         </Value>
      </Row>
      <Row>
         <Value>
            <SimpleValue>CBT W</SimpleValue>
         </Value>
         <Value>
            <SimpleValue>FpML</SimpleValue>
         </Value>
         <Value>
            <SimpleValue>A code for the  W commodity</SimpleValue>
         </Value>
      </Row>
      <Row>
         <Value>
            <SimpleValue>CME CB</SimpleValue>
         </Value>
         <Value>
            <SimpleValue>FpML</SimpleValue>
         </Value>
         <Value>
            <SimpleValue>A code for the  CB commodity</SimpleValue>
         </Value>
      </Row>
      <Row>
         <Value>
            <SimpleValue>CME CSC</SimpleValue>
         </Value>
         <Value>
            <SimpleValue>FpML</SimpleValue>
         </Value>
         <Value>
            <SimpleValue>A code for the  CSC commodity</SimpleValue>
         </Value>
      </Row>
      <Row>
         <Value>
            <SimpleValue>CME DA</SimpleValue>
         </Value>
         <Value>
            <SimpleValue>FpML</SimpleValue>
         </Value>
         <Value>
            <SimpleValue>A code for the  DA commodity</SimpleValue>
         </Value>
      </Row>
      <Row>
         <Value>
            <SimpleValue>CME DY</SimpleValue>
         </Value>
         <Value>
            <SimpleValue>FpML</SimpleValue>
         </Value>
         <Value>
            <SimpleValue>A code for the  DY commodity</SimpleValue>
         </Value>
      </Row>
      <Row>
         <Value>
            <SimpleValue>CME FC</SimpleValue>
         </Value>
         <Value>
            <SimpleValue>FpML</SimpleValue>
         </Value>
         <Value>
            <SimpleValue>A code for the  FC commodity</SimpleValue>
         </Value>
      </Row>
      <Row>
         <Value>
            <SimpleValue>CME GNF</SimpleValue>
         </Value>
         <Value>
            <SimpleValue>FpML</SimpleValue>
         </Value>
         <Value>
            <SimpleValue>A code for the  GNF commodity</SimpleValue>
         </Value>
      </Row>
      <Row>
         <Value>
            <SimpleValue>CME HWP</SimpleValue>
         </Value>
         <Value>
            <SimpleValue>FpML</SimpleValue>
         </Value>
         <Value>
            <SimpleValue>A code for the  HWP commodity</SimpleValue>
         </Value>
      </Row>
      <Row>
         <Value>
            <SimpleValue>CME LB</SimpleValue>
         </Value>
         <Value>
            <SimpleValue>FpML</SimpleValue>
         </Value>
         <Value>
            <SimpleValue>A code for the  LB commodity</SimpleValue>
         </Value>
      </Row>
      <Row>
         <Value>
            <SimpleValue>CME LC</SimpleValue>
         </Value>
         <Value>
            <SimpleValue>FpML</SimpleValue>
         </Value>
         <Value>
            <SimpleValue>A code for the  LC commodity</SimpleValue>
         </Value>
      </Row>
      <Row>
         <Value>
            <SimpleValue>CME LH</SimpleValue>
         </Value>
         <Value>
            <SimpleValue>FpML</SimpleValue>
         </Value>
         <Value>
            <SimpleValue>A code for the  LH commodity</SimpleValue>
         </Value>
      </Row>
      <Row>
         <Value>
            <SimpleValue>CME WP</SimpleValue>
         </Value>
         <Value>
            <SimpleValue>FpML</SimpleValue>
         </Value>
         <Value>
            <SimpleValue>A code for the  WP commodity</SimpleValue>
         </Value>
      </Row>
      <Row>
         <Value>
            <SimpleValue>CMX GC</SimpleValue>
         </Value>
         <Value>
            <SimpleValue>FpML</SimpleValue>
         </Value>
         <Value>
            <SimpleValue>A code for the  GC commodity</SimpleValue>
         </Value>
      </Row>
      <Row>
         <Value>
            <SimpleValue>CMX HG</SimpleValue>
         </Value>
         <Value>
            <SimpleValue>FpML</SimpleValue>
         </Value>
         <Value>
            <SimpleValue>A code for the  HG commodity</SimpleValue>
         </Value>
      </Row>
      <Row>
         <Value>
            <SimpleValue>CMX SI</SimpleValue>
         </Value>
         <Value>
            <SimpleValue>FpML</SimpleValue>
         </Value>
         <Value>
            <SimpleValue>A code for the  SI commodity</SimpleValue>
         </Value>
      </Row>
      <Row>
         <Value>
            <SimpleValue>ICUS CC</SimpleValue>
         </Value>
         <Value>
            <SimpleValue>FpML</SimpleValue>
         </Value>
         <Value>
            <SimpleValue>A code for the  CC commodity</SimpleValue>
         </Value>
      </Row>
      <Row>
         <Value>
            <SimpleValue>ICUS CT</SimpleValue>
         </Value>
         <Value>
            <SimpleValue>FpML</SimpleValue>
         </Value>
         <Value>
            <SimpleValue>A code for the  CT commodity</SimpleValue>
         </Value>
      </Row>
      <Row>
         <Value>
            <SimpleValue>ICUS KC</SimpleValue>
         </Value>
         <Value>
            <SimpleValue>FpML</SimpleValue>
         </Value>
         <Value>
            <SimpleValue>A code for the  KC commodity</SimpleValue>
         </Value>
      </Row>
      <Row>
         <Value>
            <SimpleValue>ICUS OJ</SimpleValue>
         </Value>
         <Value>
            <SimpleValue>FpML</SimpleValue>
         </Value>
         <Value>
            <SimpleValue>A code for the  OJ commodity</SimpleValue>
         </Value>
      </Row>
      <Row>
         <Value>
            <SimpleValue>ICUS SB</SimpleValue>
         </Value>
         <Value>
            <SimpleValue>FpML</SimpleValue>
         </Value>
         <Value>
            <SimpleValue>A code for the  SB commodity</SimpleValue>
         </Value>
      </Row>
      <Row>
         <Value>
            <SimpleValue>ICUS SF</SimpleValue>
         </Value>
         <Value>
            <SimpleValue>FpML</SimpleValue>
         </Value>
         <Value>
            <SimpleValue>A code for the  SF commodity</SimpleValue>
         </Value>
      </Row>
      <Row>
         <Value>
            <SimpleValue>KCBT KW</SimpleValue>
         </Value>
         <Value>
            <SimpleValue>FpML</SimpleValue>
         </Value>
         <Value>
            <SimpleValue>A code for the  KW commodity</SimpleValue>
         </Value>
      </Row>
      <Row>
         <Value>
            <SimpleValue>MGEX MWE</SimpleValue>
         </Value>
         <Value>
            <SimpleValue>FpML</SimpleValue>
         </Value>
         <Value>
            <SimpleValue>A code for the  MWE commodity</SimpleValue>
         </Value>
      </Row>
      <Row>
         <Value>
            <SimpleValue>NYL ZG</SimpleValue>
         </Value>
         <Value>
            <SimpleValue>FpML</SimpleValue>
         </Value>
         <Value>
            <SimpleValue>A code for the  ZG commodity</SimpleValue>
         </Value>
      </Row>
      <Row>
         <Value>
            <SimpleValue>NYL ZI</SimpleValue>
         </Value>
         <Value>
            <SimpleValue>FpML</SimpleValue>
         </Value>
         <Value>
            <SimpleValue>A code for the  ZI commodity</SimpleValue>
         </Value>
      </Row>
      <Row>
         <Value>
            <SimpleValue>NYMEX BZ</SimpleValue>
         </Value>
         <Value>
            <SimpleValue>FpML</SimpleValue>
         </Value>
         <Value>
            <SimpleValue>A code for the  BZ commodity</SimpleValue>
         </Value>
      </Row>
      <Row>
         <Value>
            <SimpleValue>NYMEX CJ</SimpleValue>
         </Value>
         <Value>
            <SimpleValue>FpML</SimpleValue>
         </Value>
         <Value>
            <SimpleValue>A code for the  CJ commodity</SimpleValue>
         </Value>
      </Row>
      <Row>
         <Value>
            <SimpleValue>NYMEX CL</SimpleValue>
         </Value>
         <Value>
            <SimpleValue>FpML</SimpleValue>
         </Value>
         <Value>
            <SimpleValue>A code for the  CL commodity</SimpleValue>
         </Value>
      </Row>
      <Row>
         <Value>
            <SimpleValue>NYMEX HO</SimpleValue>
         </Value>
         <Value>
            <SimpleValue>FpML</SimpleValue>
         </Value>
         <Value>
            <SimpleValue>A code for the  HO commodity</SimpleValue>
         </Value>
      </Row>
      <Row>
         <Value>
            <SimpleValue>NYMEX HR</SimpleValue>
         </Value>
         <Value>
            <SimpleValue>FpML</SimpleValue>
         </Value>
         <Value>
            <SimpleValue>A code for the  HR commodity</SimpleValue>
         </Value>
      </Row>
      <Row>
         <Value>
            <SimpleValue>NYMEX KT</SimpleValue>
         </Value>
         <Value>
            <SimpleValue>FpML</SimpleValue>
         </Value>
         <Value>
            <SimpleValue>A code for the  KT commodity</SimpleValue>
         </Value>
      </Row>
      <Row>
         <Value>
            <SimpleValue>NYMEX NG</SimpleValue>
         </Value>
         <Value>
            <SimpleValue>FpML</SimpleValue>
         </Value>
         <Value>
            <SimpleValue>A code for the  NG commodity</SimpleValue>
         </Value>
      </Row>
      <Row>
         <Value>
            <SimpleValue>NYMEX PA</SimpleValue>
         </Value>
         <Value>
            <SimpleValue>FpML</SimpleValue>
         </Value>
         <Value>
            <SimpleValue>A code for the  PA commodity</SimpleValue>
         </Value>
      </Row>
      <Row>
         <Value>
            <SimpleValue>NYMEX PL</SimpleValue>
         </Value>
         <Value>
            <SimpleValue>FpML</SimpleValue>
         </Value>
         <Value>
            <SimpleValue>A code for the  PL commodity</SimpleValue>
         </Value>
      </Row>
      <Row>
         <Value>
            <SimpleValue>NYMEX QL</SimpleValue>
         </Value>
         <Value>
            <SimpleValue>FpML</SimpleValue>
         </Value>
         <Value>
            <SimpleValue>A code for the  QL commodity</SimpleValue>
         </Value>
      </Row>
      <Row>
         <Value>
            <SimpleValue>NYMEX RB</SimpleValue>
         </Value>
         <Value>
            <SimpleValue>FpML</SimpleValue>
         </Value>
         <Value>
            <SimpleValue>A code for the  RB commodity</SimpleValue>
         </Value>
      </Row>
      <Row>
         <Value>
            <SimpleValue>NYMEX TT</SimpleValue>
         </Value>
         <Value>
            <SimpleValue>FpML</SimpleValue>
         </Value>
         <Value>
            <SimpleValue>A code for the  TT commodity</SimpleValue>
         </Value>
      </Row>
      <Row>
         <Value>
            <SimpleValue>NYMEX UX</SimpleValue>
         </Value>
         <Value>
            <SimpleValue>FpML</SimpleValue>
         </Value>
         <Value>
            <SimpleValue>A code for the  UX commodity</SimpleValue>
         </Value>
      </Row>
      <Row>
         <Value>
            <SimpleValue>NYMEX YO</SimpleValue>
         </Value>
         <Value>
            <SimpleValue>FpML</SimpleValue>
         </Value>
         <Value>
            <SimpleValue>A code for the  YO commodity</SimpleValue>
         </Value>
      </Row>
   </SimpleCodeList>
</gcl:CodeList>