<?xml version="1.0" encoding="UTF-8"?>
<gcl:CodeList xmlns:gcl="http://xml.genericode.org/2004/ns/CodeList/0.2/" xmlns:doc="http://www.fpml.org/coding-scheme/documentation" xmlns:xsi="http://www.w3.org/2001/XMLSchema-instance" xsi:schemaLocation="http://xml.genericode.org/2004/ns/CodeList/0.2/ CodeList.xsd">
   <Annotation>
      <Description>
         <doc:definition>Specifies the commodity business calendar.</doc:definition>
         <doc:publicationDate>2015-01-20</doc:publicationDate>
      </Description>
   </Annotation>
   <Identification>
      <ShortName>commodityBusinessCalendarScheme</ShortName>
      <Version>3-5</Version>
      <CanonicalUri>http://www.fpml.org/coding-scheme/commodity-business-calendar</CanonicalUri>
      <CanonicalVersionUri>http://www.fpml.org/coding-scheme/commodity-business-calendar-3-5</CanonicalVersionUri>
      <LocationUri>http://www.fpml.org/coding-scheme/commodity-business-calendar-3-5.xml</LocationUri>
   </Identification>
   <ColumnSet>
      <Column Id="Code" Use="required">
         <ShortName>Code</ShortName>
         <Data Type="token">
            <Parameter ShortName="maxLength">63</Parameter>
         </Data>
      </Column>
      <Column Id="Source" Use="optional">
         <ShortName>Source</ShortName>
         <Data Type="string"/>
      </Column>
      <Column Id="Description" Use="optional">
         <ShortName>Description</ShortName>
         <Data Type="string"/>
      </Column>
      <Key Id="PrimaryKey">
         <ShortName>key</ShortName>
         <ColumnRef Ref="Code"/>
      </Key>
   </ColumnSet>
   <SimpleCodeList>
      <Row>
         <Value>
            <SimpleValue>AGRUS-FMB</SimpleValue>
         </Value>
         <Value>
            <SimpleValue>FpML</SimpleValue>
         </Value>
         <Value>
            <SimpleValue>Argus Media Fertilizer Reports. http://www.argusmedia.com/Fertilizer</SimpleValue>
         </Value>
      </Row>
      <Row>
         <Value>
            <SimpleValue>APPI</SimpleValue>
         </Value>
         <Value>
            <SimpleValue>FpML</SimpleValue>
         </Value>
         <Value>
            <SimpleValue>Per 2005 ISDA Commodity Definitions, Section 7.2 Certain Definitions Relating To Commodity Reference Prices.</SimpleValue>
         </Value>
      </Row>
      <Row>
         <Value>
            <SimpleValue>ARGUS-CRUDE</SimpleValue>
         </Value>
         <Value>
            <SimpleValue>FpML</SimpleValue>
         </Value>
         <Value>
            <SimpleValue>Per 2005 ISDA Commodity Definitions, Section 7.2 Certain Definitions Relating To Commodity Reference Prices.</SimpleValue>
         </Value>
      </Row>
      <Row>
         <Value>
            <SimpleValue>ARGUS-EUROPEAN-GAS</SimpleValue>
         </Value>
         <Value>
            <SimpleValue>FpML</SimpleValue>
         </Value>
         <Value>
            <SimpleValue>Per 2005 ISDA Commodity Definitions, Section 7.2 Certain Definitions Relating To Commodity Reference Prices.</SimpleValue>
         </Value>
      </Row>
      <Row>
         <Value>
            <SimpleValue>ARGUS-EUROPEAN-PRODUCTS</SimpleValue>
         </Value>
         <Value>
            <SimpleValue>FpML</SimpleValue>
         </Value>
         <Value>
            <SimpleValue>Per 2005 ISDA Commodity Definitions, Section 7.2 Certain Definitions Relating To Commodity Reference Prices.</SimpleValue>
         </Value>
      </Row>
      <Row>
         <Value>
            <SimpleValue>ARGUS-INTERNATIONAL-LPG</SimpleValue>
         </Value>
         <Value>
            <SimpleValue>FpML</SimpleValue>
         </Value>
         <Value>
            <SimpleValue>Per 2005 ISDA Commodity Definitions, Section 7.2 Certain Definitions Relating To Commodity Reference Prices.</SimpleValue>
         </Value>
      </Row>
      <Row>
         <Value>
            <SimpleValue>ARGUS-MCCLOSKEYS-COAL-REPORT</SimpleValue>
         </Value>
         <Value>
            <SimpleValue>FpML</SimpleValue>
         </Value>
         <Value>
            <SimpleValue>Per 2005 ISDA Commodity Definitions, Section 7.2 Certain Definitions Relating To Commodity Reference Prices.</SimpleValue>
         </Value>
      </Row>
      <Row>
         <Value>
            <SimpleValue>ARGUS-US-PRODUCTS</SimpleValue>
         </Value>
         <Value>
            <SimpleValue>FpML</SimpleValue>
         </Value>
         <Value>
            <SimpleValue>The Argus US Products report. http://www.argusmedia.com/Petroleum/Petroleum-Products/Argus-US-Products</SimpleValue>
         </Value>
      </Row>
      <Row>
         <Value>
            <SimpleValue>ASX</SimpleValue>
         </Value>
         <Value>
            <SimpleValue>FpML</SimpleValue>
         </Value>
         <Value>
            <SimpleValue>Australian Securities Exchange http://www.asx.com.au/</SimpleValue>
         </Value>
      </Row>
      <Row>
         <Value>
            <SimpleValue>AWB</SimpleValue>
         </Value>
         <Value>
            <SimpleValue>FpML</SimpleValue>
         </Value>
         <Value>
            <SimpleValue>Australian Wheat Board. www.awb.com.au</SimpleValue>
         </Value>
      </Row>
      <Row>
         <Value>
            <SimpleValue>AWEX</SimpleValue>
         </Value>
         <Value>
            <SimpleValue>FpML</SimpleValue>
         </Value>
         <Value>
            <SimpleValue>Australian Wool Exchange. http://www.awex.com.au/home.html</SimpleValue>
         </Value>
      </Row>
      <Row>
         <Value>
            <SimpleValue>BALTIC-EXCHANGE</SimpleValue>
         </Value>
         <Value>
            <SimpleValue>FpML</SimpleValue>
         </Value>
         <Value>
            <SimpleValue>Per 2005 ISDA Commodity Definitions, Section 7.2 Certain Definitions Relating To Commodity Reference Prices.</SimpleValue>
         </Value>
      </Row>
      <Row>
         <Value>
            <SimpleValue>BANK-NEGARA-MALAYSIA-POLICY-COMMITTEE</SimpleValue>
         </Value>
         <Value>
            <SimpleValue>FpML</SimpleValue>
         </Value>
         <Value>
            <SimpleValue>The business calendar of the Bank Negara Malaysia Policy Committee.</SimpleValue>
         </Value>
      </Row>
      <Row>
         <Value>
            <SimpleValue>BELPEX</SimpleValue>
         </Value>
         <Value>
            <SimpleValue>FpML</SimpleValue>
         </Value>
         <Value>
            <SimpleValue>The business calendar for the Belpex power exchange (www.belpex.be).</SimpleValue>
         </Value>
      </Row>
      <Row>
         <Value>
            <SimpleValue>BLUENEXT</SimpleValue>
         </Value>
         <Value>
            <SimpleValue>FpML</SimpleValue>
         </Value>
         <Value>
            <SimpleValue>BlueNext Power Market.</SimpleValue>
         </Value>
      </Row>
      <Row>
         <Value>
            <SimpleValue>BM&amp;F</SimpleValue>
         </Value>
         <Value>
            <SimpleValue>FpML</SimpleValue>
         </Value>
         <Value>
            <SimpleValue>Per 2005 ISDA Commodity Definitions, Section 7.2 Certain Definitions Relating To Commodity Reference Prices.</SimpleValue>
         </Value>
      </Row>
      <Row>
         <Value>
            <SimpleValue>BURSA-MALAYSIA-SETTLEMENT</SimpleValue>
         </Value>
         <Value>
            <SimpleValue>FpML</SimpleValue>
         </Value>
         <Value>
            <SimpleValue>The settlement business calendar for Bursa Malaysia.</SimpleValue>
         </Value>
      </Row>
      <Row>
         <Value>
            <SimpleValue>BURSA-MALAYSIA-TRADING</SimpleValue>
         </Value>
         <Value>
            <SimpleValue>FpML</SimpleValue>
         </Value>
         <Value>
            <SimpleValue>The trading business calendar for Bursa Malaysia.</SimpleValue>
         </Value>
      </Row>
      <Row>
         <Value>
            <SimpleValue>CANADIAN-GAS-PRICE-REPORTER</SimpleValue>
         </Value>
         <Value>
            <SimpleValue>FpML</SimpleValue>
         </Value>
         <Value>
            <SimpleValue>Per 2005 ISDA Commodity Definitions, Section 7.2 Certain Definitions Relating To Commodity Reference Prices.</SimpleValue>
         </Value>
      </Row>
      <Row>
         <Value>
            <SimpleValue>CBOT-SOFT</SimpleValue>
         </Value>
         <Value>
            <SimpleValue>FpML</SimpleValue>
         </Value>
         <Value>
            <SimpleValue>Per 2005 ISDA Commodity Definitions, Section 7.2 Certain Definitions Relating To Commodity Reference Prices.</SimpleValue>
         </Value>
      </Row>
      <Row>
         <Value>
            <SimpleValue>CMAI-AROMATICS-MARKET-REPORT</SimpleValue>
         </Value>
         <Value>
            <SimpleValue>FpML</SimpleValue>
         </Value>
         <Value>
            <SimpleValue>Per 2005 ISDA Commodity Definitions, Section 7.2 Certain Definitions Relating To Commodity Reference Prices.</SimpleValue>
         </Value>
      </Row>
      <Row>
         <Value>
            <SimpleValue>CMAI-GLOBAL-PLASTICS-AND-POLYMERS-MARKET-REPORT</SimpleValue>
         </Value>
         <Value>
            <SimpleValue>FpML</SimpleValue>
         </Value>
         <Value>
            <SimpleValue>CMAI Global Plastics and Polymers Market Report. http://www.ihs.com/products/chemical/index.aspx?pu=1&amp;rd=cmai</SimpleValue>
         </Value>
      </Row>
      <Row>
         <Value>
            <SimpleValue>CMAI-METHANOL-MARKET-REPORT</SimpleValue>
         </Value>
         <Value>
            <SimpleValue>FpML</SimpleValue>
         </Value>
         <Value>
            <SimpleValue>Per 2005 ISDA Commodity Definitions, Section 7.2 Certain Definitions Relating To Commodity Reference Prices.</SimpleValue>
         </Value>
      </Row>
      <Row>
         <Value>
            <SimpleValue>CMAI-MONOMERS-MARKET-REPORT</SimpleValue>
         </Value>
         <Value>
            <SimpleValue>FpML</SimpleValue>
         </Value>
         <Value>
            <SimpleValue>CMAI Monomers Market Report. http://www.ihs.com/products/chemical/index.aspx?pu=1&amp;rd=cmai</SimpleValue>
         </Value>
      </Row>
      <Row>
         <Value>
            <SimpleValue>CME-DAIRY</SimpleValue>
         </Value>
         <Value>
            <SimpleValue>FpML</SimpleValue>
         </Value>
         <Value>
            <SimpleValue>Per 2005 ISDA Commodity Definitions, Section 7.2 Certain Definitions Relating To Commodity Reference Prices.</SimpleValue>
         </Value>
      </Row>
      <Row>
         <Value>
            <SimpleValue>CME-NON-DAIRY-SOFT</SimpleValue>
         </Value>
         <Value>
            <SimpleValue>FpML</SimpleValue>
         </Value>
         <Value>
            <SimpleValue>Per 2005 ISDA Commodity Definitions, Section 7.2 Certain Definitions Relating To Commodity Reference Prices.</SimpleValue>
         </Value>
      </Row>
      <Row>
         <Value>
            <SimpleValue>COMEX</SimpleValue>
         </Value>
         <Value>
            <SimpleValue>FpML</SimpleValue>
         </Value>
         <Value>
            <SimpleValue>Per 2005 ISDA Commodity Definitions, Section 7.2 Certain Definitions Relating To Commodity Reference Prices.</SimpleValue>
         </Value>
      </Row>
      <Row>
         <Value>
            <SimpleValue>CRU</SimpleValue>
         </Value>
         <Value>
            <SimpleValue>FpML</SimpleValue>
         </Value>
         <Value>
            <SimpleValue>Per 2005 ISDA Commodity Definitions, Section 7.2 Certain Definitions Relating To Commodity Reference Prices.</SimpleValue>
         </Value>
      </Row>
      <Row>
         <Value>
            <SimpleValue>CRU-LONG</SimpleValue>
         </Value>
         <Value>
            <SimpleValue>FpML</SimpleValue>
         </Value>
         <Value>
            <SimpleValue>Per 2005 ISDA Commodity Definitions, Section 7.2 Certain Definitions Relating To Commodity Reference Prices.</SimpleValue>
         </Value>
      </Row>
      <Row>
         <Value>
            <SimpleValue>DEPARTMENT-OF-ENERGY</SimpleValue>
         </Value>
         <Value>
            <SimpleValue>FpML</SimpleValue>
         </Value>
         <Value>
            <SimpleValue>The business calendar for statistical publications by the by the United States Department of Energy (DOE).</SimpleValue>
         </Value>
      </Row>
      <Row>
         <Value>
            <SimpleValue>DEWITT-BENZENE-DERIVATIVES</SimpleValue>
         </Value>
         <Value>
            <SimpleValue>FpML</SimpleValue>
         </Value>
         <Value>
            <SimpleValue>Per 2005 ISDA Commodity Definitions, Section 7.2 Certain Definitions Relating To Commodity Reference Prices.</SimpleValue>
         </Value>
      </Row>
      <Row>
         <Value>
            <SimpleValue>DME</SimpleValue>
         </Value>
         <Value>
            <SimpleValue>FpML</SimpleValue>
         </Value>
         <Value>
            <SimpleValue>Dubai Mercantile Exchange. http://www.dubaimerc.com/</SimpleValue>
         </Value>
      </Row>
      <Row>
         <Value>
            <SimpleValue>DOW-JONES</SimpleValue>
         </Value>
         <Value>
            <SimpleValue>FpML</SimpleValue>
         </Value>
         <Value>
            <SimpleValue>Dow Jones US Calendar. http://www.dowjones.com/</SimpleValue>
         </Value>
      </Row>
      <Row>
         <Value>
            <SimpleValue>DOW-JONES-ENERGY-SERVICE</SimpleValue>
         </Value>
         <Value>
            <SimpleValue>FpML</SimpleValue>
         </Value>
         <Value>
            <SimpleValue>Per 2005 ISDA Commodity Definitions, Section 7.2 Certain Definitions Relating To Commodity Reference Prices.</SimpleValue>
         </Value>
      </Row>
      <Row>
         <Value>
            <SimpleValue>DowJonesPower</SimpleValue>
         </Value>
         <Value>
            <SimpleValue>FpML</SimpleValue>
         </Value>
         <Value>
            <SimpleValue>Per 2005 ISDA Commodity Definitions, Section 7.2 Certain Definitions Relating To Commodity Reference Prices.</SimpleValue>
         </Value>
      </Row>
      <Row>
         <Value>
            <SimpleValue>EEX-COAL</SimpleValue>
         </Value>
         <Value>
            <SimpleValue>FpML</SimpleValue>
         </Value>
         <Value>
            <SimpleValue>European Energy Exchange-Coal</SimpleValue>
         </Value>
      </Row>
      <Row>
         <Value>
            <SimpleValue>EEX-EMISSIONS</SimpleValue>
         </Value>
         <Value>
            <SimpleValue>FpML</SimpleValue>
         </Value>
         <Value>
            <SimpleValue>European Energy Exchange-Emissions Rights</SimpleValue>
         </Value>
      </Row>
      <Row>
         <Value>
            <SimpleValue>EEX-GAS</SimpleValue>
         </Value>
         <Value>
            <SimpleValue>FpML</SimpleValue>
         </Value>
         <Value>
            <SimpleValue>European Energy Exchange-Gas</SimpleValue>
         </Value>
      </Row>
      <Row>
         <Value>
            <SimpleValue>EEX-POWER</SimpleValue>
         </Value>
         <Value>
            <SimpleValue>FpML</SimpleValue>
         </Value>
         <Value>
            <SimpleValue>European Energy Exchange-Power</SimpleValue>
         </Value>
      </Row>
      <Row>
         <Value>
            <SimpleValue>EURONEX-MATIF</SimpleValue>
         </Value>
         <Value>
            <SimpleValue>FpML</SimpleValue>
         </Value>
         <Value>
            <SimpleValue>TBD.</SimpleValue>
         </Value>
      </Row>
      <Row>
         <Value>
            <SimpleValue>FERTECON</SimpleValue>
         </Value>
         <Value>
            <SimpleValue>FpML</SimpleValue>
         </Value>
         <Value>
            <SimpleValue>FERTECON Limited Information Services. http://fertecon.com/current_information_services.asp</SimpleValue>
         </Value>
      </Row>
      <Row>
         <Value>
            <SimpleValue>FERTILIZER-WEEK</SimpleValue>
         </Value>
         <Value>
            <SimpleValue>FpML</SimpleValue>
         </Value>
         <Value>
            <SimpleValue>Fertilizer Week. http://www.crugroup.com/market-analysis/products/fertilizerweek</SimpleValue>
         </Value>
      </Row>
      <Row>
         <Value>
            <SimpleValue>GAS-DAILY</SimpleValue>
         </Value>
         <Value>
            <SimpleValue>FpML</SimpleValue>
         </Value>
         <Value>
            <SimpleValue>Per 2005 ISDA Commodity Definitions, Section 7.2 Certain Definitions Relating To Commodity Reference Prices.</SimpleValue>
         </Value>
      </Row>
      <Row>
         <Value>
            <SimpleValue>GAS-DAILY-PRICE-GUIDE</SimpleValue>
         </Value>
         <Value>
            <SimpleValue>FpML</SimpleValue>
         </Value>
         <Value>
            <SimpleValue>Per 2005 ISDA Commodity Definitions, Section 7.2 Certain Definitions Relating To Commodity Reference Prices.</SimpleValue>
         </Value>
      </Row>
      <Row>
         <Value>
            <SimpleValue>GLOBALCOAL</SimpleValue>
         </Value>
         <Value>
            <SimpleValue>FpML</SimpleValue>
         </Value>
         <Value>
            <SimpleValue>Per 2005 ISDA Commodity Definitions, Section 7.2 Certain Definitions Relating To Commodity Reference Prices.</SimpleValue>
         </Value>
      </Row>
      <Row>
         <Value>
            <SimpleValue>HEREN-REPORT</SimpleValue>
         </Value>
         <Value>
            <SimpleValue>FpML</SimpleValue>
         </Value>
         <Value>
            <SimpleValue>Per 2005 ISDA Commodity Definitions, Section 7.2 Certain Definitions Relating To Commodity Reference Prices.</SimpleValue>
         </Value>
      </Row>
      <Row>
         <Value>
            <SimpleValue>ICE/10X-DAILY</SimpleValue>
         </Value>
         <Value>
            <SimpleValue>FpML</SimpleValue>
         </Value>
         <Value>
            <SimpleValue>Per 2005 ISDA Commodity Definitions, Section 7.2 Certain Definitions Relating To Commodity Reference Prices.</SimpleValue>
         </Value>
      </Row>
      <Row>
         <Value>
            <SimpleValue>ICE/10X-MONTHLY</SimpleValue>
         </Value>
         <Value>
            <SimpleValue>FpML</SimpleValue>
         </Value>
         <Value>
            <SimpleValue>Per 2005 ISDA Commodity Definitions, Section 7.2 Certain Definitions Relating To Commodity Reference Prices.</SimpleValue>
         </Value>
      </Row>
      <Row>
         <Value>
            <SimpleValue>ICE-CANADA</SimpleValue>
         </Value>
         <Value>
            <SimpleValue>FpML</SimpleValue>
         </Value>
         <Value>
            <SimpleValue>Per 2005 ISDA Commodity Definitions, Section 7.2 Certain Definitions Relating To Commodity Reference Prices.</SimpleValue>
         </Value>
      </Row>
      <Row>
         <Value>
            <SimpleValue>ICE-ECX</SimpleValue>
         </Value>
         <Value>
            <SimpleValue>FpML</SimpleValue>
         </Value>
         <Value>
            <SimpleValue>European Climate Exchange.</SimpleValue>
         </Value>
      </Row>
      <Row>
         <Value>
            <SimpleValue>ICE-GAS</SimpleValue>
         </Value>
         <Value>
            <SimpleValue>FpML</SimpleValue>
         </Value>
         <Value>
            <SimpleValue>Per 2005 ISDA Commodity Definitions, Section 7.2 Certain Definitions Relating To Commodity Reference Prices.</SimpleValue>
         </Value>
      </Row>
      <Row>
         <Value>
            <SimpleValue>ICE-OIL</SimpleValue>
         </Value>
         <Value>
            <SimpleValue>FpML</SimpleValue>
         </Value>
         <Value>
            <SimpleValue>The business calendar oil and refined product contracts on ICE Futures Europe.</SimpleValue>
         </Value>
      </Row>
      <Row>
         <Value>
            <SimpleValue>ICE-US-AGRICULTURAL</SimpleValue>
         </Value>
         <Value>
            <SimpleValue>FpML</SimpleValue>
         </Value>
         <Value>
            <SimpleValue>Per 2005 ISDA Commodity Definitions, Section 7.2 Certain Definitions Relating To Commodity Reference Prices.</SimpleValue>
         </Value>
      </Row>
      <Row>
         <Value>
            <SimpleValue>ICIS-PRICING-BENZENE-(EUROPE)</SimpleValue>
         </Value>
         <Value>
            <SimpleValue>FpML</SimpleValue>
         </Value>
         <Value>
            <SimpleValue>The business calendar for publication of ICIS Benzene (Europe) data.</SimpleValue>
         </Value>
      </Row>
      <Row>
         <Value>
            <SimpleValue>ICIS-PRICING-ETHYLENE-(EUROPE)</SimpleValue>
         </Value>
         <Value>
            <SimpleValue>FpML</SimpleValue>
         </Value>
         <Value>
            <SimpleValue>The business calendar for publication of ICIS Ethylene (Europe) data.</SimpleValue>
         </Value>
      </Row>
      <Row>
         <Value>
            <SimpleValue>ICIS-PRICING-POLYPROPYLENE-(EUROPE)</SimpleValue>
         </Value>
         <Value>
            <SimpleValue>FpML</SimpleValue>
         </Value>
         <Value>
            <SimpleValue>The business calendar for publication of ICIS Polyproylene (Europe) data.</SimpleValue>
         </Value>
      </Row>
      <Row>
         <Value>
            <SimpleValue>INSIDE-FERC</SimpleValue>
         </Value>
         <Value>
            <SimpleValue>FpML</SimpleValue>
         </Value>
         <Value>
            <SimpleValue>Per 2005 ISDA Commodity Definitions, Section 7.2 Certain Definitions Relating To Commodity Reference Prices.</SimpleValue>
         </Value>
      </Row>
      <Row>
         <Value>
            <SimpleValue>JAPAN-MOF-TSRR</SimpleValue>
         </Value>
         <Value>
            <SimpleValue>FpML</SimpleValue>
         </Value>
         <Value>
            <SimpleValue>Per 2005 ISDA Commodity Definitions, Section 7.2 Certain Definitions Relating To Commodity Reference Prices.</SimpleValue>
         </Value>
      </Row>
      <Row>
         <Value>
            <SimpleValue>KCBOT</SimpleValue>
         </Value>
         <Value>
            <SimpleValue>FpML</SimpleValue>
         </Value>
         <Value>
            <SimpleValue>Per 2005 ISDA Commodity Definitions, Section 7.2 Certain Definitions Relating To Commodity Reference Prices.</SimpleValue>
         </Value>
      </Row>
      <Row>
         <Value>
            <SimpleValue>KUALA-LUMPUR-BANK</SimpleValue>
         </Value>
         <Value>
            <SimpleValue>FpML</SimpleValue>
         </Value>
         <Value>
            <SimpleValue>The banking business calendar in Kuala Lumpur.</SimpleValue>
         </Value>
      </Row>
      <Row>
         <Value>
            <SimpleValue>LABUAN-BANK</SimpleValue>
         </Value>
         <Value>
            <SimpleValue>FpML</SimpleValue>
         </Value>
         <Value>
            <SimpleValue>The business calendar for the Labuan Bank (Malaysia).</SimpleValue>
         </Value>
      </Row>
      <Row>
         <Value>
            <SimpleValue>LIFFE-LONDON-SOFT</SimpleValue>
         </Value>
         <Value>
            <SimpleValue>FpML</SimpleValue>
         </Value>
         <Value>
            <SimpleValue>Per 2005 ISDA Commodity Definitions, Section 7.2 Certain Definitions Relating To Commodity Reference Prices.</SimpleValue>
         </Value>
      </Row>
      <Row>
         <Value>
            <SimpleValue>LME</SimpleValue>
         </Value>
         <Value>
            <SimpleValue>FpML</SimpleValue>
         </Value>
         <Value>
            <SimpleValue>Per 2005 ISDA Commodity Definitions, Section 7.2 Certain Definitions Relating To Commodity Reference Prices.</SimpleValue>
         </Value>
      </Row>
      <Row>
         <Value>
            <SimpleValue>LONDON-BULLION-MARKET</SimpleValue>
         </Value>
         <Value>
            <SimpleValue>FpML</SimpleValue>
         </Value>
         <Value>
            <SimpleValue>Per 2005 ISDA Commodity Definitions, Section 7.2 Certain Definitions Relating To Commodity Reference Prices.</SimpleValue>
         </Value>
      </Row>
      <Row>
         <Value>
            <SimpleValue>LONDON-BULLION-MARKET-GOLD-A.M-ONLY</SimpleValue>
         </Value>
         <Value>
            <SimpleValue>FpML</SimpleValue>
         </Value>
         <Value>
            <SimpleValue>Per 2005 ISDA Commodity Definitions, Section 7.2 Certain Definitions Relating To Commodity Reference Prices.</SimpleValue>
         </Value>
      </Row>
      <Row>
         <Value>
            <SimpleValue>LONDON-PLATINUM-PALLADIUM-MARKET</SimpleValue>
         </Value>
         <Value>
            <SimpleValue>FpML</SimpleValue>
         </Value>
         <Value>
            <SimpleValue>The London Platinum and Palladium Market in London on which members quote prices for the buying and selling of Platinum and Palladium.</SimpleValue>
         </Value>
      </Row>
      <Row>
         <Value>
            <SimpleValue>MGEX</SimpleValue>
         </Value>
         <Value>
            <SimpleValue>FpML</SimpleValue>
         </Value>
         <Value>
            <SimpleValue>Minneapolis Grain Exchange http://www.mgex.com/</SimpleValue>
         </Value>
      </Row>
      <Row>
         <Value>
            <SimpleValue>N2EX</SimpleValue>
         </Value>
         <Value>
            <SimpleValue>FpML</SimpleValue>
         </Value>
         <Value>
            <SimpleValue>The business calendar for the N2EX UK power exchange (https://www.n2ex.com/aboutn2ex).</SimpleValue>
         </Value>
      </Row>
      <Row>
         <Value>
            <SimpleValue>NASDAQ-OMX</SimpleValue>
         </Value>
         <Value>
            <SimpleValue>FpML</SimpleValue>
         </Value>
         <Value>
            <SimpleValue>NASDAQ-OMX (Formerly known as Nordpool). http://www.nasdaqomx.com/commodities</SimpleValue>
         </Value>
      </Row>
      <Row>
         <Value>
            <SimpleValue>NATURAL-GAS-WEEK</SimpleValue>
         </Value>
         <Value>
            <SimpleValue>FpML</SimpleValue>
         </Value>
         <Value>
            <SimpleValue>Per 2005 ISDA Commodity Definitions, Section 7.2 Certain Definitions Relating To Commodity Reference Prices.</SimpleValue>
         </Value>
      </Row>
      <Row>
         <Value>
            <SimpleValue>NERC</SimpleValue>
         </Value>
         <Value>
            <SimpleValue>FpML</SimpleValue>
         </Value>
         <Value>
            <SimpleValue>Per 2005 ISDA Commodity Definitions, Article XIV.</SimpleValue>
         </Value>
      </Row>
      <Row>
         <Value>
            <SimpleValue>NGI</SimpleValue>
         </Value>
         <Value>
            <SimpleValue>FpML</SimpleValue>
         </Value>
         <Value>
            <SimpleValue>Per 2005 ISDA Commodity Definitions, Section 7.2 Certain Definitions Relating To Commodity Reference Prices.</SimpleValue>
         </Value>
      </Row>
      <Row>
         <Value>
            <SimpleValue>NGX</SimpleValue>
         </Value>
         <Value>
            <SimpleValue>FpML</SimpleValue>
         </Value>
         <Value>
            <SimpleValue>Per 2005 ISDA Commodity Definitions, Section 7.2 Certain Definitions Relating To Commodity Reference Prices.</SimpleValue>
         </Value>
      </Row>
      <Row>
         <Value>
            <SimpleValue>NUCLEAR-MARKET-REVIEW</SimpleValue>
         </Value>
         <Value>
            <SimpleValue>FpML</SimpleValue>
         </Value>
         <Value>
            <SimpleValue>The Nuclear Market Review report as published by Trade tech. http://www.uranium.info/nuclear_market_review.php</SimpleValue>
         </Value>
      </Row>
      <Row>
         <Value>
            <SimpleValue>NYMEX-ELECTRICITY</SimpleValue>
         </Value>
         <Value>
            <SimpleValue>FpML</SimpleValue>
         </Value>
         <Value>
            <SimpleValue>Per 2005 ISDA Commodity Definitions, Section 7.2 Certain Definitions Relating To Commodity Reference Prices.</SimpleValue>
         </Value>
      </Row>
      <Row>
         <Value>
            <SimpleValue>NYMEX-GAS</SimpleValue>
         </Value>
         <Value>
            <SimpleValue>FpML</SimpleValue>
         </Value>
         <Value>
            <SimpleValue>Per 2005 ISDA Commodity Definitions, Section 7.2 Certain Definitions Relating To Commodity Reference Prices.</SimpleValue>
         </Value>
      </Row>
      <Row>
         <Value>
            <SimpleValue>NYMEX-NATURAL-GAS</SimpleValue>
         </Value>
         <Value>
            <SimpleValue>FpML</SimpleValue>
         </Value>
         <Value>
            <SimpleValue>Per 2005 ISDA Commodity Definitions, Section 7.2 Certain Definitions Relating To Commodity Reference Prices.</SimpleValue>
         </Value>
      </Row>
      <Row>
         <Value>
            <SimpleValue>NYMEX-OIL</SimpleValue>
         </Value>
         <Value>
            <SimpleValue>FpML</SimpleValue>
         </Value>
         <Value>
            <SimpleValue>Per 2005 ISDA Commodity Definitions, Section 7.2 Certain Definitions Relating To Commodity Reference Prices.</SimpleValue>
         </Value>
      </Row>
      <Row>
         <Value>
            <SimpleValue>OFFICIAL-BOARD-MARKETS</SimpleValue>
         </Value>
         <Value>
            <SimpleValue>FpML</SimpleValue>
         </Value>
         <Value>
            <SimpleValue>Per 2005 ISDA Commodity Definitions, Section 7.2 Certain Definitions Relating To Commodity Reference Prices.</SimpleValue>
         </Value>
      </Row>
      <Row>
         <Value>
            <SimpleValue>OPIS-LP-GAS</SimpleValue>
         </Value>
         <Value>
            <SimpleValue>FpML</SimpleValue>
         </Value>
         <Value>
            <SimpleValue>Per 2005 ISDA Commodity Definitions, Section 7.2 Certain Definitions Relating To Commodity Reference Prices.</SimpleValue>
         </Value>
      </Row>
      <Row>
         <Value>
            <SimpleValue>OPIS-PROPANE</SimpleValue>
         </Value>
         <Value>
            <SimpleValue>FpML</SimpleValue>
         </Value>
         <Value>
            <SimpleValue>Per 2005 ISDA Commodity Definitions, Section 7.2 Certain Definitions Relating To Commodity Reference Prices.</SimpleValue>
         </Value>
      </Row>
      <Row>
         <Value>
            <SimpleValue>PAPER-PACKAGING-MONITOR</SimpleValue>
         </Value>
         <Value>
            <SimpleValue>FpML</SimpleValue>
         </Value>
         <Value>
            <SimpleValue>Per 2005 ISDA Commodity Definitions, Section 7.2 Certain Definitions Relating To Commodity Reference Prices.</SimpleValue>
         </Value>
      </Row>
      <Row>
         <Value>
            <SimpleValue>PAPER-TRADER</SimpleValue>
         </Value>
         <Value>
            <SimpleValue>FpML</SimpleValue>
         </Value>
         <Value>
            <SimpleValue>Per 2005 ISDA Commodity Definitions, Section 7.2 Certain Definitions Relating To Commodity Reference Prices.</SimpleValue>
         </Value>
      </Row>
      <Row>
         <Value>
            <SimpleValue>PERTAMINA</SimpleValue>
         </Value>
         <Value>
            <SimpleValue>FpML</SimpleValue>
         </Value>
         <Value>
            <SimpleValue>Pertamina-Indonesia. http://www.pertamina.com/</SimpleValue>
         </Value>
      </Row>
      <Row>
         <Value>
            <SimpleValue>PETROCHEMWIRE</SimpleValue>
         </Value>
         <Value>
            <SimpleValue>FpML</SimpleValue>
         </Value>
         <Value>
            <SimpleValue>PetroChemWire Publication Calendar. http://www.petrochemwire.com/</SimpleValue>
         </Value>
      </Row>
      <Row>
         <Value>
            <SimpleValue>PIX-PULP-BENCHMARK-INDICES</SimpleValue>
         </Value>
         <Value>
            <SimpleValue>FpML</SimpleValue>
         </Value>
         <Value>
            <SimpleValue>Per 2005 ISDA Commodity Definitions, Section 7.2 Certain Definitions Relating To Commodity Reference Prices.</SimpleValue>
         </Value>
      </Row>
      <Row>
         <Value>
            <SimpleValue>PLATTS-APAG-MARKETSCAN</SimpleValue>
         </Value>
         <Value>
            <SimpleValue>FpML</SimpleValue>
         </Value>
         <Value>
            <SimpleValue>Per 2005 ISDA Commodity Definitions, Section 7.2 Certain Definitions Relating To Commodity Reference Prices.</SimpleValue>
         </Value>
      </Row>
      <Row>
         <Value>
            <SimpleValue>PLATTS-BUNKERWIRE</SimpleValue>
         </Value>
         <Value>
            <SimpleValue>FpML</SimpleValue>
         </Value>
         <Value>
            <SimpleValue>Per 2005 ISDA Commodity Definitions, Section 7.2 Certain Definitions Relating To Commodity Reference Prices.</SimpleValue>
         </Value>
      </Row>
      <Row>
         <Value>
            <SimpleValue>PLATTS-CLEAN-TANKERWIRE</SimpleValue>
         </Value>
         <Value>
            <SimpleValue>FpML</SimpleValue>
         </Value>
         <Value>
            <SimpleValue>Per 2005 ISDA Commodity Definitions, Section 7.2 Certain Definitions Relating To Commodity Reference Prices.</SimpleValue>
         </Value>
      </Row>
      <Row>
         <Value>
            <SimpleValue>PLATTS-CRUDE-OIL-MARKETWIRE</SimpleValue>
         </Value>
         <Value>
            <SimpleValue>FpML</SimpleValue>
         </Value>
         <Value>
            <SimpleValue>Per 2005 ISDA Commodity Definitions, Section 7.2 Certain Definitions Relating To Commodity Reference Prices.</SimpleValue>
         </Value>
      </Row>
      <Row>
         <Value>
            <SimpleValue>PLATTS-DIRTY-TANKERWIRE</SimpleValue>
         </Value>
         <Value>
            <SimpleValue>FpML</SimpleValue>
         </Value>
         <Value>
            <SimpleValue>Per 2005 ISDA Commodity Definitions, Section 7.2 Certain Definitions Relating To Commodity Reference Prices.</SimpleValue>
         </Value>
      </Row>
      <Row>
         <Value>
            <SimpleValue>PLATTS-EUROPEAN-GAS</SimpleValue>
         </Value>
         <Value>
            <SimpleValue>FpML</SimpleValue>
         </Value>
         <Value>
            <SimpleValue>Per 2005 ISDA Commodity Definitions, Section 7.2 Certain Definitions Relating To Commodity Reference Prices.</SimpleValue>
         </Value>
      </Row>
      <Row>
         <Value>
            <SimpleValue>PLATTS-EUROPEAN-MARKETSCAN</SimpleValue>
         </Value>
         <Value>
            <SimpleValue>FpML</SimpleValue>
         </Value>
         <Value>
            <SimpleValue>Per 2005 ISDA Commodity Definitions, Section 7.2 Certain Definitions Relating To Commodity Reference Prices.</SimpleValue>
         </Value>
      </Row>
      <Row>
         <Value>
            <SimpleValue>PLATTS-METALS-ALERT</SimpleValue>
         </Value>
         <Value>
            <SimpleValue>FpML</SimpleValue>
         </Value>
         <Value>
            <SimpleValue>Per 2005 ISDA Commodity Definitions, Section 7.2 Certain Definitions Relating To Commodity Reference Prices.</SimpleValue>
         </Value>
      </Row>
      <Row>
         <Value>
            <SimpleValue>PLATTS-OILGRAM</SimpleValue>
         </Value>
         <Value>
            <SimpleValue>FpML</SimpleValue>
         </Value>
         <Value>
            <SimpleValue>Per 2005 ISDA Commodity Definitions, Section 7.2 Certain Definitions Relating To Commodity Reference Prices.</SimpleValue>
         </Value>
      </Row>
      <Row>
         <Value>
            <SimpleValue>PLATTS-TSI-IRON-ORE</SimpleValue>
         </Value>
         <Value>
            <SimpleValue>FpML</SimpleValue>
         </Value>
         <Value>
            <SimpleValue>The Steel Index Iron Ore Service. http://www.thesteelindex.com/en/iron-ore</SimpleValue>
         </Value>
      </Row>
      <Row>
         <Value>
            <SimpleValue>PLATTS-TSI-SCRAP</SimpleValue>
         </Value>
         <Value>
            <SimpleValue>FpML</SimpleValue>
         </Value>
         <Value>
            <SimpleValue>The Steel Index Scrap Reference Prices. http://www.thesteelindex.com/en/scrapprices</SimpleValue>
         </Value>
      </Row>
      <Row>
         <Value>
            <SimpleValue>PLATTS-TSI-STEEL</SimpleValue>
         </Value>
         <Value>
            <SimpleValue>FpML</SimpleValue>
         </Value>
         <Value>
            <SimpleValue>The Steel Index. http://www.thesteelindex.com/en/price-specifications</SimpleValue>
         </Value>
      </Row>
      <Row>
         <Value>
            <SimpleValue>PLATTS-US-MARKETSCAN</SimpleValue>
         </Value>
         <Value>
            <SimpleValue>FpML</SimpleValue>
         </Value>
         <Value>
            <SimpleValue>Per 2005 ISDA Commodity Definitions, Section 7.2 Certain Definitions Relating To Commodity Reference Prices.</SimpleValue>
         </Value>
      </Row>
      <Row>
         <Value>
            <SimpleValue>PULP-AND-PAPER-INTERNATIONAL</SimpleValue>
         </Value>
         <Value>
            <SimpleValue>FpML</SimpleValue>
         </Value>
         <Value>
            <SimpleValue>Per 2005 ISDA Commodity Definitions, Section 7.2 Certain Definitions Relating To Commodity Reference Prices.</SimpleValue>
         </Value>
      </Row>
      <Row>
         <Value>
            <SimpleValue>PULP-AND-PAPER-WEEK</SimpleValue>
         </Value>
         <Value>
            <SimpleValue>FpML</SimpleValue>
         </Value>
         <Value>
            <SimpleValue>Per 2005 ISDA Commodity Definitions, Section 7.2 Certain Definitions Relating To Commodity Reference Prices.</SimpleValue>
         </Value>
      </Row>
      <Row>
         <Value>
            <SimpleValue>RIM-PRODUCTS-INTELLIGENCE-DAILY</SimpleValue>
         </Value>
         <Value>
            <SimpleValue>FpML</SimpleValue>
         </Value>
         <Value>
            <SimpleValue>Per 2005 ISDA Commodity Definitions, Section 7.2 Certain Definitions Relating To Commodity Reference Prices.</SimpleValue>
         </Value>
      </Row>
      <Row>
         <Value>
            <SimpleValue>SAFEX-SOFT</SimpleValue>
         </Value>
         <Value>
            <SimpleValue>FpML</SimpleValue>
         </Value>
         <Value>
            <SimpleValue>Per 2005 ISDA Commodity Definitions, Section 7.2 Certain Definitions Relating To Commodity Reference Prices.</SimpleValue>
         </Value>
      </Row>
      <Row>
         <Value>
            <SimpleValue>SFE-SOFT</SimpleValue>
         </Value>
         <Value>
            <SimpleValue>FpML</SimpleValue>
         </Value>
         <Value>
            <SimpleValue>Per 2005 ISDA Commodity Definitions, Section 7.2 Certain Definitions Relating To Commodity Reference Prices.</SimpleValue>
         </Value>
      </Row>
      <Row>
         <Value>
            <SimpleValue>SGX</SimpleValue>
         </Value>
         <Value>
            <SimpleValue>FpML</SimpleValue>
         </Value>
         <Value>
            <SimpleValue>Singapore Exchange. www.sgx.com</SimpleValue>
         </Value>
      </Row>
      <Row>
         <Value>
            <SimpleValue>SICOM</SimpleValue>
         </Value>
         <Value>
            <SimpleValue>FpML</SimpleValue>
         </Value>
         <Value>
            <SimpleValue>Per 2005 ISDA Commodity Definitions, Section 7.2 Certain Definitions Relating To Commodity Reference Prices.</SimpleValue>
         </Value>
      </Row>
      <Row>
         <Value>
            <SimpleValue>SP-GSCI</SimpleValue>
         </Value>
         <Value>
            <SimpleValue>FpML</SimpleValue>
         </Value>
         <Value>
            <SimpleValue>Standard and Poor's GSCI. http://us.spindices.com/index-family/commodities/sp-gsci</SimpleValue>
         </Value>
      </Row>
      <Row>
         <Value>
            <SimpleValue>STATISTICHES-BUNDESAMT</SimpleValue>
         </Value>
         <Value>
            <SimpleValue>FpML</SimpleValue>
         </Value>
         <Value>
            <SimpleValue>Per 2005 ISDA Commodity Definitions, Section 7.2 Certain Definitions Relating To Commodity Reference Prices.</SimpleValue>
         </Value>
      </Row>
      <Row>
         <Value>
            <SimpleValue>TGE</SimpleValue>
         </Value>
         <Value>
            <SimpleValue>FpML</SimpleValue>
         </Value>
         <Value>
            <SimpleValue>Tokyo Grain Exchange. www.tge.or.jp</SimpleValue>
         </Value>
      </Row>
      <Row>
         <Value>
            <SimpleValue>TOCOM-OIL</SimpleValue>
         </Value>
         <Value>
            <SimpleValue>FpML</SimpleValue>
         </Value>
         <Value>
            <SimpleValue>Per 2005 ISDA Commodity Definitions, Section 7.2 Certain Definitions Relating To Commodity Reference Prices.</SimpleValue>
         </Value>
      </Row>
      <Row>
         <Value>
            <SimpleValue>TOCOM-PRECIOUS</SimpleValue>
         </Value>
         <Value>
            <SimpleValue>FpML</SimpleValue>
         </Value>
         <Value>
            <SimpleValue>Per 2005 ISDA Commodity Definitions, Section 7.2 Certain Definitions Relating To Commodity Reference Prices.</SimpleValue>
         </Value>
      </Row>
      <Row>
         <Value>
            <SimpleValue>TOCOM-SOFT</SimpleValue>
         </Value>
         <Value>
            <SimpleValue>FpML</SimpleValue>
         </Value>
         <Value>
            <SimpleValue>Per 2005 ISDA Commodity Definitions, Section 7.2 Certain Definitions Relating To Commodity Reference Prices.</SimpleValue>
         </Value>
      </Row>
      <Row>
         <Value>
            <SimpleValue>UX-WEEKLY</SimpleValue>
         </Value>
         <Value>
            <SimpleValue>FpML</SimpleValue>
         </Value>
         <Value>
            <SimpleValue>The Ux Consulting Company. http://www.uxc.com/products/uxw_overview.aspx</SimpleValue>
         </Value>
      </Row>
      <Row>
         <Value>
            <SimpleValue>WORLD-PULP-MONTHLY</SimpleValue>
         </Value>
         <Value>
            <SimpleValue>FpML</SimpleValue>
         </Value>
         <Value>
            <SimpleValue>Per 2005 ISDA Commodity Definitions, Section 7.2 Certain Definitions Relating To Commodity Reference Prices.</SimpleValue>
         </Value>
      </Row>
   </SimpleCodeList>
</gcl:CodeList>