<?xml version="1.0" encoding="UTF-8"?>
<gcl:CodeList xmlns:gcl="http://xml.genericode.org/2004/ns/CodeList/0.2/" xmlns:doc="http://www.fpml.org/coding-scheme/documentation" xmlns:xsi="http://www.w3.org/2001/XMLSchema-instance" xsi:schemaLocation="http://xml.genericode.org/2004/ns/CodeList/0.2/ CodeList.xsd">
   <Annotation>
      <Description>
         <doc:definition>Identifies the grade of physical commodity product to be delivered.</doc:definition>
         <doc:publicationDate>2012-09-14</doc:publicationDate>
      </Description>
   </Annotation>
   <Identification>
      <ShortName>productGradeScheme</ShortName>
      <Version>1-0</Version>
      <CanonicalUri>http://www.fpml.org/coding-scheme/commodity-oil-product-grade</CanonicalUri>
      <CanonicalVersionUri>http://www.fpml.org/coding-scheme/commodity-oil-product-grade-1-0</CanonicalVersionUri>
      <LocationUri>http://www.fpml.org/coding-scheme/commodity-oil-product-grade-1-0.xml</LocationUri>
   </Identification>
   <ColumnSet>
      <Column Id="Code" Use="required">
         <ShortName>Code</ShortName>
         <Data Type="token">
            <Parameter ShortName="maxLength">63</Parameter>
         </Data>
      </Column>
      <Column Id="Source" Use="optional">
         <ShortName>Source</ShortName>
         <Data Type="string"/>
      </Column>
      <Column Id="Description" Use="optional">
         <ShortName>Description</ShortName>
         <Data Type="string"/>
      </Column>
      <Key Id="PrimaryKey">
         <ShortName>key</ShortName>
         <ColumnRef Ref="Code"/>
      </Key>
   </ColumnSet>
   <SimpleCodeList>
      <Row>
         <Value>
            <SimpleValue>0.1-Percent</SimpleValue>
         </Value>
         <Value>
            <SimpleValue>FpML</SimpleValue>
         </Value>
         <Value>
            <SimpleValue>Applies to Oil Product Type Fuel Oil.</SimpleValue>
         </Value>
      </Row>
      <Row>
         <Value>
            <SimpleValue>0.5-Percent</SimpleValue>
         </Value>
         <Value>
            <SimpleValue>FpML</SimpleValue>
         </Value>
         <Value>
            <SimpleValue>Applies to Oil Product Type Fuel Oil.</SimpleValue>
         </Value>
      </Row>
      <Row>
         <Value>
            <SimpleValue>1.0-Percent</SimpleValue>
         </Value>
         <Value>
            <SimpleValue>FpML</SimpleValue>
         </Value>
         <Value>
            <SimpleValue>Applies to Oil Product Type Fuel Oil.</SimpleValue>
         </Value>
      </Row>
      <Row>
         <Value>
            <SimpleValue>10-PPM</SimpleValue>
         </Value>
         <Value>
            <SimpleValue>FpML</SimpleValue>
         </Value>
         <Value>
            <SimpleValue>Applies to Oil Product Type Gasoline.</SimpleValue>
         </Value>
      </Row>
      <Row>
         <Value>
            <SimpleValue>10-PPM-95-R</SimpleValue>
         </Value>
         <Value>
            <SimpleValue>FpML</SimpleValue>
         </Value>
         <Value>
            <SimpleValue>Applies to Oil Product Type Gasoline.</SimpleValue>
         </Value>
      </Row>
      <Row>
         <Value>
            <SimpleValue>10-PPM-Premium-Unleaded</SimpleValue>
         </Value>
         <Value>
            <SimpleValue>FpML</SimpleValue>
         </Value>
         <Value>
            <SimpleValue>Applies to Oil Product Type Gasoline.</SimpleValue>
         </Value>
      </Row>
      <Row>
         <Value>
            <SimpleValue>10-PPM-Regular-Unleaded</SimpleValue>
         </Value>
         <Value>
            <SimpleValue>FpML</SimpleValue>
         </Value>
         <Value>
            <SimpleValue>Applies to Oil Product Type Gasoline.</SimpleValue>
         </Value>
      </Row>
      <Row>
         <Value>
            <SimpleValue>180-CST</SimpleValue>
         </Value>
         <Value>
            <SimpleValue>FpML</SimpleValue>
         </Value>
         <Value>
            <SimpleValue>Applies to Oil Product Type Fuel Oil.</SimpleValue>
         </Value>
      </Row>
      <Row>
         <Value>
            <SimpleValue>3.5-Percent</SimpleValue>
         </Value>
         <Value>
            <SimpleValue>FpML</SimpleValue>
         </Value>
         <Value>
            <SimpleValue>Applies to Oil Product Type Fuel Oil.</SimpleValue>
         </Value>
      </Row>
      <Row>
         <Value>
            <SimpleValue>380-CST</SimpleValue>
         </Value>
         <Value>
            <SimpleValue>FpML</SimpleValue>
         </Value>
         <Value>
            <SimpleValue>Applies to Oil Product Type Fuel Oil.</SimpleValue>
         </Value>
      </Row>
      <Row>
         <Value>
            <SimpleValue>50-PPM</SimpleValue>
         </Value>
         <Value>
            <SimpleValue>FpML</SimpleValue>
         </Value>
         <Value>
            <SimpleValue>Applies to Oil Product Type Fuel Oil.</SimpleValue>
         </Value>
      </Row>
      <Row>
         <Value>
            <SimpleValue>54</SimpleValue>
         </Value>
         <Value>
            <SimpleValue>FpML</SimpleValue>
         </Value>
         <Value>
            <SimpleValue>Applies to Oil Product Type Jet Fuel.</SimpleValue>
         </Value>
      </Row>
      <Row>
         <Value>
            <SimpleValue>55</SimpleValue>
         </Value>
         <Value>
            <SimpleValue>FpML</SimpleValue>
         </Value>
         <Value>
            <SimpleValue>Applies to Oil Product Type Jet Fuel.</SimpleValue>
         </Value>
      </Row>
      <Row>
         <Value>
            <SimpleValue>87-M</SimpleValue>
         </Value>
         <Value>
            <SimpleValue>FpML</SimpleValue>
         </Value>
         <Value>
            <SimpleValue>Applies to Oil Product Type Gasoline.</SimpleValue>
         </Value>
      </Row>
      <Row>
         <Value>
            <SimpleValue>87-Unleaded</SimpleValue>
         </Value>
         <Value>
            <SimpleValue>FpML</SimpleValue>
         </Value>
         <Value>
            <SimpleValue>Applies to Oil Product Type Gasoline.</SimpleValue>
         </Value>
      </Row>
      <Row>
         <Value>
            <SimpleValue>87-Unleaded-ULS-30</SimpleValue>
         </Value>
         <Value>
            <SimpleValue>FpML</SimpleValue>
         </Value>
         <Value>
            <SimpleValue>Applies to Oil Product Type Gasoline.</SimpleValue>
         </Value>
      </Row>
      <Row>
         <Value>
            <SimpleValue>92-Unleaded</SimpleValue>
         </Value>
         <Value>
            <SimpleValue>FpML</SimpleValue>
         </Value>
         <Value>
            <SimpleValue>Applies to Oil Product Type Gasoline.</SimpleValue>
         </Value>
      </Row>
      <Row>
         <Value>
            <SimpleValue>93-Unleaded</SimpleValue>
         </Value>
         <Value>
            <SimpleValue>FpML</SimpleValue>
         </Value>
         <Value>
            <SimpleValue>Applies to Oil Product Type Gasoline.</SimpleValue>
         </Value>
      </Row>
      <Row>
         <Value>
            <SimpleValue>95-Unleaded</SimpleValue>
         </Value>
         <Value>
            <SimpleValue>FpML</SimpleValue>
         </Value>
         <Value>
            <SimpleValue>Applies to Oil Product Type Gasoline.</SimpleValue>
         </Value>
      </Row>
      <Row>
         <Value>
            <SimpleValue>97-Unleaded</SimpleValue>
         </Value>
         <Value>
            <SimpleValue>FpML</SimpleValue>
         </Value>
         <Value>
            <SimpleValue>Applies to Oil Product Type Gasoline.</SimpleValue>
         </Value>
      </Row>
      <Row>
         <Value>
            <SimpleValue>98-Unleaded</SimpleValue>
         </Value>
         <Value>
            <SimpleValue>FpML</SimpleValue>
         </Value>
         <Value>
            <SimpleValue>Applies to Oil Product Type Gasoline.</SimpleValue>
         </Value>
      </Row>
      <Row>
         <Value>
            <SimpleValue>Arabian-Light</SimpleValue>
         </Value>
         <Value>
            <SimpleValue>FpML</SimpleValue>
         </Value>
         <Value>
            <SimpleValue>Applies to Oil Product Type Oil.</SimpleValue>
         </Value>
      </Row>
      <Row>
         <Value>
            <SimpleValue>Brass-Blend</SimpleValue>
         </Value>
         <Value>
            <SimpleValue>FpML</SimpleValue>
         </Value>
         <Value>
            <SimpleValue>Applies to Oil Product Type Oil.</SimpleValue>
         </Value>
      </Row>
      <Row>
         <Value>
            <SimpleValue>Brent</SimpleValue>
         </Value>
         <Value>
            <SimpleValue>FpML</SimpleValue>
         </Value>
         <Value>
            <SimpleValue>Applies to Oil Product Type Oil.</SimpleValue>
         </Value>
      </Row>
      <Row>
         <Value>
            <SimpleValue>CARBOB</SimpleValue>
         </Value>
         <Value>
            <SimpleValue>FpML</SimpleValue>
         </Value>
         <Value>
            <SimpleValue>Applies to Oil Product Type Gasoline.</SimpleValue>
         </Value>
      </Row>
      <Row>
         <Value>
            <SimpleValue>CBOB</SimpleValue>
         </Value>
         <Value>
            <SimpleValue>FpML</SimpleValue>
         </Value>
         <Value>
            <SimpleValue>Applies to Oil Product Type Gasoline.</SimpleValue>
         </Value>
      </Row>
      <Row>
         <Value>
            <SimpleValue>Cold-Lake</SimpleValue>
         </Value>
         <Value>
            <SimpleValue>FpML</SimpleValue>
         </Value>
         <Value>
            <SimpleValue>Applies to Oil Product Type Oil.</SimpleValue>
         </Value>
      </Row>
      <Row>
         <Value>
            <SimpleValue>Dubai</SimpleValue>
         </Value>
         <Value>
            <SimpleValue>FpML</SimpleValue>
         </Value>
         <Value>
            <SimpleValue>Applies to Oil Product Type Oil.</SimpleValue>
         </Value>
      </Row>
      <Row>
         <Value>
            <SimpleValue>Edmonton-High-Sulphur-Sour</SimpleValue>
         </Value>
         <Value>
            <SimpleValue>FpML</SimpleValue>
         </Value>
         <Value>
            <SimpleValue>Applies to Oil Product Type Oil.</SimpleValue>
         </Value>
      </Row>
      <Row>
         <Value>
            <SimpleValue>EUROBOB</SimpleValue>
         </Value>
         <Value>
            <SimpleValue>FpML</SimpleValue>
         </Value>
         <Value>
            <SimpleValue>Applies to Oil Product Type Gasoline.</SimpleValue>
         </Value>
      </Row>
      <Row>
         <Value>
            <SimpleValue>German-10PPM</SimpleValue>
         </Value>
         <Value>
            <SimpleValue>FpML</SimpleValue>
         </Value>
         <Value>
            <SimpleValue>Applies to Oil Product Type Diesel Fuel.</SimpleValue>
         </Value>
      </Row>
      <Row>
         <Value>
            <SimpleValue>Gulf-Coast-Sweet</SimpleValue>
         </Value>
         <Value>
            <SimpleValue>FpML</SimpleValue>
         </Value>
         <Value>
            <SimpleValue>Applies to Oil Product Type Oil.</SimpleValue>
         </Value>
      </Row>
      <Row>
         <Value>
            <SimpleValue>Hardisty-Light</SimpleValue>
         </Value>
         <Value>
            <SimpleValue>FpML</SimpleValue>
         </Value>
         <Value>
            <SimpleValue>Applies to Oil Product Type Oil.</SimpleValue>
         </Value>
      </Row>
      <Row>
         <Value>
            <SimpleValue>Iranian-Light</SimpleValue>
         </Value>
         <Value>
            <SimpleValue>FpML</SimpleValue>
         </Value>
         <Value>
            <SimpleValue>Applies to Oil Product Type Oil.</SimpleValue>
         </Value>
      </Row>
      <Row>
         <Value>
            <SimpleValue>Iranian-Light</SimpleValue>
         </Value>
         <Value>
            <SimpleValue>FpML</SimpleValue>
         </Value>
         <Value>
            <SimpleValue>Applies to Oil Product Type Oil.</SimpleValue>
         </Value>
      </Row>
      <Row>
         <Value>
            <SimpleValue>Jet</SimpleValue>
         </Value>
         <Value>
            <SimpleValue>FpML</SimpleValue>
         </Value>
         <Value>
            <SimpleValue>Applies to Oil Product Type Jet Fuel.</SimpleValue>
         </Value>
      </Row>
      <Row>
         <Value>
            <SimpleValue>Kirkuk-Light</SimpleValue>
         </Value>
         <Value>
            <SimpleValue>FpML</SimpleValue>
         </Value>
         <Value>
            <SimpleValue>Applies to Oil Product Type Oil.</SimpleValue>
         </Value>
      </Row>
      <Row>
         <Value>
            <SimpleValue>Kuwait</SimpleValue>
         </Value>
         <Value>
            <SimpleValue>FpML</SimpleValue>
         </Value>
         <Value>
            <SimpleValue>Applies to Oil Product Type Oil.</SimpleValue>
         </Value>
      </Row>
      <Row>
         <Value>
            <SimpleValue>Light-Louisiana-Sweet</SimpleValue>
         </Value>
         <Value>
            <SimpleValue>FpML</SimpleValue>
         </Value>
         <Value>
            <SimpleValue>Applies to Oil Product Type Oil.</SimpleValue>
         </Value>
      </Row>
      <Row>
         <Value>
            <SimpleValue>Low-Sulphur</SimpleValue>
         </Value>
         <Value>
            <SimpleValue>FpML</SimpleValue>
         </Value>
         <Value>
            <SimpleValue>Applies to Oil Product Type Diesel Fuel.</SimpleValue>
         </Value>
      </Row>
      <Row>
         <Value>
            <SimpleValue>Low-Sulphur-Jet</SimpleValue>
         </Value>
         <Value>
            <SimpleValue>FpML</SimpleValue>
         </Value>
         <Value>
            <SimpleValue>Applies to Oil Product Type Jet Fuel.</SimpleValue>
         </Value>
      </Row>
      <Row>
         <Value>
            <SimpleValue>Mars</SimpleValue>
         </Value>
         <Value>
            <SimpleValue>FpML</SimpleValue>
         </Value>
         <Value>
            <SimpleValue>Applies to Oil Product Type Oil.</SimpleValue>
         </Value>
      </Row>
      <Row>
         <Value>
            <SimpleValue>Mixed-Sour-Blend</SimpleValue>
         </Value>
         <Value>
            <SimpleValue>FpML</SimpleValue>
         </Value>
         <Value>
            <SimpleValue>Applies to Oil Product Type Oil.</SimpleValue>
         </Value>
      </Row>
      <Row>
         <Value>
            <SimpleValue>Mixed-Sweet-Blend</SimpleValue>
         </Value>
         <Value>
            <SimpleValue>FpML</SimpleValue>
         </Value>
         <Value>
            <SimpleValue>Applies to Oil Product Type Oil.</SimpleValue>
         </Value>
      </Row>
      <Row>
         <Value>
            <SimpleValue>Murban</SimpleValue>
         </Value>
         <Value>
            <SimpleValue>FpML</SimpleValue>
         </Value>
         <Value>
            <SimpleValue>Applies to Oil Product Type Oil.</SimpleValue>
         </Value>
      </Row>
      <Row>
         <Value>
            <SimpleValue>Natural-Gasoline</SimpleValue>
         </Value>
         <Value>
            <SimpleValue>FpML</SimpleValue>
         </Value>
         <Value>
            <SimpleValue>Applies to Oil Product Type Gasoline.</SimpleValue>
         </Value>
      </Row>
      <Row>
         <Value>
            <SimpleValue>No.-2</SimpleValue>
         </Value>
         <Value>
            <SimpleValue>FpML</SimpleValue>
         </Value>
         <Value>
            <SimpleValue>Applies to Oil Product Type Diesel Fuel.</SimpleValue>
         </Value>
      </Row>
      <Row>
         <Value>
            <SimpleValue>No.-6-0.3-Percent</SimpleValue>
         </Value>
         <Value>
            <SimpleValue>FpML</SimpleValue>
         </Value>
         <Value>
            <SimpleValue>Applies to Oil Product Type Fuel Oil.</SimpleValue>
         </Value>
      </Row>
      <Row>
         <Value>
            <SimpleValue>No.-6-0.3-Percent-HP</SimpleValue>
         </Value>
         <Value>
            <SimpleValue>FpML</SimpleValue>
         </Value>
         <Value>
            <SimpleValue>Applies to Oil Product Type Fuel Oil.</SimpleValue>
         </Value>
      </Row>
      <Row>
         <Value>
            <SimpleValue>No.-6-0.3-Percent-LP</SimpleValue>
         </Value>
         <Value>
            <SimpleValue>FpML</SimpleValue>
         </Value>
         <Value>
            <SimpleValue>Applies to Oil Product Type Fuel Oil.</SimpleValue>
         </Value>
      </Row>
      <Row>
         <Value>
            <SimpleValue>No.-6-0.7-Percent</SimpleValue>
         </Value>
         <Value>
            <SimpleValue>FpML</SimpleValue>
         </Value>
         <Value>
            <SimpleValue>Applies to Oil Product Type Fuel Oil.</SimpleValue>
         </Value>
      </Row>
      <Row>
         <Value>
            <SimpleValue>No.-6-1.0-Percent</SimpleValue>
         </Value>
         <Value>
            <SimpleValue>FpML</SimpleValue>
         </Value>
         <Value>
            <SimpleValue>Applies to Oil Product Type Fuel Oil.</SimpleValue>
         </Value>
      </Row>
      <Row>
         <Value>
            <SimpleValue>No.-6-2.2-Percent</SimpleValue>
         </Value>
         <Value>
            <SimpleValue>FpML</SimpleValue>
         </Value>
         <Value>
            <SimpleValue>Applies to Oil Product Type Fuel Oil.</SimpleValue>
         </Value>
      </Row>
      <Row>
         <Value>
            <SimpleValue>No.-6-3-Percent</SimpleValue>
         </Value>
         <Value>
            <SimpleValue>FpML</SimpleValue>
         </Value>
         <Value>
            <SimpleValue>Applies to Oil Product Type Fuel Oil.</SimpleValue>
         </Value>
      </Row>
      <Row>
         <Value>
            <SimpleValue>Normal-Butane</SimpleValue>
         </Value>
         <Value>
            <SimpleValue>FpML</SimpleValue>
         </Value>
         <Value>
            <SimpleValue>Applies to Oil Product Type Butane.</SimpleValue>
         </Value>
      </Row>
      <Row>
         <Value>
            <SimpleValue>North-Dakota-Light</SimpleValue>
         </Value>
         <Value>
            <SimpleValue>FpML</SimpleValue>
         </Value>
         <Value>
            <SimpleValue>Applies to Oil Product Type Oil.</SimpleValue>
         </Value>
      </Row>
      <Row>
         <Value>
            <SimpleValue>Oman</SimpleValue>
         </Value>
         <Value>
            <SimpleValue>FpML</SimpleValue>
         </Value>
         <Value>
            <SimpleValue>Applies to Oil Product Type Oil.</SimpleValue>
         </Value>
      </Row>
      <Row>
         <Value>
            <SimpleValue>Polymer-Grade</SimpleValue>
         </Value>
         <Value>
            <SimpleValue>FpML</SimpleValue>
         </Value>
         <Value>
            <SimpleValue>Applies to Oil Product Type Propylene.</SimpleValue>
         </Value>
      </Row>
      <Row>
         <Value>
            <SimpleValue>RBOB</SimpleValue>
         </Value>
         <Value>
            <SimpleValue>FpML</SimpleValue>
         </Value>
         <Value>
            <SimpleValue>Applies to Oil Product Type Gasoline.</SimpleValue>
         </Value>
      </Row>
      <Row>
         <Value>
            <SimpleValue>Saharan</SimpleValue>
         </Value>
         <Value>
            <SimpleValue>FpML</SimpleValue>
         </Value>
         <Value>
            <SimpleValue>Applies to Oil Product Type Oil.</SimpleValue>
         </Value>
      </Row>
      <Row>
         <Value>
            <SimpleValue>Sour</SimpleValue>
         </Value>
         <Value>
            <SimpleValue>FpML</SimpleValue>
         </Value>
         <Value>
            <SimpleValue>Applies to Oil Product Type Oil.</SimpleValue>
         </Value>
      </Row>
      <Row>
         <Value>
            <SimpleValue>Southern-Green-Canyon</SimpleValue>
         </Value>
         <Value>
            <SimpleValue>FpML</SimpleValue>
         </Value>
         <Value>
            <SimpleValue>Applies to Oil Product Type Oil.</SimpleValue>
         </Value>
      </Row>
      <Row>
         <Value>
            <SimpleValue>Tapis</SimpleValue>
         </Value>
         <Value>
            <SimpleValue>FpML</SimpleValue>
         </Value>
         <Value>
            <SimpleValue>Applies to Oil Product Type Oil.</SimpleValue>
         </Value>
      </Row>
      <Row>
         <Value>
            <SimpleValue>Thunder-Horse</SimpleValue>
         </Value>
         <Value>
            <SimpleValue>FpML</SimpleValue>
         </Value>
         <Value>
            <SimpleValue>Applies to Oil Product Type Oil.</SimpleValue>
         </Value>
      </Row>
      <Row>
         <Value>
            <SimpleValue>Ultra-Low-Sulphur</SimpleValue>
         </Value>
         <Value>
            <SimpleValue>FpML</SimpleValue>
         </Value>
         <Value>
            <SimpleValue>Applies to Oil Product Type Diesel Fuel.</SimpleValue>
         </Value>
      </Row>
      <Row>
         <Value>
            <SimpleValue>Urals</SimpleValue>
         </Value>
         <Value>
            <SimpleValue>FpML</SimpleValue>
         </Value>
         <Value>
            <SimpleValue>Applies to Oil Product Type Oil.</SimpleValue>
         </Value>
      </Row>
      <Row>
         <Value>
            <SimpleValue>Urals-Sour</SimpleValue>
         </Value>
         <Value>
            <SimpleValue>FpML</SimpleValue>
         </Value>
         <Value>
            <SimpleValue>Applies to Oil Product Type Oil.</SimpleValue>
         </Value>
      </Row>
      <Row>
         <Value>
            <SimpleValue>US-Regular-Unleaded</SimpleValue>
         </Value>
         <Value>
            <SimpleValue>FpML</SimpleValue>
         </Value>
         <Value>
            <SimpleValue>Applies to Oil Product Type Gasoline.</SimpleValue>
         </Value>
      </Row>
      <Row>
         <Value>
            <SimpleValue>Western-Canadian-Select</SimpleValue>
         </Value>
         <Value>
            <SimpleValue>FpML</SimpleValue>
         </Value>
         <Value>
            <SimpleValue>Applies to Oil Product Type Oil.</SimpleValue>
         </Value>
      </Row>
      <Row>
         <Value>
            <SimpleValue>WTI</SimpleValue>
         </Value>
         <Value>
            <SimpleValue>FpML</SimpleValue>
         </Value>
         <Value>
            <SimpleValue>Applies to Oil Product Type Oil.</SimpleValue>
         </Value>
      </Row>
      <Row>
         <Value>
            <SimpleValue>WTS</SimpleValue>
         </Value>
         <Value>
            <SimpleValue>FpML</SimpleValue>
         </Value>
         <Value>
            <SimpleValue>Applies to Oil Product Type Oil.</SimpleValue>
         </Value>
      </Row>
      <Row>
         <Value>
            <SimpleValue>Zuetina</SimpleValue>
         </Value>
         <Value>
            <SimpleValue>FpML</SimpleValue>
         </Value>
         <Value>
            <SimpleValue>Applies to Oil Product Type Oil.</SimpleValue>
         </Value>
      </Row>
   </SimpleCodeList>
</gcl:CodeList>