<?xml version="1.0" encoding="UTF-8"?>
<gcl:CodeList xmlns:gcl="http://xml.genericode.org/2004/ns/CodeList/0.2/" xmlns:doc="http://www.fpml.org/coding-scheme/documentation" xmlns:xsi="http://www.w3.org/2001/XMLSchema-instance" xsi:schemaLocation="http://xml.genericode.org/2004/ns/CodeList/0.2/ CodeList.xsd">
   <Annotation>
      <Description>
         <doc:definition>Defines a type of physical commodity product to be delivered.</doc:definition>
         <doc:publicationDate>2014-09-15</doc:publicationDate>
      </Description>
   </Annotation>
   <Identification>
      <ShortName>commodityOilProductTypeScheme</ShortName>
      <Version>3-0</Version>
      <CanonicalUri>http://www.fpml.org/coding-scheme/commodity-oil-product-type</CanonicalUri>
      <CanonicalVersionUri>http://www.fpml.org/coding-scheme/commodity-oil-product-type-3-0</CanonicalVersionUri>
      <LocationUri>http://www.fpml.org/coding-scheme/commodity-oil-product-type-3-0.xml</LocationUri>
   </Identification>
   <ColumnSet>
      <Column Id="Code" Use="required">
         <ShortName>Code</ShortName>
         <Data Type="token">
            <Parameter ShortName="maxLength">63</Parameter>
         </Data>
      </Column>
      <Column Id="Source" Use="optional">
         <ShortName>Source</ShortName>
         <Data Type="string"/>
      </Column>
      <Column Id="Description" Use="optional">
         <ShortName>Description</ShortName>
         <Data Type="string"/>
      </Column>
      <Key Id="PrimaryKey">
         <ShortName>key</ShortName>
         <ColumnRef Ref="Code"/>
      </Key>
   </ColumnSet>
   <SimpleCodeList>
      <Row>
         <Value>
            <SimpleValue>Benzene</SimpleValue>
         </Value>
         <Value>
            <SimpleValue>FpML</SimpleValue>
         </Value>
         <Value>
            <SimpleValue>Benzene (C6H6)</SimpleValue>
         </Value>
      </Row>
      <Row>
         <Value>
            <SimpleValue>DieselFuel</SimpleValue>
         </Value>
         <Value>
            <SimpleValue>FpML</SimpleValue>
         </Value>
         <Value>
            <SimpleValue>Diesel Fuel</SimpleValue>
         </Value>
      </Row>
      <Row>
         <Value>
            <SimpleValue>Ethylene</SimpleValue>
         </Value>
         <Value>
            <SimpleValue>FpML</SimpleValue>
         </Value>
         <Value>
            <SimpleValue>Ethylene or Ethene (C2H4)</SimpleValue>
         </Value>
      </Row>
      <Row>
         <Value>
            <SimpleValue>FuelOil</SimpleValue>
         </Value>
         <Value>
            <SimpleValue>FpML</SimpleValue>
         </Value>
         <Value>
            <SimpleValue>Fuel Oil</SimpleValue>
         </Value>
      </Row>
      <Row>
         <Value>
            <SimpleValue>GasOil</SimpleValue>
         </Value>
         <Value>
            <SimpleValue>FpML</SimpleValue>
         </Value>
         <Value>
            <SimpleValue>Gas Oil</SimpleValue>
         </Value>
      </Row>
      <Row>
         <Value>
            <SimpleValue>Gasoline</SimpleValue>
         </Value>
         <Value>
            <SimpleValue>FpML</SimpleValue>
         </Value>
         <Value>
            <SimpleValue>Gasoline</SimpleValue>
         </Value>
      </Row>
      <Row>
         <Value>
            <SimpleValue>HeatingOil</SimpleValue>
         </Value>
         <Value>
            <SimpleValue>FpML</SimpleValue>
         </Value>
         <Value>
            <SimpleValue>Heating Oil</SimpleValue>
         </Value>
      </Row>
      <Row>
         <Value>
            <SimpleValue>JetFuel</SimpleValue>
         </Value>
         <Value>
            <SimpleValue>FpML</SimpleValue>
         </Value>
         <Value>
            <SimpleValue>Jet Fuel</SimpleValue>
         </Value>
      </Row>
      <Row>
         <Value>
            <SimpleValue>Kerosene</SimpleValue>
         </Value>
         <Value>
            <SimpleValue>FpML</SimpleValue>
         </Value>
         <Value>
            <SimpleValue>Kerosene</SimpleValue>
         </Value>
      </Row>
      <Row>
         <Value>
            <SimpleValue>Naphtha</SimpleValue>
         </Value>
         <Value>
            <SimpleValue>FpML</SimpleValue>
         </Value>
         <Value>
            <SimpleValue>Naphtha</SimpleValue>
         </Value>
      </Row>
      <Row>
         <Value>
            <SimpleValue>Oil</SimpleValue>
         </Value>
         <Value>
            <SimpleValue>FpML</SimpleValue>
         </Value>
         <Value>
            <SimpleValue>Crude Oil</SimpleValue>
         </Value>
      </Row>
      <Row>
         <Value>
            <SimpleValue>Propylene</SimpleValue>
         </Value>
         <Value>
            <SimpleValue>FpML</SimpleValue>
         </Value>
         <Value>
            <SimpleValue>Propylene or propene (C3H6)</SimpleValue>
         </Value>
      </Row>
   </SimpleCodeList>
</gcl:CodeList>