<?xml version="1.0" encoding="UTF-8"?>
<gcl:CodeList xmlns:gcl="http://xml.genericode.org/2004/ns/CodeList/0.2/" xmlns:doc="http://www.fpml.org/coding-scheme/documentation" xmlns:xsi="http://www.w3.org/2001/XMLSchema-instance" xsi:schemaLocation="http://xml.genericode.org/2004/ns/CodeList/0.2/ CodeList.xsd">
   <Annotation>
      <Description>
         <doc:definition>Specifies the Disruption Fallbacks that are applicable.</doc:definition>
      </Description>
   </Annotation>
   <Identification>
      <ShortName>commodityMarketDisruptionFallbackScheme</ShortName>
      <Version>1-0</Version>
      <CanonicalUri>http://www.fpml.org/coding-scheme/commodity-market-disruption-fallback</CanonicalUri>
      <CanonicalVersionUri>http://www.fpml.org/coding-scheme/commodity-market-disruption-fallback-1-0</CanonicalVersionUri>
      <LocationUri>http://www.fpml.org/coding-scheme/commodity-market-disruption-fallback-1-0.xml</LocationUri>
   </Identification>
   <ColumnSet>
      <Column Id="Code" Use="required">
         <ShortName>Code</ShortName>
         <Data Type="token">
            <Parameter ShortName="maxLength">63</Parameter>
         </Data>
      </Column>
      <Column Id="Source" Use="optional">
         <ShortName>Source</ShortName>
         <Data Type="string"/>
      </Column>
      <Column Id="Description" Use="optional">
         <ShortName>Description</ShortName>
         <Data Type="string"/>
      </Column>
      <Key Id="PrimaryKey">
         <ShortName>key</ShortName>
         <ColumnRef Ref="Code"/>
      </Key>
   </ColumnSet>
   <SimpleCodeList>
      <Row>
         <Value>
            <SimpleValue>AverageDailyPriceDisruption</SimpleValue>
         </Value>
         <Value>
            <SimpleValue>FpML</SimpleValue>
         </Value>
         <Value>
            <SimpleValue>Average Daily Price Disruption as defined in section 7.5 para (c) subpara (vi) of the ISDA 1993 Commodity Derivative definitions.</SimpleValue>
         </Value>
      </Row>
      <Row>
         <Value>
            <SimpleValue>CalculationAgentDetermination</SimpleValue>
         </Value>
         <Value>
            <SimpleValue>FpML</SimpleValue>
         </Value>
         <Value>
            <SimpleValue>Calculation Agent Determination as defined in section 7.5 para (c) subpara (vi) of the ISDA 2005 Commodity Derivative definitions or section 7.5 para (c) subpara (v) of the ISDA 1993 Commodity Derivative definitions as applicable.</SimpleValue>
         </Value>
      </Row>
      <Row>
         <Value>
            <SimpleValue>DelayedPublicationOrAnnouncement</SimpleValue>
         </Value>
         <Value>
            <SimpleValue>FpML</SimpleValue>
         </Value>
         <Value>
            <SimpleValue>Delayed Publication or Announcement as defined in section 7.5 para (c) subpara (vii) of the ISDA 2005 Commodity Derivative definitions.</SimpleValue>
         </Value>
      </Row>
      <Row>
         <Value>
            <SimpleValue>FallbackReferenceDealers</SimpleValue>
         </Value>
         <Value>
            <SimpleValue>FpML</SimpleValue>
         </Value>
         <Value>
            <SimpleValue>Fallback Reference Dealers as defined in section 7.5 para (c) subpara (i) of the ISDA 2005 Commodity Derivative definitions.</SimpleValue>
         </Value>
      </Row>
      <Row>
         <Value>
            <SimpleValue>FallbackReferencePrice</SimpleValue>
         </Value>
         <Value>
            <SimpleValue>FpML</SimpleValue>
         </Value>
         <Value>
            <SimpleValue>Fallback Reference Price as defined in section 7.5 para (c) subpara (ii) of the ISDA 2005 Commodity Derivative definitions or section 7.5 para (c) subpara (i) of the ISDA 1993 Commodity Derivative definitions as applicable.</SimpleValue>
         </Value>
      </Row>
      <Row>
         <Value>
            <SimpleValue>NegotiatedFallback</SimpleValue>
         </Value>
         <Value>
            <SimpleValue>FpML</SimpleValue>
         </Value>
         <Value>
            <SimpleValue>Negotiated Fallback as defined in section 7.5 para (c) subpara (iii) of the ISDA 2005 Commodity Derivative definitions or section 7.5 para (c) subpara (ii) of the ISDA 1993 Commodity Derivative definitions as applicable.</SimpleValue>
         </Value>
      </Row>
      <Row>
         <Value>
            <SimpleValue>NoFaultTermination</SimpleValue>
         </Value>
         <Value>
            <SimpleValue>FpML</SimpleValue>
         </Value>
         <Value>
            <SimpleValue>No Fault Termination as defined in section 7.5 para (c) subpara (iv) of the ISDA 2005 Commodity Derivative definitions or section 7.5 para (c) subpara (iii) of the ISDA 1993 Commodity Derivative definitions as applicable.</SimpleValue>
         </Value>
      </Row>
      <Row>
         <Value>
            <SimpleValue>Postponement</SimpleValue>
         </Value>
         <Value>
            <SimpleValue>FpML</SimpleValue>
         </Value>
         <Value>
            <SimpleValue>Postponement as defined in section 7.5 para (c) subpara (v) of the ISDA 2005 Commodity Derivative definitions or section 7.5 para (c) subpara (iv) of the ISDA 1993 Commodity Derivative definitions as applicable.</SimpleValue>
         </Value>
      </Row>
   </SimpleCodeList>
</gcl:CodeList>