<?xml version="1.0" encoding="UTF-8"?>
<gcl:CodeList xmlns:gcl="http://xml.genericode.org/2004/ns/CodeList/0.2/" xmlns:doc="http://www.fpml.org/coding-scheme/documentation" xmlns:xsi="http://www.w3.org/2001/XMLSchema-instance" xsi:schemaLocation="http://xml.genericode.org/2004/ns/CodeList/0.2/ CodeList.xsd">
   <Annotation>
      <Description>
         <doc:definition>The method jointly employed by the Credit Extender and Limit Checker for a given Credit User through which the credit value of a trade is verified to be within the credit limit prior to the placement of an order and the execution of a trade. Defines the pre-execution model.</doc:definition>
         <doc:publicationDate>2013-06-07</doc:publicationDate>
      </Description>
   </Annotation>
   <Identification>
      <ShortName>creditApprovalModelScheme</ShortName>
      <Version>1-0</Version>
      <CanonicalUri>http://www.fpml.org/coding-scheme/credit-approval-model</CanonicalUri>
      <CanonicalVersionUri>http://www.fpml.org/coding-scheme/credit-approval-model-1-0</CanonicalVersionUri>
      <LocationUri>http://www.fpml.org/coding-scheme/credit-approval-model-1-0.xml</LocationUri>
   </Identification>
   <ColumnSet>
      <Column Id="Code" Use="required">
         <ShortName>Code</ShortName>
         <Data Type="token">
            <Parameter ShortName="maxLength">63</Parameter>
         </Data>
      </Column>
      <Column Id="Source" Use="optional">
         <ShortName>Source</ShortName>
         <Data Type="string"/>
      </Column>
      <Column Id="Description" Use="optional">
         <ShortName>Description</ShortName>
         <Data Type="string"/>
      </Column>
      <Key Id="PrimaryKey">
         <ShortName>key</ShortName>
         <ColumnRef Ref="Code"/>
      </Key>
   </ColumnSet>
   <SimpleCodeList>
      <Row>
         <Value>
            <SimpleValue>Ping</SimpleValue>
         </Value>
         <Value>
            <SimpleValue>FpML</SimpleValue>
         </Value>
         <Value>
            <SimpleValue>Ping pre-execution model</SimpleValue>
         </Value>
      </Row>
      <Row>
         <Value>
            <SimpleValue>Plus1ToPing</SimpleValue>
         </Value>
         <Value>
            <SimpleValue>FpML</SimpleValue>
         </Value>
         <Value>
            <SimpleValue>Plus One To Ping pre-execution model</SimpleValue>
         </Value>
      </Row>
      <Row>
         <Value>
            <SimpleValue>Plus1ToStop</SimpleValue>
         </Value>
         <Value>
            <SimpleValue>FpML</SimpleValue>
         </Value>
         <Value>
            <SimpleValue>Plus One To Stop pre-execution model</SimpleValue>
         </Value>
      </Row>
      <Row>
         <Value>
            <SimpleValue>PushToPing</SimpleValue>
         </Value>
         <Value>
            <SimpleValue>FpML</SimpleValue>
         </Value>
         <Value>
            <SimpleValue>Push To Ping pre-execution model</SimpleValue>
         </Value>
      </Row>
      <Row>
         <Value>
            <SimpleValue>PushToStop</SimpleValue>
         </Value>
         <Value>
            <SimpleValue>FpML</SimpleValue>
         </Value>
         <Value>
            <SimpleValue>Push To Stop pre-execution model</SimpleValue>
         </Value>
      </Row>
   </SimpleCodeList>
</gcl:CodeList>