<?xml version="1.0" encoding="UTF-8"?>
<gcl:CodeList xmlns:gcl="http://xml.genericode.org/2004/ns/CodeList/0.2/" xmlns:doc="http://www.fpml.org/coding-scheme/documentation" xmlns:xsi="http://www.w3.org/2001/XMLSchema-instance" xsi:schemaLocation="http://xml.genericode.org/2004/ns/CodeList/0.2/ CodeList.xsd">
   <Annotation>
      <Description>
         <doc:definition>Defines a scheme of transaction types specified in the Credit Derivatives Physical Settlement Matrix.</doc:definition>
         <doc:publicationDate>2017-12-07</doc:publicationDate>
      </Description>
   </Annotation>
   <Identification>
      <ShortName>matrixTermScheme</ShortName>
      <Version>3-11</Version>
      <CanonicalUri>http://www.fpml.org/coding-scheme/credit-matrix-transaction-type</CanonicalUri>
      <CanonicalVersionUri>http://www.fpml.org/coding-scheme/credit-matrix-transaction-type-3-11</CanonicalVersionUri>
      <LocationUri>http://www.fpml.org/coding-scheme/credit-matrix-transaction-type-3-11.xml</LocationUri>
   </Identification>
   <ColumnSet>
      <Column Id="Code" Use="required">
         <ShortName>Code</ShortName>
         <Data Type="token">
            <Parameter ShortName="maxLength">63</Parameter>
         </Data>
      </Column>
      <Column Id="Source" Use="optional">
         <ShortName>Source</ShortName>
         <Data Type="string"/>
      </Column>
      <Column Id="Description" Use="optional">
         <ShortName>Description</ShortName>
         <Data Type="string"/>
      </Column>
      <Key Id="PrimaryKey">
         <ShortName>key</ShortName>
         <ColumnRef Ref="Code"/>
      </Key>
   </ColumnSet>
   <SimpleCodeList>
      <Row>
         <Value>
            <SimpleValue>AsiaCorporate</SimpleValue>
         </Value>
         <Value>
            <SimpleValue>FpML</SimpleValue>
         </Value>
         <Value>
            <SimpleValue>Matrix Transaction Type of ASIA CORPORATE.</SimpleValue>
         </Value>
      </Row>
      <Row>
         <Value>
            <SimpleValue>AsiaFinancialCorporate</SimpleValue>
         </Value>
         <Value>
            <SimpleValue>FpML</SimpleValue>
         </Value>
         <Value>
            <SimpleValue>Matrix Transaction Type of ASIA FINANCIAL CORPORATE.</SimpleValue>
         </Value>
      </Row>
      <Row>
         <Value>
            <SimpleValue>AsiaSovereign</SimpleValue>
         </Value>
         <Value>
            <SimpleValue>FpML</SimpleValue>
         </Value>
         <Value>
            <SimpleValue>Matrix Transaction Type of ASIA SOVEREIGN.</SimpleValue>
         </Value>
      </Row>
      <Row>
         <Value>
            <SimpleValue>AustraliaCorporate</SimpleValue>
         </Value>
         <Value>
            <SimpleValue>FpML</SimpleValue>
         </Value>
         <Value>
            <SimpleValue>Matrix Transaction Type of AUSTRALIA CORPORATE.</SimpleValue>
         </Value>
      </Row>
      <Row>
         <Value>
            <SimpleValue>AustraliaFinancialCorporate</SimpleValue>
         </Value>
         <Value>
            <SimpleValue>FpML</SimpleValue>
         </Value>
         <Value>
            <SimpleValue>Matrix Transaction Type of AUSTRALIA FINANCIAL CORPORATE.</SimpleValue>
         </Value>
      </Row>
      <Row>
         <Value>
            <SimpleValue>AustraliaSovereign</SimpleValue>
         </Value>
         <Value>
            <SimpleValue>FpML</SimpleValue>
         </Value>
         <Value>
            <SimpleValue>Matrix Transaction Type of AUSTRALIA SOVEREIGN.</SimpleValue>
         </Value>
      </Row>
      <Row>
         <Value>
            <SimpleValue>EmergingEuropeanAndMiddleEasternSovereign</SimpleValue>
         </Value>
         <Value>
            <SimpleValue>FpML</SimpleValue>
         </Value>
         <Value>
            <SimpleValue>Matrix Transaction Type of EMERGING EUROPEAN AND MIDDLE EASTERN SOVEREIGN.</SimpleValue>
         </Value>
      </Row>
      <Row>
         <Value>
            <SimpleValue>EmergingEuropeanCorporate</SimpleValue>
         </Value>
         <Value>
            <SimpleValue>FpML</SimpleValue>
         </Value>
         <Value>
            <SimpleValue>Matrix Transaction Type of EMERGING EUROPEAN CORPORATE.</SimpleValue>
         </Value>
      </Row>
      <Row>
         <Value>
            <SimpleValue>EmergingEuropeanCorporateLPN</SimpleValue>
         </Value>
         <Value>
            <SimpleValue>FpML</SimpleValue>
         </Value>
         <Value>
            <SimpleValue>Matrix Transaction Type of EMERGING EUROPEAN CORPORATE LPN.</SimpleValue>
         </Value>
      </Row>
      <Row>
         <Value>
            <SimpleValue>EmergingEuropeanFinancialCorporate</SimpleValue>
         </Value>
         <Value>
            <SimpleValue>FpML</SimpleValue>
         </Value>
         <Value>
            <SimpleValue>Matrix Transaction Type of EMERGING EUROPEAN FINANCIAL CORPORATE.</SimpleValue>
         </Value>
      </Row>
      <Row>
         <Value>
            <SimpleValue>EmergingEuropeanFinancialCorporateLPN</SimpleValue>
         </Value>
         <Value>
            <SimpleValue>FpML</SimpleValue>
         </Value>
         <Value>
            <SimpleValue>Matrix Transaction Type of EMERGING EUROPEAN FINANCIAL CORPORATE LPN.</SimpleValue>
         </Value>
      </Row>
      <Row>
         <Value>
            <SimpleValue>EuropeanCoCoFinancialCorporate</SimpleValue>
         </Value>
         <Value>
            <SimpleValue>FpML</SimpleValue>
         </Value>
         <Value>
            <SimpleValue>Matrix Transaction Type of EUROPEAN COCO FINANCIAL CORPORATE.</SimpleValue>
         </Value>
      </Row>
      <Row>
         <Value>
            <SimpleValue>EuropeanCorporate</SimpleValue>
         </Value>
         <Value>
            <SimpleValue>FpML</SimpleValue>
         </Value>
         <Value>
            <SimpleValue>Matrix Transaction Type of EUROPEAN CORPORATE.</SimpleValue>
         </Value>
      </Row>
      <Row>
         <Value>
            <SimpleValue>EuropeanFinancialCorporate</SimpleValue>
         </Value>
         <Value>
            <SimpleValue>FpML</SimpleValue>
         </Value>
         <Value>
            <SimpleValue>Matrix Transaction Type of EUROPEAN FINANCIAL CORPORATE.</SimpleValue>
         </Value>
      </Row>
      <Row>
         <Value>
            <SimpleValue>EuropeanSeniorNonPreferredFinancialCorporate</SimpleValue>
         </Value>
         <Value>
            <SimpleValue>FpML</SimpleValue>
         </Value>
         <Value>
            <SimpleValue>Matrix Transaction Type of EUROPEAN SENIOR NON PREFERRED FINANCIAL CORPORATE.</SimpleValue>
         </Value>
      </Row>
      <Row>
         <Value>
            <SimpleValue>JapanCorporate</SimpleValue>
         </Value>
         <Value>
            <SimpleValue>FpML</SimpleValue>
         </Value>
         <Value>
            <SimpleValue>Matrix Transaction Type of JAPAN CORPORATE.</SimpleValue>
         </Value>
      </Row>
      <Row>
         <Value>
            <SimpleValue>JapanFinancialCorporate</SimpleValue>
         </Value>
         <Value>
            <SimpleValue>FpML</SimpleValue>
         </Value>
         <Value>
            <SimpleValue>Matrix Transaction Type of JAPAN FINANCIAL CORPORATE.</SimpleValue>
         </Value>
      </Row>
      <Row>
         <Value>
            <SimpleValue>JapanSovereign</SimpleValue>
         </Value>
         <Value>
            <SimpleValue>FpML</SimpleValue>
         </Value>
         <Value>
            <SimpleValue>Matrix Transaction Type of JAPAN SOVEREIGN.</SimpleValue>
         </Value>
      </Row>
      <Row>
         <Value>
            <SimpleValue>LatinAmericaCorporate</SimpleValue>
         </Value>
         <Value>
            <SimpleValue>FpML</SimpleValue>
         </Value>
         <Value>
            <SimpleValue>Matrix Transaction Type of LATIN AMERICA CORPORATE.</SimpleValue>
         </Value>
      </Row>
      <Row>
         <Value>
            <SimpleValue>LatinAmericaCorporateBond</SimpleValue>
         </Value>
         <Value>
            <SimpleValue>FpML</SimpleValue>
         </Value>
         <Value>
            <SimpleValue>Matrix Transaction Type of LATIN AMERICA CORPORATE B.</SimpleValue>
         </Value>
      </Row>
      <Row>
         <Value>
            <SimpleValue>LatinAmericaCorporateBondOrLoan</SimpleValue>
         </Value>
         <Value>
            <SimpleValue>FpML</SimpleValue>
         </Value>
         <Value>
            <SimpleValue>Matrix Transaction Type of LATIN AMERICA CORPORATE BL.</SimpleValue>
         </Value>
      </Row>
      <Row>
         <Value>
            <SimpleValue>LatinAmericaFinancialCorporateBond</SimpleValue>
         </Value>
         <Value>
            <SimpleValue>FpML</SimpleValue>
         </Value>
         <Value>
            <SimpleValue>Matrix Transaction Type of LATIN AMERICA FINANCIAL CORPORATE B.</SimpleValue>
         </Value>
      </Row>
      <Row>
         <Value>
            <SimpleValue>LatinAmericaFinancialCorporateBondOrLoan</SimpleValue>
         </Value>
         <Value>
            <SimpleValue>FpML</SimpleValue>
         </Value>
         <Value>
            <SimpleValue>Matrix Transaction Type of LATIN AMERICA FINANCIAL CORPORATE BL.</SimpleValue>
         </Value>
      </Row>
      <Row>
         <Value>
            <SimpleValue>LatinAmericaSovereign</SimpleValue>
         </Value>
         <Value>
            <SimpleValue>FpML</SimpleValue>
         </Value>
         <Value>
            <SimpleValue>Matrix Transaction Type of LATIN AMERICA SOVEREIGN.</SimpleValue>
         </Value>
      </Row>
      <Row>
         <Value>
            <SimpleValue>NewZealandCorporate</SimpleValue>
         </Value>
         <Value>
            <SimpleValue>FpML</SimpleValue>
         </Value>
         <Value>
            <SimpleValue>Matrix Transaction Type of NEW ZEALAND CORPORATE.</SimpleValue>
         </Value>
      </Row>
      <Row>
         <Value>
            <SimpleValue>NewZealandFinancialCorporate</SimpleValue>
         </Value>
         <Value>
            <SimpleValue>FpML</SimpleValue>
         </Value>
         <Value>
            <SimpleValue>Matrix Transaction Type of NEW ZEALAND FINANCIAL CORPORATE.</SimpleValue>
         </Value>
      </Row>
      <Row>
         <Value>
            <SimpleValue>NewZealandSovereign</SimpleValue>
         </Value>
         <Value>
            <SimpleValue>FpML</SimpleValue>
         </Value>
         <Value>
            <SimpleValue>Matrix Transaction Type of NEW ZEALAND SOVEREIGN.</SimpleValue>
         </Value>
      </Row>
      <Row>
         <Value>
            <SimpleValue>NorthAmericanCorporate</SimpleValue>
         </Value>
         <Value>
            <SimpleValue>FpML</SimpleValue>
         </Value>
         <Value>
            <SimpleValue>Matrix Transaction Type of NORTH AMERICAN CORPORATE.</SimpleValue>
         </Value>
      </Row>
      <Row>
         <Value>
            <SimpleValue>NorthAmericanFinancialCorporate</SimpleValue>
         </Value>
         <Value>
            <SimpleValue>FpML</SimpleValue>
         </Value>
         <Value>
            <SimpleValue>Matrix Transaction Type of NORTH AMERICAN FINANCIAL CORPORATE.</SimpleValue>
         </Value>
      </Row>
      <Row>
         <Value>
            <SimpleValue>SingaporeCorporate</SimpleValue>
         </Value>
         <Value>
            <SimpleValue>FpML</SimpleValue>
         </Value>
         <Value>
            <SimpleValue>Matrix Transaction Type of SINGAPORE CORPORATE.</SimpleValue>
         </Value>
      </Row>
      <Row>
         <Value>
            <SimpleValue>SingaporeFinancialCorporate</SimpleValue>
         </Value>
         <Value>
            <SimpleValue>FpML</SimpleValue>
         </Value>
         <Value>
            <SimpleValue>Matrix Transaction Type of SINGAPORE FINANCIAL CORPORATE.</SimpleValue>
         </Value>
      </Row>
      <Row>
         <Value>
            <SimpleValue>SingaporeSovereign</SimpleValue>
         </Value>
         <Value>
            <SimpleValue>FpML</SimpleValue>
         </Value>
         <Value>
            <SimpleValue>Matrix Transaction Type of SINGAPORE SOVEREIGN.</SimpleValue>
         </Value>
      </Row>
      <Row>
         <Value>
            <SimpleValue>StandardAsiaCorporate</SimpleValue>
         </Value>
         <Value>
            <SimpleValue>FpML</SimpleValue>
         </Value>
         <Value>
            <SimpleValue>Matrix Transaction Type of STANDARD ASIA CORPORATE.</SimpleValue>
         </Value>
      </Row>
      <Row>
         <Value>
            <SimpleValue>StandardAsiaFinancialCorporate</SimpleValue>
         </Value>
         <Value>
            <SimpleValue>FpML</SimpleValue>
         </Value>
         <Value>
            <SimpleValue>Matrix Transaction Type of STANDARD ASIA FINANCIAL CORPORATE.</SimpleValue>
         </Value>
      </Row>
      <Row>
         <Value>
            <SimpleValue>StandardAsiaSovereign</SimpleValue>
         </Value>
         <Value>
            <SimpleValue>FpML</SimpleValue>
         </Value>
         <Value>
            <SimpleValue>Matrix Transaction Type of STANDARD ASIA SOVEREIGN.</SimpleValue>
         </Value>
      </Row>
      <Row>
         <Value>
            <SimpleValue>StandardAustraliaCorporate</SimpleValue>
         </Value>
         <Value>
            <SimpleValue>FpML</SimpleValue>
         </Value>
         <Value>
            <SimpleValue>Matrix Transaction Type of STANDARD AUSTRALIA CORPORATE.</SimpleValue>
         </Value>
      </Row>
      <Row>
         <Value>
            <SimpleValue>StandardAustraliaFinancialCorporate</SimpleValue>
         </Value>
         <Value>
            <SimpleValue>FpML</SimpleValue>
         </Value>
         <Value>
            <SimpleValue>Matrix Transaction Type of STANDARD AUSTRALIA FINANCIAL CORPORATE.</SimpleValue>
         </Value>
      </Row>
      <Row>
         <Value>
            <SimpleValue>StandardAustraliaSovereign</SimpleValue>
         </Value>
         <Value>
            <SimpleValue>FpML</SimpleValue>
         </Value>
         <Value>
            <SimpleValue>Matrix Transaction Type of STANDARD AUSTRALIA SOVEREIGN.</SimpleValue>
         </Value>
      </Row>
      <Row>
         <Value>
            <SimpleValue>StandardEmergingEuropeanAndMiddleEasternSovereign</SimpleValue>
         </Value>
         <Value>
            <SimpleValue>FpML</SimpleValue>
         </Value>
         <Value>
            <SimpleValue>Matrix Transaction Type of STANDARD EMERGING EUROPEAN AND MIDDLE EASTERN SOVEREIGN.</SimpleValue>
         </Value>
      </Row>
      <Row>
         <Value>
            <SimpleValue>StandardEmergingEuropeanCorporate</SimpleValue>
         </Value>
         <Value>
            <SimpleValue>FpML</SimpleValue>
         </Value>
         <Value>
            <SimpleValue>Matrix Transaction Type of STANDARD EMERGING EUROPEAN CORPORATE.</SimpleValue>
         </Value>
      </Row>
      <Row>
         <Value>
            <SimpleValue>StandardEmergingEuropeanCorporateLPN</SimpleValue>
         </Value>
         <Value>
            <SimpleValue>FpML</SimpleValue>
         </Value>
         <Value>
            <SimpleValue>Matrix Transaction Type of STANDARD EMERGING EUROPEAN CORPORATE LPN.</SimpleValue>
         </Value>
      </Row>
      <Row>
         <Value>
            <SimpleValue>StandardEmergingEuropeanFinancialCorporate</SimpleValue>
         </Value>
         <Value>
            <SimpleValue>FpML</SimpleValue>
         </Value>
         <Value>
            <SimpleValue>Matrix Transaction Type of STANDARD EMERGING EUROPEAN FINANCIAL CORPORATE.</SimpleValue>
         </Value>
      </Row>
      <Row>
         <Value>
            <SimpleValue>StandardEmergingEuropeanFinancialCorporateLPN</SimpleValue>
         </Value>
         <Value>
            <SimpleValue>FpML</SimpleValue>
         </Value>
         <Value>
            <SimpleValue>Matrix Transaction Type of STANDARD EMERGING EUROPEAN FINANCIAL CORPORATE LPN.</SimpleValue>
         </Value>
      </Row>
      <Row>
         <Value>
            <SimpleValue>StandardEuropeanCoCoFinancialCorporate</SimpleValue>
         </Value>
         <Value>
            <SimpleValue>FpML</SimpleValue>
         </Value>
         <Value>
            <SimpleValue>Matrix Transaction Type of STANDARD EUROPEAN COCO FINANCIAL CORPORATE.</SimpleValue>
         </Value>
      </Row>
      <Row>
         <Value>
            <SimpleValue>StandardEuropeanCorporate</SimpleValue>
         </Value>
         <Value>
            <SimpleValue>FpML</SimpleValue>
         </Value>
         <Value>
            <SimpleValue>Matrix Transaction Type of STANDARD EUROPEAN CORPORATE.</SimpleValue>
         </Value>
      </Row>
      <Row>
         <Value>
            <SimpleValue>StandardEuropeanFinancialCorporate</SimpleValue>
         </Value>
         <Value>
            <SimpleValue>FpML</SimpleValue>
         </Value>
         <Value>
            <SimpleValue>Matrix Transaction Type of STANDARD EUROPEAN FINANCIAL CORPORATE.</SimpleValue>
         </Value>
      </Row>
      <Row>
         <Value>
            <SimpleValue>StandardEuropeanSeniorNonPreferredFinancialCorporate</SimpleValue>
         </Value>
         <Value>
            <SimpleValue>FpML</SimpleValue>
         </Value>
         <Value>
            <SimpleValue>Matrix Transaction Type of STANDARD EUROPEAN SENIOR NON PREFERRED FINANCIAL CORPORATE.</SimpleValue>
         </Value>
      </Row>
      <Row>
         <Value>
            <SimpleValue>StandardJapanCorporate</SimpleValue>
         </Value>
         <Value>
            <SimpleValue>FpML</SimpleValue>
         </Value>
         <Value>
            <SimpleValue>Matrix Transaction Type of STANDARD JAPAN CORPORATE.</SimpleValue>
         </Value>
      </Row>
      <Row>
         <Value>
            <SimpleValue>StandardJapanFinancialCorporate</SimpleValue>
         </Value>
         <Value>
            <SimpleValue>FpML</SimpleValue>
         </Value>
         <Value>
            <SimpleValue>Matrix Transaction Type of STANDARD JAPAN FINANCIAL CORPORATE.</SimpleValue>
         </Value>
      </Row>
      <Row>
         <Value>
            <SimpleValue>StandardJapanSovereign</SimpleValue>
         </Value>
         <Value>
            <SimpleValue>FpML</SimpleValue>
         </Value>
         <Value>
            <SimpleValue>Matrix Transaction Type of STANDARD JAPAN SOVEREIGN.</SimpleValue>
         </Value>
      </Row>
      <Row>
         <Value>
            <SimpleValue>StandardLatinAmericaCorporateBond</SimpleValue>
         </Value>
         <Value>
            <SimpleValue>FpML</SimpleValue>
         </Value>
         <Value>
            <SimpleValue>Matrix Transaction Type of STANDARD LATIN AMERICA CORPORATE B.</SimpleValue>
         </Value>
      </Row>
      <Row>
         <Value>
            <SimpleValue>StandardLatinAmericaCorporateBondOrLoan</SimpleValue>
         </Value>
         <Value>
            <SimpleValue>FpML</SimpleValue>
         </Value>
         <Value>
            <SimpleValue>Matrix Transaction Type of STANDARD LATIN AMERICA CORPORATE BL.</SimpleValue>
         </Value>
      </Row>
      <Row>
         <Value>
            <SimpleValue>StandardLatinAmericaFinancialCorporateBond</SimpleValue>
         </Value>
         <Value>
            <SimpleValue>FpML</SimpleValue>
         </Value>
         <Value>
            <SimpleValue>Matrix Transaction Type of STANDARD LATIN AMERICA FINANCIAL CORPORATE B.</SimpleValue>
         </Value>
      </Row>
      <Row>
         <Value>
            <SimpleValue>StandardLatinAmericaFinancialCorporateBondOrLoan</SimpleValue>
         </Value>
         <Value>
            <SimpleValue>FpML</SimpleValue>
         </Value>
         <Value>
            <SimpleValue>Matrix Transaction Type of STANDARD LATIN AMERICA FINANCIAL CORPORATE BL.</SimpleValue>
         </Value>
      </Row>
      <Row>
         <Value>
            <SimpleValue>StandardLatinAmericaSovereign</SimpleValue>
         </Value>
         <Value>
            <SimpleValue>FpML</SimpleValue>
         </Value>
         <Value>
            <SimpleValue>Matrix Transaction Type of STANDARD LATIN AMERICA SOVEREIGN.</SimpleValue>
         </Value>
      </Row>
      <Row>
         <Value>
            <SimpleValue>StandardNewZealandCorporate</SimpleValue>
         </Value>
         <Value>
            <SimpleValue>FpML</SimpleValue>
         </Value>
         <Value>
            <SimpleValue>Matrix Transaction Type of STANDARD NEW ZEALAND CORPORATE.</SimpleValue>
         </Value>
      </Row>
      <Row>
         <Value>
            <SimpleValue>StandardNewZealandFinancialCorporate</SimpleValue>
         </Value>
         <Value>
            <SimpleValue>FpML</SimpleValue>
         </Value>
         <Value>
            <SimpleValue>Matrix Transaction Type of STANDARD NEW ZEALAND FINANCIAL CORPORATE.</SimpleValue>
         </Value>
      </Row>
      <Row>
         <Value>
            <SimpleValue>StandardNewZealandSovereign</SimpleValue>
         </Value>
         <Value>
            <SimpleValue>FpML</SimpleValue>
         </Value>
         <Value>
            <SimpleValue>Matrix Transaction Type of STANDARD NEW ZEALAND SOVEREIGN.</SimpleValue>
         </Value>
      </Row>
      <Row>
         <Value>
            <SimpleValue>StandardNorthAmericanCorporate</SimpleValue>
         </Value>
         <Value>
            <SimpleValue>FpML</SimpleValue>
         </Value>
         <Value>
            <SimpleValue>Matrix Transaction Type of STANDARD NORTH AMERICAN CORPORATE.</SimpleValue>
         </Value>
      </Row>
      <Row>
         <Value>
            <SimpleValue>StandardNorthAmericanFinancialCorporate</SimpleValue>
         </Value>
         <Value>
            <SimpleValue>FpML</SimpleValue>
         </Value>
         <Value>
            <SimpleValue>Matrix Transaction Type of STANDARD NORTH AMERICAN FINANCIAL CORPORATE.</SimpleValue>
         </Value>
      </Row>
      <Row>
         <Value>
            <SimpleValue>StandardSingaporeCorporate</SimpleValue>
         </Value>
         <Value>
            <SimpleValue>FpML</SimpleValue>
         </Value>
         <Value>
            <SimpleValue>Matrix Transaction Type of STANDARD SINGAPORE CORPORATE.</SimpleValue>
         </Value>
      </Row>
      <Row>
         <Value>
            <SimpleValue>StandardSingaporeFinancialCorporate</SimpleValue>
         </Value>
         <Value>
            <SimpleValue>FpML</SimpleValue>
         </Value>
         <Value>
            <SimpleValue>Matrix Transaction Type of STANDARD SINGAPORE FINANCIAL CORPORATE.</SimpleValue>
         </Value>
      </Row>
      <Row>
         <Value>
            <SimpleValue>StandardSingaporeSovereign</SimpleValue>
         </Value>
         <Value>
            <SimpleValue>FpML</SimpleValue>
         </Value>
         <Value>
            <SimpleValue>Matrix Transaction Type of STANDARD SINGAPORE SOVEREIGN.</SimpleValue>
         </Value>
      </Row>
      <Row>
         <Value>
            <SimpleValue>StandardSubordinatedEuropeanInsuranceCorporate</SimpleValue>
         </Value>
         <Value>
            <SimpleValue>FpML</SimpleValue>
         </Value>
         <Value>
            <SimpleValue>Transaction Type of STANDARD SUBORDINATED EUROPEAN INSURANCE CORPORATE.</SimpleValue>
         </Value>
      </Row>
      <Row>
         <Value>
            <SimpleValue>StandardSukukFinancialCorporate</SimpleValue>
         </Value>
         <Value>
            <SimpleValue>FpML</SimpleValue>
         </Value>
         <Value>
            <SimpleValue>Matrix Transaction Type of STANDARD SUKUK FINANCIAL CORPORATE.</SimpleValue>
         </Value>
      </Row>
      <Row>
         <Value>
            <SimpleValue>StandardUSMunicipalFullFaithAndCredit</SimpleValue>
         </Value>
         <Value>
            <SimpleValue>FpML</SimpleValue>
         </Value>
         <Value>
            <SimpleValue>Matrix Transaction Type of STANDARD U.S. MUNICIPAL FULL FAITH AND CREDIT.</SimpleValue>
         </Value>
      </Row>
      <Row>
         <Value>
            <SimpleValue>StandardUSMunicipalGeneralFund</SimpleValue>
         </Value>
         <Value>
            <SimpleValue>FpML</SimpleValue>
         </Value>
         <Value>
            <SimpleValue>Matrix Transaction Type of STANDARD U.S. MUNICIPAL GENERAL FUND.</SimpleValue>
         </Value>
      </Row>
      <Row>
         <Value>
            <SimpleValue>StandardUSMunicipalRevenue</SimpleValue>
         </Value>
         <Value>
            <SimpleValue>FpML</SimpleValue>
         </Value>
         <Value>
            <SimpleValue>Matrix Transaction Type of STANDARD U.S. MUNICIPAL REVENUE.</SimpleValue>
         </Value>
      </Row>
      <Row>
         <Value>
            <SimpleValue>StandardWesternEuropeanSovereign</SimpleValue>
         </Value>
         <Value>
            <SimpleValue>FpML</SimpleValue>
         </Value>
         <Value>
            <SimpleValue>Matrix Transaction Type of STANDARD WESTERN EUROPEAN SOVEREIGN.</SimpleValue>
         </Value>
      </Row>
      <Row>
         <Value>
            <SimpleValue>SubordinatedEuropeanInsuranceCorporate</SimpleValue>
         </Value>
         <Value>
            <SimpleValue>FpML</SimpleValue>
         </Value>
         <Value>
            <SimpleValue>Matrix Transaction Type of SUBORDINATED EUROPEAN INSURANCE CORPORATE.</SimpleValue>
         </Value>
      </Row>
      <Row>
         <Value>
            <SimpleValue>SukukCorporate</SimpleValue>
         </Value>
         <Value>
            <SimpleValue>FpML</SimpleValue>
         </Value>
         <Value>
            <SimpleValue>Matrix Transaction Type of SUKUK CORPORATE.</SimpleValue>
         </Value>
      </Row>
      <Row>
         <Value>
            <SimpleValue>SukukFinancialCorporate</SimpleValue>
         </Value>
         <Value>
            <SimpleValue>FpML</SimpleValue>
         </Value>
         <Value>
            <SimpleValue>Matrix Transaction Type of SUKUK FINANCIAL CORPORATE.</SimpleValue>
         </Value>
      </Row>
      <Row>
         <Value>
            <SimpleValue>SukukSovereign</SimpleValue>
         </Value>
         <Value>
            <SimpleValue>FpML</SimpleValue>
         </Value>
         <Value>
            <SimpleValue>Matrix Transaction Type of SUKUK SOVEREIGN.</SimpleValue>
         </Value>
      </Row>
      <Row>
         <Value>
            <SimpleValue>USMunicipalFullFaithAndCredit</SimpleValue>
         </Value>
         <Value>
            <SimpleValue>FpML</SimpleValue>
         </Value>
         <Value>
            <SimpleValue>Matrix Transaction Type of U.S. MUNICIPAL FULL FAITH AND CREDIT.</SimpleValue>
         </Value>
      </Row>
      <Row>
         <Value>
            <SimpleValue>USMunicipalGeneralFund</SimpleValue>
         </Value>
         <Value>
            <SimpleValue>FpML</SimpleValue>
         </Value>
         <Value>
            <SimpleValue>Matrix Transaction Type of U.S. MUNICIPAL GENERAL FUND.</SimpleValue>
         </Value>
      </Row>
      <Row>
         <Value>
            <SimpleValue>USMunicipalRevenue</SimpleValue>
         </Value>
         <Value>
            <SimpleValue>FpML</SimpleValue>
         </Value>
         <Value>
            <SimpleValue>Matrix Transaction Type of U.S. MUNICIPAL REVENUE.</SimpleValue>
         </Value>
      </Row>
      <Row>
         <Value>
            <SimpleValue>WesternEuropeanSovereign</SimpleValue>
         </Value>
         <Value>
            <SimpleValue>FpML</SimpleValue>
         </Value>
         <Value>
            <SimpleValue>Matrix Transaction Type of WESTERN EUROPEAN SOVEREIGN.</SimpleValue>
         </Value>
      </Row>
   </SimpleCodeList>
</gcl:CodeList>