<?xml version="1.0" encoding="UTF-8"?>
<gcl:CodeList xmlns:gcl="http://xml.genericode.org/2004/ns/CodeList/0.2/" xmlns:doc="http://www.fpml.org/coding-scheme/documentation" xmlns:xsi="http://www.w3.org/2001/XMLSchema-instance" xsi:schemaLocation="http://xml.genericode.org/2004/ns/CodeList/0.2/ CodeList.xsd">
   <Annotation>
      <Description>
         <doc:definition>The FpML currency code coding scheme is the union of the ISO 4217 currency scheme (currencyScheme) and the FpML non ISO currency scheme (nonIsoCurrency).</doc:definition>
         <doc:publicationDate>2016-10-28</doc:publicationDate>
      </Description>
   </Annotation>
   <Identification>
      <ShortName>currencyScheme</ShortName>
      <Version>1-0 </Version>
      <CanonicalUri>http://www.fpml.org/coding-scheme/currency</CanonicalUri>
      <CanonicalVersionUri>http://www.fpml.org/coding-scheme/currency-1-0</CanonicalVersionUri>
      <LocationUri>http://www.fpml.org/coding-scheme/currency-1-0.xml</LocationUri>
   </Identification>
   <ColumnSet>
      <Column Id="Code" Use="required">
         <ShortName>Code</ShortName>
         <Data Type="token">
            <Parameter ShortName="maxLength">63</Parameter>
         </Data>
      </Column>
      <Column Id="Source" Use="optional">
         <ShortName>Source</ShortName>
         <Data Type="string"/>
      </Column>
      <Column Id="Description" Use="optional">
         <ShortName>Description</ShortName>
         <Data Type="string"/>
      </Column>
      <Key Id="PrimaryKey">
         <ShortName>key</ShortName>
         <ColumnRef Ref="Code"/>
      </Key>
   </ColumnSet>
   <SimpleCodeList/>
</gcl:CodeList>