<?xml version="1.0" encoding="UTF-8"?>
<gcl:CodeList xmlns:gcl="http://xml.genericode.org/2004/ns/CodeList/0.2/" xmlns:doc="http://www.fpml.org/coding-scheme/documentation" xmlns:xsi="http://www.w3.org/2001/XMLSchema-instance" xsi:schemaLocation="http://xml.genericode.org/2004/ns/CodeList/0.2/ CodeList.xsd">
   <Annotation>
      <Description>
         <doc:definition>Indicates the reason that a declear was requested.</doc:definition>
         <doc:publicationDate>2012-08-02</doc:publicationDate>
      </Description>
   </Annotation>
   <Identification>
      <ShortName>declearReasonScheme</ShortName>
      <Version>1-0</Version>
      <CanonicalUri>http://www.fpml.org/coding-scheme/declear-reason</CanonicalUri>
      <CanonicalVersionUri>http://www.fpml.org/coding-scheme/declear-reason-1-0</CanonicalVersionUri>
      <LocationUri>http://www.fpml.org/coding-scheme/declear-reason-1-0.xml</LocationUri>
   </Identification>
   <ColumnSet>
      <Column Id="Code" Use="required">
         <ShortName>Code</ShortName>
         <Data Type="token">
            <Parameter ShortName="maxLength">63</Parameter>
         </Data>
      </Column>
      <Column Id="Source" Use="optional">
         <ShortName>Source</ShortName>
         <Data Type="string"/>
      </Column>
      <Column Id="Description" Use="optional">
         <ShortName>Description</ShortName>
         <Data Type="string"/>
      </Column>
      <Key Id="PrimaryKey">
         <ShortName>key</ShortName>
         <ColumnRef Ref="Code"/>
      </Key>
   </ColumnSet>
   <SimpleCodeList>
      <Row>
         <Value>
            <SimpleValue>ClearedInError</SimpleValue>
         </Value>
         <Value>
            <SimpleValue>FpML</SimpleValue>
         </Value>
         <Value>
            <SimpleValue>The trade was cleared in error (but the trade itself remains in effect).</SimpleValue>
         </Value>
      </Row>
      <Row>
         <Value>
            <SimpleValue>RemovedFromClearing</SimpleValue>
         </Value>
         <Value>
            <SimpleValue>FpML</SimpleValue>
         </Value>
         <Value>
            <SimpleValue>The trade will no longer be cleared. For example, the trade was amended and is no longer eligible for clearing, the clearing service no longer clears this type of trade, etc.</SimpleValue>
         </Value>
      </Row>
      <Row>
         <Value>
            <SimpleValue>TradeCancelled</SimpleValue>
         </Value>
         <Value>
            <SimpleValue>FpML</SimpleValue>
         </Value>
         <Value>
            <SimpleValue>The trade was cancelled, e.g. due to an error in creation of the trade.</SimpleValue>
         </Value>
      </Row>
      <Row>
         <Value>
            <SimpleValue>TransferredClearingService</SimpleValue>
         </Value>
         <Value>
            <SimpleValue>FpML</SimpleValue>
         </Value>
         <Value>
            <SimpleValue>The trade was relocated to a new clearing service.</SimpleValue>
         </Value>
      </Row>
   </SimpleCodeList>
</gcl:CodeList>