<?xml version="1.0" encoding="UTF-8"?>
<gcl:CodeList xmlns:gcl="http://xml.genericode.org/2004/ns/CodeList/0.2/" xmlns:doc="http://www.fpml.org/coding-scheme/documentation" xmlns:xsi="http://www.w3.org/2001/XMLSchema-instance" xsi:schemaLocation="http://xml.genericode.org/2004/ns/CodeList/0.2/ CodeList.xsd">
   <Annotation>
      <Description>
         <doc:definition>Defines the possible delivery methods for securities.</doc:definition>
         <doc:publicationDate>2015-02-11</doc:publicationDate>
      </Description>
   </Annotation>
   <Identification>
      <ShortName>deliveryMethodScheme</ShortName>
      <Version>1-0</Version>
      <CanonicalUri>http://www.fpml.org/coding-scheme/delivery-method</CanonicalUri>
      <CanonicalVersionUri>http://www.fpml.org/coding-scheme/delivery-method-1-0</CanonicalVersionUri>
      <LocationUri>http://www.fpml.org/coding-scheme/delivery-method-1-0.xml</LocationUri>
   </Identification>
   <ColumnSet>
      <Column Id="Code" Use="required">
         <ShortName>Code</ShortName>
         <Data Type="token">
            <Parameter ShortName="maxLength">63</Parameter>
         </Data>
      </Column>
      <Column Id="Source" Use="optional">
         <ShortName>Source</ShortName>
         <Data Type="string"/>
      </Column>
      <Column Id="Description" Use="optional">
         <ShortName>Description</ShortName>
         <Data Type="string"/>
      </Column>
      <Key Id="PrimaryKey">
         <ShortName>key</ShortName>
         <ColumnRef Ref="Code"/>
      </Key>
   </ColumnSet>
   <SimpleCodeList>
      <Row>
         <Value>
            <SimpleValue>DeliveryVersusPayment</SimpleValue>
         </Value>
         <Value>
            <SimpleValue>FpML</SimpleValue>
         </Value>
         <Value>
            <SimpleValue>Indicates that a securities delivery must be made against payment in simultaneous transmissions and stipulate each other.</SimpleValue>
         </Value>
      </Row>
      <Row>
         <Value>
            <SimpleValue>FreeOfPayment</SimpleValue>
         </Value>
         <Value>
            <SimpleValue>FpML</SimpleValue>
         </Value>
         <Value>
            <SimpleValue>Indicates that a securities delivery can be made without a simultaneous cash payment in exchange and not depending on if payment obligations are fulfilled or not and vice versa.</SimpleValue>
         </Value>
      </Row>
      <Row>
         <Value>
            <SimpleValue>PreDelivery</SimpleValue>
         </Value>
         <Value>
            <SimpleValue>FpML</SimpleValue>
         </Value>
         <Value>
            <SimpleValue>Indicates that a securities delivery must be made in full before the payment for the securities; fulfillment of payment obligations depends on securities delivery obligations fulfillment.</SimpleValue>
         </Value>
      </Row>
      <Row>
         <Value>
            <SimpleValue>PrePayment</SimpleValue>
         </Value>
         <Value>
            <SimpleValue>FpML</SimpleValue>
         </Value>
         <Value>
            <SimpleValue>Indicates that a payment in full amount must be made before the securities delivery; fulfillment of securities delivery obligations depends on payment obligations fulfillment.</SimpleValue>
         </Value>
      </Row>
   </SimpleCodeList>
</gcl:CodeList>