<?xml version="1.0" encoding="UTF-8"?>
<gcl:CodeList xmlns:gcl="http://xml.genericode.org/2004/ns/CodeList/0.2/" xmlns:doc="http://www.fpml.org/coding-scheme/documentation" xmlns:xsi="http://www.w3.org/2001/XMLSchema-instance" xsi:schemaLocation="http://xml.genericode.org/2004/ns/CodeList/0.2/ CodeList.xsd">
   <Annotation>
      <Description>
         <doc:definition>Specifies the types of liens that can be associated with a loan facility. In practice there could be any number of liens. Practice shows that the number does not typically goes beyond 3.</doc:definition>
      </Description>
   </Annotation>
   <Identification>
      <ShortName>designatedPriorityScheme</ShortName>
      <Version>1-0</Version>
      <CanonicalUri>http://www.fpml.org/coding-scheme/designated-priority</CanonicalUri>
      <CanonicalVersionUri>http://www.fpml.org/coding-scheme/designated-priority-1-0</CanonicalVersionUri>
      <LocationUri>http://www.fpml.org/coding-scheme/designated-priority-1-0.xml</LocationUri>
   </Identification>
   <ColumnSet>
      <Column Id="Code" Use="required">
         <ShortName>Code</ShortName>
         <Data Type="token">
            <Parameter ShortName="maxLength">63</Parameter>
         </Data>
      </Column>
      <Column Id="Source" Use="optional">
         <ShortName>Source</ShortName>
         <Data Type="string"/>
      </Column>
      <Column Id="Description" Use="optional">
         <ShortName>Description</ShortName>
         <Data Type="string"/>
      </Column>
      <Key Id="PrimaryKey">
         <ShortName>key</ShortName>
         <ColumnRef Ref="Code"/>
      </Key>
   </ColumnSet>
   <SimpleCodeList>
      <Row>
         <Value>
            <SimpleValue>FirstLienLoan</SimpleValue>
         </Value>
         <Value>
            <SimpleValue>FpML</SimpleValue>
         </Value>
         <Value>
            <SimpleValue>First lien.</SimpleValue>
         </Value>
      </Row>
      <Row>
         <Value>
            <SimpleValue>SecondLienLoan</SimpleValue>
         </Value>
         <Value>
            <SimpleValue>FpML</SimpleValue>
         </Value>
         <Value>
            <SimpleValue>Second lien.</SimpleValue>
         </Value>
      </Row>
      <Row>
         <Value>
            <SimpleValue>ThirdLienLoan</SimpleValue>
         </Value>
         <Value>
            <SimpleValue>FpML</SimpleValue>
         </Value>
         <Value>
            <SimpleValue>Third lien.</SimpleValue>
         </Value>
      </Row>
      <Row>
         <Value>
            <SimpleValue>Unknown</SimpleValue>
         </Value>
         <Value>
            <SimpleValue>FpML</SimpleValue>
         </Value>
         <Value>
            <SimpleValue>It is unknown whether a lien is associated with a loan facility.</SimpleValue>
         </Value>
      </Row>
   </SimpleCodeList>
</gcl:CodeList>