<?xml version="1.0" encoding="UTF-8"?>
<gcl:CodeList xmlns:gcl="http://xml.genericode.org/2004/ns/CodeList/0.2/" xmlns:doc="http://www.fpml.org/coding-scheme/documentation" xmlns:xsi="http://www.w3.org/2001/XMLSchema-instance" xsi:schemaLocation="http://xml.genericode.org/2004/ns/CodeList/0.2/ CodeList.xsd">
   <Annotation>
      <Description>
         <doc:definition>Indicates a type of embedded option contained in an OTC derivative contract.</doc:definition>
         <doc:publicationDate>2012-05-11</doc:publicationDate>
      </Description>
   </Annotation>
   <Identification>
      <ShortName>embeddedOptionTypeScheme</ShortName>
      <Version>1-0</Version>
      <CanonicalUri>http://www.fpml.org/coding-scheme/embedded-option-type</CanonicalUri>
      <CanonicalVersionUri>http://www.fpml.org/coding-scheme/embedded-option-type-1-0</CanonicalVersionUri>
      <LocationUri>http://www.fpml.org/coding-scheme/embedded-option-type-1-0.xml</LocationUri>
   </Identification>
   <ColumnSet>
      <Column Id="Code" Use="required">
         <ShortName>Code</ShortName>
         <Data Type="token">
            <Parameter ShortName="maxLength">63</Parameter>
         </Data>
      </Column>
      <Column Id="Source" Use="optional">
         <ShortName>Source</ShortName>
         <Data Type="string"/>
      </Column>
      <Column Id="Description" Use="optional">
         <ShortName>Description</ShortName>
         <Data Type="string"/>
      </Column>
      <Key Id="PrimaryKey">
         <ShortName>key</ShortName>
         <ColumnRef Ref="Code"/>
      </Key>
   </ColumnSet>
   <SimpleCodeList>
      <Row>
         <Value>
            <SimpleValue>CancelableProvision</SimpleValue>
         </Value>
         <Value>
            <SimpleValue>FpML</SimpleValue>
         </Value>
         <Value>
            <SimpleValue>The right but not the obligation to terminate a trade early without additional payment.</SimpleValue>
         </Value>
      </Row>
      <Row>
         <Value>
            <SimpleValue>ExtendibleProvision</SimpleValue>
         </Value>
         <Value>
            <SimpleValue>FpML</SimpleValue>
         </Value>
         <Value>
            <SimpleValue>The right but not the obligation to increase the term of a trade (without changing other terms) without additional payment.</SimpleValue>
         </Value>
      </Row>
      <Row>
         <Value>
            <SimpleValue>OptionalEarlyTerminationProvision</SimpleValue>
         </Value>
         <Value>
            <SimpleValue>FpML</SimpleValue>
         </Value>
         <Value>
            <SimpleValue>The right but not the obligation to terminate a trade early with payment of fair market replacement value of the trade by the out of the money counterparty.</SimpleValue>
         </Value>
      </Row>
   </SimpleCodeList>
</gcl:CodeList>