<?xml version="1.0" encoding="UTF-8"?>
<gcl:CodeList xmlns:gcl="http://xml.genericode.org/2004/ns/CodeList/0.2/" xmlns:doc="http://www.fpml.org/coding-scheme/documentation" xmlns:xsi="http://www.w3.org/2001/XMLSchema-instance" xsi:schemaLocation="http://xml.genericode.org/2004/ns/CodeList/0.2/ CodeList.xsd">
   <Annotation>
      <Description>
         <doc:definition>This specifies the reference entity types corresponding to a list of types defined in the ISDA First to Default documentation.</doc:definition>
      </Description>
   </Annotation>
   <Identification>
      <ShortName>entityTypeScheme</ShortName>
      <Version>1-0</Version>
      <CanonicalUri>http://www.fpml.org/coding-scheme/entity-type</CanonicalUri>
      <CanonicalVersionUri>http://www.fpml.org/coding-scheme/entity-type-1-0</CanonicalVersionUri>
      <LocationUri>http://www.fpml.org/coding-scheme/entity-type-1-0.xml</LocationUri>
   </Identification>
   <ColumnSet>
      <Column Id="Code" Use="required">
         <ShortName>Code</ShortName>
         <Data Type="token">
            <Parameter ShortName="maxLength">63</Parameter>
         </Data>
      </Column>
      <Column Id="Source" Use="optional">
         <ShortName>Source</ShortName>
         <Data Type="string"/>
      </Column>
      <Column Id="Description" Use="optional">
         <ShortName>Description</ShortName>
         <Data Type="string"/>
      </Column>
      <Key Id="PrimaryKey">
         <ShortName>key</ShortName>
         <ColumnRef Ref="Code"/>
      </Key>
   </ColumnSet>
   <SimpleCodeList>
      <Row>
         <Value>
            <SimpleValue>Asian</SimpleValue>
         </Value>
         <Value>
            <SimpleValue>FpML</SimpleValue>
         </Value>
         <Value>
            <SimpleValue>Entity Type of Asian.</SimpleValue>
         </Value>
      </Row>
      <Row>
         <Value>
            <SimpleValue>AustralianAndNewZealand</SimpleValue>
         </Value>
         <Value>
            <SimpleValue>FpML</SimpleValue>
         </Value>
         <Value>
            <SimpleValue>Entity Type of Australian and New Zealand.</SimpleValue>
         </Value>
      </Row>
      <Row>
         <Value>
            <SimpleValue>EuropeanEmergingMarkets</SimpleValue>
         </Value>
         <Value>
            <SimpleValue>FpML</SimpleValue>
         </Value>
         <Value>
            <SimpleValue>Entity Type of European Emerging Markets.</SimpleValue>
         </Value>
      </Row>
      <Row>
         <Value>
            <SimpleValue>Japanese</SimpleValue>
         </Value>
         <Value>
            <SimpleValue>FpML</SimpleValue>
         </Value>
         <Value>
            <SimpleValue>Entity Type of Japanese.</SimpleValue>
         </Value>
      </Row>
      <Row>
         <Value>
            <SimpleValue>NorthAmericanHighYield</SimpleValue>
         </Value>
         <Value>
            <SimpleValue>FpML</SimpleValue>
         </Value>
         <Value>
            <SimpleValue>Entity Type of North American High Yield.</SimpleValue>
         </Value>
      </Row>
      <Row>
         <Value>
            <SimpleValue>NorthAmericanInsurance</SimpleValue>
         </Value>
         <Value>
            <SimpleValue>FpML</SimpleValue>
         </Value>
         <Value>
            <SimpleValue>Entity Type of North American Insurance.</SimpleValue>
         </Value>
      </Row>
      <Row>
         <Value>
            <SimpleValue>NorthAmericanInvestmentGrade</SimpleValue>
         </Value>
         <Value>
            <SimpleValue>FpML</SimpleValue>
         </Value>
         <Value>
            <SimpleValue>Entity Type of North American Investment Grade.</SimpleValue>
         </Value>
      </Row>
      <Row>
         <Value>
            <SimpleValue>Singaporean</SimpleValue>
         </Value>
         <Value>
            <SimpleValue>FpML</SimpleValue>
         </Value>
         <Value>
            <SimpleValue>Entity Type of Singaporean.</SimpleValue>
         </Value>
      </Row>
      <Row>
         <Value>
            <SimpleValue>WesternEuropean</SimpleValue>
         </Value>
         <Value>
            <SimpleValue>FpML</SimpleValue>
         </Value>
         <Value>
            <SimpleValue>Entity Type of Western European.</SimpleValue>
         </Value>
      </Row>
      <Row>
         <Value>
            <SimpleValue>WesternEuropeanInsurance</SimpleValue>
         </Value>
         <Value>
            <SimpleValue>FpML</SimpleValue>
         </Value>
         <Value>
            <SimpleValue>Entity Type of Western European Insurance.</SimpleValue>
         </Value>
      </Row>
   </SimpleCodeList>
</gcl:CodeList>