<?xml version="1.0" encoding="UTF-8"?>
<gcl:CodeList xmlns:gcl="http://xml.genericode.org/2004/ns/CodeList/0.2/" xmlns:doc="http://www.fpml.org/coding-scheme/documentation" xmlns:xsi="http://www.w3.org/2001/XMLSchema-instance" xsi:schemaLocation="http://xml.genericode.org/2004/ns/CodeList/0.2/ CodeList.xsd">
   <Annotation>
      <Description>
         <doc:definition>Specifies the type of short selling indicator, as defined under ESMA MiFID II.</doc:definition>
         <doc:publicationDate>2017-02-17</doc:publicationDate>
      </Description>
   </Annotation>
   <Identification>
      <ShortName>shortSaleScheme</ShortName>
      <Version>2-0</Version>
      <CanonicalUri>http://www.fpml.org/coding-scheme/esma-mifir-short-sale</CanonicalUri>
      <CanonicalVersionUri>http://www.fpml.org/coding-scheme/esma-mifir-short-sale-2-0</CanonicalVersionUri>
      <LocationUri>http://www.fpml.org/coding-scheme/esma-mifir-short-sale-2-0.xml</LocationUri>
   </Identification>
   <ColumnSet>
      <Column Id="Code" Use="required">
         <ShortName>Code</ShortName>
         <Data Type="token">
            <Parameter ShortName="maxLength">63</Parameter>
         </Data>
      </Column>
      <Column Id="Source" Use="optional">
         <ShortName>Source</ShortName>
         <Data Type="string"/>
      </Column>
      <Column Id="Description" Use="optional">
         <ShortName>Description</ShortName>
         <Data Type="string"/>
      </Column>
      <Key Id="PrimaryKey">
         <ShortName>key</ShortName>
         <ColumnRef Ref="Code"/>
      </Key>
   </ColumnSet>
   <SimpleCodeList>
      <Row>
         <Value>
            <SimpleValue>NTAV</SimpleValue>
         </Value>
         <Value>
            <SimpleValue>ESMA</SimpleValue>
         </Value>
         <Value>
            <SimpleValue>Information not available.</SimpleValue>
         </Value>
      </Row>
      <Row>
         <Value>
            <SimpleValue>SELL</SimpleValue>
         </Value>
         <Value>
            <SimpleValue>ESMA</SimpleValue>
         </Value>
         <Value>
            <SimpleValue>No short sale.</SimpleValue>
         </Value>
      </Row>
      <Row>
         <Value>
            <SimpleValue>SESH</SimpleValue>
         </Value>
         <Value>
            <SimpleValue>ESMA</SimpleValue>
         </Value>
         <Value>
            <SimpleValue>Short sale with no exemption.</SimpleValue>
         </Value>
      </Row>
      <Row>
         <Value>
            <SimpleValue>SSEX</SimpleValue>
         </Value>
         <Value>
            <SimpleValue>ESMA</SimpleValue>
         </Value>
         <Value>
            <SimpleValue>Short sale with exemption.</SimpleValue>
         </Value>
      </Row>
   </SimpleCodeList>
</gcl:CodeList>