<?xml version="1.0" encoding="UTF-8"?>
<gcl:CodeList xmlns:gcl="http://xml.genericode.org/2004/ns/CodeList/0.2/" xmlns:doc="http://www.fpml.org/coding-scheme/documentation" xmlns:xsi="http://www.w3.org/2001/XMLSchema-instance" xsi:schemaLocation="http://xml.genericode.org/2004/ns/CodeList/0.2/ CodeList.xsd">
   <Annotation>
      <Description>
         <doc:definition>Defines an overridable boolean scheme for regulatory reporting, for ESMA specifications</doc:definition>
         <doc:publicationDate>2017-02-17</doc:publicationDate>
      </Description>
   </Annotation>
   <Identification>
      <ShortName>reportingBooleanScheme</ShortName>
      <Version>2-0</Version>
      <CanonicalUri>http://www.fpml.org/coding-scheme/esma-reporting-boolean</CanonicalUri>
      <CanonicalVersionUri>http://www.fpml.org/coding-scheme/esma-reporting-boolean-2-0</CanonicalVersionUri>
      <LocationUri>http://www.fpml.org/coding-scheme/esma-reporting-boolean-2-0.xml</LocationUri>
   </Identification>
   <ColumnSet>
      <Column Id="Code" Use="required">
         <ShortName>Code</ShortName>
         <Data Type="token">
            <Parameter ShortName="maxLength">63</Parameter>
         </Data>
      </Column>
      <Column Id="Source" Use="optional">
         <ShortName>Source</ShortName>
         <Data Type="string"/>
      </Column>
      <Column Id="Description" Use="optional">
         <ShortName>Description</ShortName>
         <Data Type="string"/>
      </Column>
      <Key Id="PrimaryKey">
         <ShortName>key</ShortName>
         <ColumnRef Ref="Code"/>
      </Key>
   </ColumnSet>
   <SimpleCodeList>
      <Row>
         <Value>
            <SimpleValue>false</SimpleValue>
         </Value>
         <Value>
            <SimpleValue>ESMA</SimpleValue>
         </Value>
         <Value>
            <SimpleValue>Boolean value of false.</SimpleValue>
         </Value>
      </Row>
      <Row>
         <Value>
            <SimpleValue>true</SimpleValue>
         </Value>
         <Value>
            <SimpleValue>ESMA</SimpleValue>
         </Value>
         <Value>
            <SimpleValue>Boolean value of true.</SimpleValue>
         </Value>
      </Row>
      <Row>
         <Value>
            <SimpleValue>X</SimpleValue>
         </Value>
         <Value>
            <SimpleValue>ESMA</SimpleValue>
         </Value>
         <Value>
            <SimpleValue>Indicates a value of X as specified under ESMA Regulation (EU) No 648/2012 and clarified in the Q and A on EMIR implementation</SimpleValue>
         </Value>
      </Row>
   </SimpleCodeList>
</gcl:CodeList>