<?xml version="1.0" encoding="UTF-8"?>
<gcl:CodeList xmlns:gcl="http://xml.genericode.org/2004/ns/CodeList/0.2/" xmlns:doc="http://www.fpml.org/coding-scheme/documentation" xmlns:xsi="http://www.w3.org/2001/XMLSchema-instance" xsi:schemaLocation="http://xml.genericode.org/2004/ns/CodeList/0.2/ CodeList.xsd">
   <Annotation>
      <Description>
         <doc:definition>Specifies the type of trading capacity, as defined under ESMA MiFID II / MIFIR.</doc:definition>
         <doc:publicationDate>2017-07-19</doc:publicationDate>
      </Description>
   </Annotation>
   <Identification>
      <ShortName>tradingCapacityScheme</ShortName>
      <Version>1-0</Version>
      <CanonicalUri>http://www.fpml.org/coding-scheme/esma-mifir-trading-capacity</CanonicalUri>
      <CanonicalVersionUri>http://www.fpml.org/coding-scheme/esma-mifir-trading-capacity-1-0</CanonicalVersionUri>
      <LocationUri>http://www.fpml.org/coding-scheme/esma-mifir-trading-capacity-1-0.xml</LocationUri>
   </Identification>
   <ColumnSet>
      <Column Id="Code" Use="required">
         <ShortName>Code</ShortName>
         <Data Type="token">
            <Parameter ShortName="maxLength">63</Parameter>
         </Data>
      </Column>
      <Column Id="Source" Use="optional">
         <ShortName>Source</ShortName>
         <Data Type="string"/>
      </Column>
      <Column Id="Description" Use="optional">
         <ShortName>Description</ShortName>
         <Data Type="string"/>
      </Column>
      <Key Id="PrimaryKey">
         <ShortName>key</ShortName>
         <ColumnRef Ref="Code"/>
      </Key>
   </ColumnSet>
   <SimpleCodeList>
      <Row>
         <Value>
            <SimpleValue>AOTC</SimpleValue>
         </Value>
         <Value>
            <SimpleValue>ESMA</SimpleValue>
         </Value>
         <Value>
            <SimpleValue>Trading in an "any other capacity".</SimpleValue>
         </Value>
      </Row>
      <Row>
         <Value>
            <SimpleValue>DEAL</SimpleValue>
         </Value>
         <Value>
            <SimpleValue>ESMA</SimpleValue>
         </Value>
         <Value>
            <SimpleValue>Dealing on own account.</SimpleValue>
         </Value>
      </Row>
      <Row>
         <Value>
            <SimpleValue>MTCH</SimpleValue>
         </Value>
         <Value>
            <SimpleValue>ESMA</SimpleValue>
         </Value>
         <Value>
            <SimpleValue>Trading in a matched principal trading capacity.</SimpleValue>
         </Value>
      </Row>
   </SimpleCodeList>
</gcl:CodeList>