<?xml version="1.0" encoding="UTF-8"?>
<gcl:CodeList xmlns:gcl="http://xml.genericode.org/2004/ns/CodeList/0.2/" xmlns:doc="http://www.fpml.org/coding-scheme/documentation" xmlns:xsi="http://www.w3.org/2001/XMLSchema-instance" xsi:schemaLocation="http://xml.genericode.org/2004/ns/CodeList/0.2/ CodeList.xsd">
   <Annotation>
      <Description>
         <doc:definition>Specifies the type of waiver indicator, as defined under ESMA MiFID II.</doc:definition>
         <doc:publicationDate>2017-02-17</doc:publicationDate>
      </Description>
   </Annotation>
   <Identification>
      <ShortName>tradingWaiverScheme</ShortName>
      <Version>2-0</Version>
      <CanonicalUri>http://www.fpml.org/coding-scheme/esma-mifir-trading-waiver</CanonicalUri>
      <CanonicalVersionUri>http://www.fpml.org/coding-scheme/esma-mifir-trading-waiver-2-0</CanonicalVersionUri>
      <LocationUri>http://www.fpml.org/coding-scheme/esma-mifir-trading-waiver-2-0.xml</LocationUri>
   </Identification>
   <ColumnSet>
      <Column Id="Code" Use="required">
         <ShortName>Code</ShortName>
         <Data Type="token">
            <Parameter ShortName="maxLength">63</Parameter>
         </Data>
      </Column>
      <Column Id="Source" Use="optional">
         <ShortName>Source</ShortName>
         <Data Type="string"/>
      </Column>
      <Column Id="Description" Use="optional">
         <ShortName>Description</ShortName>
         <Data Type="string"/>
      </Column>
      <Key Id="PrimaryKey">
         <ShortName>key</ShortName>
         <ColumnRef Ref="Code"/>
      </Key>
   </ColumnSet>
   <SimpleCodeList>
      <Row>
         <Value>
            <SimpleValue>ILQD</SimpleValue>
         </Value>
         <Value>
            <SimpleValue>ESMA</SimpleValue>
         </Value>
         <Value>
            <SimpleValue>Illiquid instrument.</SimpleValue>
         </Value>
      </Row>
      <Row>
         <Value>
            <SimpleValue>LRGS</SimpleValue>
         </Value>
         <Value>
            <SimpleValue>ESMA</SimpleValue>
         </Value>
         <Value>
            <SimpleValue>Large in scale.</SimpleValue>
         </Value>
      </Row>
      <Row>
         <Value>
            <SimpleValue>NLIQ</SimpleValue>
         </Value>
         <Value>
            <SimpleValue>ESMA</SimpleValue>
         </Value>
         <Value>
            <SimpleValue>Negotiated (liquid).</SimpleValue>
         </Value>
      </Row>
      <Row>
         <Value>
            <SimpleValue>OILQ</SimpleValue>
         </Value>
         <Value>
            <SimpleValue>ESMA</SimpleValue>
         </Value>
         <Value>
            <SimpleValue>Negotiated (illiquid).</SimpleValue>
         </Value>
      </Row>
      <Row>
         <Value>
            <SimpleValue>PRIC</SimpleValue>
         </Value>
         <Value>
            <SimpleValue>ESMA</SimpleValue>
         </Value>
         <Value>
            <SimpleValue>Negotiated (conditions).</SimpleValue>
         </Value>
      </Row>
      <Row>
         <Value>
            <SimpleValue>RFPT</SimpleValue>
         </Value>
         <Value>
            <SimpleValue>ESMA</SimpleValue>
         </Value>
         <Value>
            <SimpleValue>Reference price.</SimpleValue>
         </Value>
      </Row>
      <Row>
         <Value>
            <SimpleValue>SIZE</SimpleValue>
         </Value>
         <Value>
            <SimpleValue>ESMA</SimpleValue>
         </Value>
         <Value>
            <SimpleValue>Above specified size.</SimpleValue>
         </Value>
      </Row>
   </SimpleCodeList>
</gcl:CodeList>