<?xml version="1.0" encoding="UTF-8"?>
<gcl:CodeList xmlns:gcl="http://xml.genericode.org/2004/ns/CodeList/0.2/" xmlns:doc="http://www.fpml.org/coding-scheme/documentation" xmlns:xsi="http://www.w3.org/2001/XMLSchema-instance" xsi:schemaLocation="http://xml.genericode.org/2004/ns/CodeList/0.2/ CodeList.xsd">
   <Annotation>
      <Description>
         <doc:definition>Contains a code representing a trade could be executed (ie. how a legally enforceable contract could be agreed, as per CFTC's 17 CFR Part 43.</doc:definition>
         <doc:publicationDate>2011-06-24</doc:publicationDate>
      </Description>
   </Annotation>
   <Identification>
      <ShortName>executionTypeScheme</ShortName>
      <Version>1-0</Version>
      <CanonicalUri>http://www.fpml.org/coding-scheme/execution-type</CanonicalUri>
      <CanonicalVersionUri>http://www.fpml.org/coding-scheme/execution-type-1-0</CanonicalVersionUri>
      <LocationUri>http://www.fpml.org/coding-scheme/execution-type-1-0.xml</LocationUri>
   </Identification>
   <ColumnSet>
      <Column Id="Code" Use="required">
         <ShortName>Code</ShortName>
         <Data Type="token">
            <Parameter ShortName="maxLength">63</Parameter>
         </Data>
      </Column>
      <Column Id="Source" Use="optional">
         <ShortName>Source</ShortName>
         <Data Type="string"/>
      </Column>
      <Column Id="Description" Use="optional">
         <ShortName>Description</ShortName>
         <Data Type="string"/>
      </Column>
      <Key Id="PrimaryKey">
         <ShortName>key</ShortName>
         <ColumnRef Ref="Code"/>
      </Key>
   </ColumnSet>
   <SimpleCodeList>
      <Row>
         <Value>
            <SimpleValue>Electronic</SimpleValue>
         </Value>
         <Value>
            <SimpleValue>FpML</SimpleValue>
         </Value>
         <Value>
            <SimpleValue>Execution via electronic execution facility, derivatives contract market, or other electronic message such as an instant message.</SimpleValue>
         </Value>
      </Row>
      <Row>
         <Value>
            <SimpleValue>Voice</SimpleValue>
         </Value>
         <Value>
            <SimpleValue>FpML</SimpleValue>
         </Value>
         <Value>
            <SimpleValue>Execution via a spoken agreement, for example over a telephone call.</SimpleValue>
         </Value>
      </Row>
      <Row>
         <Value>
            <SimpleValue>Written</SimpleValue>
         </Value>
         <Value>
            <SimpleValue>FpML</SimpleValue>
         </Value>
         <Value>
            <SimpleValue>Execution via a written document.</SimpleValue>
         </Value>
      </Row>
   </SimpleCodeList>
</gcl:CodeList>