<?xml version="1.0" encoding="UTF-8"?>
<gcl:CodeList xmlns:gcl="http://xml.genericode.org/2004/ns/CodeList/0.2/" xmlns:doc="http://www.fpml.org/coding-scheme/documentation" xmlns:xsi="http://www.w3.org/2001/XMLSchema-instance" xsi:schemaLocation="http://xml.genericode.org/2004/ns/CodeList/0.2/ CodeList.xsd">
   <Annotation>
      <Description>
         <doc:definition>Contains a code representing the type of exposure.</doc:definition>
         <doc:publicationDate>2011-06-10</doc:publicationDate>
      </Description>
   </Annotation>
   <Identification>
      <ShortName>exposureTypeScheme</ShortName>
      <Version>1-0</Version>
      <CanonicalUri>http://www.fpml.org/coding-scheme/exposure-type</CanonicalUri>
      <CanonicalVersionUri>http://www.fpml.org/coding-scheme/exposure-type-1-0</CanonicalVersionUri>
      <LocationUri>http://www.fpml.org/coding-scheme/exposure-type-1-0.xml</LocationUri>
   </Identification>
   <ColumnSet>
      <Column Id="Code" Use="required">
         <ShortName>Code</ShortName>
         <Data Type="token">
            <Parameter ShortName="maxLength">63</Parameter>
         </Data>
      </Column>
      <Column Id="Source" Use="optional">
         <ShortName>Source</ShortName>
         <Data Type="string"/>
      </Column>
      <Column Id="Description" Use="optional">
         <ShortName>Description</ShortName>
         <Data Type="string"/>
      </Column>
      <Key Id="PrimaryKey">
         <ShortName>key</ShortName>
         <ColumnRef Ref="Code"/>
      </Key>
   </ColumnSet>
   <SimpleCodeList>
      <Row>
         <Value>
            <SimpleValue>IndexOrBasket</SimpleValue>
         </Value>
         <Value>
            <SimpleValue>FpML</SimpleValue>
         </Value>
         <Value>
            <SimpleValue>Risk that is a component of an overall index or multi-commodity/multi-asset basket.</SimpleValue>
         </Value>
      </Row>
      <Row>
         <Value>
            <SimpleValue>Other</SimpleValue>
         </Value>
         <Value>
            <SimpleValue>FpML</SimpleValue>
         </Value>
         <Value>
            <SimpleValue>Risk with no special or mitigating characteristics.</SimpleValue>
         </Value>
      </Row>
      <Row>
         <Value>
            <SimpleValue>TwoComponentIntercommoditySpread</SimpleValue>
         </Value>
         <Value>
            <SimpleValue>FpML</SimpleValue>
         </Value>
         <Value>
            <SimpleValue>Risk generated by a trade based on a spread between two commodities.</SimpleValue>
         </Value>
      </Row>
      <Row>
         <Value>
            <SimpleValue>TwoComponentLocationalBasis</SimpleValue>
         </Value>
         <Value>
            <SimpleValue>FpML</SimpleValue>
         </Value>
         <Value>
            <SimpleValue>Risk generated by a trade based on a basis between a single commodity at different delivery locations.</SimpleValue>
         </Value>
      </Row>
   </SimpleCodeList>
</gcl:CodeList>