<?xml version="1.0" encoding="UTF-8"?>
<gcl:CodeList xmlns:gcl="http://xml.genericode.org/2004/ns/CodeList/0.2/" xmlns:doc="http://www.fpml.org/coding-scheme/documentation" xmlns:xsi="http://www.w3.org/2001/XMLSchema-instance" xsi:schemaLocation="http://xml.genericode.org/2004/ns/CodeList/0.2/ CodeList.xsd">
   <Annotation>
      <Description>
         <doc:definition>Contains a code representing the type of template terms used to define FX disruption events and thier fallbacks.</doc:definition>
         <doc:publicationDate>2013-04-26</doc:publicationDate>
      </Description>
   </Annotation>
   <Identification>
      <ShortName>fxTemplateTermsScheme</ShortName>
      <Version>1-0</Version>
      <CanonicalUri>http://www.fpml.org/coding-scheme/fx-template-terms</CanonicalUri>
      <CanonicalVersionUri>http://www.fpml.org/coding-scheme/fx-template-terms-1-0</CanonicalVersionUri>
      <LocationUri>http://www.fpml.org/coding-scheme/fx-template-terms-1-0.xml</LocationUri>
   </Identification>
   <ColumnSet>
      <Column Id="Code" Use="required">
         <ShortName>Code</ShortName>
         <Data Type="token">
            <Parameter ShortName="maxLength">63</Parameter>
         </Data>
      </Column>
      <Column Id="Source" Use="optional">
         <ShortName>Source</ShortName>
         <Data Type="string"/>
      </Column>
      <Column Id="Description" Use="optional">
         <ShortName>Description</ShortName>
         <Data Type="string"/>
      </Column>
      <Key Id="PrimaryKey">
         <ShortName>key</ShortName>
         <ColumnRef Ref="Code"/>
      </Key>
   </ColumnSet>
   <SimpleCodeList>
      <Row>
         <Value>
            <SimpleValue>Bilateral</SimpleValue>
         </Value>
         <Value>
            <SimpleValue>FpML</SimpleValue>
         </Value>
         <Value>
            <SimpleValue>The terms have been agreed by the trading parties.</SimpleValue>
         </Value>
      </Row>
      <Row>
         <Value>
            <SimpleValue>EMTA</SimpleValue>
         </Value>
         <Value>
            <SimpleValue>FpML</SimpleValue>
         </Value>
         <Value>
            <SimpleValue>The terms are defined by an EMTA template.</SimpleValue>
         </Value>
      </Row>
      <Row>
         <Value>
            <SimpleValue>ISDA</SimpleValue>
         </Value>
         <Value>
            <SimpleValue>FpML</SimpleValue>
         </Value>
         <Value>
            <SimpleValue>The terms are defined by an ISDA template.</SimpleValue>
         </Value>
      </Row>
   </SimpleCodeList>
</gcl:CodeList>