<?xml version="1.0" encoding="UTF-8"?>
<gcl:CodeList xmlns:gcl="http://xml.genericode.org/2004/ns/CodeList/0.2/" xmlns:doc="http://www.fpml.org/coding-scheme/documentation" xmlns:xsi="http://www.w3.org/2001/XMLSchema-instance" xsi:schemaLocation="http://xml.genericode.org/2004/ns/CodeList/0.2/ CodeList.xsd">
   <Annotation>
      <Description>
         <doc:definition>List of assignment fee payment rules.</doc:definition>
         <doc:publicationDate>2017-06-09</doc:publicationDate>
      </Description>
   </Annotation>
   <Identification>
      <ShortName>hedgeTypeScheme</ShortName>
      <Version>1-0</Version>
      <CanonicalUri>http://www.fpml.org/coding-scheme/hedge-type</CanonicalUri>
      <CanonicalVersionUri>http://www.fpml.org/coding-scheme/hedge-type-1-0</CanonicalVersionUri>
      <LocationUri>http://www.fpml.org/coding-scheme/hedge-type-1-0</LocationUri>
   </Identification>
   <ColumnSet>
      <Column Id="Code" Use="required">
         <ShortName>Code</ShortName>
         <Data Type="token">
            <Parameter ShortName="maxLength">63</Parameter>
         </Data>
      </Column>
      <Column Id="Source" Use="optional">
         <ShortName>Source</ShortName>
         <Data Type="string"/>
      </Column>
      <Column Id="Description" Use="optional">
         <ShortName>Description</ShortName>
         <Data Type="string"/>
      </Column>
      <Key Id="PrimaryKey">
         <ShortName>key</ShortName>
         <ColumnRef Ref="Code"/>
      </Key>
   </ColumnSet>
   <SimpleCodeList>
      <Row>
         <Value>
            <SimpleValue>BasisRiskNeutral</SimpleValue>
         </Value>
         <Value>
            <SimpleValue>FpML</SimpleValue>
         </Value>
         <Value>
            <SimpleValue>Hedge based on BR01, e.g. a Basis2x trade where you would hedge 3M LIBOR Swap vs 6M LIBOR Swap.</SimpleValue>
         </Value>
      </Row>
      <Row>
         <Value>
            <SimpleValue>DeltaNeutral</SimpleValue>
         </Value>
         <Value>
            <SimpleValue>FpML</SimpleValue>
         </Value>
         <Value>
            <SimpleValue>Hedged instrument so that delta is 0 (within some tolerance).</SimpleValue>
         </Value>
      </Row>
      <Row>
         <Value>
            <SimpleValue>EqualNotional</SimpleValue>
         </Value>
         <Value>
            <SimpleValue>FpML</SimpleValue>
         </Value>
         <Value>
            <SimpleValue>Instrument has equal notional on all legs (eg IMM/MAC roll). </SimpleValue>
         </Value>
      </Row>
   </SimpleCodeList>
</gcl:CodeList>