<?xml version="1.0" encoding="UTF-8"?>
<gcl:CodeList xmlns:gcl="http://xml.genericode.org/2004/ns/CodeList/0.2/" xmlns:doc="http://www.fpml.org/coding-scheme/documentation" xmlns:xsi="http://www.w3.org/2001/XMLSchema-instance" xsi:schemaLocation="http://xml.genericode.org/2004/ns/CodeList/0.2/ CodeList.xsd">
   <Annotation>
      <Description>
         <doc:definition>Specifies the instances where the independent amount eligible collateral is not defined as a set of eligible collateral assets.  This scheme is initially developed as part of the ISDA Standard Credit Support Annex document (SCSA), although its usage could be extended beyond it.</doc:definition>
         <doc:publicationDate>2014-05-06</doc:publicationDate>
      </Description>
   </Annotation>
   <Identification>
      <ShortName>independentAmountEligibilityScheme</ShortName>
      <Version>1-0</Version>
      <CanonicalUri>http://www.fpml.org/coding-scheme/independent-amount-eligibility</CanonicalUri>
      <CanonicalVersionUri>http://www.fpml.org/coding-scheme/independent-amount-eligibility-1-0</CanonicalVersionUri>
      <LocationUri>http://www.fpml.org/coding-scheme/independent-amount-eligibility-1-0.xml</LocationUri>
   </Identification>
   <ColumnSet>
      <Column Id="Code" Use="required">
         <ShortName>Code</ShortName>
         <Data Type="token">
            <Parameter ShortName="maxLength">63</Parameter>
         </Data>
      </Column>
      <Column Id="Source" Use="optional">
         <ShortName>Source</ShortName>
         <Data Type="string"/>
      </Column>
      <Column Id="Description" Use="optional">
         <ShortName>Description</ShortName>
         <Data Type="string"/>
      </Column>
      <Key Id="PrimaryKey">
         <ShortName>key</ShortName>
         <ColumnRef Ref="Code"/>
      </Key>
   </ColumnSet>
   <SimpleCodeList>
      <Row>
         <Value>
            <SimpleValue>None</SimpleValue>
         </Value>
         <Value>
            <SimpleValue>FpML</SimpleValue>
         </Value>
         <Value>
            <SimpleValue>None.</SimpleValue>
         </Value>
      </Row>
      <Row>
         <Value>
            <SimpleValue>NoneUnlessSpecifiedInConfirmation</SimpleValue>
         </Value>
         <Value>
            <SimpleValue>FpML</SimpleValue>
         </Value>
         <Value>
            <SimpleValue>None, unless otherwise specified in a Confirmation.</SimpleValue>
         </Value>
      </Row>
   </SimpleCodeList>
</gcl:CodeList>