<?xml version="1.0" encoding="UTF-8"?>
<gcl:CodeList xmlns:gcl="http://xml.genericode.org/2004/ns/CodeList/0.2/" xmlns:doc="http://www.fpml.org/coding-scheme/documentation" xmlns:xsi="http://www.w3.org/2001/XMLSchema-instance" xsi:schemaLocation="http://xml.genericode.org/2004/ns/CodeList/0.2/ CodeList.xsd">
   <Annotation>
      <Description>
         <doc:description>
            <doc:paragraph>The specification of the Index Descriptions based on Annex A to the 2008 ISDA Inflation Derivatives Definitions</doc:paragraph>
         </doc:description>
         <doc:publicationDate>2013-07-18</doc:publicationDate>
      </Description>
   </Annotation>
   <Identification>
      <ShortName>inflationIndexDescriptionScheme</ShortName>
      <Version>2-2</Version>
      <CanonicalUri>http://www.fpml.org/coding-scheme/inflation-index-description</CanonicalUri>
      <CanonicalVersionUri>http://www.fpml.org/coding-scheme/inflation-index-description-2-2</CanonicalVersionUri>
      <LocationUri>http://www.fpml.org/coding-scheme/inflation-index-description-2-2.xml</LocationUri>
   </Identification>
   <ColumnSet>
      <Column Id="Code" Use="required">
         <ShortName>Code</ShortName>
         <Data Type="token">
            <Parameter ShortName="maxLength">63</Parameter>
         </Data>
      </Column>
      <Column Id="Source" Use="optional">
         <ShortName>Source</ShortName>
         <Data Type="string"/>
      </Column>
      <Column Id="Description" Use="optional">
         <ShortName>Description</ShortName>
         <Data Type="string"/>
      </Column>
      <Key Id="PrimaryKey">
         <ShortName>key</ShortName>
         <ColumnRef Ref="Code"/>
      </Key>
   </ColumnSet>
   <SimpleCodeList>
      <Row>
         <Value>
            <SimpleValue>AUD-CPI</SimpleValue>
         </Value>
         <Value>
            <SimpleValue>FpML</SimpleValue>
         </Value>
         <Value>
            <SimpleValue>Australia: AUD - Non-revised Consumer Price Index (CPI)</SimpleValue>
         </Value>
      </Row>
      <Row>
         <Value>
            <SimpleValue>AUS-CPI</SimpleValue>
         </Value>
         <Value>
            <SimpleValue>FpML</SimpleValue>
         </Value>
         <Value>
            <SimpleValue>Austria: AUS - Non-revised Consumer Price Index (CPI)</SimpleValue>
         </Value>
      </Row>
      <Row>
         <Value>
            <SimpleValue>AUS-HICP</SimpleValue>
         </Value>
         <Value>
            <SimpleValue>FpML</SimpleValue>
         </Value>
         <Value>
            <SimpleValue>Austria: AUS - Non-revised Harmonised Indices of Consumer Prices (HICP)</SimpleValue>
         </Value>
      </Row>
      <Row>
         <Value>
            <SimpleValue>BLG-CPI-GI</SimpleValue>
         </Value>
         <Value>
            <SimpleValue>FpML</SimpleValue>
         </Value>
         <Value>
            <SimpleValue>Belgium: BLG - Non-revised Consumer Price Index - General Index (CPI)</SimpleValue>
         </Value>
      </Row>
      <Row>
         <Value>
            <SimpleValue>BLG-CPI-HI</SimpleValue>
         </Value>
         <Value>
            <SimpleValue>FpML</SimpleValue>
         </Value>
         <Value>
            <SimpleValue>Belgium: BLG - Non-revised Consumer Price Index - Health Index (CPI)</SimpleValue>
         </Value>
      </Row>
      <Row>
         <Value>
            <SimpleValue>BLG-HICP</SimpleValue>
         </Value>
         <Value>
            <SimpleValue>FpML</SimpleValue>
         </Value>
         <Value>
            <SimpleValue>Belgium: BLG - Non-revised Harmonised Consumer Price Index (HICP)</SimpleValue>
         </Value>
      </Row>
      <Row>
         <Value>
            <SimpleValue>BRL-IGPM</SimpleValue>
         </Value>
         <Value>
            <SimpleValue>FpML</SimpleValue>
         </Value>
         <Value>
            <SimpleValue>Brazil: BRL - Non-revised Price Index (IGP-M)</SimpleValue>
         </Value>
      </Row>
      <Row>
         <Value>
            <SimpleValue>BRL-IPCA</SimpleValue>
         </Value>
         <Value>
            <SimpleValue>FpML</SimpleValue>
         </Value>
         <Value>
            <SimpleValue>Brazil: BRL - Non-revised Consumer Price Index (IPCA)</SimpleValue>
         </Value>
      </Row>
      <Row>
         <Value>
            <SimpleValue>CAD-CPI</SimpleValue>
         </Value>
         <Value>
            <SimpleValue>FpML</SimpleValue>
         </Value>
         <Value>
            <SimpleValue>Canada: CAD - Non-revised Consumer Price Index (CPI)</SimpleValue>
         </Value>
      </Row>
      <Row>
         <Value>
            <SimpleValue>CLP-CPI</SimpleValue>
         </Value>
         <Value>
            <SimpleValue>FpML</SimpleValue>
         </Value>
         <Value>
            <SimpleValue>Chile: CLP - Non-revised Consumer Price Index (CPI)</SimpleValue>
         </Value>
      </Row>
      <Row>
         <Value>
            <SimpleValue>CNY-CPI</SimpleValue>
         </Value>
         <Value>
            <SimpleValue>FpML</SimpleValue>
         </Value>
         <Value>
            <SimpleValue>China: CNY - Non-revised Consumer Price Index (CPI)</SimpleValue>
         </Value>
      </Row>
      <Row>
         <Value>
            <SimpleValue>CZK-CPI</SimpleValue>
         </Value>
         <Value>
            <SimpleValue>FpML</SimpleValue>
         </Value>
         <Value>
            <SimpleValue>Czech Republic: CZK - Non-revised Consumer Price Index (CPI)</SimpleValue>
         </Value>
      </Row>
      <Row>
         <Annotation>
            <Description>
               <doc:description>
                  <doc:paragraph>"DEK" code retained for backward compatibility with inflation-index-description-2-0.</doc:paragraph>
                  <doc:paragraph>See: 2006 ISDA Inflation Derivatives Definitions, Section 1.12. "Index Descriptions", paragraph (e).</doc:paragraph>
               </doc:description>
            </Description>
         </Annotation>
         <Value>
            <SimpleValue>DEK-CPI</SimpleValue>
         </Value>
         <Value>
            <SimpleValue>FpML</SimpleValue>
         </Value>
         <Value>
            <SimpleValue>Denmark: DEK - Non-revised Consumer Price Index (CPI)</SimpleValue>
         </Value>
      </Row>
      <Row>
         <Annotation>
            <Description>
               <doc:description>
                  <doc:paragraph>"DEK" code retained for backward compatibility with inflation-index-description-2-0.</doc:paragraph>
                  <doc:paragraph>See: 2006 ISDA Inflation Derivatives Definitions, Section 1.12. "Index Descriptions", paragraph (e).</doc:paragraph>
               </doc:description>
            </Description>
         </Annotation>
         <Value>
            <SimpleValue>DEK-HICP</SimpleValue>
         </Value>
         <Value>
            <SimpleValue>FpML</SimpleValue>
         </Value>
         <Value>
            <SimpleValue>Denmark: DEK - Non-revised Harmonised Consumer Price Index (HICP)</SimpleValue>
         </Value>
      </Row>
      <Row>
         <Value>
            <SimpleValue>DEM-CPI</SimpleValue>
         </Value>
         <Value>
            <SimpleValue>FpML</SimpleValue>
         </Value>
         <Value>
            <SimpleValue>Germany: DEM - Non-revised Consumer Price Index (CPI)</SimpleValue>
         </Value>
      </Row>
      <Row>
         <Value>
            <SimpleValue>DEM-CPI-NRW</SimpleValue>
         </Value>
         <Value>
            <SimpleValue>FpML</SimpleValue>
         </Value>
         <Value>
            <SimpleValue>Germany: DEM - Non-revised Consumer Price Index for North Rhine-Westphalia</SimpleValue>
         </Value>
      </Row>
      <Row>
         <Value>
            <SimpleValue>DEM-HICP</SimpleValue>
         </Value>
         <Value>
            <SimpleValue>FpML</SimpleValue>
         </Value>
         <Value>
            <SimpleValue>Germany: DEM - Non-revised Harmonised Consumer Price Index (HICP)</SimpleValue>
         </Value>
      </Row>
      <Row>
         <Value>
            <SimpleValue>ESP-CPI</SimpleValue>
         </Value>
         <Value>
            <SimpleValue>FpML</SimpleValue>
         </Value>
         <Value>
            <SimpleValue>Spain: ESP - National-Non-revised Consumer Price Index (CPI)</SimpleValue>
         </Value>
      </Row>
      <Row>
         <Value>
            <SimpleValue>ESP-HICP</SimpleValue>
         </Value>
         <Value>
            <SimpleValue>FpML</SimpleValue>
         </Value>
         <Value>
            <SimpleValue>Spain: ESP - Harmonised-Non-revised Consumer Price Index (HICP)</SimpleValue>
         </Value>
      </Row>
      <Row>
         <Value>
            <SimpleValue>ESP-R-CPI</SimpleValue>
         </Value>
         <Value>
            <SimpleValue>FpML</SimpleValue>
         </Value>
         <Value>
            <SimpleValue>Spain: ESP - National-Revised Consumer Price Index (CPI).</SimpleValue>
         </Value>
      </Row>
      <Row>
         <Value>
            <SimpleValue>ESP-R-HICP</SimpleValue>
         </Value>
         <Value>
            <SimpleValue>FpML</SimpleValue>
         </Value>
         <Value>
            <SimpleValue>Spain: ESP - Harmonised-Revised Consumer Price Index (HICP)</SimpleValue>
         </Value>
      </Row>
      <Row>
         <Value>
            <SimpleValue>EUR-AI-CPI</SimpleValue>
         </Value>
         <Value>
            <SimpleValue>FpML</SimpleValue>
         </Value>
         <Value>
            <SimpleValue>European Union: EUR - All Items-Non-revised Consumer Price Index</SimpleValue>
         </Value>
      </Row>
      <Row>
         <Value>
            <SimpleValue>EUR-AI-R-CPI</SimpleValue>
         </Value>
         <Value>
            <SimpleValue>FpML</SimpleValue>
         </Value>
         <Value>
            <SimpleValue>European Union: EUR - All Items-Revised Consumer Price Index</SimpleValue>
         </Value>
      </Row>
      <Row>
         <Value>
            <SimpleValue>EUR-EXT-CPI</SimpleValue>
         </Value>
         <Value>
            <SimpleValue>FpML</SimpleValue>
         </Value>
         <Value>
            <SimpleValue>European Union: EUR - Excluding Tobacco-Non-revised Consumer Price Index</SimpleValue>
         </Value>
      </Row>
      <Row>
         <Value>
            <SimpleValue>EUR-EXT-R-CPI</SimpleValue>
         </Value>
         <Value>
            <SimpleValue>FpML</SimpleValue>
         </Value>
         <Value>
            <SimpleValue>European Union: EUR - Excluding Tobacco-Revised Consumer Price Index</SimpleValue>
         </Value>
      </Row>
      <Row>
         <Value>
            <SimpleValue>FIN-CPI</SimpleValue>
         </Value>
         <Value>
            <SimpleValue>FpML</SimpleValue>
         </Value>
         <Value>
            <SimpleValue>Finland: FIN - Non-revised Consumer Price Index (CPI)</SimpleValue>
         </Value>
      </Row>
      <Row>
         <Value>
            <SimpleValue>FIN-HICP</SimpleValue>
         </Value>
         <Value>
            <SimpleValue>FpML</SimpleValue>
         </Value>
         <Value>
            <SimpleValue>Finland: FIN - Harmonised-Non-revised Consumer Price Index (HICP)</SimpleValue>
         </Value>
      </Row>
      <Row>
         <Value>
            <SimpleValue>FRC-EXT-CPI</SimpleValue>
         </Value>
         <Value>
            <SimpleValue>FpML</SimpleValue>
         </Value>
         <Value>
            <SimpleValue>France: FRC - Excluding Tobacco-Non-Revised Consumer Price Index</SimpleValue>
         </Value>
      </Row>
      <Row>
         <Value>
            <SimpleValue>FRC-HICP</SimpleValue>
         </Value>
         <Value>
            <SimpleValue>FpML</SimpleValue>
         </Value>
         <Value>
            <SimpleValue>France: FRC - Harmonised-Non-revised Consumer Price Index (HICP)</SimpleValue>
         </Value>
      </Row>
      <Row>
         <Value>
            <SimpleValue>GRD-CPI</SimpleValue>
         </Value>
         <Value>
            <SimpleValue>FpML</SimpleValue>
         </Value>
         <Value>
            <SimpleValue>Greece: GRD - Non-revised Consumer Price Index (CPI)</SimpleValue>
         </Value>
      </Row>
      <Row>
         <Value>
            <SimpleValue>GRD-HICP</SimpleValue>
         </Value>
         <Value>
            <SimpleValue>FpML</SimpleValue>
         </Value>
         <Value>
            <SimpleValue>Greece: GRD - Harmonised-Non-revised Consumer Price Index (HICP)</SimpleValue>
         </Value>
      </Row>
      <Row>
         <Value>
            <SimpleValue>HKD-CPI</SimpleValue>
         </Value>
         <Value>
            <SimpleValue>FpML</SimpleValue>
         </Value>
         <Value>
            <SimpleValue>Hong Kong: HKD - Non-revised Consumer Price Index (CPI)</SimpleValue>
         </Value>
      </Row>
      <Row>
         <Value>
            <SimpleValue>HUF-CPI</SimpleValue>
         </Value>
         <Value>
            <SimpleValue>FpML</SimpleValue>
         </Value>
         <Value>
            <SimpleValue>Hungary: HUF - Non-revised Consumer Price Index (CPI)</SimpleValue>
         </Value>
      </Row>
      <Row>
         <Value>
            <SimpleValue>IDR-CPI</SimpleValue>
         </Value>
         <Value>
            <SimpleValue>FpML</SimpleValue>
         </Value>
         <Value>
            <SimpleValue>Indonesia: IDR - Non-revised Consumer Price Index (CPI)</SimpleValue>
         </Value>
      </Row>
      <Row>
         <Value>
            <SimpleValue>ILS-CPI</SimpleValue>
         </Value>
         <Value>
            <SimpleValue>FpML</SimpleValue>
         </Value>
         <Value>
            <SimpleValue>Israel: ILS - Non-revised Consumer Price Index (CPI)</SimpleValue>
         </Value>
      </Row>
      <Row>
         <Value>
            <SimpleValue>IRL-CPI</SimpleValue>
         </Value>
         <Value>
            <SimpleValue>FpML</SimpleValue>
         </Value>
         <Value>
            <SimpleValue>Ireland: IRL - Non-revised Consumer Price Index (CPI)</SimpleValue>
         </Value>
      </Row>
      <Row>
         <Value>
            <SimpleValue>IRL-HICP</SimpleValue>
         </Value>
         <Value>
            <SimpleValue>FpML</SimpleValue>
         </Value>
         <Value>
            <SimpleValue>Ireland: IRL - Harmonised-Non-revised Consumer Price Index (HICP)</SimpleValue>
         </Value>
      </Row>
      <Row>
         <Value>
            <SimpleValue>ISK-CPI</SimpleValue>
         </Value>
         <Value>
            <SimpleValue>FpML</SimpleValue>
         </Value>
         <Value>
            <SimpleValue>Iceland: ISK - Non-revised Consumer Price Index (CPI)</SimpleValue>
         </Value>
      </Row>
      <Row>
         <Value>
            <SimpleValue>ISK-HICP</SimpleValue>
         </Value>
         <Value>
            <SimpleValue>FpML</SimpleValue>
         </Value>
         <Value>
            <SimpleValue>Iceland: ISK - Harmonised Consumer Price Index (HICP)</SimpleValue>
         </Value>
      </Row>
      <Row>
         <Value>
            <SimpleValue>ITL-BC-EXT-CPI</SimpleValue>
         </Value>
         <Value>
            <SimpleValue>FpML</SimpleValue>
         </Value>
         <Value>
            <SimpleValue>Italy: ITL - Inflation for Blue Collar Workers and Employees-Excluding Tobacco Consumer Price Index</SimpleValue>
         </Value>
      </Row>
      <Row>
         <Value>
            <SimpleValue>ITL-BC-INT-CPI</SimpleValue>
         </Value>
         <Value>
            <SimpleValue>FpML</SimpleValue>
         </Value>
         <Value>
            <SimpleValue>Italy: ITL - Inflation for Blue Collar Workers and Employees-Including Tobacco Consumer Price Index</SimpleValue>
         </Value>
      </Row>
      <Row>
         <Value>
            <SimpleValue>ITL-HICP</SimpleValue>
         </Value>
         <Value>
            <SimpleValue>FpML</SimpleValue>
         </Value>
         <Value>
            <SimpleValue>Italy: ITL - Non-revised Harmonised Consumer Price Index (HICP)</SimpleValue>
         </Value>
      </Row>
      <Row>
         <Value>
            <SimpleValue>ITL-WC-EXT-CPI</SimpleValue>
         </Value>
         <Value>
            <SimpleValue>FpML</SimpleValue>
         </Value>
         <Value>
            <SimpleValue>Italy: ITL - Whole Community - Excluding Tobacco Consumer Price Index</SimpleValue>
         </Value>
      </Row>
      <Row>
         <Value>
            <SimpleValue>ITL-WC-INT-CPI</SimpleValue>
         </Value>
         <Value>
            <SimpleValue>FpML</SimpleValue>
         </Value>
         <Value>
            <SimpleValue>Italy: ITL - Whole Community - Including Tobacco Consumer Price Index</SimpleValue>
         </Value>
      </Row>
      <Row>
         <Value>
            <SimpleValue>JPY-CPI-EXF</SimpleValue>
         </Value>
         <Value>
            <SimpleValue>FpML</SimpleValue>
         </Value>
         <Value>
            <SimpleValue>Japan: JPY - Non-revised Consumer Price Index Nationwide General Excluding Fresh Food (CPI)</SimpleValue>
         </Value>
      </Row>
      <Row>
         <Value>
            <SimpleValue>KRW-CPI</SimpleValue>
         </Value>
         <Value>
            <SimpleValue>FpML</SimpleValue>
         </Value>
         <Value>
            <SimpleValue>South Korea: KRW - Non-revised Consumer Price Index (CPI)</SimpleValue>
         </Value>
      </Row>
      <Row>
         <Value>
            <SimpleValue>LUX-CPI</SimpleValue>
         </Value>
         <Value>
            <SimpleValue>FpML</SimpleValue>
         </Value>
         <Value>
            <SimpleValue>Luxembourg: LUX - Non-revised Consumer Price Index (CPI)</SimpleValue>
         </Value>
      </Row>
      <Row>
         <Value>
            <SimpleValue>LUX-HICP</SimpleValue>
         </Value>
         <Value>
            <SimpleValue>FpML</SimpleValue>
         </Value>
         <Value>
            <SimpleValue>Luxembourg: LUX - Harmonised-Non-revised Consumer Price Index (HICP)</SimpleValue>
         </Value>
      </Row>
      <Row>
         <Value>
            <SimpleValue>MXN-CPI</SimpleValue>
         </Value>
         <Value>
            <SimpleValue>FpML</SimpleValue>
         </Value>
         <Value>
            <SimpleValue>Mexico: MXN - Non-revised Consumer Price Index (CPI)</SimpleValue>
         </Value>
      </Row>
      <Row>
         <Value>
            <SimpleValue>MXN-UDI</SimpleValue>
         </Value>
         <Value>
            <SimpleValue>FpML</SimpleValue>
         </Value>
         <Value>
            <SimpleValue>Mexico: MXN - Unidad de Inversion Index (UDI)</SimpleValue>
         </Value>
      </Row>
      <Row>
         <Value>
            <SimpleValue>MYR-CPI</SimpleValue>
         </Value>
         <Value>
            <SimpleValue>FpML</SimpleValue>
         </Value>
         <Value>
            <SimpleValue>Malaysia: MYR - Non-revised Consumer Price Index (CPI)</SimpleValue>
         </Value>
      </Row>
      <Row>
         <Value>
            <SimpleValue>NLG-CPI</SimpleValue>
         </Value>
         <Value>
            <SimpleValue>FpML</SimpleValue>
         </Value>
         <Value>
            <SimpleValue>Netherlands: NLG - Non-revised Consumer Price Index (CPI)</SimpleValue>
         </Value>
      </Row>
      <Row>
         <Value>
            <SimpleValue>NLG-HICP</SimpleValue>
         </Value>
         <Value>
            <SimpleValue>FpML</SimpleValue>
         </Value>
         <Value>
            <SimpleValue>Netherlands: NLG - Harmonised-Non-revised Consumer Price Index (HICP)</SimpleValue>
         </Value>
      </Row>
      <Row>
         <Value>
            <SimpleValue>NOK-CPI</SimpleValue>
         </Value>
         <Value>
            <SimpleValue>FpML</SimpleValue>
         </Value>
         <Value>
            <SimpleValue>Norway: NOK - Non-revised Consumer Price Index (CPI)</SimpleValue>
         </Value>
      </Row>
      <Row>
         <Value>
            <SimpleValue>NZD-CPI</SimpleValue>
         </Value>
         <Value>
            <SimpleValue>FpML</SimpleValue>
         </Value>
         <Value>
            <SimpleValue>New Zealand: NZD - Non-revised Consumer Price Index (CPI)</SimpleValue>
         </Value>
      </Row>
      <Row>
         <Value>
            <SimpleValue>PER-CPI</SimpleValue>
         </Value>
         <Value>
            <SimpleValue>FpML</SimpleValue>
         </Value>
         <Value>
            <SimpleValue>Peru: PER - Non-revised Consumer Price Index (CPI)</SimpleValue>
         </Value>
      </Row>
      <Row>
         <Value>
            <SimpleValue>PLN-CPI</SimpleValue>
         </Value>
         <Value>
            <SimpleValue>FpML</SimpleValue>
         </Value>
         <Value>
            <SimpleValue>Poland: PLN - Non-Revised Consumer Price Index (CPI)</SimpleValue>
         </Value>
      </Row>
      <Row>
         <Value>
            <SimpleValue>POR-CPI</SimpleValue>
         </Value>
         <Value>
            <SimpleValue>FpML</SimpleValue>
         </Value>
         <Value>
            <SimpleValue>Portugal: POR - Non-revised Consumer Price Index (CPI)</SimpleValue>
         </Value>
      </Row>
      <Row>
         <Value>
            <SimpleValue>POR-HICP</SimpleValue>
         </Value>
         <Value>
            <SimpleValue>FpML</SimpleValue>
         </Value>
         <Value>
            <SimpleValue>Portugal: POR - Harmonised-Non-revised Consumer Price Index (HICP)</SimpleValue>
         </Value>
      </Row>
      <Row>
         <Value>
            <SimpleValue>RUB-CPI</SimpleValue>
         </Value>
         <Value>
            <SimpleValue>FpML</SimpleValue>
         </Value>
         <Value>
            <SimpleValue>Russia: RUB - Non-revised Consumer Price Index (CPI)</SimpleValue>
         </Value>
      </Row>
      <Row>
         <Value>
            <SimpleValue>SEK-CPI</SimpleValue>
         </Value>
         <Value>
            <SimpleValue>FpML</SimpleValue>
         </Value>
         <Value>
            <SimpleValue>Sweden: SEK - Non-revised Consumer Price Index (CPI)</SimpleValue>
         </Value>
      </Row>
      <Row>
         <Value>
            <SimpleValue>SGD-CPI</SimpleValue>
         </Value>
         <Value>
            <SimpleValue>FpML</SimpleValue>
         </Value>
         <Value>
            <SimpleValue>Singapore: SGD - Non-revised Consumer Price Index (CPI)</SimpleValue>
         </Value>
      </Row>
      <Row>
         <Value>
            <SimpleValue>SWF-CPI</SimpleValue>
         </Value>
         <Value>
            <SimpleValue>FpML</SimpleValue>
         </Value>
         <Value>
            <SimpleValue>Switzerland: SWF - Non-revised Consumer Price Index (CPI)</SimpleValue>
         </Value>
      </Row>
      <Row>
         <Value>
            <SimpleValue>TRY-CPI</SimpleValue>
         </Value>
         <Value>
            <SimpleValue>FpML</SimpleValue>
         </Value>
         <Value>
            <SimpleValue>Turkey: TRY - Non-revised Consumer Price Index (CPI)</SimpleValue>
         </Value>
      </Row>
      <Row>
         <Value>
            <SimpleValue>TWD-CPI</SimpleValue>
         </Value>
         <Value>
            <SimpleValue>FpML</SimpleValue>
         </Value>
         <Value>
            <SimpleValue>Taiwan: TWD - Non-revised Consumer Price Index (CPI)</SimpleValue>
         </Value>
      </Row>
      <Row>
         <Value>
            <SimpleValue>UK-HICP</SimpleValue>
         </Value>
         <Value>
            <SimpleValue>FpML</SimpleValue>
         </Value>
         <Value>
            <SimpleValue>United Kingdom: GBP - Harmonised-Non-revised Consumer Price Index (HICP)</SimpleValue>
         </Value>
      </Row>
      <Row>
         <Value>
            <SimpleValue>UK-RPI</SimpleValue>
         </Value>
         <Value>
            <SimpleValue>FpML</SimpleValue>
         </Value>
         <Value>
            <SimpleValue>United Kingdom: GBP - Non-revised Retail Price Index (UKRPI)</SimpleValue>
         </Value>
      </Row>
      <Row>
         <Value>
            <SimpleValue>UK-RPIX</SimpleValue>
         </Value>
         <Value>
            <SimpleValue>FpML</SimpleValue>
         </Value>
         <Value>
            <SimpleValue>United Kingdom: GBP - Non-revised Retail Price Index Excluding Mortgage Interest Payments (UKRPIX)</SimpleValue>
         </Value>
      </Row>
      <Row>
         <Value>
            <SimpleValue>USA-CPI-U</SimpleValue>
         </Value>
         <Value>
            <SimpleValue>FpML</SimpleValue>
         </Value>
         <Value>
            <SimpleValue>United States: USA - Non-revised Consumer Price Index - Urban (CPI-U)</SimpleValue>
         </Value>
      </Row>
      <Row>
         <Value>
            <SimpleValue>ZAR-CPI</SimpleValue>
         </Value>
         <Value>
            <SimpleValue>FpML</SimpleValue>
         </Value>
         <Value>
            <SimpleValue>South Africa: ZAR - Non-revised Consumer Price Index (CPI)</SimpleValue>
         </Value>
      </Row>
      <Row>
         <Value>
            <SimpleValue>ZAR-CPIX</SimpleValue>
         </Value>
         <Value>
            <SimpleValue>FpML</SimpleValue>
         </Value>
         <Value>
            <SimpleValue>South Africa: ZAR - Non-revised Consumer Price Index Excluding Mortgages (CPIX)</SimpleValue>
         </Value>
      </Row>
   </SimpleCodeList>
</gcl:CodeList>