<?xml version="1.0" encoding="UTF-8"?>
<gcl:CodeList xmlns:gcl="http://xml.genericode.org/2004/ns/CodeList/0.2/" xmlns:doc="http://www.fpml.org/coding-scheme/documentation" xmlns:xsi="http://www.w3.org/2001/XMLSchema-instance" xsi:schemaLocation="http://xml.genericode.org/2004/ns/CodeList/0.2/ CodeList.xsd">
   <Annotation>
      <Description>
         <doc:description>
            <doc:paragraph>The specification of the Inflation Index Main Publication.</doc:paragraph>
         </doc:description>
         <doc:publicationDate>2013-02-22</doc:publicationDate>
      </Description>
   </Annotation>
   <Identification>
      <ShortName>inflationMainPublicationScheme</ShortName>
      <Version>1-1</Version>
      <CanonicalUri>http://www.fpml.org/coding-scheme/inflation-main-publication</CanonicalUri>
      <CanonicalVersionUri>http://www.fpml.org/coding-scheme/inflation-main-publication-1-1</CanonicalVersionUri>
      <LocationUri>http://www.fpml.org/coding-scheme/inflation-main-publication-1-1.xml</LocationUri>
   </Identification>
   <ColumnSet>
      <Column Id="Code" Use="required">
         <ShortName>Code</ShortName>
         <Data Type="token">
            <Parameter ShortName="maxLength">63</Parameter>
         </Data>
      </Column>
      <Column Id="Source" Use="optional">
         <ShortName>Source</ShortName>
         <Data Type="string"/>
      </Column>
      <Column Id="Description" Use="optional">
         <ShortName>Description</ShortName>
         <Data Type="string"/>
      </Column>
      <Key Id="PrimaryKey">
         <ShortName>key</ShortName>
         <ColumnRef Ref="Code"/>
      </Key>
   </ColumnSet>
   <SimpleCodeList>
      <Row>
         <Value>
            <SimpleValue>ABS</SimpleValue>
         </Value>
         <Value>
            <SimpleValue>FpML</SimpleValue>
         </Value>
         <Value>
            <SimpleValue>Bloomberg Screen AUCP.</SimpleValue>
         </Value>
      </Row>
      <Row>
         <Value>
            <SimpleValue>BLS</SimpleValue>
         </Value>
         <Value>
            <SimpleValue>FpML</SimpleValue>
         </Value>
         <Value>
            <SimpleValue>Bureau of Labor Statistics, on internet website: www.bls.gov/cpi/home.htm</SimpleValue>
         </Value>
      </Row>
      <Row>
         <Value>
            <SimpleValue>CSOI</SimpleValue>
         </Value>
         <Value>
            <SimpleValue>FpML</SimpleValue>
         </Value>
         <Value>
            <SimpleValue>Central Statistics Office Ireland.</SimpleValue>
         </Value>
      </Row>
      <Row>
         <Value>
            <SimpleValue>DS</SimpleValue>
         </Value>
         <Value>
            <SimpleValue>FpML</SimpleValue>
         </Value>
         <Value>
            <SimpleValue>Danmark Statistik, on internet website www.dst.dk.</SimpleValue>
         </Value>
      </Row>
      <Row>
         <Value>
            <SimpleValue>ECBMB</SimpleValue>
         </Value>
         <Value>
            <SimpleValue>FpML</SimpleValue>
         </Value>
         <Value>
            <SimpleValue>European Central Bank Monthly Bulletin.</SimpleValue>
         </Value>
      </Row>
      <Row>
         <Value>
            <SimpleValue>Eurostat</SimpleValue>
         </Value>
         <Value>
            <SimpleValue>FpML</SimpleValue>
         </Value>
         <Value>
            <SimpleValue>Eurostat, on internet website: www.europa.eu.int/comm/eurostat.</SimpleValue>
         </Value>
      </Row>
      <Row>
         <Value>
            <SimpleValue>INE</SimpleValue>
         </Value>
         <Value>
            <SimpleValue>FpML</SimpleValue>
         </Value>
         <Value>
            <SimpleValue>Instituto Nacional de Estadistica, on internet website: www.ine.es.</SimpleValue>
         </Value>
      </Row>
      <Row>
         <Value>
            <SimpleValue>INSEEOJ</SimpleValue>
         </Value>
         <Value>
            <SimpleValue>FpML</SimpleValue>
         </Value>
         <Value>
            <SimpleValue>INSEE Journal Officiel.</SimpleValue>
         </Value>
      </Row>
      <Row>
         <Value>
            <SimpleValue>ISTAT</SimpleValue>
         </Value>
         <Value>
            <SimpleValue>FpML</SimpleValue>
         </Value>
         <Value>
            <SimpleValue>ISTAT website: www.istat.it/English/index.htm.</SimpleValue>
         </Value>
      </Row>
      <Row>
         <Value>
            <SimpleValue>MIA</SimpleValue>
         </Value>
         <Value>
            <SimpleValue>FpML</SimpleValue>
         </Value>
         <Value>
            <SimpleValue>Japan Ministry of Internal Affairs.</SimpleValue>
         </Value>
      </Row>
      <Row>
         <Value>
            <SimpleValue>ONS</SimpleValue>
         </Value>
         <Value>
            <SimpleValue>FpML</SimpleValue>
         </Value>
         <Value>
            <SimpleValue>Office of National Statistics, on internet website www.statistics.gov.uk/instantfigures.asp</SimpleValue>
         </Value>
      </Row>
      <Row>
         <Value>
            <SimpleValue>SB</SimpleValue>
         </Value>
         <Value>
            <SimpleValue>FpML</SimpleValue>
         </Value>
         <Value>
            <SimpleValue>Statistiches Bundesmat.</SimpleValue>
         </Value>
      </Row>
      <Row>
         <Value>
            <SimpleValue>SS</SimpleValue>
         </Value>
         <Value>
            <SimpleValue>FpML</SimpleValue>
         </Value>
         <Value>
            <SimpleValue>Statistics Sweden.</SimpleValue>
         </Value>
      </Row>
      <Row>
         <Value>
            <SimpleValue>STCA</SimpleValue>
         </Value>
         <Value>
            <SimpleValue>FpML</SimpleValue>
         </Value>
         <Value>
            <SimpleValue>STCA - Statistics Canada.</SimpleValue>
         </Value>
      </Row>
      <Row>
         <Value>
            <SimpleValue>STSA</SimpleValue>
         </Value>
         <Value>
            <SimpleValue>FpML</SimpleValue>
         </Value>
         <Value>
            <SimpleValue>Statistics South Africa.</SimpleValue>
         </Value>
      </Row>
   </SimpleCodeList>
</gcl:CodeList>