<?xml version="1.0" encoding="UTF-8"?>
<gcl:CodeList xmlns:gcl="http://xml.genericode.org/2004/ns/CodeList/0.2/" xmlns:doc="http://www.fpml.org/coding-scheme/documentation" xmlns:xsi="http://www.w3.org/2001/XMLSchema-instance" xsi:schemaLocation="http://xml.genericode.org/2004/ns/CodeList/0.2/ CodeList.xsd">
   <Annotation>
      <Description>
         <doc:definition>A scheme defining the different types of Letters of Credit.</doc:definition>
         <doc:publicationDate>2015-07-15</doc:publicationDate>
      </Description>
   </Annotation>
   <Identification>
      <ShortName>lcTypeScheme</ShortName>
      <Version>1-0</Version>
      <CanonicalUri>http://www.fpml.org/coding-scheme/lc-type</CanonicalUri>
      <CanonicalVersionUri>http://www.fpml.org/coding-scheme/lc-type-1-0</CanonicalVersionUri>
      <LocationUri>http://www.fpml.org/coding-scheme/lc-type-1-0.xml</LocationUri>
   </Identification>
   <ColumnSet>
      <Column Id="Code" Use="required">
         <ShortName>Code</ShortName>
         <Data Type="token">
            <Parameter ShortName="maxLength">63</Parameter>
         </Data>
      </Column>
      <Column Id="Source" Use="optional">
         <ShortName>Source</ShortName>
         <Data Type="string"/>
      </Column>
      <Column Id="Description" Use="optional">
         <ShortName>Description</ShortName>
         <Data Type="string"/>
      </Column>
      <Key Id="PrimaryKey">
         <ShortName>key</ShortName>
         <ColumnRef Ref="Code"/>
      </Key>
   </ColumnSet>
   <SimpleCodeList>
      <Row>
         <Value>
            <SimpleValue>Commercial</SimpleValue>
         </Value>
         <Value>
            <SimpleValue>FpML</SimpleValue>
         </Value>
         <Value>
            <SimpleValue>A Letter of Credit that provides a means of facilitating payments between parties in the normal course of business, supporting the shipment of and payment for goods. Commercial Letters of Credit are intended to be drawn on.</SimpleValue>
         </Value>
      </Row>
      <Row>
         <Value>
            <SimpleValue>Standby</SimpleValue>
         </Value>
         <Value>
            <SimpleValue>FpML</SimpleValue>
         </Value>
         <Value>
            <SimpleValue>A Letter of Credit the purpose of which is to provide credit support only in the event of a performance default by the account party (i.e. the borrower) or some other contingent event. The Standby Letter of Credit supports an obligation to make a payment to the beneficiary.</SimpleValue>
         </Value>
      </Row>
      <Row>
         <Value>
            <SimpleValue>Synthetic</SimpleValue>
         </Value>
         <Value>
            <SimpleValue>FpML</SimpleValue>
         </Value>
         <Value>
            <SimpleValue>A Letter of Credit under a facility that has been "pre-funded" by the lenders on the closing date (with the proceeds from such funding typically being deposited in a cash collateral account) rather than being funded on a later date upon the occurrence of a contingent event requiring payment under the L/C to the third party.</SimpleValue>
         </Value>
      </Row>
   </SimpleCodeList>
</gcl:CodeList>