<?xml version="1.0" encoding="UTF-8"?>
<gcl:CodeList xmlns:gcl="http://xml.genericode.org/2004/ns/CodeList/0.2/" xmlns:doc="http://www.fpml.org/coding-scheme/documentation" xmlns:xsi="http://www.w3.org/2001/XMLSchema-instance" xsi:schemaLocation="http://xml.genericode.org/2004/ns/CodeList/0.2/ CodeList.xsd">
   <Annotation>
      <Description>
         <doc:definition>Specifies the reference style applicable to the legal document.</doc:definition>
         <doc:publicationDate>2014-12-19</doc:publicationDate>
      </Description>
   </Annotation>
   <Identification>
      <ShortName>legalDocumentStyleScheme</ShortName>
      <Version>2-0</Version>
      <CanonicalUri>http://www.fpml.org/coding-scheme/legal-document-style</CanonicalUri>
      <CanonicalVersionUri>http://www.fpml.org/coding-scheme/legal-document-style-2-0</CanonicalVersionUri>
      <LocationUri>http://www.fpml.org/coding-scheme/legal-document-style-2-0.xml</LocationUri>
   </Identification>
   <ColumnSet>
      <Column Id="Code" Use="required">
         <ShortName>Code</ShortName>
         <Data Type="token">
            <Parameter ShortName="maxLength">63</Parameter>
         </Data>
      </Column>
      <Column Id="Source" Use="optional">
         <ShortName>Source</ShortName>
         <Data Type="string"/>
      </Column>
      <Column Id="Description" Use="optional">
         <ShortName>Description</ShortName>
         <Data Type="string"/>
      </Column>
      <Key Id="PrimaryKey">
         <ShortName>key</ShortName>
         <ColumnRef Ref="Code"/>
      </Key>
   </ColumnSet>
   <SimpleCodeList>
      <Row>
         <Value>
            <SimpleValue>EnglishLaw</SimpleValue>
         </Value>
         <Value>
            <SimpleValue>FpML</SimpleValue>
         </Value>
         <Value>
            <SimpleValue>English Law.</SimpleValue>
         </Value>
      </Row>
      <Row>
         <Value>
            <SimpleValue>JapaneseLaw</SimpleValue>
         </Value>
         <Value>
            <SimpleValue>FpML</SimpleValue>
         </Value>
         <Value>
            <SimpleValue>Japanese Law.</SimpleValue>
         </Value>
      </Row>
      <Row>
         <Value>
            <SimpleValue>NewYorkLaw</SimpleValue>
         </Value>
         <Value>
            <SimpleValue>FpML</SimpleValue>
         </Value>
         <Value>
            <SimpleValue>New York Law.</SimpleValue>
         </Value>
      </Row>
   </SimpleCodeList>
</gcl:CodeList>