<?xml version="1.0" encoding="UTF-8"?>
<gcl:CodeList xmlns:gcl="http://xml.genericode.org/2004/ns/CodeList/0.2/" xmlns:doc="http://www.fpml.org/coding-scheme/documentation" xmlns:xsi="http://www.w3.org/2001/XMLSchema-instance" xsi:schemaLocation="http://xml.genericode.org/2004/ns/CodeList/0.2/ CodeList.xsd">
   <Annotation>
      <Description>
         <doc:definition>The category the purchaser of a loan falls within, with respect to lender consent rules.</doc:definition>
         <doc:publicationDate>2015-07-15</doc:publicationDate>
      </Description>
   </Annotation>
   <Identification>
      <ShortName>lenderClassificationScheme</ShortName>
      <Version>1-0</Version>
      <CanonicalUri>http://www.fpml.org/coding-scheme/lender-classification</CanonicalUri>
      <CanonicalVersionUri>http://www.fpml.org/coding-scheme/lender-classification-1-0</CanonicalVersionUri>
      <LocationUri>http://www.fpml.org/coding-scheme/lender-classification-1-0.xml</LocationUri>
   </Identification>
   <ColumnSet>
      <Column Id="Code" Use="required">
         <ShortName>Code</ShortName>
         <Data Type="token">
            <Parameter ShortName="maxLength">63</Parameter>
         </Data>
      </Column>
      <Column Id="Source" Use="optional">
         <ShortName>Source</ShortName>
         <Data Type="string"/>
      </Column>
      <Column Id="Description" Use="optional">
         <ShortName>Description</ShortName>
         <Data Type="string"/>
      </Column>
      <Key Id="PrimaryKey">
         <ShortName>key</ShortName>
         <ColumnRef Ref="Code"/>
      </Key>
   </ColumnSet>
   <SimpleCodeList>
      <Row>
         <Value>
            <SimpleValue>AffiliateOfAgent</SimpleValue>
         </Value>
         <Value>
            <SimpleValue>FpML</SimpleValue>
         </Value>
         <Value>
            <SimpleValue>The loan purchaser controls, is controlled by or is under common control with the agent bank.</SimpleValue>
         </Value>
      </Row>
      <Row>
         <Value>
            <SimpleValue>AffiliateOfExistingLender</SimpleValue>
         </Value>
         <Value>
            <SimpleValue>FpML</SimpleValue>
         </Value>
         <Value>
            <SimpleValue>The loan purchaser controls, is controlled by or is under common control with a current lender.</SimpleValue>
         </Value>
      </Row>
      <Row>
         <Value>
            <SimpleValue>ApprovedFund</SimpleValue>
         </Value>
         <Value>
            <SimpleValue>FpML</SimpleValue>
         </Value>
         <Value>
            <SimpleValue>As used in the LSTA's Model Credit Agreement Provisions, any fund that is (a) administered or managed by a lender, (b) an affiliate of a lender or (c)  an entity or an affiliate of an entity that administers or manages a lender. </SimpleValue>
         </Value>
      </Row>
      <Row>
         <Value>
            <SimpleValue>ExistingLender</SimpleValue>
         </Value>
         <Value>
            <SimpleValue>FpML</SimpleValue>
         </Value>
         <Value>
            <SimpleValue>An entity that is currently extending credit to a borrower or borrowers pursuant to the terms of the credit agreement governing a credit facility.</SimpleValue>
         </Value>
      </Row>
   </SimpleCodeList>
</gcl:CodeList>