<?xml version="1.0" encoding="UTF-8"?>
<gcl:CodeList xmlns:gcl="http://xml.genericode.org/2004/ns/CodeList/0.2/" xmlns:doc="http://www.fpml.org/coding-scheme/documentation" xmlns:xsi="http://www.w3.org/2001/XMLSchema-instance" xsi:schemaLocation="http://xml.genericode.org/2004/ns/CodeList/0.2/ CodeList.xsd">
   <Annotation>
      <Description>
         <doc:definition>Syndicated Loans - Subset of ISDA floating rate indexes.</doc:definition>
         <doc:publicationDate>2017-03-17</doc:publicationDate>
      </Description>
   </Annotation>
   <Identification>
      <ShortName>floatingRateIndexScheme</ShortName>
      <Version>2-0</Version>
      <CanonicalUri>http://www.fpml.org/coding-scheme/loan-floating-rate-index</CanonicalUri>
      <CanonicalVersionUri>http://www.fpml.org/coding-scheme/loan-floating-rate-index-2-0</CanonicalVersionUri>
      <LocationUri>http://www.fpml.org/coding-scheme/loan-floating-rate-index-2-0.xml</LocationUri>
   </Identification>
   <ColumnSet>
      <Column Id="Code" Use="required">
         <ShortName>Code</ShortName>
         <Data Type="token">
            <Parameter ShortName="maxLength">63</Parameter>
         </Data>
      </Column>
      <Column Id="Source" Use="optional">
         <ShortName>Source</ShortName>
         <Data Type="string"/>
      </Column>
      <Column Id="Description" Use="optional">
         <ShortName>Description</ShortName>
         <Data Type="string"/>
      </Column>
      <Key Id="PrimaryKey">
         <ShortName>key</ShortName>
         <ColumnRef Ref="Code"/>
      </Key>
   </ColumnSet>
   <SimpleCodeList>
      <Row>
         <Value>
            <SimpleValue>AUD-BBR-BBSW</SimpleValue>
         </Value>
         <Value>
            <SimpleValue>FpML</SimpleValue>
         </Value>
         <Value>
            <SimpleValue>Per 2006 ISDA Definitions or Annex to the 2000 ISDA Definitions, Section 7.1 Rate Options, as amended and supplemented through the date on which parties enter into the relevant transaction.</SimpleValue>
         </Value>
      </Row>
      <Row>
         <Value>
            <SimpleValue>AUD-LIBOR-Reference Banks</SimpleValue>
         </Value>
         <Value>
            <SimpleValue>FpML</SimpleValue>
         </Value>
         <Value>
            <SimpleValue>Per 2006 ISDA Definitions or Annex to the 2000 ISDA Definitions, Section 7.1 Rate Options, as amended and supplemented through the date on which parties enter into the relevant transaction.</SimpleValue>
         </Value>
      </Row>
      <Row>
         <Value>
            <SimpleValue>CAD-BA-CDOR</SimpleValue>
         </Value>
         <Value>
            <SimpleValue>FpML</SimpleValue>
         </Value>
         <Value>
            <SimpleValue>Per 2006 ISDA Definitions or Annex to the 2000 ISDA Definitions, Section 7.1 Rate Options, as amended and supplemented through the date on which parties enter into the relevant transaction.</SimpleValue>
         </Value>
      </Row>
      <Row>
         <Value>
            <SimpleValue>CAD-LIBOR-Reference Banks</SimpleValue>
         </Value>
         <Value>
            <SimpleValue>FpML</SimpleValue>
         </Value>
         <Value>
            <SimpleValue>Per 2006 ISDA Definitions or Annex to the 2000 ISDA Definitions, Section 7.1 Rate Options, as amended and supplemented through the date on which parties enter into the relevant transaction.</SimpleValue>
         </Value>
      </Row>
      <Row>
         <Value>
            <SimpleValue>CHF-LIBOR-Reference Banks</SimpleValue>
         </Value>
         <Value>
            <SimpleValue>FpML</SimpleValue>
         </Value>
         <Value>
            <SimpleValue>Per 2006 ISDA Definitions or Annex to the 2000 ISDA Definitions, Section 7.1 Rate Options, as amended and supplemented through the date on which parties enter into the relevant transaction.</SimpleValue>
         </Value>
      </Row>
      <Row>
         <Value>
            <SimpleValue>CZK-PRIBOR-Reference Banks</SimpleValue>
         </Value>
         <Value>
            <SimpleValue>FpML</SimpleValue>
         </Value>
         <Value>
            <SimpleValue>Per 2006 ISDA Definitions or Annex to the 2000 ISDA Definitions, Section 7.1 Rate Options, as amended and supplemented through the date on which parties enter into the relevant transaction.</SimpleValue>
         </Value>
      </Row>
      <Row>
         <Value>
            <SimpleValue>DKK-CIBOR-Reference Banks</SimpleValue>
         </Value>
         <Value>
            <SimpleValue>FpML</SimpleValue>
         </Value>
         <Value>
            <SimpleValue>Per 2006 ISDA Definitions or Annex to the 2000 ISDA Definitions, Section 7.1 Rate Options, as amended and supplemented through the date on which parties enter into the relevant transaction.</SimpleValue>
         </Value>
      </Row>
      <Row>
         <Value>
            <SimpleValue>EUR-EURIBOR-Reference Banks</SimpleValue>
         </Value>
         <Value>
            <SimpleValue>FpML</SimpleValue>
         </Value>
         <Value>
            <SimpleValue>Per 2006 ISDA Definitions or Annex to the 2000 ISDA Definitions, Section 7.1 Rate Options, as amended and supplemented through the date on which parties enter into the relevant transaction.</SimpleValue>
         </Value>
      </Row>
      <Row>
         <Value>
            <SimpleValue>EUR-LIBOR-Reference Banks</SimpleValue>
         </Value>
         <Value>
            <SimpleValue>FpML</SimpleValue>
         </Value>
         <Value>
            <SimpleValue>Per 2006 ISDA Definitions or Annex to the 2000 ISDA Definitions, Section 7.1 Rate Options, as amended and supplemented through the date on which parties enter into the relevant transaction.</SimpleValue>
         </Value>
      </Row>
      <Row>
         <Value>
            <SimpleValue>GBP-LIBOR-Reference Banks</SimpleValue>
         </Value>
         <Value>
            <SimpleValue>FpML</SimpleValue>
         </Value>
         <Value>
            <SimpleValue>Per 2006 ISDA Definitions or Annex to the 2000 ISDA Definitions, Section 7.1 Rate Options, as amended and supplemented through the date on which parties enter into the relevant transaction.</SimpleValue>
         </Value>
      </Row>
      <Row>
         <Value>
            <SimpleValue>GRD-ATHIMID-Reference Banks</SimpleValue>
         </Value>
         <Value>
            <SimpleValue>FpML</SimpleValue>
         </Value>
         <Value>
            <SimpleValue>Per 2006 ISDA Definitions or Annex to the 2000 ISDA Definitions, Section 7.1 Rate Options, as amended and supplemented through the date on which parties enter into the relevant transaction.</SimpleValue>
         </Value>
      </Row>
      <Row>
         <Value>
            <SimpleValue>HKD-HIBOR-Reference Banks</SimpleValue>
         </Value>
         <Value>
            <SimpleValue>FpML</SimpleValue>
         </Value>
         <Value>
            <SimpleValue>Per 2006 ISDA Definitions or Annex to the 2000 ISDA Definitions, Section 7.1 Rate Options, as amended and supplemented through the date on which parties enter into the relevant transaction.</SimpleValue>
         </Value>
      </Row>
      <Row>
         <Value>
            <SimpleValue>HUF-BUBOR-Reference Banks</SimpleValue>
         </Value>
         <Value>
            <SimpleValue>FpML</SimpleValue>
         </Value>
         <Value>
            <SimpleValue>Per 2006 ISDA Definitions or Annex to the 2000 ISDA Definitions, Section 7.1 Rate Options, as amended and supplemented through the date on which parties enter into the relevant transaction.</SimpleValue>
         </Value>
      </Row>
      <Row>
         <Value>
            <SimpleValue>JPY-LIBOR-Reference Banks</SimpleValue>
         </Value>
         <Value>
            <SimpleValue>FpML</SimpleValue>
         </Value>
         <Value>
            <SimpleValue>Per 2006 ISDA Definitions or Annex to the 2000 ISDA Definitions, Section 7.1 Rate Options, as amended and supplemented through the date on which parties enter into the relevant transaction.</SimpleValue>
         </Value>
      </Row>
      <Row>
         <Value>
            <SimpleValue>JPY-TIBOR-TIBM-Reference Banks</SimpleValue>
         </Value>
         <Value>
            <SimpleValue>FpML</SimpleValue>
         </Value>
         <Value>
            <SimpleValue>Per 2006 ISDA Definitions or Annex to the 2000 ISDA Definitions, Section 7.1 Rate Options, as amended and supplemented through the date on which parties enter into the relevant transaction.</SimpleValue>
         </Value>
      </Row>
      <Row>
         <Value>
            <SimpleValue>NOK-NIBOR-Reference Banks</SimpleValue>
         </Value>
         <Value>
            <SimpleValue>FpML</SimpleValue>
         </Value>
         <Value>
            <SimpleValue>Per 2006 ISDA Definitions or Annex to the 2000 ISDA Definitions, Section 7.1 Rate Options, as amended and supplemented through the date on which parties enter into the relevant transaction.</SimpleValue>
         </Value>
      </Row>
      <Row>
         <Value>
            <SimpleValue>NZD-BBR-Reference Banks</SimpleValue>
         </Value>
         <Value>
            <SimpleValue>FpML</SimpleValue>
         </Value>
         <Value>
            <SimpleValue>Per 2006 ISDA Definitions or Annex to the 2000 ISDA Definitions, Section 7.1 Rate Options, as amended and supplemented through the date on which parties enter into the relevant transaction.</SimpleValue>
         </Value>
      </Row>
      <Row>
         <Value>
            <SimpleValue>PLZ-WIBOR-Reference Banks</SimpleValue>
         </Value>
         <Value>
            <SimpleValue>FpML</SimpleValue>
         </Value>
         <Value>
            <SimpleValue>Per 2006 ISDA Definitions or Annex to the 2000 ISDA Definitions, Section 7.1 Rate Options, as amended and supplemented through the date on which parties enter into the relevant transaction.</SimpleValue>
         </Value>
      </Row>
      <Row>
         <Value>
            <SimpleValue>RUB-MOSPRIME-Reference Banks</SimpleValue>
         </Value>
         <Value>
            <SimpleValue>FpML</SimpleValue>
         </Value>
         <Value>
            <SimpleValue>Per 2006 ISDA Definitions or Annex to the 2000 ISDA Definitions, Section 7.1 Rate Options, as amended and supplemented through the date on which parties enter into the relevant transaction.</SimpleValue>
         </Value>
      </Row>
      <Row>
         <Value>
            <SimpleValue>SEK-STIBOR-Reference Banks</SimpleValue>
         </Value>
         <Value>
            <SimpleValue>FpML</SimpleValue>
         </Value>
         <Value>
            <SimpleValue>Per 2006 ISDA Definitions or Annex to the 2000 ISDA Definitions, Section 7.1 Rate Options, as amended and supplemented through the date on which parties enter into the relevant transaction.</SimpleValue>
         </Value>
      </Row>
      <Row>
         <Value>
            <SimpleValue>SGD-SIBOR-Reference Banks</SimpleValue>
         </Value>
         <Value>
            <SimpleValue>FpML</SimpleValue>
         </Value>
         <Value>
            <SimpleValue>Per 2006 ISDA Definitions or Annex to the 2000 ISDA Definitions, Section 7.1 Rate Options, as amended and supplemented through the date on which parties enter into the relevant transaction.</SimpleValue>
         </Value>
      </Row>
      <Row>
         <Value>
            <SimpleValue>SGD-SOR-Reference Banks</SimpleValue>
         </Value>
         <Value>
            <SimpleValue>FpML</SimpleValue>
         </Value>
         <Value>
            <SimpleValue>Per 2006 ISDA Definitions or Annex to the 2000 ISDA Definitions, Section 7.1 Rate Options, as amended and supplemented through the date on which parties enter into the relevant transaction.</SimpleValue>
         </Value>
      </Row>
      <Row>
         <Value>
            <SimpleValue>USD-LIBOR-Reference Banks</SimpleValue>
         </Value>
         <Value>
            <SimpleValue>FpML</SimpleValue>
         </Value>
         <Value>
            <SimpleValue>Per 2006 ISDA Definitions or Annex to the 2000 ISDA Definitions, Section 7.1 Rate Options, as amended and supplemented through the date on which parties enter into the relevant transaction.</SimpleValue>
         </Value>
      </Row>
      <Row>
         <Value>
            <SimpleValue>USD-Prime-Reference Banks </SimpleValue>
         </Value>
         <Value>
            <SimpleValue>FpML</SimpleValue>
         </Value>
         <Value>
            <SimpleValue>Per 2006 ISDA Definitions or Annex to the 2000 ISDA Definitions, Section 7.1 Rate Options, as amended and supplemented through the date on which parties enter into the relevant transaction.</SimpleValue>
         </Value>
      </Row>
   </SimpleCodeList>
</gcl:CodeList>