<?xml version="1.0" encoding="UTF-8"?>
<gcl:CodeList xmlns:gcl="http://xml.genericode.org/2004/ns/CodeList/0.2/" xmlns:doc="http://www.fpml.org/coding-scheme/documentation" xmlns:xsi="http://www.w3.org/2001/XMLSchema-instance" xsi:schemaLocation="http://xml.genericode.org/2004/ns/CodeList/0.2/ CodeList.xsd">
   <Annotation>
      <Description>
         <doc:definition>Allows the requestor to specify if they want this trade/trade set margining with an associated portfolio with the Clearing Organization or not.</doc:definition>
         <doc:publicationDate>2013-08-30</doc:publicationDate>
      </Description>
   </Annotation>
   <Identification>
      <ShortName>marginQuoteTypeScheme</ShortName>
      <Version>1-0</Version>
      <CanonicalUri>http://www.fpml.org/coding-scheme/margin-quote-type</CanonicalUri>
      <CanonicalVersionUri>http://www.fpml.org/coding-scheme/margin-quote-type-1-0</CanonicalVersionUri>
      <LocationUri>http://www.fpml.org/coding-scheme/margin-quote-type-1-0.xml</LocationUri>
   </Identification>
   <ColumnSet>
      <Column Id="Code" Use="required">
         <ShortName>Code</ShortName>
         <Data Type="token">
            <Parameter ShortName="maxLength">63</Parameter>
         </Data>
      </Column>
      <Column Id="Source" Use="optional">
         <ShortName>Source</ShortName>
         <Data Type="string"/>
      </Column>
      <Column Id="Description" Use="optional">
         <ShortName>Description</ShortName>
         <Data Type="string"/>
      </Column>
      <Key Id="PrimaryKey">
         <ShortName>key</ShortName>
         <ColumnRef Ref="Code"/>
      </Key>
   </ColumnSet>
   <SimpleCodeList>
      <Row>
         <Value>
            <SimpleValue>TradeAndPortfolio</SimpleValue>
         </Value>
         <Value>
            <SimpleValue>FpML</SimpleValue>
         </Value>
         <Value>
            <SimpleValue>Indicates margining applies to the trade and its associated portfolio.</SimpleValue>
         </Value>
      </Row>
      <Row>
         <Value>
            <SimpleValue>TradeOnly</SimpleValue>
         </Value>
         <Value>
            <SimpleValue>FpML</SimpleValue>
         </Value>
         <Value>
            <SimpleValue>Indicates margining only applies to the trade.</SimpleValue>
         </Value>
      </Row>
   </SimpleCodeList>
</gcl:CodeList>