<?xml version="1.0" encoding="UTF-8"?>
<gcl:CodeList xmlns:gcl="http://xml.genericode.org/2004/ns/CodeList/0.2/" xmlns:doc="http://www.fpml.org/coding-scheme/documentation" xmlns:xsi="http://www.w3.org/2001/XMLSchema-instance" xsi:schemaLocation="http://xml.genericode.org/2004/ns/CodeList/0.2/ CodeList.xsd">
   <Annotation>
      <Description>
         <doc:definition>Defines the handling of a averaging date market disruption for an equity derivative transaction.</doc:definition>
      </Description>
   </Annotation>
   <Identification>
      <ShortName>marketDisruptionScheme</ShortName>
      <Version>1-0</Version>
      <CanonicalUri>http://www.fpml.org/coding-scheme/market-disruption</CanonicalUri>
      <CanonicalVersionUri>http://www.fpml.org/coding-scheme/market-disruption-1-0</CanonicalVersionUri>
      <LocationUri>http://www.fpml.org/coding-scheme/market-disruption-1-0.xml</LocationUri>
   </Identification>
   <ColumnSet>
      <Column Id="Code" Use="required">
         <ShortName>Code</ShortName>
         <Data Type="token">
            <Parameter ShortName="maxLength">63</Parameter>
         </Data>
      </Column>
      <Column Id="Source" Use="optional">
         <ShortName>Source</ShortName>
         <Data Type="string"/>
      </Column>
      <Column Id="Description" Use="optional">
         <ShortName>Description</ShortName>
         <Data Type="string"/>
      </Column>
      <Key Id="PrimaryKey">
         <ShortName>key</ShortName>
         <ColumnRef Ref="Code"/>
      </Key>
   </ColumnSet>
   <SimpleCodeList>
      <Row>
         <Value>
            <SimpleValue>ModifiedPostponement</SimpleValue>
         </Value>
         <Value>
            <SimpleValue>FpML</SimpleValue>
         </Value>
         <Value>
            <SimpleValue>As defined in section 6.7 para (c) subpara (iii) of the ISDA 2002 Equity Derivative definitions.</SimpleValue>
         </Value>
      </Row>
      <Row>
         <Value>
            <SimpleValue>Omission</SimpleValue>
         </Value>
         <Value>
            <SimpleValue>FpML</SimpleValue>
         </Value>
         <Value>
            <SimpleValue>As defined in section 6.7 para (c) subpara (i) of the ISDA 2002 Equity Derivative definitions.</SimpleValue>
         </Value>
      </Row>
      <Row>
         <Value>
            <SimpleValue>Postponement</SimpleValue>
         </Value>
         <Value>
            <SimpleValue>FpML</SimpleValue>
         </Value>
         <Value>
            <SimpleValue>As defined in section 6.7 para (c) subpara (ii) of the ISDA 2002 Equity Derivative definitions.</SimpleValue>
         </Value>
      </Row>
   </SimpleCodeList>
</gcl:CodeList>