<?xml version="1.0" encoding="UTF-8"?>
<gcl:CodeList xmlns:gcl="http://xml.genericode.org/2004/ns/CodeList/0.2/" xmlns:doc="http://www.fpml.org/coding-scheme/documentation" xmlns:xsi="http://www.w3.org/2001/XMLSchema-instance" xsi:schemaLocation="http://xml.genericode.org/2004/ns/CodeList/0.2/ CodeList.xsd">
   <Annotation>
      <Description>
         <doc:definition>Defines the version of the master agreement governing the transaction.</doc:definition>
         <doc:publicationDate>2014-02-05</doc:publicationDate>
      </Description>
   </Annotation>
   <Identification>
      <ShortName>masterAgreementVersionScheme</ShortName>
      <Version>1-4</Version>
      <CanonicalUri>http://www.fpml.org/coding-scheme/master-agreement-version</CanonicalUri>
      <CanonicalVersionUri>http://www.fpml.org/coding-scheme/master-agreement-version-1-4</CanonicalVersionUri>
      <LocationUri>http://www.fpml.org/coding-scheme/master-agreement-version-1-4.xml</LocationUri>
   </Identification>
   <ColumnSet>
      <Column Id="Code" Use="required">
         <ShortName>Code</ShortName>
         <Data Type="token">
            <Parameter ShortName="maxLength">63</Parameter>
         </Data>
      </Column>
      <Column Id="Source" Use="optional">
         <ShortName>Source</ShortName>
         <Data Type="string"/>
      </Column>
      <Column Id="Description" Use="optional">
         <ShortName>Description</ShortName>
         <Data Type="string"/>
      </Column>
      <Key Id="PrimaryKey">
         <ShortName>key</ShortName>
         <ColumnRef Ref="Code"/>
      </Key>
   </ColumnSet>
   <SimpleCodeList>
      <Row>
         <Value>
            <SimpleValue>1987</SimpleValue>
         </Value>
         <Value>
            <SimpleValue>FpML</SimpleValue>
         </Value>
         <Value>
            <SimpleValue>ISDA 1987 Master Agreement</SimpleValue>
         </Value>
      </Row>
      <Row>
         <Value>
            <SimpleValue>1992</SimpleValue>
         </Value>
         <Value>
            <SimpleValue>FpML</SimpleValue>
         </Value>
         <Value>
            <SimpleValue>ISDA 1992 Master Agreement</SimpleValue>
         </Value>
      </Row>
      <Row>
         <Value>
            <SimpleValue>1994</SimpleValue>
         </Value>
         <Value>
            <SimpleValue>FpML</SimpleValue>
         </Value>
         <Value>
            <SimpleValue>LBMA 1994 International Bullion Master Agreement Terms</SimpleValue>
         </Value>
      </Row>
      <Row>
         <Value>
            <SimpleValue>1995</SimpleValue>
         </Value>
         <Value>
            <SimpleValue>FpML</SimpleValue>
         </Value>
         <Value>
            <SimpleValue>ICMA Global Master Repurchase Agreement (GMRA) 1995</SimpleValue>
         </Value>
      </Row>
      <Row>
         <Value>
            <SimpleValue>1997</SimpleValue>
         </Value>
         <Value>
            <SimpleValue>FpML</SimpleValue>
         </Value>
         <Value>
            <SimpleValue>NBP 1997 Short Term Flat NBP Trading Terms and Conditions</SimpleValue>
         </Value>
      </Row>
      <Row>
         <Value>
            <SimpleValue>2000</SimpleValue>
         </Value>
         <Value>
            <SimpleValue>FpML</SimpleValue>
         </Value>
         <Value>
            <SimpleValue>ICMA Global Master Repurchase Agreement (GMRA) 2000</SimpleValue>
         </Value>
      </Row>
      <Row>
         <Value>
            <SimpleValue>2002</SimpleValue>
         </Value>
         <Value>
            <SimpleValue>FpML</SimpleValue>
         </Value>
         <Value>
            <SimpleValue>ISDA 2002 Master Agreement</SimpleValue>
         </Value>
      </Row>
      <Row>
         <Value>
            <SimpleValue>2004</SimpleValue>
         </Value>
         <Value>
            <SimpleValue>FpML</SimpleValue>
         </Value>
         <Value>
            <SimpleValue>ZBT 2004 Zeebrugge Hub Natural Gas Trading Terms and Conditions</SimpleValue>
         </Value>
      </Row>
      <Row>
         <Value>
            <SimpleValue>2006</SimpleValue>
         </Value>
         <Value>
            <SimpleValue>FpML</SimpleValue>
         </Value>
         <Value>
            <SimpleValue>MCPSA 2006 CTA Master Coal Purchase and Sales Agreement</SimpleValue>
         </Value>
      </Row>
      <Row>
         <Value>
            <SimpleValue>2007</SimpleValue>
         </Value>
         <Value>
            <SimpleValue>FpML</SimpleValue>
         </Value>
         <Value>
            <SimpleValue>Master Agreement and Contractual Terms for Repurchase Agreements on the Russian Financial Market 2007</SimpleValue>
         </Value>
      </Row>
      <Row>
         <Value>
            <SimpleValue>2009</SimpleValue>
         </Value>
         <Value>
            <SimpleValue>FpML</SimpleValue>
         </Value>
         <Value>
            <SimpleValue>Standard Documentation for Derivative Transactions on the Russian Financial Markets 2009</SimpleValue>
         </Value>
      </Row>
      <Row>
         <Value>
            <SimpleValue>2010</SimpleValue>
         </Value>
         <Value>
            <SimpleValue>FpML</SimpleValue>
         </Value>
         <Value>
            <SimpleValue>ISLA Global Master Agreement for Securities Lending 2010</SimpleValue>
         </Value>
      </Row>
      <Row>
         <Value>
            <SimpleValue>2011</SimpleValue>
         </Value>
         <Value>
            <SimpleValue>FpML</SimpleValue>
         </Value>
         <Value>
            <SimpleValue>ICMA Global Master Repurchase Agreement (GMRA) 2011, Standard Documentation for Derivative Transactions on the Russian Financial Markets 2011, Master Agreement and Contractual Terms for Repurchase Agreements on the Russian Financial Market 2011</SimpleValue>
         </Value>
      </Row>
      <Row>
         <Value>
            <SimpleValue>ERPA-v-3-0</SimpleValue>
         </Value>
         <Value>
            <SimpleValue>FpML</SimpleValue>
         </Value>
         <Value>
            <SimpleValue>International Emissions Trading Association Emissions Reduction Purchase Agreement Version 3.0</SimpleValue>
         </Value>
      </Row>
      <Row>
         <Value>
            <SimpleValue>ETMA-v-2-1</SimpleValue>
         </Value>
         <Value>
            <SimpleValue>FpML</SimpleValue>
         </Value>
         <Value>
            <SimpleValue>International Emissions Trading Association  Emissions Trading Master Agreement Version 2.1</SimpleValue>
         </Value>
      </Row>
      <Row>
         <Value>
            <SimpleValue>ETMA-v-3-0</SimpleValue>
         </Value>
         <Value>
            <SimpleValue>FpML</SimpleValue>
         </Value>
         <Value>
            <SimpleValue>International Emissions Trading Association  Emissions Trading Master Agreement Version 3.0</SimpleValue>
         </Value>
      </Row>
      <Row>
         <Value>
            <SimpleValue>IETMA-v-1-0</SimpleValue>
         </Value>
         <Value>
            <SimpleValue>FpML</SimpleValue>
         </Value>
         <Value>
            <SimpleValue>International Emissions Trading Association International Emissions Trading Master Agreement Version 1.0</SimpleValue>
         </Value>
      </Row>
   </SimpleCodeList>
</gcl:CodeList>