<?xml version="1.0" encoding="UTF-8"?>
<gcl:CodeList xmlns:gcl="http://xml.genericode.org/2004/ns/CodeList/0.2/" xmlns:doc="http://www.fpml.org/coding-scheme/documentation" xmlns:xsi="http://www.w3.org/2001/XMLSchema-instance" xsi:schemaLocation="http://xml.genericode.org/2004/ns/CodeList/0.2/ CodeList.xsd">
   <Annotation>
      <Description>
         <doc:definition>Defines a scheme of values for identifying the form of applicable matrix.</doc:definition>
         <doc:publicationDate>2015-07-15</doc:publicationDate>
      </Description>
   </Annotation>
   <Identification>
      <ShortName>matrixTypeScheme</ShortName>
      <Version>1-1</Version>
      <CanonicalUri>http://www.fpml.org/coding-scheme/matrix-type</CanonicalUri>
      <CanonicalVersionUri>http://www.fpml.org/coding-scheme/matrix-type-1-1</CanonicalVersionUri>
      <LocationUri>http://www.fpml.org/coding-scheme/matrix-type-1-1.xml</LocationUri>
   </Identification>
   <ColumnSet>
      <Column Id="Code" Use="required">
         <ShortName>Code</ShortName>
         <Data Type="token">
            <Parameter ShortName="maxLength">63</Parameter>
         </Data>
      </Column>
      <Column Id="Source" Use="optional">
         <ShortName>Source</ShortName>
         <Data Type="string"/>
      </Column>
      <Column Id="Description" Use="optional">
         <ShortName>Description</ShortName>
         <Data Type="string"/>
      </Column>
      <Key Id="PrimaryKey">
         <ShortName>key</ShortName>
         <ColumnRef Ref="Code"/>
      </Key>
   </ColumnSet>
   <SimpleCodeList>
      <Row>
         <Value>
            <SimpleValue>CreditDerivativesPhysicalSettlementMatrix</SimpleValue>
         </Value>
         <Value>
            <SimpleValue>FpML</SimpleValue>
         </Value>
         <Value>
            <SimpleValue>The ISDA-published Credit Derivatives Physical Settlement Matrix.</SimpleValue>
         </Value>
      </Row>
      <Row>
         <Value>
            <SimpleValue>EquityDerivativesMatrix</SimpleValue>
         </Value>
         <Value>
            <SimpleValue>FpML</SimpleValue>
         </Value>
         <Value>
            <SimpleValue>The ISDA-published Equity Derivatives Matrix.</SimpleValue>
         </Value>
      </Row>
      <Row>
         <Value>
            <SimpleValue>SettlementMatrix</SimpleValue>
         </Value>
         <Value>
            <SimpleValue>FpML</SimpleValue>
         </Value>
         <Value>
            <SimpleValue>The ISDA-published 2000 ISDA Definitions Settlement Matrix for Early Terminations and Swaptions.</SimpleValue>
         </Value>
      </Row>
   </SimpleCodeList>
</gcl:CodeList>