<?xml version="1.0" encoding="UTF-8"?>
<gcl:CodeList xmlns:gcl="http://xml.genericode.org/2004/ns/CodeList/0.2/" xmlns:doc="http://www.fpml.org/coding-scheme/documentation" xmlns:xsi="http://www.w3.org/2001/XMLSchema-instance" xsi:schemaLocation="http://xml.genericode.org/2004/ns/CodeList/0.2/ CodeList.xsd">
   <Annotation>
      <Description>
         <doc:definition>A period during which no settlement of a trade can occur, other than non-business days.</doc:definition>
         <doc:publicationDate>2017-12-22</doc:publicationDate>
      </Description>
   </Annotation>
   <Identification>
      <ShortName>noSettlePeriodTypeScheme</ShortName>
      <Version>1-0</Version>
      <CanonicalUri>http://www.fpml.org/coding-scheme/no-settle-period-type</CanonicalUri>
      <CanonicalVersionUri>http://www.fpml.org/coding-scheme/no-settle-period-type-1-0</CanonicalVersionUri>
      <LocationUri>http://www.fpml.org/coding-scheme/no-settle-period-type-1-0.xml</LocationUri>
   </Identification>
   <ColumnSet>
      <Column Id="Code" Use="required">
         <ShortName>Code</ShortName>
         <Data Type="token">
            <Parameter ShortName="maxLength">63</Parameter>
         </Data>
      </Column>
      <Column Id="Source" Use="optional">
         <ShortName>Source</ShortName>
         <Data Type="string"/>
      </Column>
      <Column Id="Description" Use="optional">
         <ShortName>Description</ShortName>
         <Data Type="string"/>
      </Column>
      <Key Id="PrimaryKey">
         <ShortName>key</ShortName>
         <ColumnRef Ref="Code"/>
      </Key>
   </ColumnSet>
   <SimpleCodeList>
      <Row>
         <Value>
            <SimpleValue>AgentFreeze</SimpleValue>
         </Value>
         <Value>
            <SimpleValue>FpML</SimpleValue>
         </Value>
         <Value>
            <SimpleValue>Period during which, due to servicing obligations by the Agent, no settlement of trades can occur.</SimpleValue>
         </Value>
      </Row>
      <Row>
         <Value>
            <SimpleValue>CLOBlackout</SimpleValue>
         </Value>
         <Value>
            <SimpleValue>FpML</SimpleValue>
         </Value>
         <Value>
            <SimpleValue>Period during which, due to the formation and funding of a CLO entity lender, no settlement of trades can occur.</SimpleValue>
         </Value>
      </Row>
   </SimpleCodeList>
</gcl:CodeList>