<?xml version="1.0" encoding="UTF-8"?>
<gcl:CodeList xmlns:gcl="http://xml.genericode.org/2004/ns/CodeList/0.2/" xmlns:doc="http://www.fpml.org/coding-scheme/documentation" xmlns:xsi="http://www.w3.org/2001/XMLSchema-instance" xsi:schemaLocation="http://xml.genericode.org/2004/ns/CodeList/0.2/ CodeList.xsd">
   <Annotation>
      <Description>
         <doc:definition>Includes the currency codes to expand the ISO 4217 currency list, including the offshore and historical currencies.</doc:definition>
         <doc:publicationDate>2016-10-28</doc:publicationDate>
      </Description>
   </Annotation>
   <Identification>
      <ShortName>nonIsoCurrencyScheme</ShortName>
      <Version>1-0 </Version>
      <CanonicalUri>http://www.fpml.org/coding-scheme/non-iso-currency</CanonicalUri>
      <CanonicalVersionUri>http://www.fpml.org/coding-scheme/non-iso-currency-1-0</CanonicalVersionUri>
      <LocationUri>http://www.fpml.org/coding-scheme/non-iso-currency-1-0.xml</LocationUri>
   </Identification>
   <ColumnSet>
      <Column Id="Code" Use="required">
         <ShortName>Code</ShortName>
         <Data Type="token">
            <Parameter ShortName="maxLength">63</Parameter>
         </Data>
      </Column>
      <Column Id="Source" Use="optional">
         <ShortName>Source</ShortName>
         <Data Type="string"/>
      </Column>
      <Column Id="Description" Use="optional">
         <ShortName>Description</ShortName>
         <Data Type="string"/>
      </Column>
      <Key Id="PrimaryKey">
         <ShortName>key</ShortName>
         <ColumnRef Ref="Code"/>
      </Key>
   </ColumnSet>
   <SimpleCodeList>
      <Row>
         <Value>
            <SimpleValue>CNH</SimpleValue>
         </Value>
         <Value>
            <SimpleValue>FpML</SimpleValue>
         </Value>
         <Value>
            <SimpleValue>Offshore Chinese Yuan traded in Hong Kong.</SimpleValue>
         </Value>
      </Row>
      <Row>
         <Value>
            <SimpleValue>CNT</SimpleValue>
         </Value>
         <Value>
            <SimpleValue>FpML</SimpleValue>
         </Value>
         <Value>
            <SimpleValue>Offshore Chinese Yuan traded in Taiwan.</SimpleValue>
         </Value>
      </Row>
      <Row>
         <Value>
            <SimpleValue>GGP</SimpleValue>
         </Value>
         <Value>
            <SimpleValue>FpML</SimpleValue>
         </Value>
         <Value>
            <SimpleValue>Guernsey Pound.</SimpleValue>
         </Value>
      </Row>
      <Row>
         <Value>
            <SimpleValue>IMP</SimpleValue>
         </Value>
         <Value>
            <SimpleValue>FpML</SimpleValue>
         </Value>
         <Value>
            <SimpleValue>Isle of Man Pound.</SimpleValue>
         </Value>
      </Row>
      <Row>
         <Value>
            <SimpleValue>JEP</SimpleValue>
         </Value>
         <Value>
            <SimpleValue>FpML</SimpleValue>
         </Value>
         <Value>
            <SimpleValue>Jersey Pound.</SimpleValue>
         </Value>
      </Row>
      <Row>
         <Value>
            <SimpleValue>KID</SimpleValue>
         </Value>
         <Value>
            <SimpleValue>FpML</SimpleValue>
         </Value>
         <Value>
            <SimpleValue>Kiribati Dollar.</SimpleValue>
         </Value>
      </Row>
      <Row>
         <Value>
            <SimpleValue>KID</SimpleValue>
         </Value>
         <Value>
            <SimpleValue>FpML</SimpleValue>
         </Value>
         <Value>
            <SimpleValue>TVD.</SimpleValue>
         </Value>
      </Row>
      <Row>
         <Value>
            <SimpleValue>MCF</SimpleValue>
         </Value>
         <Value>
            <SimpleValue>FpML</SimpleValue>
         </Value>
         <Value>
            <SimpleValue>Monegasque franc. Historical currency code.</SimpleValue>
         </Value>
      </Row>
      <Row>
         <Value>
            <SimpleValue>SML</SimpleValue>
         </Value>
         <Value>
            <SimpleValue>FpML</SimpleValue>
         </Value>
         <Value>
            <SimpleValue>Sammarinese lira. Hhistorical currency code.</SimpleValue>
         </Value>
      </Row>
      <Row>
         <Value>
            <SimpleValue>VAL</SimpleValue>
         </Value>
         <Value>
            <SimpleValue>FpML</SimpleValue>
         </Value>
         <Value>
            <SimpleValue>Vatican lira. Historical currency code.</SimpleValue>
         </Value>
      </Row>
   </SimpleCodeList>
</gcl:CodeList>