<?xml version="1.0" encoding="UTF-8"?>
<gcl:CodeList xmlns:gcl="http://xml.genericode.org/2004/ns/CodeList/0.2/" xmlns:doc="http://www.fpml.org/coding-scheme/documentation" xmlns:xsi="http://www.w3.org/2001/XMLSchema-instance" xsi:schemaLocation="http://xml.genericode.org/2004/ns/CodeList/0.2/ CodeList.xsd">
   <Annotation>
      <Description>
         <doc:definition>Contains a code representing the type of organization. Used to clarify which participant's information is being reported.</doc:definition>
         <doc:publicationDate>2011-09-29</doc:publicationDate>
      </Description>
   </Annotation>
   <Identification>
      <ShortName>categoryScheme</ShortName>
      <Version>1-0</Version>
      <CanonicalUri>http://www.fpml.org/coding-scheme/org-type-category</CanonicalUri>
      <CanonicalVersionUri>http://www.fpml.org/coding-scheme/org-type-category-1-0</CanonicalVersionUri>
      <LocationUri>http://www.fpml.org/coding-scheme/org-type-category-1-0.xml</LocationUri>
   </Identification>
   <ColumnSet>
      <Column Id="Code" Use="required">
         <ShortName>Code</ShortName>
         <Data Type="token">
            <Parameter ShortName="maxLength">63</Parameter>
         </Data>
      </Column>
      <Column Id="Source" Use="optional">
         <ShortName>Source</ShortName>
         <Data Type="string"/>
      </Column>
      <Column Id="Description" Use="optional">
         <ShortName>Description</ShortName>
         <Data Type="string"/>
      </Column>
      <Key Id="PrimaryKey">
         <ShortName>key</ShortName>
         <ColumnRef Ref="Code"/>
      </Key>
   </ColumnSet>
   <SimpleCodeList>
      <Row>
         <Value>
            <SimpleValue>Agent</SimpleValue>
         </Value>
         <Value>
            <SimpleValue>FpML</SimpleValue>
         </Value>
         <Value>
            <SimpleValue>The trade or trade report represents the information from the perspective of the sender of the report, typically a clearing member firm or dealer (acting as an agent).</SimpleValue>
         </Value>
      </Row>
      <Row>
         <Value>
            <SimpleValue>Counterparty</SimpleValue>
         </Value>
         <Value>
            <SimpleValue>FpML</SimpleValue>
         </Value>
         <Value>
            <SimpleValue>The trade or trade report represents the information from the perspective of the counterparty of the sender of the report, which is typically a clearing member firm or dealer.</SimpleValue>
         </Value>
      </Row>
      <Row>
         <Value>
            <SimpleValue>Customer</SimpleValue>
         </Value>
         <Value>
            <SimpleValue>FpML</SimpleValue>
         </Value>
         <Value>
            <SimpleValue>The trade or trade report represents the information from the perspective of a client opposite the sender of the report, which is typically a clearing member firm or dealer.</SimpleValue>
         </Value>
      </Row>
      <Row>
         <Value>
            <SimpleValue>Principal</SimpleValue>
         </Value>
         <Value>
            <SimpleValue>FpML</SimpleValue>
         </Value>
         <Value>
            <SimpleValue>The trade or trade report represents the information from the perspective of the sender of the report, typically a clearing member firm or dealer (acting as a principal).</SimpleValue>
         </Value>
      </Row>
   </SimpleCodeList>
</gcl:CodeList>