<?xml version="1.0" encoding="UTF-8"?>
<gcl:CodeList xmlns:gcl="http://xml.genericode.org/2004/ns/CodeList/0.2/" xmlns:doc="http://www.fpml.org/coding-scheme/documentation" xmlns:xsi="http://www.w3.org/2001/XMLSchema-instance" xsi:schemaLocation="http://xml.genericode.org/2004/ns/CodeList/0.2/ CodeList.xsd">
   <Annotation>
      <Description>
         <doc:definition>Indicates a type of organization.</doc:definition>
         <doc:publicationDate>2016-06-13</doc:publicationDate>
      </Description>
   </Annotation>
   <Identification>
      <ShortName>organizationTypeScheme</ShortName>
      <Version>2-0</Version>
      <CanonicalUri>http://www.fpml.org/coding-scheme/organization-type</CanonicalUri>
      <CanonicalVersionUri>http://www.fpml.org/coding-scheme/organization-type-2-0</CanonicalVersionUri>
      <LocationUri>http://www.fpml.org/coding-scheme/organization-type-2-0.xml</LocationUri>
   </Identification>
   <ColumnSet>
      <Column Id="Code" Use="required">
         <ShortName>Code</ShortName>
         <Data Type="token">
            <Parameter ShortName="maxLength">63</Parameter>
         </Data>
      </Column>
      <Column Id="Source" Use="optional">
         <ShortName>Source</ShortName>
         <Data Type="string"/>
      </Column>
      <Column Id="Description" Use="optional">
         <ShortName>Description</ShortName>
         <Data Type="string"/>
      </Column>
      <Key Id="PrimaryKey">
         <ShortName>key</ShortName>
         <ColumnRef Ref="Code"/>
      </Key>
   </ColumnSet>
   <SimpleCodeList>
      <Row>
         <Value>
            <SimpleValue>MSP</SimpleValue>
         </Value>
         <Value>
            <SimpleValue>FpML</SimpleValue>
         </Value>
         <Value>
            <SimpleValue>A significant participant in the swaps market, for example as defined by the Dodd-Frank Act.</SimpleValue>
         </Value>
      </Row>
      <Row>
         <Value>
            <SimpleValue>NaturalPerson</SimpleValue>
         </Value>
         <Value>
            <SimpleValue>FpML</SimpleValue>
         </Value>
         <Value>
            <SimpleValue>A human being.</SimpleValue>
         </Value>
      </Row>
      <Row>
         <Value>
            <SimpleValue>non-SD/MSP</SimpleValue>
         </Value>
         <Value>
            <SimpleValue>FpML</SimpleValue>
         </Value>
         <Value>
            <SimpleValue>A firm that is neither a swap dealer nor a major swaps participant under the Dodd-Frank Act.</SimpleValue>
         </Value>
      </Row>
      <Row>
         <Value>
            <SimpleValue>SD</SimpleValue>
         </Value>
         <Value>
            <SimpleValue>FpML</SimpleValue>
         </Value>
         <Value>
            <SimpleValue>Registered swap dealer.</SimpleValue>
         </Value>
      </Row>
   </SimpleCodeList>
</gcl:CodeList>