<?xml version="1.0" encoding="UTF-8"?>
<gcl:CodeList xmlns:gcl="http://xml.genericode.org/2004/ns/CodeList/0.2/" xmlns:doc="http://www.fpml.org/coding-scheme/documentation" xmlns:xsi="http://www.w3.org/2001/XMLSchema-instance" xsi:schemaLocation="http://xml.genericode.org/2004/ns/CodeList/0.2/ CodeList.xsd">
   <Annotation>
      <Description>
         <doc:definition>A type is containing a code representing how two parties are related, e.g. Affiliated, Intragroup.</doc:definition>
         <doc:publicationDate>2015-05-10</doc:publicationDate>
      </Description>
   </Annotation>
   <Identification>
      <ShortName>partyRelationshipTypeScheme</ShortName>
      <Version>1-1</Version>
      <CanonicalUri>http://www.fpml.org/coding-scheme/party-relationship-type</CanonicalUri>
      <CanonicalVersionUri>http://www.fpml.org/coding-scheme/party-relationship-type-1-1</CanonicalVersionUri>
      <LocationUri>http://www.fpml.org/coding-scheme/party-relationship-type-1-1.xml</LocationUri>
   </Identification>
   <ColumnSet>
      <Column Id="Code" Use="required">
         <ShortName>Code</ShortName>
         <Data Type="token">
            <Parameter ShortName="maxLength">63</Parameter>
         </Data>
      </Column>
      <Column Id="Source" Use="optional">
         <ShortName>Source</ShortName>
         <Data Type="string"/>
      </Column>
      <Column Id="Description" Use="optional">
         <ShortName>Description</ShortName>
         <Data Type="string"/>
      </Column>
      <Key Id="PrimaryKey">
         <ShortName>key</ShortName>
         <ColumnRef Ref="Code"/>
      </Key>
   </ColumnSet>
   <SimpleCodeList>
      <Row>
         <Value>
            <SimpleValue>Affiliated</SimpleValue>
         </Value>
         <Value>
            <SimpleValue>FpML</SimpleValue>
         </Value>
         <Value>
            <SimpleValue>Indicates whether the transaction is between two affiliated entities. It is referred to as Inter-affiliate under the Canadian CSA reporting regime.</SimpleValue>
         </Value>
      </Row>
      <Row>
         <Value>
            <SimpleValue>Inter-Dealer</SimpleValue>
         </Value>
         <Value>
            <SimpleValue>FpML</SimpleValue>
         </Value>
         <Value>
            <SimpleValue>Indicates the transaction is between two dealers.</SimpleValue>
         </Value>
      </Row>
      <Row>
         <Value>
            <SimpleValue>Intragroup</SimpleValue>
         </Value>
         <Value>
            <SimpleValue>FpML</SimpleValue>
         </Value>
         <Value>
            <SimpleValue>Indicates whether the contract was concluded as an intra-group transaction, defined in Article 3, 4(2), 11(6) to 11(10) of EMIR.</SimpleValue>
         </Value>
      </Row>
   </SimpleCodeList>
</gcl:CodeList>