<?xml version="1.0" encoding="UTF-8"?>
<gcl:CodeList xmlns:gcl="http://xml.genericode.org/2004/ns/CodeList/0.2/" xmlns:doc="http://www.fpml.org/coding-scheme/documentation" xmlns:xsi="http://www.w3.org/2001/XMLSchema-instance" xsi:schemaLocation="http://xml.genericode.org/2004/ns/CodeList/0.2/ CodeList.xsd">
   <Annotation>
      <Description>
         <doc:definition>Specifies the units in which a price is quoted.</doc:definition>
         <doc:publicationDate>2015-11-04</doc:publicationDate>
      </Description>
   </Annotation>
   <Identification>
      <ShortName>priceQuoteUnitsScheme</ShortName>
      <Version>2-3</Version>
      <CanonicalUri>http://www.fpml.org/coding-scheme/price-quote-units</CanonicalUri>
      <CanonicalVersionUri>http://www.fpml.org/coding-scheme/price-quote-units-2-3</CanonicalVersionUri>
      <LocationUri>http://www.fpml.org/coding-scheme/price-quote-units-2-3.xml</LocationUri>
   </Identification>
   <ColumnSet>
      <Column Id="Code" Use="required">
         <ShortName>Code</ShortName>
         <Data Type="token">
            <Parameter ShortName="maxLength">63</Parameter>
         </Data>
      </Column>
      <Column Id="Source" Use="optional">
         <ShortName>Source</ShortName>
         <Data Type="string"/>
      </Column>
      <Column Id="Description" Use="optional">
         <ShortName>Description</ShortName>
         <Data Type="string"/>
      </Column>
      <Key Id="PrimaryKey">
         <ShortName>key</ShortName>
         <ColumnRef Ref="Code"/>
      </Key>
   </ColumnSet>
   <SimpleCodeList>
      <Row>
         <Value>
            <SimpleValue>Allowances</SimpleValue>
         </Value>
         <Value>
            <SimpleValue>FpML</SimpleValue>
         </Value>
         <Value>
            <SimpleValue>Environmental allowance certificates.</SimpleValue>
         </Value>
      </Row>
      <Row>
         <Value>
            <SimpleValue>Amount</SimpleValue>
         </Value>
         <Value>
            <SimpleValue>FpML</SimpleValue>
         </Value>
         <Value>
            <SimpleValue>A numerical amount (typically a currency amount), expressed as a decimal value.</SimpleValue>
         </Value>
      </Row>
      <Row>
         <Value>
            <SimpleValue>BasisPoints</SimpleValue>
         </Value>
         <Value>
            <SimpleValue>FpML</SimpleValue>
         </Value>
         <Value>
            <SimpleValue>A value expressed in terms of one hundredths of a percent, i.e. 5 means 5 basis points (bp) or  0.05%.</SimpleValue>
         </Value>
      </Row>
      <Row>
         <Value>
            <SimpleValue>BasisPointValue</SimpleValue>
         </Value>
         <Value>
            <SimpleValue>FpML</SimpleValue>
         </Value>
         <Value>
            <SimpleValue>The value (expressed in currency units) per basis point change in the underlying rate. Typically used for expressing sensitivity to interest rate chages ("IR delta" risk, "rho" risk).</SimpleValue>
         </Value>
      </Row>
      <Row>
         <Value>
            <SimpleValue>BasisPointValuePerBasisPoint</SimpleValue>
         </Value>
         <Value>
            <SimpleValue>FpML</SimpleValue>
         </Value>
         <Value>
            <SimpleValue>The Basis Point Value (BPV) (expressed in currency units per basis point) per basis point change in the underlying rate. Typically used for expressing second order sensitivity to interest rate changes (IR "gamma" risk, "convexity").</SimpleValue>
         </Value>
      </Row>
      <Row>
         <Value>
            <SimpleValue>BBL</SimpleValue>
         </Value>
         <Value>
            <SimpleValue>FpML</SimpleValue>
         </Value>
         <Value>
            <SimpleValue>Barrel.</SimpleValue>
         </Value>
      </Row>
      <Row>
         <Value>
            <SimpleValue>BCF</SimpleValue>
         </Value>
         <Value>
            <SimpleValue>FpML</SimpleValue>
         </Value>
         <Value>
            <SimpleValue>Billion cubic feet.</SimpleValue>
         </Value>
      </Row>
      <Row>
         <Value>
            <SimpleValue>BSH</SimpleValue>
         </Value>
         <Value>
            <SimpleValue>FpML</SimpleValue>
         </Value>
         <Value>
            <SimpleValue>Bushel - When associated with a specific commodity, e.g. Barley, implies standard unit of weight, in this case 48 lb or 21.7725 kg.</SimpleValue>
         </Value>
      </Row>
      <Row>
         <Value>
            <SimpleValue>BTU</SimpleValue>
         </Value>
         <Value>
            <SimpleValue>FpML</SimpleValue>
         </Value>
         <Value>
            <SimpleValue>British Thermal Unit.</SimpleValue>
         </Value>
      </Row>
      <Row>
         <Value>
            <SimpleValue>CDD</SimpleValue>
         </Value>
         <Value>
            <SimpleValue>FpML</SimpleValue>
         </Value>
         <Value>
            <SimpleValue>Cooling Degree Day.</SimpleValue>
         </Value>
      </Row>
      <Row>
         <Value>
            <SimpleValue>CPD</SimpleValue>
         </Value>
         <Value>
            <SimpleValue>FpML</SimpleValue>
         </Value>
         <Value>
            <SimpleValue>Critical Precipitation Day.</SimpleValue>
         </Value>
      </Row>
      <Row>
         <Value>
            <SimpleValue>CWT</SimpleValue>
         </Value>
         <Value>
            <SimpleValue>FpML</SimpleValue>
         </Value>
         <Value>
            <SimpleValue>Short hundredweight (100 lb).</SimpleValue>
         </Value>
      </Row>
      <Row>
         <Value>
            <SimpleValue>dag</SimpleValue>
         </Value>
         <Value>
            <SimpleValue>FpML</SimpleValue>
         </Value>
         <Value>
            <SimpleValue>10 grams. Used in precious metals contracts (e.g MCX).</SimpleValue>
         </Value>
      </Row>
      <Row>
         <Value>
            <SimpleValue>Day</SimpleValue>
         </Value>
         <Value>
            <SimpleValue>FpML</SimpleValue>
         </Value>
         <Value>
            <SimpleValue>Day (commonly used in Time Charter trades).</SimpleValue>
         </Value>
      </Row>
      <Row>
         <Value>
            <SimpleValue>Discount</SimpleValue>
         </Value>
         <Value>
            <SimpleValue>FpML</SimpleValue>
         </Value>
         <Value>
            <SimpleValue>A discount factor expressed as a decimal, e.g. 0.95.</SimpleValue>
         </Value>
      </Row>
      <Row>
         <Value>
            <SimpleValue>dmtu</SimpleValue>
         </Value>
         <Value>
            <SimpleValue>FpML</SimpleValue>
         </Value>
         <Value>
            <SimpleValue>Dry Metric Ton (Tonne) Units - Consists of a metric ton of mass excluding moisture.</SimpleValue>
         </Value>
      </Row>
      <Row>
         <Value>
            <SimpleValue>DTH</SimpleValue>
         </Value>
         <Value>
            <SimpleValue>FpML</SimpleValue>
         </Value>
         <Value>
            <SimpleValue>Dekatherm.</SimpleValue>
         </Value>
      </Row>
      <Row>
         <Value>
            <SimpleValue>ExchangeRate</SimpleValue>
         </Value>
         <Value>
            <SimpleValue>FpML</SimpleValue>
         </Value>
         <Value>
            <SimpleValue>A dimensionless conversion rate, e.g. 1.2. Typically used for FX.</SimpleValue>
         </Value>
      </Row>
      <Row>
         <Value>
            <SimpleValue>FEU</SimpleValue>
         </Value>
         <Value>
            <SimpleValue>FpML</SimpleValue>
         </Value>
         <Value>
            <SimpleValue>40 ft. Equivalent Unit container.</SimpleValue>
         </Value>
      </Row>
      <Row>
         <Value>
            <SimpleValue>GAL</SimpleValue>
         </Value>
         <Value>
            <SimpleValue>FpML</SimpleValue>
         </Value>
         <Value>
            <SimpleValue>Gallon.</SimpleValue>
         </Value>
      </Row>
      <Row>
         <Value>
            <SimpleValue>GJ</SimpleValue>
         </Value>
         <Value>
            <SimpleValue>FpML</SimpleValue>
         </Value>
         <Value>
            <SimpleValue>Gigajoule.</SimpleValue>
         </Value>
      </Row>
      <Row>
         <Value>
            <SimpleValue>GW</SimpleValue>
         </Value>
         <Value>
            <SimpleValue>FpML</SimpleValue>
         </Value>
         <Value>
            <SimpleValue>Gigawatt.</SimpleValue>
         </Value>
      </Row>
      <Row>
         <Value>
            <SimpleValue>GWh</SimpleValue>
         </Value>
         <Value>
            <SimpleValue>FpML</SimpleValue>
         </Value>
         <Value>
            <SimpleValue>Gigawatt-hour.</SimpleValue>
         </Value>
      </Row>
      <Row>
         <Value>
            <SimpleValue>HDD</SimpleValue>
         </Value>
         <Value>
            <SimpleValue>FpML</SimpleValue>
         </Value>
         <Value>
            <SimpleValue>Heating Degree Day.</SimpleValue>
         </Value>
      </Row>
      <Row>
         <Value>
            <SimpleValue>hL</SimpleValue>
         </Value>
         <Value>
            <SimpleValue>FpML</SimpleValue>
         </Value>
         <Value>
            <SimpleValue>Hectolitre.</SimpleValue>
         </Value>
      </Row>
      <Row>
         <Value>
            <SimpleValue>IndexUnits</SimpleValue>
         </Value>
         <Value>
            <SimpleValue>FpML</SimpleValue>
         </Value>
         <Value>
            <SimpleValue>A price, expressed in index units.</SimpleValue>
         </Value>
      </Row>
      <Row>
         <Value>
            <SimpleValue>Ingot</SimpleValue>
         </Value>
         <Value>
            <SimpleValue>FpML</SimpleValue>
         </Value>
         <Value>
            <SimpleValue>Ingot.</SimpleValue>
         </Value>
      </Row>
      <Row>
         <Value>
            <SimpleValue>IRFuturesPrice</SimpleValue>
         </Value>
         <Value>
            <SimpleValue>FpML</SimpleValue>
         </Value>
         <Value>
            <SimpleValue>A IMM futures style price, e.g. 9750 is equivalent to 2.5%.</SimpleValue>
         </Value>
      </Row>
      <Row>
         <Value>
            <SimpleValue>KG</SimpleValue>
         </Value>
         <Value>
            <SimpleValue>FpML</SimpleValue>
         </Value>
         <Value>
            <SimpleValue>Kilogram.</SimpleValue>
         </Value>
      </Row>
      <Row>
         <Value>
            <SimpleValue>kL</SimpleValue>
         </Value>
         <Value>
            <SimpleValue>FpML</SimpleValue>
         </Value>
         <Value>
            <SimpleValue>Kilolitre.</SimpleValue>
         </Value>
      </Row>
      <Row>
         <Value>
            <SimpleValue>KW</SimpleValue>
         </Value>
         <Value>
            <SimpleValue>FpML</SimpleValue>
         </Value>
         <Value>
            <SimpleValue>Kilowatt.</SimpleValue>
         </Value>
      </Row>
      <Row>
         <Value>
            <SimpleValue>KWh</SimpleValue>
         </Value>
         <Value>
            <SimpleValue>FpML</SimpleValue>
         </Value>
         <Value>
            <SimpleValue>Kilowatt-hour.</SimpleValue>
         </Value>
      </Row>
      <Row>
         <Value>
            <SimpleValue>L</SimpleValue>
         </Value>
         <Value>
            <SimpleValue>FpML</SimpleValue>
         </Value>
         <Value>
            <SimpleValue>Litre.</SimpleValue>
         </Value>
      </Row>
      <Row>
         <Value>
            <SimpleValue>LB</SimpleValue>
         </Value>
         <Value>
            <SimpleValue>FpML</SimpleValue>
         </Value>
         <Value>
            <SimpleValue>Pound.</SimpleValue>
         </Value>
      </Row>
      <Row>
         <Value>
            <SimpleValue>LogNormalVolatility</SimpleValue>
         </Value>
         <Value>
            <SimpleValue>FpML</SimpleValue>
         </Value>
         <Value>
            <SimpleValue>A log normal volatility, expressed in %/month, where the percentage is represented as a decimal.   For example, 0.15 means a log-normal volatility of 15% per month.</SimpleValue>
         </Value>
      </Row>
      <Row>
         <Value>
            <SimpleValue>MB</SimpleValue>
         </Value>
         <Value>
            <SimpleValue>FpML</SimpleValue>
         </Value>
         <Value>
            <SimpleValue>Thousand Barrels (BBL).</SimpleValue>
         </Value>
      </Row>
      <Row>
         <Value>
            <SimpleValue>MBF</SimpleValue>
         </Value>
         <Value>
            <SimpleValue>FpML</SimpleValue>
         </Value>
         <Value>
            <SimpleValue>Thousand board feet. Used in contracts on forestry underlyers.</SimpleValue>
         </Value>
      </Row>
      <Row>
         <Value>
            <SimpleValue>MJ</SimpleValue>
         </Value>
         <Value>
            <SimpleValue>FpML</SimpleValue>
         </Value>
         <Value>
            <SimpleValue>Megajoule.</SimpleValue>
         </Value>
      </Row>
      <Row>
         <Value>
            <SimpleValue>MMBF</SimpleValue>
         </Value>
         <Value>
            <SimpleValue>FpML</SimpleValue>
         </Value>
         <Value>
            <SimpleValue>Million board feet. Used in contracts on forestry underlyers.</SimpleValue>
         </Value>
      </Row>
      <Row>
         <Value>
            <SimpleValue>MMBTU</SimpleValue>
         </Value>
         <Value>
            <SimpleValue>FpML</SimpleValue>
         </Value>
         <Value>
            <SimpleValue>Million British Thermal Units.</SimpleValue>
         </Value>
      </Row>
      <Row>
         <Value>
            <SimpleValue>msf</SimpleValue>
         </Value>
         <Value>
            <SimpleValue>FpML</SimpleValue>
         </Value>
         <Value>
            <SimpleValue>Thousand (1,000) square feet.</SimpleValue>
         </Value>
      </Row>
      <Row>
         <Value>
            <SimpleValue>MT</SimpleValue>
         </Value>
         <Value>
            <SimpleValue>FpML</SimpleValue>
         </Value>
         <Value>
            <SimpleValue>Metric Tonne.</SimpleValue>
         </Value>
      </Row>
      <Row>
         <Value>
            <SimpleValue>MW</SimpleValue>
         </Value>
         <Value>
            <SimpleValue>FpML</SimpleValue>
         </Value>
         <Value>
            <SimpleValue>Megawatt.</SimpleValue>
         </Value>
      </Row>
      <Row>
         <Value>
            <SimpleValue>MWh</SimpleValue>
         </Value>
         <Value>
            <SimpleValue>FpML</SimpleValue>
         </Value>
         <Value>
            <SimpleValue>Megawatt-hour.</SimpleValue>
         </Value>
      </Row>
      <Row>
         <Value>
            <SimpleValue>ozt</SimpleValue>
         </Value>
         <Value>
            <SimpleValue>FpML</SimpleValue>
         </Value>
         <Value>
            <SimpleValue>Troy Ounce.</SimpleValue>
         </Value>
      </Row>
      <Row>
         <Value>
            <SimpleValue>ParValueDecimal</SimpleValue>
         </Value>
         <Value>
            <SimpleValue>FpML</SimpleValue>
         </Value>
         <Value>
            <SimpleValue>A price, expressed in percentage of face value as a decimal, e.g. 101.5.</SimpleValue>
         </Value>
      </Row>
      <Row>
         <Value>
            <SimpleValue>ParValueFraction</SimpleValue>
         </Value>
         <Value>
            <SimpleValue>FpML</SimpleValue>
         </Value>
         <Value>
            <SimpleValue>A price, expressed in percentage of face value with fractions, e.g. 101 3/8. Normally used for quoting bonds.</SimpleValue>
         </Value>
      </Row>
      <Row>
         <Value>
            <SimpleValue>Percentage</SimpleValue>
         </Value>
         <Value>
            <SimpleValue>FpML</SimpleValue>
         </Value>
         <Value>
            <SimpleValue>A value expressed in percentage units i.e. 5 means 5%.</SimpleValue>
         </Value>
      </Row>
      <Row>
         <Value>
            <SimpleValue>Price</SimpleValue>
         </Value>
         <Value>
            <SimpleValue>FpML</SimpleValue>
         </Value>
         <Value>
            <SimpleValue>A price, expressed in currency units.</SimpleValue>
         </Value>
      </Row>
      <Row>
         <Value>
            <SimpleValue>Rate</SimpleValue>
         </Value>
         <Value>
            <SimpleValue>FpML</SimpleValue>
         </Value>
         <Value>
            <SimpleValue>A yield (typically an interest rate) expressed as a decimal. I.e. 0.05 means 5%.</SimpleValue>
         </Value>
      </Row>
      <Row>
         <Value>
            <SimpleValue>Shares</SimpleValue>
         </Value>
         <Value>
            <SimpleValue>FpML</SimpleValue>
         </Value>
         <Value>
            <SimpleValue>The number of units of stock. Typically used for expressing sensitivity to equity prices (equity "delta" risk).</SimpleValue>
         </Value>
      </Row>
      <Row>
         <Value>
            <SimpleValue>Spread</SimpleValue>
         </Value>
         <Value>
            <SimpleValue>FpML</SimpleValue>
         </Value>
         <Value>
            <SimpleValue>A difference in rates or prices expressed as a decimal. I.e. 0.05 means 5%.</SimpleValue>
         </Value>
      </Row>
      <Row>
         <Value>
            <SimpleValue>st</SimpleValue>
         </Value>
         <Value>
            <SimpleValue>FpML</SimpleValue>
         </Value>
         <Value>
            <SimpleValue>Short Ton.</SimpleValue>
         </Value>
      </Row>
      <Row>
         <Value>
            <SimpleValue>st</SimpleValue>
         </Value>
         <Value>
            <SimpleValue>FpML</SimpleValue>
         </Value>
         <Value>
            <SimpleValue>Short Ton.</SimpleValue>
         </Value>
      </Row>
      <Row>
         <Value>
            <SimpleValue>t</SimpleValue>
         </Value>
         <Value>
            <SimpleValue>FpML</SimpleValue>
         </Value>
         <Value>
            <SimpleValue>(Long) Ton.</SimpleValue>
         </Value>
      </Row>
      <Row>
         <Value>
            <SimpleValue>TEU</SimpleValue>
         </Value>
         <Value>
            <SimpleValue>FpML</SimpleValue>
         </Value>
         <Value>
            <SimpleValue>20 ft. Equivalent Unit container.</SimpleValue>
         </Value>
      </Row>
      <Row>
         <Value>
            <SimpleValue>Therm</SimpleValue>
         </Value>
         <Value>
            <SimpleValue>FpML</SimpleValue>
         </Value>
         <Value>
            <SimpleValue>Therm.</SimpleValue>
         </Value>
      </Row>
      <Row>
         <Value>
            <SimpleValue>UpfrontPoints</SimpleValue>
         </Value>
         <Value>
            <SimpleValue>FpML</SimpleValue>
         </Value>
         <Value>
            <SimpleValue>A difference in rates (typically FX rates) expressed as a decimal value.</SimpleValue>
         </Value>
      </Row>
      <Row>
         <Value>
            <SimpleValue>ValuePerDay</SimpleValue>
         </Value>
         <Value>
            <SimpleValue>FpML</SimpleValue>
         </Value>
         <Value>
            <SimpleValue>The value (expressed in currency units) for a one day change in a valuation date. Typically used for expressing sensitivity to the passage of time ("theta" risk, "carry", etc.).</SimpleValue>
         </Value>
      </Row>
      <Row>
         <Value>
            <SimpleValue>ValuePerPercent</SimpleValue>
         </Value>
         <Value>
            <SimpleValue>FpML</SimpleValue>
         </Value>
         <Value>
            <SimpleValue>The value (expressed in currency units) per percent change in the underlying rate. Typically used for expressing sensitivity to volatility changes ("vega" risk).</SimpleValue>
         </Value>
      </Row>
   </SimpleCodeList>
</gcl:CodeList>