<?xml version="1.0" encoding="UTF-8"?>
<gcl:CodeList xmlns:gcl="http://xml.genericode.org/2004/ns/CodeList/0.2/" xmlns:doc="http://www.fpml.org/coding-scheme/documentation" xmlns:xsi="http://www.w3.org/2001/XMLSchema-instance" xsi:schemaLocation="http://xml.genericode.org/2004/ns/CodeList/0.2/ CodeList.xsd">
   <Annotation>
      <Description>
         <doc:definition>Contains a product type code based on the ISDA product taxonomy</doc:definition>
         <doc:publicationDate>2016-10-28</doc:publicationDate>
      </Description>
   </Annotation>
   <Identification>
      <ShortName>productTaxonomyScheme</ShortName>
      <Version>4-0</Version>
      <CanonicalUri>http://www.fpml.org/coding-scheme/product-taxonomy</CanonicalUri>
      <CanonicalVersionUri>http://www.fpml.org/coding-scheme/product-taxonomy-4-0</CanonicalVersionUri>
      <LocationUri>http://www.fpml.org/coding-scheme/product-taxonomy-4-0</LocationUri>
   </Identification>
   <ColumnSet>
      <Column Id="Code" Use="required">
         <ShortName>Code</ShortName>
         <Data Type="token">
            <Parameter ShortName="maxLength">63</Parameter>
         </Data>
      </Column>
      <Column Id="Source" Use="optional">
         <ShortName>Source</ShortName>
         <Data Type="string"/>
      </Column>
      <Column Id="Description" Use="optional">
         <ShortName>Description</ShortName>
         <Data Type="string"/>
      </Column>
      <Key Id="PrimaryKey">
         <ShortName>key</ShortName>
         <ColumnRef Ref="Code"/>
      </Key>
   </ColumnSet>
   <SimpleCodeList>
      <Row>
         <Value>
            <SimpleValue>Commodity:Agricultural:Dairy:Exotic</SimpleValue>
         </Value>
         <Value>
            <SimpleValue>ISDA</SimpleValue>
         </Value>
         <Value>
            <SimpleValue/>
         </Value>
      </Row>
      <Row>
         <Value>
            <SimpleValue>Commodity:Agricultural:Dairy:LoanLease:Cash</SimpleValue>
         </Value>
         <Value>
            <SimpleValue>ISDA</SimpleValue>
         </Value>
         <Value>
            <SimpleValue/>
         </Value>
      </Row>
      <Row>
         <Value>
            <SimpleValue>Commodity:Agricultural:Dairy:LoanLease:Physical</SimpleValue>
         </Value>
         <Value>
            <SimpleValue>ISDA</SimpleValue>
         </Value>
         <Value>
            <SimpleValue/>
         </Value>
      </Row>
      <Row>
         <Value>
            <SimpleValue>Commodity:Agricultural:Dairy:Option:Cash</SimpleValue>
         </Value>
         <Value>
            <SimpleValue>ISDA</SimpleValue>
         </Value>
         <Value>
            <SimpleValue/>
         </Value>
      </Row>
      <Row>
         <Value>
            <SimpleValue>Commodity:Agricultural:Dairy:Option:Physical</SimpleValue>
         </Value>
         <Value>
            <SimpleValue>ISDA</SimpleValue>
         </Value>
         <Value>
            <SimpleValue/>
         </Value>
      </Row>
      <Row>
         <Value>
            <SimpleValue>Commodity:Agricultural:Dairy:SpotFwd:Physical</SimpleValue>
         </Value>
         <Value>
            <SimpleValue>ISDA</SimpleValue>
         </Value>
         <Value>
            <SimpleValue/>
         </Value>
      </Row>
      <Row>
         <Value>
            <SimpleValue>Commodity:Agricultural:Dairy:Swap:Cash</SimpleValue>
         </Value>
         <Value>
            <SimpleValue>ISDA</SimpleValue>
         </Value>
         <Value>
            <SimpleValue/>
         </Value>
      </Row>
      <Row>
         <Value>
            <SimpleValue>Commodity:Agricultural:Forestry:Exotic</SimpleValue>
         </Value>
         <Value>
            <SimpleValue>ISDA</SimpleValue>
         </Value>
         <Value>
            <SimpleValue/>
         </Value>
      </Row>
      <Row>
         <Value>
            <SimpleValue>Commodity:Agricultural:Forestry:LoanLease:Cash</SimpleValue>
         </Value>
         <Value>
            <SimpleValue>ISDA</SimpleValue>
         </Value>
         <Value>
            <SimpleValue/>
         </Value>
      </Row>
      <Row>
         <Value>
            <SimpleValue>Commodity:Agricultural:Forestry:LoanLease:Physical</SimpleValue>
         </Value>
         <Value>
            <SimpleValue>ISDA</SimpleValue>
         </Value>
         <Value>
            <SimpleValue/>
         </Value>
      </Row>
      <Row>
         <Value>
            <SimpleValue>Commodity:Agricultural:Forestry:Option:Cash</SimpleValue>
         </Value>
         <Value>
            <SimpleValue>ISDA</SimpleValue>
         </Value>
         <Value>
            <SimpleValue/>
         </Value>
      </Row>
      <Row>
         <Value>
            <SimpleValue>Commodity:Agricultural:Forestry:Option:Physical</SimpleValue>
         </Value>
         <Value>
            <SimpleValue>ISDA</SimpleValue>
         </Value>
         <Value>
            <SimpleValue/>
         </Value>
      </Row>
      <Row>
         <Value>
            <SimpleValue>Commodity:Agricultural:Forestry:SpotFwd:Physical</SimpleValue>
         </Value>
         <Value>
            <SimpleValue>ISDA</SimpleValue>
         </Value>
         <Value>
            <SimpleValue/>
         </Value>
      </Row>
      <Row>
         <Value>
            <SimpleValue>Commodity:Agricultural:Forestry:Swap:Cash</SimpleValue>
         </Value>
         <Value>
            <SimpleValue>ISDA</SimpleValue>
         </Value>
         <Value>
            <SimpleValue/>
         </Value>
      </Row>
      <Row>
         <Value>
            <SimpleValue>Commodity:Agricultural:GrainsOilSeeds:Exotic</SimpleValue>
         </Value>
         <Value>
            <SimpleValue>ISDA</SimpleValue>
         </Value>
         <Value>
            <SimpleValue/>
         </Value>
      </Row>
      <Row>
         <Value>
            <SimpleValue>Commodity:Agricultural:GrainsOilSeeds:LoanLease:Cash</SimpleValue>
         </Value>
         <Value>
            <SimpleValue>ISDA</SimpleValue>
         </Value>
         <Value>
            <SimpleValue/>
         </Value>
      </Row>
      <Row>
         <Value>
            <SimpleValue>Commodity:Agricultural:GrainsOilSeeds:LoanLease:Physical</SimpleValue>
         </Value>
         <Value>
            <SimpleValue>ISDA</SimpleValue>
         </Value>
         <Value>
            <SimpleValue/>
         </Value>
      </Row>
      <Row>
         <Value>
            <SimpleValue>Commodity:Agricultural:GrainsOilSeeds:Option:Cash</SimpleValue>
         </Value>
         <Value>
            <SimpleValue>ISDA</SimpleValue>
         </Value>
         <Value>
            <SimpleValue/>
         </Value>
      </Row>
      <Row>
         <Value>
            <SimpleValue>Commodity:Agricultural:GrainsOilSeeds:Option:Physical</SimpleValue>
         </Value>
         <Value>
            <SimpleValue>ISDA</SimpleValue>
         </Value>
         <Value>
            <SimpleValue/>
         </Value>
      </Row>
      <Row>
         <Value>
            <SimpleValue>Commodity:Agricultural:GrainsOilSeeds:SpotFwd:Physical</SimpleValue>
         </Value>
         <Value>
            <SimpleValue>ISDA</SimpleValue>
         </Value>
         <Value>
            <SimpleValue/>
         </Value>
      </Row>
      <Row>
         <Value>
            <SimpleValue>Commodity:Agricultural:GrainsOilSeeds:Swap:Cash</SimpleValue>
         </Value>
         <Value>
            <SimpleValue>ISDA</SimpleValue>
         </Value>
         <Value>
            <SimpleValue/>
         </Value>
      </Row>
      <Row>
         <Value>
            <SimpleValue>Commodity:Agricultural:Livestock:Exotic</SimpleValue>
         </Value>
         <Value>
            <SimpleValue>ISDA</SimpleValue>
         </Value>
         <Value>
            <SimpleValue/>
         </Value>
      </Row>
      <Row>
         <Value>
            <SimpleValue>Commodity:Agricultural:Livestock:LoanLease:Cash</SimpleValue>
         </Value>
         <Value>
            <SimpleValue>ISDA</SimpleValue>
         </Value>
         <Value>
            <SimpleValue/>
         </Value>
      </Row>
      <Row>
         <Value>
            <SimpleValue>Commodity:Agricultural:Livestock:LoanLease:Physical</SimpleValue>
         </Value>
         <Value>
            <SimpleValue>ISDA</SimpleValue>
         </Value>
         <Value>
            <SimpleValue/>
         </Value>
      </Row>
      <Row>
         <Value>
            <SimpleValue>Commodity:Agricultural:Livestock:Option:Cash</SimpleValue>
         </Value>
         <Value>
            <SimpleValue>ISDA</SimpleValue>
         </Value>
         <Value>
            <SimpleValue/>
         </Value>
      </Row>
      <Row>
         <Value>
            <SimpleValue>Commodity:Agricultural:Livestock:Option:Physical</SimpleValue>
         </Value>
         <Value>
            <SimpleValue>ISDA</SimpleValue>
         </Value>
         <Value>
            <SimpleValue/>
         </Value>
      </Row>
      <Row>
         <Value>
            <SimpleValue>Commodity:Agricultural:Livestock:SpotFwd:Physical</SimpleValue>
         </Value>
         <Value>
            <SimpleValue>ISDA</SimpleValue>
         </Value>
         <Value>
            <SimpleValue/>
         </Value>
      </Row>
      <Row>
         <Value>
            <SimpleValue>Commodity:Agricultural:Livestock:Swap:Cash</SimpleValue>
         </Value>
         <Value>
            <SimpleValue>ISDA</SimpleValue>
         </Value>
         <Value>
            <SimpleValue/>
         </Value>
      </Row>
      <Row>
         <Value>
            <SimpleValue>Commodity:Agricultural:Softs:Exotic</SimpleValue>
         </Value>
         <Value>
            <SimpleValue>ISDA</SimpleValue>
         </Value>
         <Value>
            <SimpleValue/>
         </Value>
      </Row>
      <Row>
         <Value>
            <SimpleValue>Commodity:Agricultural:Softs:LoanLease:Cash</SimpleValue>
         </Value>
         <Value>
            <SimpleValue>ISDA</SimpleValue>
         </Value>
         <Value>
            <SimpleValue/>
         </Value>
      </Row>
      <Row>
         <Value>
            <SimpleValue>Commodity:Agricultural:Softs:LoanLease:Physical</SimpleValue>
         </Value>
         <Value>
            <SimpleValue>ISDA</SimpleValue>
         </Value>
         <Value>
            <SimpleValue/>
         </Value>
      </Row>
      <Row>
         <Value>
            <SimpleValue>Commodity:Agricultural:Softs:Option:Cash</SimpleValue>
         </Value>
         <Value>
            <SimpleValue>ISDA</SimpleValue>
         </Value>
         <Value>
            <SimpleValue/>
         </Value>
      </Row>
      <Row>
         <Value>
            <SimpleValue>Commodity:Agricultural:Softs:Option:Physical</SimpleValue>
         </Value>
         <Value>
            <SimpleValue>ISDA</SimpleValue>
         </Value>
         <Value>
            <SimpleValue/>
         </Value>
      </Row>
      <Row>
         <Value>
            <SimpleValue>Commodity:Agricultural:Softs:SpotFwd:Physical</SimpleValue>
         </Value>
         <Value>
            <SimpleValue>ISDA</SimpleValue>
         </Value>
         <Value>
            <SimpleValue/>
         </Value>
      </Row>
      <Row>
         <Value>
            <SimpleValue>Commodity:Agricultural:Softs:Swap:Cash</SimpleValue>
         </Value>
         <Value>
            <SimpleValue>ISDA</SimpleValue>
         </Value>
         <Value>
            <SimpleValue/>
         </Value>
      </Row>
      <Row>
         <Value>
            <SimpleValue>Commodity:Energy:Coal:Exotic</SimpleValue>
         </Value>
         <Value>
            <SimpleValue>ISDA</SimpleValue>
         </Value>
         <Value>
            <SimpleValue/>
         </Value>
      </Row>
      <Row>
         <Value>
            <SimpleValue>Commodity:Energy:Coal:LoanLease:Cash</SimpleValue>
         </Value>
         <Value>
            <SimpleValue>ISDA</SimpleValue>
         </Value>
         <Value>
            <SimpleValue/>
         </Value>
      </Row>
      <Row>
         <Value>
            <SimpleValue>Commodity:Energy:Coal:LoanLease:Physical</SimpleValue>
         </Value>
         <Value>
            <SimpleValue>ISDA</SimpleValue>
         </Value>
         <Value>
            <SimpleValue/>
         </Value>
      </Row>
      <Row>
         <Value>
            <SimpleValue>Commodity:Energy:Coal:Option:Cash</SimpleValue>
         </Value>
         <Value>
            <SimpleValue>ISDA</SimpleValue>
         </Value>
         <Value>
            <SimpleValue/>
         </Value>
      </Row>
      <Row>
         <Value>
            <SimpleValue>Commodity:Energy:Coal:Option:Physical</SimpleValue>
         </Value>
         <Value>
            <SimpleValue>ISDA</SimpleValue>
         </Value>
         <Value>
            <SimpleValue/>
         </Value>
      </Row>
      <Row>
         <Value>
            <SimpleValue>Commodity:Energy:Coal:SpotFwd:Physical</SimpleValue>
         </Value>
         <Value>
            <SimpleValue>ISDA</SimpleValue>
         </Value>
         <Value>
            <SimpleValue/>
         </Value>
      </Row>
      <Row>
         <Value>
            <SimpleValue>Commodity:Energy:Coal:Swap:Cash</SimpleValue>
         </Value>
         <Value>
            <SimpleValue>ISDA</SimpleValue>
         </Value>
         <Value>
            <SimpleValue/>
         </Value>
      </Row>
      <Row>
         <Value>
            <SimpleValue>Commodity:Energy:Elec:Exotic</SimpleValue>
         </Value>
         <Value>
            <SimpleValue>ISDA</SimpleValue>
         </Value>
         <Value>
            <SimpleValue/>
         </Value>
      </Row>
      <Row>
         <Value>
            <SimpleValue>Commodity:Energy:Elec:LoanLease:Cash</SimpleValue>
         </Value>
         <Value>
            <SimpleValue>ISDA</SimpleValue>
         </Value>
         <Value>
            <SimpleValue/>
         </Value>
      </Row>
      <Row>
         <Value>
            <SimpleValue>Commodity:Energy:Elec:LoanLease:Physical</SimpleValue>
         </Value>
         <Value>
            <SimpleValue>ISDA</SimpleValue>
         </Value>
         <Value>
            <SimpleValue/>
         </Value>
      </Row>
      <Row>
         <Value>
            <SimpleValue>Commodity:Energy:Elec:Option:Cash</SimpleValue>
         </Value>
         <Value>
            <SimpleValue>ISDA</SimpleValue>
         </Value>
         <Value>
            <SimpleValue/>
         </Value>
      </Row>
      <Row>
         <Value>
            <SimpleValue>Commodity:Energy:Elec:Option:Physical</SimpleValue>
         </Value>
         <Value>
            <SimpleValue>ISDA</SimpleValue>
         </Value>
         <Value>
            <SimpleValue/>
         </Value>
      </Row>
      <Row>
         <Value>
            <SimpleValue>Commodity:Energy:Elec:SpotFwd:Physical</SimpleValue>
         </Value>
         <Value>
            <SimpleValue>ISDA</SimpleValue>
         </Value>
         <Value>
            <SimpleValue/>
         </Value>
      </Row>
      <Row>
         <Value>
            <SimpleValue>Commodity:Energy:Elec:Swap:Cash</SimpleValue>
         </Value>
         <Value>
            <SimpleValue>ISDA</SimpleValue>
         </Value>
         <Value>
            <SimpleValue/>
         </Value>
      </Row>
      <Row>
         <Value>
            <SimpleValue>Commodity:Energy:Elec:Transmission</SimpleValue>
         </Value>
         <Value>
            <SimpleValue>ISDA</SimpleValue>
         </Value>
         <Value>
            <SimpleValue/>
         </Value>
      </Row>
      <Row>
         <Value>
            <SimpleValue>Commodity:Energy:InterEnergy:Exotic</SimpleValue>
         </Value>
         <Value>
            <SimpleValue>ISDA</SimpleValue>
         </Value>
         <Value>
            <SimpleValue/>
         </Value>
      </Row>
      <Row>
         <Value>
            <SimpleValue>Commodity:Energy:InterEnergy:LoanLease:Cash</SimpleValue>
         </Value>
         <Value>
            <SimpleValue>ISDA</SimpleValue>
         </Value>
         <Value>
            <SimpleValue/>
         </Value>
      </Row>
      <Row>
         <Value>
            <SimpleValue>Commodity:Energy:InterEnergy:LoanLease:Physical</SimpleValue>
         </Value>
         <Value>
            <SimpleValue>ISDA</SimpleValue>
         </Value>
         <Value>
            <SimpleValue/>
         </Value>
      </Row>
      <Row>
         <Value>
            <SimpleValue>Commodity:Energy:InterEnergy:Option:Cash</SimpleValue>
         </Value>
         <Value>
            <SimpleValue>ISDA</SimpleValue>
         </Value>
         <Value>
            <SimpleValue/>
         </Value>
      </Row>
      <Row>
         <Value>
            <SimpleValue>Commodity:Energy:InterEnergy:Option:Physical</SimpleValue>
         </Value>
         <Value>
            <SimpleValue>ISDA</SimpleValue>
         </Value>
         <Value>
            <SimpleValue/>
         </Value>
      </Row>
      <Row>
         <Value>
            <SimpleValue>Commodity:Energy:InterEnergy:SpotFwd:Physical</SimpleValue>
         </Value>
         <Value>
            <SimpleValue>ISDA</SimpleValue>
         </Value>
         <Value>
            <SimpleValue/>
         </Value>
      </Row>
      <Row>
         <Value>
            <SimpleValue>Commodity:Energy:InterEnergy:Swap:Cash</SimpleValue>
         </Value>
         <Value>
            <SimpleValue>ISDA</SimpleValue>
         </Value>
         <Value>
            <SimpleValue/>
         </Value>
      </Row>
      <Row>
         <Value>
            <SimpleValue>Commodity:Energy:NatGas:Exotic</SimpleValue>
         </Value>
         <Value>
            <SimpleValue>ISDA</SimpleValue>
         </Value>
         <Value>
            <SimpleValue/>
         </Value>
      </Row>
      <Row>
         <Value>
            <SimpleValue>Commodity:Energy:NatGas:LoanLease:Cash</SimpleValue>
         </Value>
         <Value>
            <SimpleValue>ISDA</SimpleValue>
         </Value>
         <Value>
            <SimpleValue/>
         </Value>
      </Row>
      <Row>
         <Value>
            <SimpleValue>Commodity:Energy:NatGas:LoanLease:Physical</SimpleValue>
         </Value>
         <Value>
            <SimpleValue>ISDA</SimpleValue>
         </Value>
         <Value>
            <SimpleValue/>
         </Value>
      </Row>
      <Row>
         <Value>
            <SimpleValue>Commodity:Energy:NatGas:Option:Cash</SimpleValue>
         </Value>
         <Value>
            <SimpleValue>ISDA</SimpleValue>
         </Value>
         <Value>
            <SimpleValue/>
         </Value>
      </Row>
      <Row>
         <Value>
            <SimpleValue>Commodity:Energy:NatGas:Option:Physical</SimpleValue>
         </Value>
         <Value>
            <SimpleValue>ISDA</SimpleValue>
         </Value>
         <Value>
            <SimpleValue/>
         </Value>
      </Row>
      <Row>
         <Value>
            <SimpleValue>Commodity:Energy:NatGas:SpotFwd:Physical</SimpleValue>
         </Value>
         <Value>
            <SimpleValue>ISDA</SimpleValue>
         </Value>
         <Value>
            <SimpleValue/>
         </Value>
      </Row>
      <Row>
         <Value>
            <SimpleValue>Commodity:Energy:NatGas:Swap:Cash</SimpleValue>
         </Value>
         <Value>
            <SimpleValue>ISDA</SimpleValue>
         </Value>
         <Value>
            <SimpleValue/>
         </Value>
      </Row>
      <Row>
         <Value>
            <SimpleValue>Commodity:Energy:NatGas:Transport</SimpleValue>
         </Value>
         <Value>
            <SimpleValue>ISDA</SimpleValue>
         </Value>
         <Value>
            <SimpleValue/>
         </Value>
      </Row>
      <Row>
         <Value>
            <SimpleValue>Commodity:Energy:Oil:Exotic</SimpleValue>
         </Value>
         <Value>
            <SimpleValue>ISDA</SimpleValue>
         </Value>
         <Value>
            <SimpleValue/>
         </Value>
      </Row>
      <Row>
         <Value>
            <SimpleValue>Commodity:Energy:Oil:LoanLease:Cash</SimpleValue>
         </Value>
         <Value>
            <SimpleValue>ISDA</SimpleValue>
         </Value>
         <Value>
            <SimpleValue/>
         </Value>
      </Row>
      <Row>
         <Value>
            <SimpleValue>Commodity:Energy:Oil:LoanLease:Physical</SimpleValue>
         </Value>
         <Value>
            <SimpleValue>ISDA</SimpleValue>
         </Value>
         <Value>
            <SimpleValue/>
         </Value>
      </Row>
      <Row>
         <Value>
            <SimpleValue>Commodity:Energy:Oil:Option:Cash</SimpleValue>
         </Value>
         <Value>
            <SimpleValue>ISDA</SimpleValue>
         </Value>
         <Value>
            <SimpleValue/>
         </Value>
      </Row>
      <Row>
         <Value>
            <SimpleValue>Commodity:Energy:Oil:Option:Physical</SimpleValue>
         </Value>
         <Value>
            <SimpleValue>ISDA</SimpleValue>
         </Value>
         <Value>
            <SimpleValue/>
         </Value>
      </Row>
      <Row>
         <Value>
            <SimpleValue>Commodity:Energy:Oil:SpotFwd:Physical</SimpleValue>
         </Value>
         <Value>
            <SimpleValue>ISDA</SimpleValue>
         </Value>
         <Value>
            <SimpleValue/>
         </Value>
      </Row>
      <Row>
         <Value>
            <SimpleValue>Commodity:Energy:Oil:Swap:Cash</SimpleValue>
         </Value>
         <Value>
            <SimpleValue>ISDA</SimpleValue>
         </Value>
         <Value>
            <SimpleValue/>
         </Value>
      </Row>
      <Row>
         <Value>
            <SimpleValue>Commodity:Environmental:Emissions:Exotic</SimpleValue>
         </Value>
         <Value>
            <SimpleValue>ISDA</SimpleValue>
         </Value>
         <Value>
            <SimpleValue/>
         </Value>
      </Row>
      <Row>
         <Value>
            <SimpleValue>Commodity:Environmental:Emissions:LoanLease:Cash</SimpleValue>
         </Value>
         <Value>
            <SimpleValue>ISDA</SimpleValue>
         </Value>
         <Value>
            <SimpleValue/>
         </Value>
      </Row>
      <Row>
         <Value>
            <SimpleValue>Commodity:Environmental:Emissions:LoanLease:Physical</SimpleValue>
         </Value>
         <Value>
            <SimpleValue>ISDA</SimpleValue>
         </Value>
         <Value>
            <SimpleValue/>
         </Value>
      </Row>
      <Row>
         <Value>
            <SimpleValue>Commodity:Environmental:Emissions:Option:Cash</SimpleValue>
         </Value>
         <Value>
            <SimpleValue>ISDA</SimpleValue>
         </Value>
         <Value>
            <SimpleValue/>
         </Value>
      </Row>
      <Row>
         <Value>
            <SimpleValue>Commodity:Environmental:Emissions:Option:Physical</SimpleValue>
         </Value>
         <Value>
            <SimpleValue>ISDA</SimpleValue>
         </Value>
         <Value>
            <SimpleValue/>
         </Value>
      </Row>
      <Row>
         <Value>
            <SimpleValue>Commodity:Environmental:Emissions:SpotFwd:Physical</SimpleValue>
         </Value>
         <Value>
            <SimpleValue>ISDA</SimpleValue>
         </Value>
         <Value>
            <SimpleValue/>
         </Value>
      </Row>
      <Row>
         <Value>
            <SimpleValue>Commodity:Environmental:Emissions:Swap:Cash</SimpleValue>
         </Value>
         <Value>
            <SimpleValue>ISDA</SimpleValue>
         </Value>
         <Value>
            <SimpleValue/>
         </Value>
      </Row>
      <Row>
         <Value>
            <SimpleValue>Commodity:Environmental:Weather:Exotic</SimpleValue>
         </Value>
         <Value>
            <SimpleValue>ISDA</SimpleValue>
         </Value>
         <Value>
            <SimpleValue/>
         </Value>
      </Row>
      <Row>
         <Value>
            <SimpleValue>Commodity:Environmental:Weather:LoanLease:Cash</SimpleValue>
         </Value>
         <Value>
            <SimpleValue>ISDA</SimpleValue>
         </Value>
         <Value>
            <SimpleValue/>
         </Value>
      </Row>
      <Row>
         <Value>
            <SimpleValue>Commodity:Environmental:Weather:Option:Cash</SimpleValue>
         </Value>
         <Value>
            <SimpleValue>ISDA</SimpleValue>
         </Value>
         <Value>
            <SimpleValue/>
         </Value>
      </Row>
      <Row>
         <Value>
            <SimpleValue>Commodity:Environmental:Weather:Swap:Cash</SimpleValue>
         </Value>
         <Value>
            <SimpleValue>ISDA</SimpleValue>
         </Value>
         <Value>
            <SimpleValue/>
         </Value>
      </Row>
      <Row>
         <Value>
            <SimpleValue>Commodity:Freight:Exotic</SimpleValue>
         </Value>
         <Value>
            <SimpleValue>ISDA</SimpleValue>
         </Value>
         <Value>
            <SimpleValue/>
         </Value>
      </Row>
      <Row>
         <Value>
            <SimpleValue>Commodity:Freight:LoanLease:Cash</SimpleValue>
         </Value>
         <Value>
            <SimpleValue>ISDA</SimpleValue>
         </Value>
         <Value>
            <SimpleValue/>
         </Value>
      </Row>
      <Row>
         <Value>
            <SimpleValue>Commodity:Freight:LoanLease:Physical</SimpleValue>
         </Value>
         <Value>
            <SimpleValue>ISDA</SimpleValue>
         </Value>
         <Value>
            <SimpleValue/>
         </Value>
      </Row>
      <Row>
         <Value>
            <SimpleValue>Commodity:Freight:Option:Cash</SimpleValue>
         </Value>
         <Value>
            <SimpleValue>ISDA</SimpleValue>
         </Value>
         <Value>
            <SimpleValue/>
         </Value>
      </Row>
      <Row>
         <Value>
            <SimpleValue>Commodity:Freight:Option:Physical</SimpleValue>
         </Value>
         <Value>
            <SimpleValue>ISDA</SimpleValue>
         </Value>
         <Value>
            <SimpleValue/>
         </Value>
      </Row>
      <Row>
         <Value>
            <SimpleValue>Commodity:Freight:SpotFwd:Physical</SimpleValue>
         </Value>
         <Value>
            <SimpleValue>ISDA</SimpleValue>
         </Value>
         <Value>
            <SimpleValue/>
         </Value>
      </Row>
      <Row>
         <Value>
            <SimpleValue>Commodity:Freight:Swap:Cash</SimpleValue>
         </Value>
         <Value>
            <SimpleValue>ISDA</SimpleValue>
         </Value>
         <Value>
            <SimpleValue/>
         </Value>
      </Row>
      <Row>
         <Value>
            <SimpleValue>Commodity:Index:Exotic</SimpleValue>
         </Value>
         <Value>
            <SimpleValue>ISDA</SimpleValue>
         </Value>
         <Value>
            <SimpleValue/>
         </Value>
      </Row>
      <Row>
         <Value>
            <SimpleValue>Commodity:Index:Option:Cash</SimpleValue>
         </Value>
         <Value>
            <SimpleValue>ISDA</SimpleValue>
         </Value>
         <Value>
            <SimpleValue/>
         </Value>
      </Row>
      <Row>
         <Value>
            <SimpleValue>Commodity:Index:Swap:Cash</SimpleValue>
         </Value>
         <Value>
            <SimpleValue>ISDA</SimpleValue>
         </Value>
         <Value>
            <SimpleValue/>
         </Value>
      </Row>
      <Row>
         <Value>
            <SimpleValue>Commodity:Metals:NonPrecious:Exotic</SimpleValue>
         </Value>
         <Value>
            <SimpleValue>ISDA</SimpleValue>
         </Value>
         <Value>
            <SimpleValue/>
         </Value>
      </Row>
      <Row>
         <Value>
            <SimpleValue>Commodity:Metals:NonPrecious:LoanLease:Cash</SimpleValue>
         </Value>
         <Value>
            <SimpleValue>ISDA</SimpleValue>
         </Value>
         <Value>
            <SimpleValue/>
         </Value>
      </Row>
      <Row>
         <Value>
            <SimpleValue>Commodity:Metals:NonPrecious:LoanLease:Physical</SimpleValue>
         </Value>
         <Value>
            <SimpleValue>ISDA</SimpleValue>
         </Value>
         <Value>
            <SimpleValue/>
         </Value>
      </Row>
      <Row>
         <Value>
            <SimpleValue>Commodity:Metals:NonPrecious:Option:Cash</SimpleValue>
         </Value>
         <Value>
            <SimpleValue>ISDA</SimpleValue>
         </Value>
         <Value>
            <SimpleValue/>
         </Value>
      </Row>
      <Row>
         <Value>
            <SimpleValue>Commodity:Metals:NonPrecious:Option:Physical</SimpleValue>
         </Value>
         <Value>
            <SimpleValue>ISDA</SimpleValue>
         </Value>
         <Value>
            <SimpleValue/>
         </Value>
      </Row>
      <Row>
         <Value>
            <SimpleValue>Commodity:Metals:NonPrecious:SpotFwd:Physical</SimpleValue>
         </Value>
         <Value>
            <SimpleValue>ISDA</SimpleValue>
         </Value>
         <Value>
            <SimpleValue/>
         </Value>
      </Row>
      <Row>
         <Value>
            <SimpleValue>Commodity:Metals:NonPrecious:Swap:Cash</SimpleValue>
         </Value>
         <Value>
            <SimpleValue>ISDA</SimpleValue>
         </Value>
         <Value>
            <SimpleValue/>
         </Value>
      </Row>
      <Row>
         <Value>
            <SimpleValue>Commodity:Metals:Precious:Exotic</SimpleValue>
         </Value>
         <Value>
            <SimpleValue>ISDA</SimpleValue>
         </Value>
         <Value>
            <SimpleValue/>
         </Value>
      </Row>
      <Row>
         <Value>
            <SimpleValue>Commodity:Metals:Precious:LoanLease:Cash</SimpleValue>
         </Value>
         <Value>
            <SimpleValue>ISDA</SimpleValue>
         </Value>
         <Value>
            <SimpleValue/>
         </Value>
      </Row>
      <Row>
         <Value>
            <SimpleValue>Commodity:Metals:Precious:LoanLease:Physical</SimpleValue>
         </Value>
         <Value>
            <SimpleValue>ISDA</SimpleValue>
         </Value>
         <Value>
            <SimpleValue/>
         </Value>
      </Row>
      <Row>
         <Value>
            <SimpleValue>Commodity:Metals:Precious:Option:Cash</SimpleValue>
         </Value>
         <Value>
            <SimpleValue>ISDA</SimpleValue>
         </Value>
         <Value>
            <SimpleValue/>
         </Value>
      </Row>
      <Row>
         <Value>
            <SimpleValue>Commodity:Metals:Precious:Option:Physical</SimpleValue>
         </Value>
         <Value>
            <SimpleValue>ISDA</SimpleValue>
         </Value>
         <Value>
            <SimpleValue/>
         </Value>
      </Row>
      <Row>
         <Value>
            <SimpleValue>Commodity:Metals:Precious:SpotFwd:Physical</SimpleValue>
         </Value>
         <Value>
            <SimpleValue>ISDA</SimpleValue>
         </Value>
         <Value>
            <SimpleValue/>
         </Value>
      </Row>
      <Row>
         <Value>
            <SimpleValue>Commodity:Metals:Precious:Swap:Cash</SimpleValue>
         </Value>
         <Value>
            <SimpleValue>ISDA</SimpleValue>
         </Value>
         <Value>
            <SimpleValue/>
         </Value>
      </Row>
      <Row>
         <Value>
            <SimpleValue>Commodity:MultiCommodityExotic</SimpleValue>
         </Value>
         <Value>
            <SimpleValue>ISDA</SimpleValue>
         </Value>
         <Value>
            <SimpleValue/>
         </Value>
      </Row>
      <Row>
         <Value>
            <SimpleValue>Credit:Exotic:Corporate:Refobonly</SimpleValue>
         </Value>
         <Value>
            <SimpleValue>ISDA</SimpleValue>
         </Value>
         <Value>
            <SimpleValue/>
         </Value>
      </Row>
      <Row>
         <Value>
            <SimpleValue>Credit:Exotic:Other</SimpleValue>
         </Value>
         <Value>
            <SimpleValue>ISDA</SimpleValue>
         </Value>
         <Value>
            <SimpleValue/>
         </Value>
      </Row>
      <Row>
         <Value>
            <SimpleValue>Credit:Exotic:StructuredCDS:BespokeTranche</SimpleValue>
         </Value>
         <Value>
            <SimpleValue>ISDA</SimpleValue>
         </Value>
         <Value>
            <SimpleValue/>
         </Value>
      </Row>
      <Row>
         <Value>
            <SimpleValue>Credit:Exotic:StructuredCDS:ContingentCDS</SimpleValue>
         </Value>
         <Value>
            <SimpleValue>ISDA</SimpleValue>
         </Value>
         <Value>
            <SimpleValue/>
         </Value>
      </Row>
      <Row>
         <Value>
            <SimpleValue>Credit:Exotic:StructuredCDS:FirsttoDefaultNthtoDefault</SimpleValue>
         </Value>
         <Value>
            <SimpleValue>ISDA</SimpleValue>
         </Value>
         <Value>
            <SimpleValue/>
         </Value>
      </Row>
      <Row>
         <Value>
            <SimpleValue>Credit:Exotic:StructuredCDS:IndexContingentCDS</SimpleValue>
         </Value>
         <Value>
            <SimpleValue>ISDA</SimpleValue>
         </Value>
         <Value>
            <SimpleValue/>
         </Value>
      </Row>
      <Row>
         <Value>
            <SimpleValue>Credit:Index:ABX:ABXHE</SimpleValue>
         </Value>
         <Value>
            <SimpleValue>ISDA</SimpleValue>
         </Value>
         <Value>
            <SimpleValue/>
         </Value>
      </Row>
      <Row>
         <Value>
            <SimpleValue>Credit:Index:CDX:CDXEmergingMarkets</SimpleValue>
         </Value>
         <Value>
            <SimpleValue>ISDA</SimpleValue>
         </Value>
         <Value>
            <SimpleValue/>
         </Value>
      </Row>
      <Row>
         <Value>
            <SimpleValue>Credit:Index:CDX:CDXEmergingMarketsDiversified</SimpleValue>
         </Value>
         <Value>
            <SimpleValue>ISDA</SimpleValue>
         </Value>
         <Value>
            <SimpleValue/>
         </Value>
      </Row>
      <Row>
         <Value>
            <SimpleValue>Credit:Index:CDX:CDXHY</SimpleValue>
         </Value>
         <Value>
            <SimpleValue>ISDA</SimpleValue>
         </Value>
         <Value>
            <SimpleValue/>
         </Value>
      </Row>
      <Row>
         <Value>
            <SimpleValue>Credit:Index:CDX:CDXIG</SimpleValue>
         </Value>
         <Value>
            <SimpleValue>ISDA</SimpleValue>
         </Value>
         <Value>
            <SimpleValue/>
         </Value>
      </Row>
      <Row>
         <Value>
            <SimpleValue>Credit:Index:CDX:CDXXO</SimpleValue>
         </Value>
         <Value>
            <SimpleValue>ISDA</SimpleValue>
         </Value>
         <Value>
            <SimpleValue/>
         </Value>
      </Row>
      <Row>
         <Value>
            <SimpleValue>Credit:Index:CMBX:CMBX</SimpleValue>
         </Value>
         <Value>
            <SimpleValue>ISDA</SimpleValue>
         </Value>
         <Value>
            <SimpleValue/>
         </Value>
      </Row>
      <Row>
         <Value>
            <SimpleValue>Credit:Index:IOS:IOS</SimpleValue>
         </Value>
         <Value>
            <SimpleValue>ISDA</SimpleValue>
         </Value>
         <Value>
            <SimpleValue/>
         </Value>
      </Row>
      <Row>
         <Value>
            <SimpleValue>Credit:Index:iTraxx:iTraxxAsiaExJapan</SimpleValue>
         </Value>
         <Value>
            <SimpleValue>ISDA</SimpleValue>
         </Value>
         <Value>
            <SimpleValue/>
         </Value>
      </Row>
      <Row>
         <Value>
            <SimpleValue>Credit:Index:iTraxx:iTraxxAustralia</SimpleValue>
         </Value>
         <Value>
            <SimpleValue>ISDA</SimpleValue>
         </Value>
         <Value>
            <SimpleValue/>
         </Value>
      </Row>
      <Row>
         <Value>
            <SimpleValue>Credit:Index:iTraxx:iTraxxEurope</SimpleValue>
         </Value>
         <Value>
            <SimpleValue>ISDA</SimpleValue>
         </Value>
         <Value>
            <SimpleValue/>
         </Value>
      </Row>
      <Row>
         <Value>
            <SimpleValue>Credit:Index:iTraxx:iTraxxJapan</SimpleValue>
         </Value>
         <Value>
            <SimpleValue>ISDA</SimpleValue>
         </Value>
         <Value>
            <SimpleValue/>
         </Value>
      </Row>
      <Row>
         <Value>
            <SimpleValue>Credit:Index:iTraxx:iTraxxLevX</SimpleValue>
         </Value>
         <Value>
            <SimpleValue>ISDA</SimpleValue>
         </Value>
         <Value>
            <SimpleValue/>
         </Value>
      </Row>
      <Row>
         <Value>
            <SimpleValue>Credit:Index:iTraxx:ItraxxSDI</SimpleValue>
         </Value>
         <Value>
            <SimpleValue>ISDA</SimpleValue>
         </Value>
         <Value>
            <SimpleValue/>
         </Value>
      </Row>
      <Row>
         <Value>
            <SimpleValue>Credit:Index:iTraxx:iTraxxSovX</SimpleValue>
         </Value>
         <Value>
            <SimpleValue>ISDA</SimpleValue>
         </Value>
         <Value>
            <SimpleValue/>
         </Value>
      </Row>
      <Row>
         <Value>
            <SimpleValue>Credit:Index:LCDX:LCDX</SimpleValue>
         </Value>
         <Value>
            <SimpleValue>ISDA</SimpleValue>
         </Value>
         <Value>
            <SimpleValue/>
         </Value>
      </Row>
      <Row>
         <Value>
            <SimpleValue>Credit:Index:LCDX:StandardLCDXBullet</SimpleValue>
         </Value>
         <Value>
            <SimpleValue>ISDA</SimpleValue>
         </Value>
         <Value>
            <SimpleValue/>
         </Value>
      </Row>
      <Row>
         <Value>
            <SimpleValue>Credit:Index:MBX:MBX</SimpleValue>
         </Value>
         <Value>
            <SimpleValue>ISDA</SimpleValue>
         </Value>
         <Value>
            <SimpleValue/>
         </Value>
      </Row>
      <Row>
         <Value>
            <SimpleValue>Credit:Index:MCDX:MCDX</SimpleValue>
         </Value>
         <Value>
            <SimpleValue>ISDA</SimpleValue>
         </Value>
         <Value>
            <SimpleValue/>
         </Value>
      </Row>
      <Row>
         <Value>
            <SimpleValue>Credit:Index:PO:PO</SimpleValue>
         </Value>
         <Value>
            <SimpleValue>ISDA</SimpleValue>
         </Value>
         <Value>
            <SimpleValue/>
         </Value>
      </Row>
      <Row>
         <Value>
            <SimpleValue>Credit:Index:PrimeX:PrimeX</SimpleValue>
         </Value>
         <Value>
            <SimpleValue>ISDA</SimpleValue>
         </Value>
         <Value>
            <SimpleValue/>
         </Value>
      </Row>
      <Row>
         <Value>
            <SimpleValue>Credit:Index:SP</SimpleValue>
         </Value>
         <Value>
            <SimpleValue>ISDA</SimpleValue>
         </Value>
         <Value>
            <SimpleValue/>
         </Value>
      </Row>
      <Row>
         <Value>
            <SimpleValue>Credit:Index:TRX:TRX</SimpleValue>
         </Value>
         <Value>
            <SimpleValue>ISDA</SimpleValue>
         </Value>
         <Value>
            <SimpleValue/>
         </Value>
      </Row>
      <Row>
         <Value>
            <SimpleValue>Credit:IndexTranche:ABX:ABXTranche</SimpleValue>
         </Value>
         <Value>
            <SimpleValue>ISDA</SimpleValue>
         </Value>
         <Value>
            <SimpleValue/>
         </Value>
      </Row>
      <Row>
         <Value>
            <SimpleValue>Credit:IndexTranche:CDX:CDXTrancheHY</SimpleValue>
         </Value>
         <Value>
            <SimpleValue>ISDA</SimpleValue>
         </Value>
         <Value>
            <SimpleValue/>
         </Value>
      </Row>
      <Row>
         <Value>
            <SimpleValue>Credit:IndexTranche:CDX:CDXTrancheIG</SimpleValue>
         </Value>
         <Value>
            <SimpleValue>ISDA</SimpleValue>
         </Value>
         <Value>
            <SimpleValue/>
         </Value>
      </Row>
      <Row>
         <Value>
            <SimpleValue>Credit:IndexTranche:CDX:CDXTrancheXO</SimpleValue>
         </Value>
         <Value>
            <SimpleValue>ISDA</SimpleValue>
         </Value>
         <Value>
            <SimpleValue/>
         </Value>
      </Row>
      <Row>
         <Value>
            <SimpleValue>Credit:IndexTranche:CDX:StandardCDXTrancheHY</SimpleValue>
         </Value>
         <Value>
            <SimpleValue>ISDA</SimpleValue>
         </Value>
         <Value>
            <SimpleValue/>
         </Value>
      </Row>
      <Row>
         <Value>
            <SimpleValue>Credit:IndexTranche:CDX:StandardCDXTrancheIG</SimpleValue>
         </Value>
         <Value>
            <SimpleValue>ISDA</SimpleValue>
         </Value>
         <Value>
            <SimpleValue/>
         </Value>
      </Row>
      <Row>
         <Value>
            <SimpleValue>Credit:IndexTranche:CDXStructuredTranche:CDXBlendedTranche</SimpleValue>
         </Value>
         <Value>
            <SimpleValue>ISDA</SimpleValue>
         </Value>
         <Value>
            <SimpleValue/>
         </Value>
      </Row>
      <Row>
         <Value>
            <SimpleValue>Credit:IndexTranche:CDXStructuredTranche:CDXRiskyZeroTranche</SimpleValue>
         </Value>
         <Value>
            <SimpleValue>ISDA</SimpleValue>
         </Value>
         <Value>
            <SimpleValue/>
         </Value>
      </Row>
      <Row>
         <Value>
            <SimpleValue>Credit:IndexTranche:iTraxx:iTraxxAsiaExJapanTranche</SimpleValue>
         </Value>
         <Value>
            <SimpleValue>ISDA</SimpleValue>
         </Value>
         <Value>
            <SimpleValue/>
         </Value>
      </Row>
      <Row>
         <Value>
            <SimpleValue>Credit:IndexTranche:iTraxx:iTraxxAustraliaTranche</SimpleValue>
         </Value>
         <Value>
            <SimpleValue>ISDA</SimpleValue>
         </Value>
         <Value>
            <SimpleValue/>
         </Value>
      </Row>
      <Row>
         <Value>
            <SimpleValue>Credit:IndexTranche:iTraxx:iTraxxEuropeTranche</SimpleValue>
         </Value>
         <Value>
            <SimpleValue>ISDA</SimpleValue>
         </Value>
         <Value>
            <SimpleValue/>
         </Value>
      </Row>
      <Row>
         <Value>
            <SimpleValue>Credit:IndexTranche:iTraxx:iTraxxJapanTranche</SimpleValue>
         </Value>
         <Value>
            <SimpleValue>ISDA</SimpleValue>
         </Value>
         <Value>
            <SimpleValue/>
         </Value>
      </Row>
      <Row>
         <Value>
            <SimpleValue>Credit:IndexTranche:iTraxx:StandardiTraxxEuropeTranche</SimpleValue>
         </Value>
         <Value>
            <SimpleValue>ISDA</SimpleValue>
         </Value>
         <Value>
            <SimpleValue/>
         </Value>
      </Row>
      <Row>
         <Value>
            <SimpleValue>Credit:IndexTranche:iTraxxStructuredTranche:iTraxxBlendedTranche</SimpleValue>
         </Value>
         <Value>
            <SimpleValue>ISDA</SimpleValue>
         </Value>
         <Value>
            <SimpleValue/>
         </Value>
      </Row>
      <Row>
         <Value>
            <SimpleValue>Credit:IndexTranche:iTraxxStructuredTranche:iTraxxRiskyZeroTranche</SimpleValue>
         </Value>
         <Value>
            <SimpleValue>ISDA</SimpleValue>
         </Value>
         <Value>
            <SimpleValue/>
         </Value>
      </Row>
      <Row>
         <Value>
            <SimpleValue>Credit:IndexTranche:LCDX:LCDXTranche</SimpleValue>
         </Value>
         <Value>
            <SimpleValue>ISDA</SimpleValue>
         </Value>
         <Value>
            <SimpleValue/>
         </Value>
      </Row>
      <Row>
         <Value>
            <SimpleValue>Credit:IndexTranche:LCDX:StandardLCDXBulletTranche</SimpleValue>
         </Value>
         <Value>
            <SimpleValue>ISDA</SimpleValue>
         </Value>
         <Value>
            <SimpleValue/>
         </Value>
      </Row>
      <Row>
         <Value>
            <SimpleValue>Credit:SingleName:ABS:CDSonCDO</SimpleValue>
         </Value>
         <Value>
            <SimpleValue>ISDA</SimpleValue>
         </Value>
         <Value>
            <SimpleValue/>
         </Value>
      </Row>
      <Row>
         <Value>
            <SimpleValue>Credit:SingleName:ABS:EuropeanMBS</SimpleValue>
         </Value>
         <Value>
            <SimpleValue>ISDA</SimpleValue>
         </Value>
         <Value>
            <SimpleValue/>
         </Value>
      </Row>
      <Row>
         <Value>
            <SimpleValue>Credit:SingleName:ABS:MBS</SimpleValue>
         </Value>
         <Value>
            <SimpleValue>ISDA</SimpleValue>
         </Value>
         <Value>
            <SimpleValue/>
         </Value>
      </Row>
      <Row>
         <Value>
            <SimpleValue>Credit:SingleName:Corporate:AsiaCorporate</SimpleValue>
         </Value>
         <Value>
            <SimpleValue>ISDA</SimpleValue>
         </Value>
         <Value>
            <SimpleValue/>
         </Value>
      </Row>
      <Row>
         <Value>
            <SimpleValue>Credit:SingleName:Corporate:AustraliaCorporate</SimpleValue>
         </Value>
         <Value>
            <SimpleValue>ISDA</SimpleValue>
         </Value>
         <Value>
            <SimpleValue/>
         </Value>
      </Row>
      <Row>
         <Value>
            <SimpleValue>Credit:SingleName:Corporate:EmergingEuropeanCorporate</SimpleValue>
         </Value>
         <Value>
            <SimpleValue>ISDA</SimpleValue>
         </Value>
         <Value>
            <SimpleValue/>
         </Value>
      </Row>
      <Row>
         <Value>
            <SimpleValue>Credit:SingleName:Corporate:EmergingEuropeanCorporateLPN</SimpleValue>
         </Value>
         <Value>
            <SimpleValue>ISDA</SimpleValue>
         </Value>
         <Value>
            <SimpleValue/>
         </Value>
      </Row>
      <Row>
         <Value>
            <SimpleValue>Credit:SingleName:Corporate:EuropeanCorporate</SimpleValue>
         </Value>
         <Value>
            <SimpleValue>ISDA</SimpleValue>
         </Value>
         <Value>
            <SimpleValue/>
         </Value>
      </Row>
      <Row>
         <Value>
            <SimpleValue>Credit:SingleName:Corporate:JapanCorporate</SimpleValue>
         </Value>
         <Value>
            <SimpleValue>ISDA</SimpleValue>
         </Value>
         <Value>
            <SimpleValue/>
         </Value>
      </Row>
      <Row>
         <Value>
            <SimpleValue>Credit:SingleName:Corporate:LatinAmericaCorporate</SimpleValue>
         </Value>
         <Value>
            <SimpleValue>ISDA</SimpleValue>
         </Value>
         <Value>
            <SimpleValue/>
         </Value>
      </Row>
      <Row>
         <Value>
            <SimpleValue>Credit:SingleName:Corporate:LatinAmericaCorporateBond</SimpleValue>
         </Value>
         <Value>
            <SimpleValue>ISDA</SimpleValue>
         </Value>
         <Value>
            <SimpleValue/>
         </Value>
      </Row>
      <Row>
         <Value>
            <SimpleValue>Credit:SingleName:Corporate:LatinAmericaCorporateBondOrLoan</SimpleValue>
         </Value>
         <Value>
            <SimpleValue>ISDA</SimpleValue>
         </Value>
         <Value>
            <SimpleValue/>
         </Value>
      </Row>
      <Row>
         <Value>
            <SimpleValue>Credit:SingleName:Corporate:NewZealandCorporate</SimpleValue>
         </Value>
         <Value>
            <SimpleValue>ISDA</SimpleValue>
         </Value>
         <Value>
            <SimpleValue/>
         </Value>
      </Row>
      <Row>
         <Value>
            <SimpleValue>Credit:SingleName:Corporate:NorthAmericanCorporate</SimpleValue>
         </Value>
         <Value>
            <SimpleValue>ISDA</SimpleValue>
         </Value>
         <Value>
            <SimpleValue/>
         </Value>
      </Row>
      <Row>
         <Value>
            <SimpleValue>Credit:SingleName:Corporate:SingaporeCorporate</SimpleValue>
         </Value>
         <Value>
            <SimpleValue>ISDA</SimpleValue>
         </Value>
         <Value>
            <SimpleValue/>
         </Value>
      </Row>
      <Row>
         <Value>
            <SimpleValue>Credit:SingleName:Corporate:StandardAsiaCorporate</SimpleValue>
         </Value>
         <Value>
            <SimpleValue>ISDA</SimpleValue>
         </Value>
         <Value>
            <SimpleValue/>
         </Value>
      </Row>
      <Row>
         <Value>
            <SimpleValue>Credit:SingleName:Corporate:StandardAustraliaCorporate</SimpleValue>
         </Value>
         <Value>
            <SimpleValue>ISDA</SimpleValue>
         </Value>
         <Value>
            <SimpleValue/>
         </Value>
      </Row>
      <Row>
         <Value>
            <SimpleValue>Credit:SingleName:Corporate:StandardEmergingEuropeanCorporate</SimpleValue>
         </Value>
         <Value>
            <SimpleValue>ISDA</SimpleValue>
         </Value>
         <Value>
            <SimpleValue/>
         </Value>
      </Row>
      <Row>
         <Value>
            <SimpleValue>Credit:SingleName:Corporate:StandardEmergingEuropeanCorporateLPN</SimpleValue>
         </Value>
         <Value>
            <SimpleValue>ISDA</SimpleValue>
         </Value>
         <Value>
            <SimpleValue/>
         </Value>
      </Row>
      <Row>
         <Value>
            <SimpleValue>Credit:SingleName:Corporate:StandardEuropeanCorporate</SimpleValue>
         </Value>
         <Value>
            <SimpleValue>ISDA</SimpleValue>
         </Value>
         <Value>
            <SimpleValue/>
         </Value>
      </Row>
      <Row>
         <Value>
            <SimpleValue>Credit:SingleName:Corporate:StandardJapanCorporate</SimpleValue>
         </Value>
         <Value>
            <SimpleValue>ISDA</SimpleValue>
         </Value>
         <Value>
            <SimpleValue/>
         </Value>
      </Row>
      <Row>
         <Value>
            <SimpleValue>Credit:SingleName:Corporate:StandardLatinAmericaCorporateBond</SimpleValue>
         </Value>
         <Value>
            <SimpleValue>ISDA</SimpleValue>
         </Value>
         <Value>
            <SimpleValue/>
         </Value>
      </Row>
      <Row>
         <Value>
            <SimpleValue>Credit:SingleName:Corporate:StandardLatinAmericaCorporateBondOrLoan</SimpleValue>
         </Value>
         <Value>
            <SimpleValue>ISDA</SimpleValue>
         </Value>
         <Value>
            <SimpleValue/>
         </Value>
      </Row>
      <Row>
         <Value>
            <SimpleValue>Credit:SingleName:Corporate:StandardNewZealandCorporate</SimpleValue>
         </Value>
         <Value>
            <SimpleValue>ISDA</SimpleValue>
         </Value>
         <Value>
            <SimpleValue/>
         </Value>
      </Row>
      <Row>
         <Value>
            <SimpleValue>Credit:SingleName:Corporate:StandardNorthAmericanCorporate</SimpleValue>
         </Value>
         <Value>
            <SimpleValue>ISDA</SimpleValue>
         </Value>
         <Value>
            <SimpleValue/>
         </Value>
      </Row>
      <Row>
         <Value>
            <SimpleValue>Credit:SingleName:Corporate:StandardSingaporeCorporate</SimpleValue>
         </Value>
         <Value>
            <SimpleValue>ISDA</SimpleValue>
         </Value>
         <Value>
            <SimpleValue/>
         </Value>
      </Row>
      <Row>
         <Value>
            <SimpleValue>Credit:SingleName:Corporate:StandardSubordinatedEuropeanInsuranceCorporate</SimpleValue>
         </Value>
         <Value>
            <SimpleValue>ISDA</SimpleValue>
         </Value>
         <Value>
            <SimpleValue/>
         </Value>
      </Row>
      <Row>
         <Value>
            <SimpleValue>Credit:SingleName:Corporate:StandardSukukCorporate</SimpleValue>
         </Value>
         <Value>
            <SimpleValue>ISDA</SimpleValue>
         </Value>
         <Value>
            <SimpleValue/>
         </Value>
      </Row>
      <Row>
         <Value>
            <SimpleValue>Credit:SingleName:Corporate:SubordinatedEuropeanInsuranceCorporate</SimpleValue>
         </Value>
         <Value>
            <SimpleValue>ISDA</SimpleValue>
         </Value>
         <Value>
            <SimpleValue/>
         </Value>
      </Row>
      <Row>
         <Value>
            <SimpleValue>Credit:SingleName:Corporate:SukukCorporate</SimpleValue>
         </Value>
         <Value>
            <SimpleValue>ISDA</SimpleValue>
         </Value>
         <Value>
            <SimpleValue/>
         </Value>
      </Row>
      <Row>
         <Value>
            <SimpleValue>Credit:SingleName:Loans:ELCDS</SimpleValue>
         </Value>
         <Value>
            <SimpleValue>ISDA</SimpleValue>
         </Value>
         <Value>
            <SimpleValue/>
         </Value>
      </Row>
      <Row>
         <Value>
            <SimpleValue>Credit:SingleName:Loans:LCDS</SimpleValue>
         </Value>
         <Value>
            <SimpleValue>ISDA</SimpleValue>
         </Value>
         <Value>
            <SimpleValue/>
         </Value>
      </Row>
      <Row>
         <Value>
            <SimpleValue>Credit:SingleName:Loans:StandardLCDSBullet</SimpleValue>
         </Value>
         <Value>
            <SimpleValue>ISDA</SimpleValue>
         </Value>
         <Value>
            <SimpleValue/>
         </Value>
      </Row>
      <Row>
         <Value>
            <SimpleValue>Credit:SingleName:Muni:USMunicipalFullFaithAndCredit</SimpleValue>
         </Value>
         <Value>
            <SimpleValue>ISDA</SimpleValue>
         </Value>
         <Value>
            <SimpleValue/>
         </Value>
      </Row>
      <Row>
         <Value>
            <SimpleValue>Credit:SingleName:Muni:USMunicipalGeneralFund</SimpleValue>
         </Value>
         <Value>
            <SimpleValue>ISDA</SimpleValue>
         </Value>
         <Value>
            <SimpleValue/>
         </Value>
      </Row>
      <Row>
         <Value>
            <SimpleValue>Credit:SingleName:Muni:USMunicipalRevenue</SimpleValue>
         </Value>
         <Value>
            <SimpleValue>ISDA</SimpleValue>
         </Value>
         <Value>
            <SimpleValue/>
         </Value>
      </Row>
      <Row>
         <Value>
            <SimpleValue>Credit:SingleName:RecoveryCDS:FixedRecoverySwaps</SimpleValue>
         </Value>
         <Value>
            <SimpleValue>ISDA</SimpleValue>
         </Value>
         <Value>
            <SimpleValue/>
         </Value>
      </Row>
      <Row>
         <Value>
            <SimpleValue>Credit:SingleName:RecoveryCDS:RecoveryLocks</SimpleValue>
         </Value>
         <Value>
            <SimpleValue>ISDA</SimpleValue>
         </Value>
         <Value>
            <SimpleValue/>
         </Value>
      </Row>
      <Row>
         <Value>
            <SimpleValue>Credit:SingleName:Sovereign:AsiaSovereign</SimpleValue>
         </Value>
         <Value>
            <SimpleValue>ISDA</SimpleValue>
         </Value>
         <Value>
            <SimpleValue/>
         </Value>
      </Row>
      <Row>
         <Value>
            <SimpleValue>Credit:SingleName:Sovereign:AustraliaSovereign</SimpleValue>
         </Value>
         <Value>
            <SimpleValue>ISDA</SimpleValue>
         </Value>
         <Value>
            <SimpleValue/>
         </Value>
      </Row>
      <Row>
         <Value>
            <SimpleValue>Credit:SingleName:Sovereign:EmergingEuropeanAndMiddleEasternSovereign</SimpleValue>
         </Value>
         <Value>
            <SimpleValue>ISDA</SimpleValue>
         </Value>
         <Value>
            <SimpleValue/>
         </Value>
      </Row>
      <Row>
         <Value>
            <SimpleValue>Credit:SingleName:Sovereign:JapanSovereign</SimpleValue>
         </Value>
         <Value>
            <SimpleValue>ISDA</SimpleValue>
         </Value>
         <Value>
            <SimpleValue/>
         </Value>
      </Row>
      <Row>
         <Value>
            <SimpleValue>Credit:SingleName:Sovereign:LatinAmericaSovereign</SimpleValue>
         </Value>
         <Value>
            <SimpleValue>ISDA</SimpleValue>
         </Value>
         <Value>
            <SimpleValue/>
         </Value>
      </Row>
      <Row>
         <Value>
            <SimpleValue>Credit:SingleName:Sovereign:NewZealandSovereign</SimpleValue>
         </Value>
         <Value>
            <SimpleValue>ISDA</SimpleValue>
         </Value>
         <Value>
            <SimpleValue/>
         </Value>
      </Row>
      <Row>
         <Value>
            <SimpleValue>Credit:SingleName:Sovereign:SingaporeSovereign</SimpleValue>
         </Value>
         <Value>
            <SimpleValue>ISDA</SimpleValue>
         </Value>
         <Value>
            <SimpleValue/>
         </Value>
      </Row>
      <Row>
         <Value>
            <SimpleValue>Credit:SingleName:Sovereign:StandardAsiaSovereign</SimpleValue>
         </Value>
         <Value>
            <SimpleValue>ISDA</SimpleValue>
         </Value>
         <Value>
            <SimpleValue/>
         </Value>
      </Row>
      <Row>
         <Value>
            <SimpleValue>Credit:SingleName:Sovereign:StandardAustraliaSovereign</SimpleValue>
         </Value>
         <Value>
            <SimpleValue>ISDA</SimpleValue>
         </Value>
         <Value>
            <SimpleValue/>
         </Value>
      </Row>
      <Row>
         <Value>
            <SimpleValue>Credit:SingleName:Sovereign:StandardEmergingEuropeanAndMiddleEasternSovereign</SimpleValue>
         </Value>
         <Value>
            <SimpleValue>ISDA</SimpleValue>
         </Value>
         <Value>
            <SimpleValue/>
         </Value>
      </Row>
      <Row>
         <Value>
            <SimpleValue>Credit:SingleName:Sovereign:StandardJapanSovereign</SimpleValue>
         </Value>
         <Value>
            <SimpleValue>ISDA</SimpleValue>
         </Value>
         <Value>
            <SimpleValue/>
         </Value>
      </Row>
      <Row>
         <Value>
            <SimpleValue>Credit:SingleName:Sovereign:StandardLatinAmericaSovereign</SimpleValue>
         </Value>
         <Value>
            <SimpleValue>ISDA</SimpleValue>
         </Value>
         <Value>
            <SimpleValue/>
         </Value>
      </Row>
      <Row>
         <Value>
            <SimpleValue>Credit:SingleName:Sovereign:StandardNewZealandSovereign</SimpleValue>
         </Value>
         <Value>
            <SimpleValue>ISDA</SimpleValue>
         </Value>
         <Value>
            <SimpleValue/>
         </Value>
      </Row>
      <Row>
         <Value>
            <SimpleValue>Credit:SingleName:Sovereign:StandardSingaporeSovereign</SimpleValue>
         </Value>
         <Value>
            <SimpleValue>ISDA</SimpleValue>
         </Value>
         <Value>
            <SimpleValue/>
         </Value>
      </Row>
      <Row>
         <Value>
            <SimpleValue>Credit:SingleName:Sovereign:StandardSukukSovereign</SimpleValue>
         </Value>
         <Value>
            <SimpleValue>ISDA</SimpleValue>
         </Value>
         <Value>
            <SimpleValue/>
         </Value>
      </Row>
      <Row>
         <Value>
            <SimpleValue>Credit:SingleName:Sovereign:StandardWesternEuropeanSovereign</SimpleValue>
         </Value>
         <Value>
            <SimpleValue>ISDA</SimpleValue>
         </Value>
         <Value>
            <SimpleValue/>
         </Value>
      </Row>
      <Row>
         <Value>
            <SimpleValue>Credit:SingleName:Sovereign:SukukSovereign</SimpleValue>
         </Value>
         <Value>
            <SimpleValue>ISDA</SimpleValue>
         </Value>
         <Value>
            <SimpleValue/>
         </Value>
      </Row>
      <Row>
         <Value>
            <SimpleValue>Credit:SingleName:Sovereign:WesternEuropeanSovereign</SimpleValue>
         </Value>
         <Value>
            <SimpleValue>ISDA</SimpleValue>
         </Value>
         <Value>
            <SimpleValue/>
         </Value>
      </Row>
      <Row>
         <Value>
            <SimpleValue>Credit:Swaptions:CDX:CDXSwaption</SimpleValue>
         </Value>
         <Value>
            <SimpleValue>ISDA</SimpleValue>
         </Value>
         <Value>
            <SimpleValue/>
         </Value>
      </Row>
      <Row>
         <Value>
            <SimpleValue>Credit:Swaptions:Corporate:CDSSwaption</SimpleValue>
         </Value>
         <Value>
            <SimpleValue>ISDA</SimpleValue>
         </Value>
         <Value>
            <SimpleValue/>
         </Value>
      </Row>
      <Row>
         <Value>
            <SimpleValue>Credit:Swaptions:iTraxx:iTraxxAsiaExJapanSwaption</SimpleValue>
         </Value>
         <Value>
            <SimpleValue>ISDA</SimpleValue>
         </Value>
         <Value>
            <SimpleValue/>
         </Value>
      </Row>
      <Row>
         <Value>
            <SimpleValue>Credit:Swaptions:iTraxx:iTraxxAustraliaSwaption</SimpleValue>
         </Value>
         <Value>
            <SimpleValue>ISDA</SimpleValue>
         </Value>
         <Value>
            <SimpleValue/>
         </Value>
      </Row>
      <Row>
         <Value>
            <SimpleValue>Credit:Swaptions:iTraxx:iTraxxEuropeSwaption</SimpleValue>
         </Value>
         <Value>
            <SimpleValue>ISDA</SimpleValue>
         </Value>
         <Value>
            <SimpleValue/>
         </Value>
      </Row>
      <Row>
         <Value>
            <SimpleValue>Credit:Swaptions:iTraxx:iTraxxJapanSwaption</SimpleValue>
         </Value>
         <Value>
            <SimpleValue>ISDA</SimpleValue>
         </Value>
         <Value>
            <SimpleValue/>
         </Value>
      </Row>
      <Row>
         <Value>
            <SimpleValue>Credit:Swaptions:iTraxx:iTraxxSovXSwaption</SimpleValue>
         </Value>
         <Value>
            <SimpleValue>ISDA</SimpleValue>
         </Value>
         <Value>
            <SimpleValue/>
         </Value>
      </Row>
      <Row>
         <Value>
            <SimpleValue>Credit:Swaptions:Muni:CDSSwaption</SimpleValue>
         </Value>
         <Value>
            <SimpleValue>ISDA</SimpleValue>
         </Value>
         <Value>
            <SimpleValue/>
         </Value>
      </Row>
      <Row>
         <Value>
            <SimpleValue>Credit:Swaptions:Sovereign:CDSSwaption</SimpleValue>
         </Value>
         <Value>
            <SimpleValue>ISDA</SimpleValue>
         </Value>
         <Value>
            <SimpleValue/>
         </Value>
      </Row>
      <Row>
         <Value>
            <SimpleValue>Credit:TotalReturnSwap</SimpleValue>
         </Value>
         <Value>
            <SimpleValue>ISDA</SimpleValue>
         </Value>
         <Value>
            <SimpleValue/>
         </Value>
      </Row>
      <Row>
         <Value>
            <SimpleValue>Credit:TotalReturnSwapIndex:iBoxx</SimpleValue>
         </Value>
         <Value>
            <SimpleValue>ISDA</SimpleValue>
         </Value>
         <Value>
            <SimpleValue/>
         </Value>
      </Row>
      <Row>
         <Value>
            <SimpleValue>Equity:ContractForDifference:PriceReturnBasicPerformance:Basket</SimpleValue>
         </Value>
         <Value>
            <SimpleValue>ISDA</SimpleValue>
         </Value>
         <Value>
            <SimpleValue/>
         </Value>
      </Row>
      <Row>
         <Value>
            <SimpleValue>Equity:ContractForDifference:PriceReturnBasicPerformance:SingleIndex</SimpleValue>
         </Value>
         <Value>
            <SimpleValue>ISDA</SimpleValue>
         </Value>
         <Value>
            <SimpleValue/>
         </Value>
      </Row>
      <Row>
         <Value>
            <SimpleValue>Equity:ContractForDifference:PriceReturnBasicPerformance:SingleName</SimpleValue>
         </Value>
         <Value>
            <SimpleValue>ISDA</SimpleValue>
         </Value>
         <Value>
            <SimpleValue/>
         </Value>
      </Row>
      <Row>
         <Value>
            <SimpleValue>Equity:Forward:PriceReturnBasicPerformance:Basket</SimpleValue>
         </Value>
         <Value>
            <SimpleValue>ISDA</SimpleValue>
         </Value>
         <Value>
            <SimpleValue/>
         </Value>
      </Row>
      <Row>
         <Value>
            <SimpleValue>Equity:Forward:PriceReturnBasicPerformance:SingleIndex</SimpleValue>
         </Value>
         <Value>
            <SimpleValue>ISDA</SimpleValue>
         </Value>
         <Value>
            <SimpleValue/>
         </Value>
      </Row>
      <Row>
         <Value>
            <SimpleValue>Equity:Forward:PriceReturnBasicPerformance:SingleName</SimpleValue>
         </Value>
         <Value>
            <SimpleValue>ISDA</SimpleValue>
         </Value>
         <Value>
            <SimpleValue/>
         </Value>
      </Row>
      <Row>
         <Value>
            <SimpleValue>Equity:Option:ParameterReturnDividend:Basket</SimpleValue>
         </Value>
         <Value>
            <SimpleValue>ISDA</SimpleValue>
         </Value>
         <Value>
            <SimpleValue/>
         </Value>
      </Row>
      <Row>
         <Value>
            <SimpleValue>Equity:Option:ParameterReturnDividend:SingleIndex</SimpleValue>
         </Value>
         <Value>
            <SimpleValue>ISDA</SimpleValue>
         </Value>
         <Value>
            <SimpleValue/>
         </Value>
      </Row>
      <Row>
         <Value>
            <SimpleValue>Equity:Option:ParameterReturnDividend:SingleName</SimpleValue>
         </Value>
         <Value>
            <SimpleValue>ISDA</SimpleValue>
         </Value>
         <Value>
            <SimpleValue/>
         </Value>
      </Row>
      <Row>
         <Value>
            <SimpleValue>Equity:Option:ParameterReturnVariance:Basket</SimpleValue>
         </Value>
         <Value>
            <SimpleValue>ISDA</SimpleValue>
         </Value>
         <Value>
            <SimpleValue/>
         </Value>
      </Row>
      <Row>
         <Value>
            <SimpleValue>Equity:Option:ParameterReturnVariance:SingleIndex</SimpleValue>
         </Value>
         <Value>
            <SimpleValue>ISDA</SimpleValue>
         </Value>
         <Value>
            <SimpleValue/>
         </Value>
      </Row>
      <Row>
         <Value>
            <SimpleValue>Equity:Option:ParameterReturnVariance:SingleName</SimpleValue>
         </Value>
         <Value>
            <SimpleValue>ISDA</SimpleValue>
         </Value>
         <Value>
            <SimpleValue/>
         </Value>
      </Row>
      <Row>
         <Value>
            <SimpleValue>Equity:Option:ParameterReturnVolatility:Basket</SimpleValue>
         </Value>
         <Value>
            <SimpleValue>ISDA</SimpleValue>
         </Value>
         <Value>
            <SimpleValue/>
         </Value>
      </Row>
      <Row>
         <Value>
            <SimpleValue>Equity:Option:ParameterReturnVolatility:SingleIndex</SimpleValue>
         </Value>
         <Value>
            <SimpleValue>ISDA</SimpleValue>
         </Value>
         <Value>
            <SimpleValue/>
         </Value>
      </Row>
      <Row>
         <Value>
            <SimpleValue>Equity:Option:ParameterReturnVolatility:SingleName</SimpleValue>
         </Value>
         <Value>
            <SimpleValue>ISDA</SimpleValue>
         </Value>
         <Value>
            <SimpleValue/>
         </Value>
      </Row>
      <Row>
         <Value>
            <SimpleValue>Equity:Option:PriceReturnBasicPerformance:Basket</SimpleValue>
         </Value>
         <Value>
            <SimpleValue>ISDA</SimpleValue>
         </Value>
         <Value>
            <SimpleValue/>
         </Value>
      </Row>
      <Row>
         <Value>
            <SimpleValue>Equity:Option:PriceReturnBasicPerformance:SingleIndex</SimpleValue>
         </Value>
         <Value>
            <SimpleValue>ISDA</SimpleValue>
         </Value>
         <Value>
            <SimpleValue/>
         </Value>
      </Row>
      <Row>
         <Value>
            <SimpleValue>Equity:Option:PriceReturnBasicPerformance:SingleName</SimpleValue>
         </Value>
         <Value>
            <SimpleValue>ISDA</SimpleValue>
         </Value>
         <Value>
            <SimpleValue/>
         </Value>
      </Row>
      <Row>
         <Value>
            <SimpleValue>Equity:Other</SimpleValue>
         </Value>
         <Value>
            <SimpleValue>ISDA</SimpleValue>
         </Value>
         <Value>
            <SimpleValue/>
         </Value>
      </Row>
      <Row>
         <Value>
            <SimpleValue>Equity:PortfolioSwap:PriceReturnBasicPerformance:Basket</SimpleValue>
         </Value>
         <Value>
            <SimpleValue>ISDA</SimpleValue>
         </Value>
         <Value>
            <SimpleValue/>
         </Value>
      </Row>
      <Row>
         <Value>
            <SimpleValue>Equity:PortfolioSwap:PriceReturnBasicPerformance:SingleIndex</SimpleValue>
         </Value>
         <Value>
            <SimpleValue>ISDA</SimpleValue>
         </Value>
         <Value>
            <SimpleValue/>
         </Value>
      </Row>
      <Row>
         <Value>
            <SimpleValue>Equity:PortfolioSwap:PriceReturnBasicPerformance:SingleName</SimpleValue>
         </Value>
         <Value>
            <SimpleValue>ISDA</SimpleValue>
         </Value>
         <Value>
            <SimpleValue/>
         </Value>
      </Row>
      <Row>
         <Value>
            <SimpleValue>Equity:Swap:ParameterReturnDividend:Basket</SimpleValue>
         </Value>
         <Value>
            <SimpleValue>ISDA</SimpleValue>
         </Value>
         <Value>
            <SimpleValue/>
         </Value>
      </Row>
      <Row>
         <Value>
            <SimpleValue>Equity:Swap:ParameterReturnDividend:SingleIndex</SimpleValue>
         </Value>
         <Value>
            <SimpleValue>ISDA</SimpleValue>
         </Value>
         <Value>
            <SimpleValue/>
         </Value>
      </Row>
      <Row>
         <Value>
            <SimpleValue>Equity:Swap:ParameterReturnDividend:SingleName</SimpleValue>
         </Value>
         <Value>
            <SimpleValue>ISDA</SimpleValue>
         </Value>
         <Value>
            <SimpleValue/>
         </Value>
      </Row>
      <Row>
         <Value>
            <SimpleValue>Equity:Swap:ParameterReturnVariance:Basket</SimpleValue>
         </Value>
         <Value>
            <SimpleValue>ISDA</SimpleValue>
         </Value>
         <Value>
            <SimpleValue/>
         </Value>
      </Row>
      <Row>
         <Value>
            <SimpleValue>Equity:Swap:ParameterReturnVariance:SingleIndex</SimpleValue>
         </Value>
         <Value>
            <SimpleValue>ISDA</SimpleValue>
         </Value>
         <Value>
            <SimpleValue/>
         </Value>
      </Row>
      <Row>
         <Value>
            <SimpleValue>Equity:Swap:ParameterReturnVariance:SingleName</SimpleValue>
         </Value>
         <Value>
            <SimpleValue>ISDA</SimpleValue>
         </Value>
         <Value>
            <SimpleValue/>
         </Value>
      </Row>
      <Row>
         <Value>
            <SimpleValue>Equity:Swap:ParameterReturnVolatility:Basket</SimpleValue>
         </Value>
         <Value>
            <SimpleValue>ISDA</SimpleValue>
         </Value>
         <Value>
            <SimpleValue/>
         </Value>
      </Row>
      <Row>
         <Value>
            <SimpleValue>Equity:Swap:ParameterReturnVolatility:SingleIndex</SimpleValue>
         </Value>
         <Value>
            <SimpleValue>ISDA</SimpleValue>
         </Value>
         <Value>
            <SimpleValue/>
         </Value>
      </Row>
      <Row>
         <Value>
            <SimpleValue>Equity:Swap:ParameterReturnVolatility:SingleName</SimpleValue>
         </Value>
         <Value>
            <SimpleValue>ISDA</SimpleValue>
         </Value>
         <Value>
            <SimpleValue/>
         </Value>
      </Row>
      <Row>
         <Value>
            <SimpleValue>Equity:Swap:PriceReturnBasicPerformance:Basket</SimpleValue>
         </Value>
         <Value>
            <SimpleValue>ISDA</SimpleValue>
         </Value>
         <Value>
            <SimpleValue/>
         </Value>
      </Row>
      <Row>
         <Value>
            <SimpleValue>Equity:Swap:PriceReturnBasicPerformance:SingleIndex</SimpleValue>
         </Value>
         <Value>
            <SimpleValue>ISDA</SimpleValue>
         </Value>
         <Value>
            <SimpleValue/>
         </Value>
      </Row>
      <Row>
         <Value>
            <SimpleValue>Equity:Swap:PriceReturnBasicPerformance:SingleName</SimpleValue>
         </Value>
         <Value>
            <SimpleValue>ISDA</SimpleValue>
         </Value>
         <Value>
            <SimpleValue/>
         </Value>
      </Row>
      <Row>
         <Value>
            <SimpleValue>ForeignExchange:ComplexExotic</SimpleValue>
         </Value>
         <Value>
            <SimpleValue>ISDA</SimpleValue>
         </Value>
         <Value>
            <SimpleValue/>
         </Value>
      </Row>
      <Row>
         <Value>
            <SimpleValue>ForeignExchange:Forward</SimpleValue>
         </Value>
         <Value>
            <SimpleValue>ISDA</SimpleValue>
         </Value>
         <Value>
            <SimpleValue/>
         </Value>
      </Row>
      <Row>
         <Value>
            <SimpleValue>ForeignExchange:NDF</SimpleValue>
         </Value>
         <Value>
            <SimpleValue>ISDA</SimpleValue>
         </Value>
         <Value>
            <SimpleValue/>
         </Value>
      </Row>
      <Row>
         <Value>
            <SimpleValue>ForeignExchange:NDO</SimpleValue>
         </Value>
         <Value>
            <SimpleValue>ISDA</SimpleValue>
         </Value>
         <Value>
            <SimpleValue/>
         </Value>
      </Row>
      <Row>
         <Value>
            <SimpleValue>ForeignExchange:SimpleExotic:Barrier</SimpleValue>
         </Value>
         <Value>
            <SimpleValue>ISDA</SimpleValue>
         </Value>
         <Value>
            <SimpleValue/>
         </Value>
      </Row>
      <Row>
         <Value>
            <SimpleValue>ForeignExchange:SimpleExotic:Digital</SimpleValue>
         </Value>
         <Value>
            <SimpleValue>ISDA</SimpleValue>
         </Value>
         <Value>
            <SimpleValue/>
         </Value>
      </Row>
      <Row>
         <Value>
            <SimpleValue>ForeignExchange:Spot</SimpleValue>
         </Value>
         <Value>
            <SimpleValue>ISDA</SimpleValue>
         </Value>
         <Value>
            <SimpleValue/>
         </Value>
      </Row>
      <Row>
         <Value>
            <SimpleValue>ForeignExchange:VanillaOption</SimpleValue>
         </Value>
         <Value>
            <SimpleValue>ISDA</SimpleValue>
         </Value>
         <Value>
            <SimpleValue/>
         </Value>
      </Row>
      <Row>
         <Value>
            <SimpleValue>InterestRate:CapFloor</SimpleValue>
         </Value>
         <Value>
            <SimpleValue>ISDA</SimpleValue>
         </Value>
         <Value>
            <SimpleValue/>
         </Value>
      </Row>
      <Row>
         <Value>
            <SimpleValue>InterestRate:CrossCurrency:Basis</SimpleValue>
         </Value>
         <Value>
            <SimpleValue>ISDA</SimpleValue>
         </Value>
         <Value>
            <SimpleValue/>
         </Value>
      </Row>
      <Row>
         <Value>
            <SimpleValue>InterestRate:CrossCurrency:FixedFixed</SimpleValue>
         </Value>
         <Value>
            <SimpleValue>ISDA</SimpleValue>
         </Value>
         <Value>
            <SimpleValue/>
         </Value>
      </Row>
      <Row>
         <Value>
            <SimpleValue>InterestRate:CrossCurrency:FixedFloat</SimpleValue>
         </Value>
         <Value>
            <SimpleValue>ISDA</SimpleValue>
         </Value>
         <Value>
            <SimpleValue/>
         </Value>
      </Row>
      <Row>
         <Value>
            <SimpleValue>InterestRate:Exotic</SimpleValue>
         </Value>
         <Value>
            <SimpleValue>ISDA</SimpleValue>
         </Value>
         <Value>
            <SimpleValue/>
         </Value>
      </Row>
      <Row>
         <Value>
            <SimpleValue>InterestRate:Forward:Debt</SimpleValue>
         </Value>
         <Value>
            <SimpleValue>ISDA</SimpleValue>
         </Value>
         <Value>
            <SimpleValue/>
         </Value>
      </Row>
      <Row>
         <Value>
            <SimpleValue>InterestRate:FRA</SimpleValue>
         </Value>
         <Value>
            <SimpleValue>ISDA</SimpleValue>
         </Value>
         <Value>
            <SimpleValue/>
         </Value>
      </Row>
      <Row>
         <Value>
            <SimpleValue>InterestRate:IRSwap:Basis</SimpleValue>
         </Value>
         <Value>
            <SimpleValue>ISDA</SimpleValue>
         </Value>
         <Value>
            <SimpleValue/>
         </Value>
      </Row>
      <Row>
         <Value>
            <SimpleValue>InterestRate:IRSwap:FixedFixed</SimpleValue>
         </Value>
         <Value>
            <SimpleValue>ISDA</SimpleValue>
         </Value>
         <Value>
            <SimpleValue/>
         </Value>
      </Row>
      <Row>
         <Value>
            <SimpleValue>InterestRate:IRSwap:FixedFloat</SimpleValue>
         </Value>
         <Value>
            <SimpleValue>ISDA</SimpleValue>
         </Value>
         <Value>
            <SimpleValue/>
         </Value>
      </Row>
      <Row>
         <Value>
            <SimpleValue>InterestRate:IRSwap:Inflation</SimpleValue>
         </Value>
         <Value>
            <SimpleValue>ISDA</SimpleValue>
         </Value>
         <Value>
            <SimpleValue/>
         </Value>
      </Row>
      <Row>
         <Value>
            <SimpleValue>InterestRate:IRSwap:OIS</SimpleValue>
         </Value>
         <Value>
            <SimpleValue>ISDA</SimpleValue>
         </Value>
         <Value>
            <SimpleValue/>
         </Value>
      </Row>
      <Row>
         <Value>
            <SimpleValue>InterestRate:Option:DebtOption</SimpleValue>
         </Value>
         <Value>
            <SimpleValue>ISDA</SimpleValue>
         </Value>
         <Value>
            <SimpleValue/>
         </Value>
      </Row>
      <Row>
         <Value>
            <SimpleValue>InterestRate:Option:Swaption</SimpleValue>
         </Value>
         <Value>
            <SimpleValue>ISDA</SimpleValue>
         </Value>
         <Value>
            <SimpleValue/>
         </Value>
      </Row>
   </SimpleCodeList>
</gcl:CodeList>