<?xml version="1.0" encoding="UTF-8"?>
<gcl:CodeList xmlns:gcl="http://xml.genericode.org/2004/ns/CodeList/0.2/" xmlns:doc="http://www.fpml.org/coding-scheme/documentation" xmlns:xsi="http://www.w3.org/2001/XMLSchema-instance" xsi:schemaLocation="http://xml.genericode.org/2004/ns/CodeList/0.2/ CodeList.xsd">
   <Annotation>
      <Description>
         <doc:definition>Specifies the type of the time of the quote.</doc:definition>
         <doc:publicationDate>2016-06-13</doc:publicationDate>
      </Description>
   </Annotation>
   <Identification>
      <ShortName>quoteTimingScheme</ShortName>
      <Version>1-2</Version>
      <CanonicalUri>http://www.fpml.org/coding-scheme/quote-timing</CanonicalUri>
      <CanonicalVersionUri>http://www.fpml.org/coding-scheme/quote-timing-1-2</CanonicalVersionUri>
      <LocationUri>http://www.fpml.org/coding-scheme/quote-timing-1-2.xml</LocationUri>
   </Identification>
   <ColumnSet>
      <Column Id="Code" Use="required">
         <ShortName>Code</ShortName>
         <Data Type="token">
            <Parameter ShortName="maxLength">63</Parameter>
         </Data>
      </Column>
      <Column Id="Source" Use="optional">
         <ShortName>Source</ShortName>
         <Data Type="string"/>
      </Column>
      <Column Id="Description" Use="optional">
         <ShortName>Description</ShortName>
         <Data Type="string"/>
      </Column>
      <Key Id="PrimaryKey">
         <ShortName>key</ShortName>
         <ColumnRef Ref="Code"/>
      </Key>
   </ColumnSet>
   <SimpleCodeList>
      <Row>
         <Value>
            <SimpleValue>Close</SimpleValue>
         </Value>
         <Value>
            <SimpleValue>FpML</SimpleValue>
         </Value>
         <Value>
            <SimpleValue>The quotation represents the end of day/market close.</SimpleValue>
         </Value>
      </Row>
      <Row>
         <Value>
            <SimpleValue>EndOfDay</SimpleValue>
         </Value>
         <Value>
            <SimpleValue>FpML</SimpleValue>
         </Value>
         <Value>
            <SimpleValue>The quotation represents the end of day value as computed during an end of day processing run.</SimpleValue>
         </Value>
      </Row>
      <Row>
         <Value>
            <SimpleValue>High</SimpleValue>
         </Value>
         <Value>
            <SimpleValue>FpML</SimpleValue>
         </Value>
         <Value>
            <SimpleValue>The quotation represents the highest value obtained during the day.</SimpleValue>
         </Value>
      </Row>
      <Row>
         <Value>
            <SimpleValue>Low</SimpleValue>
         </Value>
         <Value>
            <SimpleValue>FpML</SimpleValue>
         </Value>
         <Value>
            <SimpleValue>The quotation represents the lowest value obtained during the day.</SimpleValue>
         </Value>
      </Row>
      <Row>
         <Value>
            <SimpleValue>Open</SimpleValue>
         </Value>
         <Value>
            <SimpleValue>FpML</SimpleValue>
         </Value>
         <Value>
            <SimpleValue>The quotation represents the beginning of day/market open.</SimpleValue>
         </Value>
      </Row>
      <Row>
         <Value>
            <SimpleValue>Pending</SimpleValue>
         </Value>
         <Value>
            <SimpleValue>FpML</SimpleValue>
         </Value>
         <Value>
            <SimpleValue>Pricing information is pending and not currently available.</SimpleValue>
         </Value>
      </Row>
   </SimpleCodeList>
</gcl:CodeList>