<?xml version="1.0" encoding="UTF-8"?>
<gcl:CodeList xmlns:gcl="http://xml.genericode.org/2004/ns/CodeList/0.2/" xmlns:doc="http://www.fpml.org/coding-scheme/documentation" xmlns:xsi="http://www.w3.org/2001/XMLSchema-instance" xsi:schemaLocation="http://xml.genericode.org/2004/ns/CodeList/0.2/ CodeList.xsd">
   <Annotation>
      <Description>
         <doc:definition>Defines a list of machine interpretable error codes.</doc:definition>
      </Description>
   </Annotation>
   <Identification>
      <ShortName>reasonCodeScheme</ShortName>
      <Version>1-0</Version>
      <CanonicalUri>http://www.fpml.org/coding-scheme/reason-code</CanonicalUri>
      <CanonicalVersionUri>http://www.fpml.org/coding-scheme/reason-code-1-0</CanonicalVersionUri>
      <LocationUri>http://www.fpml.org/coding-scheme/reason-code-1-0.xml</LocationUri>
   </Identification>
   <ColumnSet>
      <Column Id="Code" Use="required">
         <ShortName>Code</ShortName>
         <Data Type="token">
            <Parameter ShortName="maxLength">63</Parameter>
         </Data>
      </Column>
      <Column Id="Source" Use="optional">
         <ShortName>Source</ShortName>
         <Data Type="string"/>
      </Column>
      <Column Id="Description" Use="optional">
         <ShortName>Description</ShortName>
         <Data Type="string"/>
      </Column>
      <Key Id="PrimaryKey">
         <ShortName>key</ShortName>
         <ColumnRef Ref="Code"/>
      </Key>
   </ColumnSet>
   <SimpleCodeList>
      <Row>
         <Value>
            <SimpleValue>100</SimpleValue>
         </Value>
         <Value>
            <SimpleValue>FpML</SimpleValue>
         </Value>
         <Value>
            <SimpleValue>Default transport error code.</SimpleValue>
         </Value>
      </Row>
      <Row>
         <Value>
            <SimpleValue>101</SimpleValue>
         </Value>
         <Value>
            <SimpleValue>FpML</SimpleValue>
         </Value>
         <Value>
            <SimpleValue>Transport unavailable.</SimpleValue>
         </Value>
      </Row>
      <Row>
         <Value>
            <SimpleValue>102</SimpleValue>
         </Value>
         <Value>
            <SimpleValue>FpML</SimpleValue>
         </Value>
         <Value>
            <SimpleValue>Unknown recipient/destination.</SimpleValue>
         </Value>
      </Row>
      <Row>
         <Value>
            <SimpleValue>103</SimpleValue>
         </Value>
         <Value>
            <SimpleValue>FpML</SimpleValue>
         </Value>
         <Value>
            <SimpleValue>Delivered to wrong recipient.</SimpleValue>
         </Value>
      </Row>
      <Row>
         <Value>
            <SimpleValue>104</SimpleValue>
         </Value>
         <Value>
            <SimpleValue>FpML</SimpleValue>
         </Value>
         <Value>
            <SimpleValue>Timeout - message delivered past expiration.</SimpleValue>
         </Value>
      </Row>
      <Row>
         <Value>
            <SimpleValue>105</SimpleValue>
         </Value>
         <Value>
            <SimpleValue>FpML</SimpleValue>
         </Value>
         <Value>
            <SimpleValue>This type of message not accepted on this transport.</SimpleValue>
         </Value>
      </Row>
      <Row>
         <Value>
            <SimpleValue>106</SimpleValue>
         </Value>
         <Value>
            <SimpleValue>FpML</SimpleValue>
         </Value>
         <Value>
            <SimpleValue>Message generation problem (e.g. data conversion).</SimpleValue>
         </Value>
      </Row>
      <Row>
         <Value>
            <SimpleValue>110</SimpleValue>
         </Value>
         <Value>
            <SimpleValue>FpML</SimpleValue>
         </Value>
         <Value>
            <SimpleValue>Message corrupted (e.g. CRC failure).</SimpleValue>
         </Value>
      </Row>
      <Row>
         <Value>
            <SimpleValue>111</SimpleValue>
         </Value>
         <Value>
            <SimpleValue>FpML</SimpleValue>
         </Value>
         <Value>
            <SimpleValue>Message text doesn't match digital signature hash.</SimpleValue>
         </Value>
      </Row>
      <Row>
         <Value>
            <SimpleValue>200</SimpleValue>
         </Value>
         <Value>
            <SimpleValue>FpML</SimpleValue>
         </Value>
         <Value>
            <SimpleValue>Default message processing error code.</SimpleValue>
         </Value>
      </Row>
      <Row>
         <Value>
            <SimpleValue>201</SimpleValue>
         </Value>
         <Value>
            <SimpleValue>FpML</SimpleValue>
         </Value>
         <Value>
            <SimpleValue>Lexical problem - not well-formed XML.</SimpleValue>
         </Value>
      </Row>
      <Row>
         <Value>
            <SimpleValue>202</SimpleValue>
         </Value>
         <Value>
            <SimpleValue>FpML</SimpleValue>
         </Value>
         <Value>
            <SimpleValue>Unsupported character set.</SimpleValue>
         </Value>
      </Row>
      <Row>
         <Value>
            <SimpleValue>203</SimpleValue>
         </Value>
         <Value>
            <SimpleValue>FpML</SimpleValue>
         </Value>
         <Value>
            <SimpleValue>Empty or missing content.</SimpleValue>
         </Value>
      </Row>
      <Row>
         <Value>
            <SimpleValue>204</SimpleValue>
         </Value>
         <Value>
            <SimpleValue>FpML</SimpleValue>
         </Value>
         <Value>
            <SimpleValue>Content too large.</SimpleValue>
         </Value>
      </Row>
      <Row>
         <Value>
            <SimpleValue>210</SimpleValue>
         </Value>
         <Value>
            <SimpleValue>FpML</SimpleValue>
         </Value>
         <Value>
            <SimpleValue>System unavailable.</SimpleValue>
         </Value>
      </Row>
      <Row>
         <Value>
            <SimpleValue>211</SimpleValue>
         </Value>
         <Value>
            <SimpleValue>FpML</SimpleValue>
         </Value>
         <Value>
            <SimpleValue>Message component text doesn't match digital signature hash.</SimpleValue>
         </Value>
      </Row>
      <Row>
         <Value>
            <SimpleValue>300</SimpleValue>
         </Value>
         <Value>
            <SimpleValue>FpML</SimpleValue>
         </Value>
         <Value>
            <SimpleValue>Default validation error code.</SimpleValue>
         </Value>
      </Row>
      <Row>
         <Value>
            <SimpleValue>301</SimpleValue>
         </Value>
         <Value>
            <SimpleValue>FpML</SimpleValue>
         </Value>
         <Value>
            <SimpleValue>Unknown or unsupported DTD/Schema.</SimpleValue>
         </Value>
      </Row>
      <Row>
         <Value>
            <SimpleValue>302</SimpleValue>
         </Value>
         <Value>
            <SimpleValue>FpML</SimpleValue>
         </Value>
         <Value>
            <SimpleValue>Unsupported FpML version.</SimpleValue>
         </Value>
      </Row>
      <Row>
         <Value>
            <SimpleValue>303</SimpleValue>
         </Value>
         <Value>
            <SimpleValue>FpML</SimpleValue>
         </Value>
         <Value>
            <SimpleValue>Invalid FpML message - message doesn't validate w.r.t. specified DTD/schema.</SimpleValue>
         </Value>
      </Row>
      <Row>
         <Value>
            <SimpleValue>304</SimpleValue>
         </Value>
         <Value>
            <SimpleValue>FpML</SimpleValue>
         </Value>
         <Value>
            <SimpleValue>Validation failure - unsupported message type.</SimpleValue>
         </Value>
      </Row>
      <Row>
         <Value>
            <SimpleValue>305</SimpleValue>
         </Value>
         <Value>
            <SimpleValue>FpML</SimpleValue>
         </Value>
         <Value>
            <SimpleValue>Validation failure - mandatory FpML rule (a rule we say must always be followed).</SimpleValue>
         </Value>
      </Row>
      <Row>
         <Value>
            <SimpleValue>306</SimpleValue>
         </Value>
         <Value>
            <SimpleValue>FpML</SimpleValue>
         </Value>
         <Value>
            <SimpleValue>Validation failure - master agreement rule (a rule 2 parties agree to follow).</SimpleValue>
         </Value>
      </Row>
      <Row>
         <Value>
            <SimpleValue>307</SimpleValue>
         </Value>
         <Value>
            <SimpleValue>FpML</SimpleValue>
         </Value>
         <Value>
            <SimpleValue>Validation failure - business policy (a rule that only the recipient has).</SimpleValue>
         </Value>
      </Row>
      <Row>
         <Value>
            <SimpleValue>308</SimpleValue>
         </Value>
         <Value>
            <SimpleValue>FpML</SimpleValue>
         </Value>
         <Value>
            <SimpleValue>Validation failure - unsupported product/asset.</SimpleValue>
         </Value>
      </Row>
      <Row>
         <Value>
            <SimpleValue>310</SimpleValue>
         </Value>
         <Value>
            <SimpleValue>FpML</SimpleValue>
         </Value>
         <Value>
            <SimpleValue>Signature required - message content must be signed.</SimpleValue>
         </Value>
      </Row>
      <Row>
         <Value>
            <SimpleValue>311</SimpleValue>
         </Value>
         <Value>
            <SimpleValue>FpML</SimpleValue>
         </Value>
         <Value>
            <SimpleValue>Signature not accepted - problem with message signer (cert revoked, unacceptable principal, etc.).</SimpleValue>
         </Value>
      </Row>
      <Row>
         <Value>
            <SimpleValue>400</SimpleValue>
         </Value>
         <Value>
            <SimpleValue>FpML</SimpleValue>
         </Value>
         <Value>
            <SimpleValue>Default business process error code.</SimpleValue>
         </Value>
      </Row>
      <Row>
         <Value>
            <SimpleValue>401</SimpleValue>
         </Value>
         <Value>
            <SimpleValue>FpML</SimpleValue>
         </Value>
         <Value>
            <SimpleValue>Don't know - unrecognized trade.</SimpleValue>
         </Value>
      </Row>
      <Row>
         <Value>
            <SimpleValue>402</SimpleValue>
         </Value>
         <Value>
            <SimpleValue>FpML</SimpleValue>
         </Value>
         <Value>
            <SimpleValue>Suitability - trade can't be done for client or dealer suitability reasons.</SimpleValue>
         </Value>
      </Row>
      <Row>
         <Value>
            <SimpleValue>403</SimpleValue>
         </Value>
         <Value>
            <SimpleValue>FpML</SimpleValue>
         </Value>
         <Value>
            <SimpleValue>Credit - trade can't be done for credit reasons.</SimpleValue>
         </Value>
      </Row>
      <Row>
         <Value>
            <SimpleValue>404</SimpleValue>
         </Value>
         <Value>
            <SimpleValue>FpML</SimpleValue>
         </Value>
         <Value>
            <SimpleValue>Not interested - recipient chooses not to respond.</SimpleValue>
         </Value>
      </Row>
      <Row>
         <Value>
            <SimpleValue>410</SimpleValue>
         </Value>
         <Value>
            <SimpleValue>FpML</SimpleValue>
         </Value>
         <Value>
            <SimpleValue>Message arrived too late - e.g. trade no longer exists.</SimpleValue>
         </Value>
      </Row>
      <Row>
         <Value>
            <SimpleValue>411</SimpleValue>
         </Value>
         <Value>
            <SimpleValue>FpML</SimpleValue>
         </Value>
         <Value>
            <SimpleValue>Message expired - message arrived on time, but a response was not generated in time.</SimpleValue>
         </Value>
      </Row>
   </SimpleCodeList>
</gcl:CodeList>