<?xml version="1.0" encoding="UTF-8"?>
<gcl:CodeList xmlns:gcl="http://xml.genericode.org/2004/ns/CodeList/0.2/" xmlns:doc="http://www.fpml.org/coding-scheme/documentation" xmlns:xsi="http://www.w3.org/2001/XMLSchema-instance" xsi:schemaLocation="http://xml.genericode.org/2004/ns/CodeList/0.2/ CodeList.xsd">
   <Annotation>
      <Description>
         <doc:definition>Specifies Corporate sector as defined by or for regulators including ESMA, CFTC, etc.</doc:definition>
         <doc:publicationDate>2016-06-13</doc:publicationDate>
      </Description>
   </Annotation>
   <Identification>
      <ShortName>regulatoryCorporateSectorScheme</ShortName>
      <Version>1-2</Version>
      <CanonicalUri>http://www.fpml.org/coding-scheme/regulatory-corporate-sector</CanonicalUri>
      <CanonicalVersionUri>http://www.fpml.org/coding-scheme/regulatory-corporate-sector-1-2</CanonicalVersionUri>
      <LocationUri>http://www.fpml.org/coding-scheme/regulatory-corporate-sector-1-2.xml</LocationUri>
   </Identification>
   <ColumnSet>
      <Column Id="Code" Use="required">
         <ShortName>Code</ShortName>
         <Data Type="token">
            <Parameter ShortName="maxLength">63</Parameter>
         </Data>
      </Column>
      <Column Id="Source" Use="optional">
         <ShortName>Source</ShortName>
         <Data Type="string"/>
      </Column>
      <Column Id="Description" Use="optional">
         <ShortName>Description</ShortName>
         <Data Type="string"/>
      </Column>
      <Key Id="PrimaryKey">
         <ShortName>key</ShortName>
         <ColumnRef Ref="Code"/>
      </Key>
   </ColumnSet>
   <SimpleCodeList>
      <Row>
         <Value>
            <SimpleValue>AccommodationFoodService</SimpleValue>
         </Value>
         <Value>
            <SimpleValue>FpML</SimpleValue>
         </Value>
         <Value>
            <SimpleValue>(Non Financial) - 9 = Accommodation and food service activities. Classification as defined in Regulation (EC) No 1893/2006 and ESMA/2015/1645.</SimpleValue>
         </Value>
      </Row>
      <Row>
         <Value>
            <SimpleValue>AdministrationSupport</SimpleValue>
         </Value>
         <Value>
            <SimpleValue>FpML</SimpleValue>
         </Value>
         <Value>
            <SimpleValue>(Non Financial) - 14 = Administrative and support service activities. Classification as defined in Regulation (EC) No 1893/2006 and ESMA/2015/1645.</SimpleValue>
         </Value>
      </Row>
      <Row>
         <Value>
            <SimpleValue>AgricultureForestryFishing</SimpleValue>
         </Value>
         <Value>
            <SimpleValue>FpML</SimpleValue>
         </Value>
         <Value>
            <SimpleValue>(Non Financial) - 1 = Agriculture, forestry and fishing. Classification as defined in Regulation (EC) No 1893/2006 and ESMA/2015/1645.</SimpleValue>
         </Value>
      </Row>
      <Row>
         <Value>
            <SimpleValue>AlternativeInvestmentFund</SimpleValue>
         </Value>
         <Value>
            <SimpleValue>FpML</SimpleValue>
         </Value>
         <Value>
            <SimpleValue>L=Alternative investment fund managed by AIFMs authorised or registered in accordance with Directive 2011/61/EU;</SimpleValue>
         </Value>
      </Row>
      <Row>
         <Value>
            <SimpleValue>ArtsEntertainmentRecreation</SimpleValue>
         </Value>
         <Value>
            <SimpleValue>FpML</SimpleValue>
         </Value>
         <Value>
            <SimpleValue>(Non Financial) - 18 = Arts, entertainment and recreation. Classification as defined in Regulation (EC) No 1893/2006 and ESMA/2015/1645.</SimpleValue>
         </Value>
      </Row>
      <Row>
         <Value>
            <SimpleValue>AssuranceUndertaking</SimpleValue>
         </Value>
         <Value>
            <SimpleValue>FpML</SimpleValue>
         </Value>
         <Value>
            <SimpleValue>A=Assurance undertaking authorised in accordance with Directive 2002/83/EC;</SimpleValue>
         </Value>
      </Row>
      <Row>
         <Value>
            <SimpleValue>Construction</SimpleValue>
         </Value>
         <Value>
            <SimpleValue>FpML</SimpleValue>
         </Value>
         <Value>
            <SimpleValue>(Non Financial) - 6 = Construction. Classification as defined in Regulation (EC) No 1893/2006 and ESMA/2015/1645.</SimpleValue>
         </Value>
      </Row>
      <Row>
         <Value>
            <SimpleValue>Corporate</SimpleValue>
         </Value>
         <Value>
            <SimpleValue>FpML</SimpleValue>
         </Value>
         <Value>
            <SimpleValue>Corporate, as defined by HKMA.</SimpleValue>
         </Value>
      </Row>
      <Row>
         <Value>
            <SimpleValue>CreditInstitution</SimpleValue>
         </Value>
         <Value>
            <SimpleValue>FpML</SimpleValue>
         </Value>
         <Value>
            <SimpleValue>C=Credit institution authorised in accordance with Directive 2006/48/EC;</SimpleValue>
         </Value>
      </Row>
      <Row>
         <Value>
            <SimpleValue>Education</SimpleValue>
         </Value>
         <Value>
            <SimpleValue>FpML</SimpleValue>
         </Value>
         <Value>
            <SimpleValue>(Non Financial) - 16 = Education. Classification as defined in Regulation (EC) No 1893/2006 and ESMA/2015/1645.</SimpleValue>
         </Value>
      </Row>
      <Row>
         <Value>
            <SimpleValue>EletricityGas</SimpleValue>
         </Value>
         <Value>
            <SimpleValue>FpML</SimpleValue>
         </Value>
         <Value>
            <SimpleValue>(Non Financial) - 4 = Electricity, gas, steam and air conditioning supply. Classification as defined in Regulation (EC) No 1893/2006 and ESMA/2015/1645.</SimpleValue>
         </Value>
      </Row>
      <Row>
         <Value>
            <SimpleValue>ExtraterritorialOrganizations</SimpleValue>
         </Value>
         <Value>
            <SimpleValue>FpML</SimpleValue>
         </Value>
         <Value>
            <SimpleValue>(Non Financial) - 21 = Activities of extraterritorial organisations and bodies. Classification as defined in Regulation (EC) No 1893/2006 and ESMA/2015/1645.</SimpleValue>
         </Value>
      </Row>
      <Row>
         <Value>
            <SimpleValue>FinanceInsurance</SimpleValue>
         </Value>
         <Value>
            <SimpleValue>FpML</SimpleValue>
         </Value>
         <Value>
            <SimpleValue>(Non Financial) - 11 = Financial and insurance activities. Classification as defined in Regulation (EC) No 1893/2006 and ESMA/2015/1645.</SimpleValue>
         </Value>
      </Row>
      <Row>
         <Annotation>
            <Description>
               <doc:description>
                  <doc:paragraph>Deprecated usage: Used when the organization is a financial counterparty but its specific type is unspecified.</doc:paragraph>
               </doc:description>
            </Description>
         </Annotation>
         <Value>
            <SimpleValue>FinancialEntity</SimpleValue>
         </Value>
         <Value>
            <SimpleValue>FpML</SimpleValue>
         </Value>
         <Value>
            <SimpleValue>The identification of Financial Entity can be determined by the entityClassification Coding scheme under reportingRegime/entityClassification </SimpleValue>
         </Value>
      </Row>
      <Row>
         <Value>
            <SimpleValue>HealthSocialWork</SimpleValue>
         </Value>
         <Value>
            <SimpleValue>FpML</SimpleValue>
         </Value>
         <Value>
            <SimpleValue>(Non Financial) - 17 = Human health and social work activities. Classification as defined in Regulation (EC) No 1893/2006 and ESMA/2015/1645.</SimpleValue>
         </Value>
      </Row>
      <Row>
         <Value>
            <SimpleValue>Household</SimpleValue>
         </Value>
         <Value>
            <SimpleValue>FpML</SimpleValue>
         </Value>
         <Value>
            <SimpleValue>(Non Financial) - 20 = Activities of households as employers; undifferentiated goods – and services –producing activities of households for own use. Classification as defined in Regulation (EC) No 1893/2006 and ESMA/2015/1645.</SimpleValue>
         </Value>
      </Row>
      <Row>
         <Value>
            <SimpleValue>Individual</SimpleValue>
         </Value>
         <Value>
            <SimpleValue>FpML</SimpleValue>
         </Value>
         <Value>
            <SimpleValue>Individual, as defined by HKMA.</SimpleValue>
         </Value>
      </Row>
      <Row>
         <Value>
            <SimpleValue>InformationCommunication</SimpleValue>
         </Value>
         <Value>
            <SimpleValue>FpML</SimpleValue>
         </Value>
         <Value>
            <SimpleValue>(Non Financial) - 10 = Information and communication. Classification as defined in Regulation (EC) No 1893/2006 and ESMA/2015/1645.</SimpleValue>
         </Value>
      </Row>
      <Row>
         <Value>
            <SimpleValue>InstitutionForOccupationalRetirementProvision</SimpleValue>
         </Value>
         <Value>
            <SimpleValue>FpML</SimpleValue>
         </Value>
         <Value>
            <SimpleValue>O=Institution for occupational retirement provision within the meaning of Article 6(a) of Directive 2003/41/EC;</SimpleValue>
         </Value>
      </Row>
      <Row>
         <Value>
            <SimpleValue>InsuranceUndertaking</SimpleValue>
         </Value>
         <Value>
            <SimpleValue>FpML</SimpleValue>
         </Value>
         <Value>
            <SimpleValue>I=Insurance undertaking authorised in accordance with Directive 73/239/EEC;</SimpleValue>
         </Value>
      </Row>
      <Row>
         <Value>
            <SimpleValue>InvestmentFirm</SimpleValue>
         </Value>
         <Value>
            <SimpleValue>FpML</SimpleValue>
         </Value>
         <Value>
            <SimpleValue>F=Investment firm in accordance with Directive 2004/39/EC;</SimpleValue>
         </Value>
      </Row>
      <Row>
         <Value>
            <SimpleValue>Manufacturing</SimpleValue>
         </Value>
         <Value>
            <SimpleValue>FpML</SimpleValue>
         </Value>
         <Value>
            <SimpleValue>(Non Financial) - 3 =Manufacturing. Classification as defined in Regulation (EC) No 1893/2006 and ESMA/2015/1645.</SimpleValue>
         </Value>
      </Row>
      <Row>
         <Value>
            <SimpleValue>Mining</SimpleValue>
         </Value>
         <Value>
            <SimpleValue>FpML</SimpleValue>
         </Value>
         <Value>
            <SimpleValue>(Non Financial) - 2 = Mining and quarrying. Classification as defined in Regulation (EC) No 1893/2006 and ESMA/2015/1645.</SimpleValue>
         </Value>
      </Row>
      <Row>
         <Annotation>
            <Description>
               <doc:description>
                  <doc:paragraph>Deprecated usage: Used when the organization is a non-financial counterparty but its specific type is unspecified.</doc:paragraph>
               </doc:description>
            </Description>
         </Annotation>
         <Value>
            <SimpleValue>NonFinancial</SimpleValue>
         </Value>
         <Value>
            <SimpleValue>FpML</SimpleValue>
         </Value>
         <Value>
            <SimpleValue>The identification of Non Financial Entity can be determined by the entityClassification Coding scheme under reportingRegime/entityClassification </SimpleValue>
         </Value>
      </Row>
      <Row>
         <Value>
            <SimpleValue>OtherServices</SimpleValue>
         </Value>
         <Value>
            <SimpleValue>FpML</SimpleValue>
         </Value>
         <Value>
            <SimpleValue>(Non Financial) - 19 = Other service activities. Classification as defined in Regulation (EC) No 1893/2006 and ESMA/2015/1645.</SimpleValue>
         </Value>
      </Row>
      <Row>
         <Value>
            <SimpleValue>ProfessionalScientificTechnical</SimpleValue>
         </Value>
         <Value>
            <SimpleValue>FpML</SimpleValue>
         </Value>
         <Value>
            <SimpleValue>(Non Financial) - 13 = Professional, scientific and technical activities. Classification as defined in Regulation (EC) No 1893/2006 and ESMA/2015/1645.</SimpleValue>
         </Value>
      </Row>
      <Row>
         <Value>
            <SimpleValue>PublicAdminDefenceSocialSecurity</SimpleValue>
         </Value>
         <Value>
            <SimpleValue>FpML</SimpleValue>
         </Value>
         <Value>
            <SimpleValue>(Non Financial) - 15 = Public administration and defence; compulsory social security. Classification as defined in Regulation (EC) No 1893/2006 and ESMA/2015/1645.</SimpleValue>
         </Value>
      </Row>
      <Row>
         <Value>
            <SimpleValue>RealEstate</SimpleValue>
         </Value>
         <Value>
            <SimpleValue>FpML</SimpleValue>
         </Value>
         <Value>
            <SimpleValue>(Non Financial) - 12 = Real estate activities. Classification as defined in Regulation (EC) No 1893/2006 and ESMA/2015/1645.</SimpleValue>
         </Value>
      </Row>
      <Row>
         <Value>
            <SimpleValue>ReinsuranceUndertaking</SimpleValue>
         </Value>
         <Value>
            <SimpleValue>FpML</SimpleValue>
         </Value>
         <Value>
            <SimpleValue>R=Reinsurance undertaking authorised in accordance with Directive 2005/68/EC;</SimpleValue>
         </Value>
      </Row>
      <Row>
         <Value>
            <SimpleValue>TransportationStorage</SimpleValue>
         </Value>
         <Value>
            <SimpleValue>FpML</SimpleValue>
         </Value>
         <Value>
            <SimpleValue>(Non Financial) - 8 = Transportation and storage. Classification as defined in Regulation (EC) No 1893/2006 and ESMA/2015/1645.</SimpleValue>
         </Value>
      </Row>
      <Row>
         <Value>
            <SimpleValue>UCITS</SimpleValue>
         </Value>
         <Value>
            <SimpleValue>FpML</SimpleValue>
         </Value>
         <Value>
            <SimpleValue>U=UCITS and its management company, authorised in accordance with Directive 2009/65/EC;</SimpleValue>
         </Value>
      </Row>
      <Row>
         <Value>
            <SimpleValue>WaterSewerWasteManagement</SimpleValue>
         </Value>
         <Value>
            <SimpleValue>FpML</SimpleValue>
         </Value>
         <Value>
            <SimpleValue>(Non Financial) - 5 = Water supply, sewerage, waste management and remediation activities. Classification as defined in Regulation (EC) No 1893/2006 and ESMA/2015/1645.</SimpleValue>
         </Value>
      </Row>
      <Row>
         <Value>
            <SimpleValue>WholesaleRetailTradeMotorRepair</SimpleValue>
         </Value>
         <Value>
            <SimpleValue>FpML</SimpleValue>
         </Value>
         <Value>
            <SimpleValue>(Non Financial) - 7 = Wholesale and retail trade, repair of motor vehicles and motorcycles. Classification as defined in Regulation (EC) No 1893/2006 and ESMA/2015/1645.</SimpleValue>
         </Value>
      </Row>
   </SimpleCodeList>
</gcl:CodeList>