<?xml version="1.0" encoding="UTF-8"?>
<gcl:CodeList xmlns:gcl="http://xml.genericode.org/2004/ns/CodeList/0.2/" xmlns:doc="http://www.fpml.org/coding-scheme/documentation" xmlns:xsi="http://www.w3.org/2001/XMLSchema-instance" xsi:schemaLocation="http://xml.genericode.org/2004/ns/CodeList/0.2/ CodeList.xsd">
   <Annotation>
      <Description>
         <doc:definition>Contains a code representing the type of a resource (e.g. document).</doc:definition>
         <doc:publicationDate>2013-09-10</doc:publicationDate>
      </Description>
   </Annotation>
   <Identification>
      <ShortName>resourceTypeScheme</ShortName>
      <Version>1-1</Version>
      <CanonicalUri>http://www.fpml.org/coding-scheme/resource-type</CanonicalUri>
      <CanonicalVersionUri>http://www.fpml.org/coding-scheme/resource-type-1-1</CanonicalVersionUri>
      <LocationUri>http://www.fpml.org/coding-scheme/resource-type-1-1.xml</LocationUri>
   </Identification>
   <ColumnSet>
      <Column Id="Code" Use="required">
         <ShortName>Code</ShortName>
         <Data Type="token">
            <Parameter ShortName="maxLength">63</Parameter>
         </Data>
      </Column>
      <Column Id="Source" Use="optional">
         <ShortName>Source</ShortName>
         <Data Type="string"/>
      </Column>
      <Column Id="Description" Use="optional">
         <ShortName>Description</ShortName>
         <Data Type="string"/>
      </Column>
      <Key Id="PrimaryKey">
         <ShortName>key</ShortName>
         <ColumnRef Ref="Code"/>
      </Key>
   </ColumnSet>
   <SimpleCodeList>
      <Row>
         <Value>
            <SimpleValue>Confirmation</SimpleValue>
         </Value>
         <Value>
            <SimpleValue>FpML</SimpleValue>
         </Value>
         <Value>
            <SimpleValue>Document describing the legal terms of a transaction.</SimpleValue>
         </Value>
      </Row>
      <Row>
         <Value>
            <SimpleValue>SupplementalMaterialEconomicTerms</SimpleValue>
         </Value>
         <Value>
            <SimpleValue>FpML</SimpleValue>
         </Value>
         <Value>
            <SimpleValue>Document providing supplemental material economic terms to the FpML data representation.  The initial intended usage is to fulfill the CFTC Part 45 rule requirement to report 'Any other terms(s) of the swap matched or affirmed by the counterparties in verifying the swap' when the reporting is done via the generic FpML representation.</SimpleValue>
         </Value>
      </Row>
      <Row>
         <Value>
            <SimpleValue>TermSheet</SimpleValue>
         </Value>
         <Value>
            <SimpleValue>FpML</SimpleValue>
         </Value>
         <Value>
            <SimpleValue>Document describing the economic characteristics of a transaction.</SimpleValue>
         </Value>
      </Row>
   </SimpleCodeList>
</gcl:CodeList>