<?xml version="1.0" encoding="UTF-8"?>
<gcl:CodeList xmlns:gcl="http://xml.genericode.org/2004/ns/CodeList/0.2/" xmlns:doc="http://www.fpml.org/coding-scheme/documentation" xmlns:xsi="http://www.w3.org/2001/XMLSchema-instance" xsi:schemaLocation="http://xml.genericode.org/2004/ns/CodeList/0.2/ CodeList.xsd">
   <Annotation>
      <Description>
         <doc:definition>Specifies the entity classification of a party under the U.S. Securities and Exchange Commission (SEC).</doc:definition>
         <doc:publicationDate>2017-03-17</doc:publicationDate>
      </Description>
   </Annotation>
   <Identification>
      <ShortName>entityClassificationScheme</ShortName>
      <Version>2-0</Version>
      <CanonicalUri>http://www.fpml.org/coding-scheme/sec-entity-classification</CanonicalUri>
      <CanonicalVersionUri>http://www.fpml.org/coding-scheme/sec-entity-classification-2-0</CanonicalVersionUri>
      <LocationUri>http://www.fpml.org/coding-scheme/sec-entity-classification-2-0.xml</LocationUri>
   </Identification>
   <ColumnSet>
      <Column Id="Code" Use="required">
         <ShortName>Code</ShortName>
         <Data Type="token">
            <Parameter ShortName="maxLength">63</Parameter>
         </Data>
      </Column>
      <Column Id="Source" Use="optional">
         <ShortName>Source</ShortName>
         <Data Type="string"/>
      </Column>
      <Column Id="Description" Use="optional">
         <ShortName>Description</ShortName>
         <Data Type="string"/>
      </Column>
      <Key Id="PrimaryKey">
         <ShortName>key</ShortName>
         <ColumnRef Ref="Code"/>
      </Key>
   </ColumnSet>
   <SimpleCodeList>
      <Row>
         <Value>
            <SimpleValue>CA</SimpleValue>
         </Value>
         <Value>
            <SimpleValue>FpML</SimpleValue>
         </Value>
         <Value>
            <SimpleValue>Indicates the organization with respect to the reporting Regime is a Clearing Agency, for example under SEC. CA under SEC has the same meaning as CentralCounterparty under ESMA.</SimpleValue>
         </Value>
      </Row>
      <Row>
         <Value>
            <SimpleValue>MSBSP</SimpleValue>
         </Value>
         <Value>
            <SimpleValue>FpML</SimpleValue>
         </Value>
         <Value>
            <SimpleValue>Indicates the organization with respect to the reporting Regime is a Major Security-based Swap Participant, for example under SEC SBSR.</SimpleValue>
         </Value>
      </Row>
      <Row>
         <Value>
            <SimpleValue>non-SBSD/MSBSP</SimpleValue>
         </Value>
         <Value>
            <SimpleValue>FpML</SimpleValue>
         </Value>
         <Value>
            <SimpleValue>Indicates the organization with respect to the reporting Regime is neither a Security-based Swap Dealer nor a Major Security-based Swap Participant, for example under SEC SBSR.</SimpleValue>
         </Value>
      </Row>
      <Row>
         <Value>
            <SimpleValue>Participant</SimpleValue>
         </Value>
         <Value>
            <SimpleValue>FpML</SimpleValue>
         </Value>
         <Value>
            <SimpleValue>Indicates an organization with respect to the reporting Regime is a participant.</SimpleValue>
         </Value>
      </Row>
      <Row>
         <Value>
            <SimpleValue>SBSD</SimpleValue>
         </Value>
         <Value>
            <SimpleValue>FpML</SimpleValue>
         </Value>
         <Value>
            <SimpleValue>Indicates the organization with respect to the reporting Regime is Security-based Swap Dealer, for example under SEC SBSR.</SimpleValue>
         </Value>
      </Row>
   </SimpleCodeList>
</gcl:CodeList>