<?xml version="1.0" encoding="UTF-8"?>
<gcl:CodeList xmlns:gcl="http://xml.genericode.org/2004/ns/CodeList/0.2/" xmlns:doc="http://www.fpml.org/coding-scheme/documentation" xmlns:xsi="http://www.w3.org/2001/XMLSchema-instance" xsi:schemaLocation="http://xml.genericode.org/2004/ns/CodeList/0.2/ CodeList.xsd">
   <Annotation>
      <Description>
         <doc:definition>Contains a code representing the type or category of an advisory issued by a service.</doc:definition>
         <doc:publicationDate>2012-03-07</doc:publicationDate>
      </Description>
   </Annotation>
   <Identification>
      <ShortName>serviceAdvisoryCategoryScheme</ShortName>
      <Version>1-0</Version>
      <CanonicalUri>http://www.fpml.org/coding-scheme/service-advisory-category</CanonicalUri>
      <CanonicalVersionUri>http://www.fpml.org/coding-scheme/service-advisory-category-1-0</CanonicalVersionUri>
      <LocationUri>http://www.fpml.org/coding-scheme/service-advisory-category-1-0.xml</LocationUri>
   </Identification>
   <ColumnSet>
      <Column Id="Code" Use="required">
         <ShortName>Code</ShortName>
         <Data Type="token">
            <Parameter ShortName="maxLength">63</Parameter>
         </Data>
      </Column>
      <Column Id="Source" Use="optional">
         <ShortName>Source</ShortName>
         <Data Type="string"/>
      </Column>
      <Column Id="Description" Use="optional">
         <ShortName>Description</ShortName>
         <Data Type="string"/>
      </Column>
      <Key Id="PrimaryKey">
         <ShortName>key</ShortName>
         <ColumnRef Ref="Code"/>
      </Key>
   </ColumnSet>
   <SimpleCodeList>
      <Row>
         <Value>
            <SimpleValue>Availability</SimpleValue>
         </Value>
         <Value>
            <SimpleValue>FpML</SimpleValue>
         </Value>
         <Value>
            <SimpleValue>The advisory relates to the availability or service hours of the service.</SimpleValue>
         </Value>
      </Row>
      <Row>
         <Value>
            <SimpleValue>Products</SimpleValue>
         </Value>
         <Value>
            <SimpleValue>FpML</SimpleValue>
         </Value>
         <Value>
            <SimpleValue>The advisory relates to the products offered by the service.</SimpleValue>
         </Value>
      </Row>
      <Row>
         <Value>
            <SimpleValue>Rules</SimpleValue>
         </Value>
         <Value>
            <SimpleValue>FpML</SimpleValue>
         </Value>
         <Value>
            <SimpleValue>The advisory relates to the rules required to use the service.</SimpleValue>
         </Value>
      </Row>
   </SimpleCodeList>
</gcl:CodeList>