<?xml version="1.0" encoding="UTF-8"?>
<gcl:CodeList xmlns:gcl="http://xml.genericode.org/2004/ns/CodeList/0.2/" xmlns:doc="http://www.fpml.org/coding-scheme/documentation" xmlns:xsi="http://www.w3.org/2001/XMLSchema-instance" xsi:schemaLocation="http://xml.genericode.org/2004/ns/CodeList/0.2/ CodeList.xsd">
   <Annotation>
      <Description>
         <doc:definition>Specifies the settlement cycle.  This scheme is initially developed as part of the ISDA Standard Credit Support Annex document (SCSA), although its usage could be extended beyond it.  If this is the case, we would need to be thoughtful about the fact that the number of possible values is meant to be controlled in order to maintain the standardized feature of the SCSA.</doc:definition>
         <doc:publicationDate>2015-01-20</doc:publicationDate>
      </Description>
   </Annotation>
   <Identification>
      <ShortName>settlementDayScheme</ShortName>
      <Version>1-0</Version>
      <CanonicalUri>http://www.fpml.org/coding-scheme/settlement-day</CanonicalUri>
      <CanonicalVersionUri>http://www.fpml.org/coding-scheme/settlement-day-1-0</CanonicalVersionUri>
      <LocationUri>http://www.fpml.org/coding-scheme/settlement-day-1-0.xml</LocationUri>
   </Identification>
   <ColumnSet>
      <Column Id="Code" Use="required">
         <ShortName>Code</ShortName>
         <Data Type="token">
            <Parameter ShortName="maxLength">63</Parameter>
         </Data>
      </Column>
      <Column Id="Source" Use="optional">
         <ShortName>Source</ShortName>
         <Data Type="string"/>
      </Column>
      <Column Id="Description" Use="optional">
         <ShortName>Description</ShortName>
         <Data Type="string"/>
      </Column>
      <Key Id="PrimaryKey">
         <ShortName>key</ShortName>
         <ColumnRef Ref="Code"/>
      </Key>
   </ColumnSet>
   <SimpleCodeList>
      <Row>
         <Value>
            <SimpleValue>T+1</SimpleValue>
         </Value>
         <Value>
            <SimpleValue>FpML</SimpleValue>
         </Value>
         <Value>
            <SimpleValue>T+1 Settlement.</SimpleValue>
         </Value>
      </Row>
      <Row>
         <Value>
            <SimpleValue>T+2</SimpleValue>
         </Value>
         <Value>
            <SimpleValue>FpML</SimpleValue>
         </Value>
         <Value>
            <SimpleValue>T+2 Settlement.</SimpleValue>
         </Value>
      </Row>
   </SimpleCodeList>
</gcl:CodeList>