<?xml version="1.0" encoding="UTF-8"?>
<gcl:CodeList xmlns:gcl="http://xml.genericode.org/2004/ns/CodeList/0.2/" xmlns:doc="http://www.fpml.org/coding-scheme/documentation" xmlns:xsi="http://www.w3.org/2001/XMLSchema-instance" xsi:schemaLocation="http://xml.genericode.org/2004/ns/CodeList/0.2/ CodeList.xsd">
   <Annotation>
      <Description>
         <doc:definition>The specification of the method for settling a particular trade.</doc:definition>
      </Description>
   </Annotation>
   <Identification>
      <ShortName>settlementMethodScheme</ShortName>
      <Version>1-0</Version>
      <CanonicalUri>http://www.fpml.org/coding-scheme/settlement-method</CanonicalUri>
      <CanonicalVersionUri>http://www.fpml.org/coding-scheme/settlement-method-1-0</CanonicalVersionUri>
      <LocationUri>http://www.fpml.org/coding-scheme/settlement-method-1-0.xml</LocationUri>
   </Identification>
   <ColumnSet>
      <Column Id="Code" Use="required">
         <ShortName>Code</ShortName>
         <Data Type="token">
            <Parameter ShortName="maxLength">63</Parameter>
         </Data>
      </Column>
      <Column Id="Source" Use="optional">
         <ShortName>Source</ShortName>
         <Data Type="string"/>
      </Column>
      <Column Id="Description" Use="optional">
         <ShortName>Description</ShortName>
         <Data Type="string"/>
      </Column>
      <Key Id="PrimaryKey">
         <ShortName>key</ShortName>
         <ColumnRef Ref="Code"/>
      </Key>
   </ColumnSet>
   <SimpleCodeList>
      <Row>
         <Value>
            <SimpleValue>Chaps</SimpleValue>
         </Value>
         <Value>
            <SimpleValue>FpML</SimpleValue>
         </Value>
         <Value>
            <SimpleValue>To be settled via Chaps network.</SimpleValue>
         </Value>
      </Row>
      <Row>
         <Value>
            <SimpleValue>ChipsABA</SimpleValue>
         </Value>
         <Value>
            <SimpleValue>FpML</SimpleValue>
         </Value>
         <Value>
            <SimpleValue>To be settled via Chips ABA.</SimpleValue>
         </Value>
      </Row>
      <Row>
         <Value>
            <SimpleValue>ChipsUID</SimpleValue>
         </Value>
         <Value>
            <SimpleValue>FpML</SimpleValue>
         </Value>
         <Value>
            <SimpleValue>To be settled via Chips UID.</SimpleValue>
         </Value>
      </Row>
      <Row>
         <Value>
            <SimpleValue>CLS</SimpleValue>
         </Value>
         <Value>
            <SimpleValue>FpML</SimpleValue>
         </Value>
         <Value>
            <SimpleValue>To be settled via CLS Bank.</SimpleValue>
         </Value>
      </Row>
      <Row>
         <Value>
            <SimpleValue>DDA</SimpleValue>
         </Value>
         <Value>
            <SimpleValue>FpML</SimpleValue>
         </Value>
         <Value>
            <SimpleValue>To be settled over DDA account.</SimpleValue>
         </Value>
      </Row>
      <Row>
         <Value>
            <SimpleValue>Fedwire</SimpleValue>
         </Value>
         <Value>
            <SimpleValue>FpML</SimpleValue>
         </Value>
         <Value>
            <SimpleValue>To be settled via U.S. Fedwire.</SimpleValue>
         </Value>
      </Row>
      <Row>
         <Value>
            <SimpleValue>SWIFT</SimpleValue>
         </Value>
         <Value>
            <SimpleValue>FpML</SimpleValue>
         </Value>
         <Value>
            <SimpleValue>To be settled via SWIFT network.</SimpleValue>
         </Value>
      </Row>
   </SimpleCodeList>
</gcl:CodeList>