<?xml version="1.0" encoding="UTF-8"?>
<gcl:CodeList xmlns:gcl="http://xml.genericode.org/2004/ns/CodeList/0.2/" xmlns:doc="http://www.fpml.org/coding-scheme/documentation" xmlns:xsi="http://www.w3.org/2001/XMLSchema-instance" xsi:schemaLocation="http://xml.genericode.org/2004/ns/CodeList/0.2/ CodeList.xsd">
   <Annotation>
      <Description>
         <doc:definition>Contains a code representing a supervisory-body that may be supervising this transaction.</doc:definition>
         <doc:publicationDate>2014-04-24</doc:publicationDate>
      </Description>
   </Annotation>
   <Identification>
      <ShortName>supervisoryBodyScheme</ShortName>
      <Version>2-0</Version>
      <CanonicalUri>http://www.fpml.org/coding-scheme/supervisory-body</CanonicalUri>
      <CanonicalVersionUri>http://www.fpml.org/coding-scheme/supervisory-body-2-0</CanonicalVersionUri>
      <LocationUri>http://www.fpml.org/coding-scheme/supervisory-body-2-0.xml</LocationUri>
   </Identification>
   <ColumnSet>
      <Column Id="Code" Use="required">
         <ShortName>Code</ShortName>
         <Data Type="token">
            <Parameter ShortName="maxLength">63</Parameter>
         </Data>
      </Column>
      <Column Id="Source" Use="optional">
         <ShortName>Source</ShortName>
         <Data Type="string"/>
      </Column>
      <Column Id="Description" Use="optional">
         <ShortName>Description</ShortName>
         <Data Type="string"/>
      </Column>
      <Key Id="PrimaryKey">
         <ShortName>key</ShortName>
         <ColumnRef Ref="Code"/>
      </Key>
   </ColumnSet>
   <SimpleCodeList>
      <Row>
         <Value>
            <SimpleValue>ASIC</SimpleValue>
         </Value>
         <Value>
            <SimpleValue>FpML</SimpleValue>
         </Value>
         <Value>
            <SimpleValue>Australian Securities and Investments Commission</SimpleValue>
         </Value>
      </Row>
      <Row>
         <Value>
            <SimpleValue>BankOfRussia</SimpleValue>
         </Value>
         <Value>
            <SimpleValue>FpML</SimpleValue>
         </Value>
         <Value>
            <SimpleValue>Central Bank of the Russian Federation</SimpleValue>
         </Value>
      </Row>
      <Row>
         <Value>
            <SimpleValue>CA.AB.ASC</SimpleValue>
         </Value>
         <Value>
            <SimpleValue>FpML</SimpleValue>
         </Value>
         <Value>
            <SimpleValue>Alberta Securities Commission</SimpleValue>
         </Value>
      </Row>
      <Row>
         <Value>
            <SimpleValue>CA.BC.BCSC</SimpleValue>
         </Value>
         <Value>
            <SimpleValue>FpML</SimpleValue>
         </Value>
         <Value>
            <SimpleValue>British Columbia Securities Commission</SimpleValue>
         </Value>
      </Row>
      <Row>
         <Value>
            <SimpleValue>CA.MB.MSC</SimpleValue>
         </Value>
         <Value>
            <SimpleValue>FpML</SimpleValue>
         </Value>
         <Value>
            <SimpleValue>The Manitoba Securities Commission</SimpleValue>
         </Value>
      </Row>
      <Row>
         <Value>
            <SimpleValue>CA.NB.FCSC</SimpleValue>
         </Value>
         <Value>
            <SimpleValue>FpML</SimpleValue>
         </Value>
         <Value>
            <SimpleValue>Financial and Consumer Services Commission</SimpleValue>
         </Value>
      </Row>
      <Row>
         <Value>
            <SimpleValue>CA.NL.DSS</SimpleValue>
         </Value>
         <Value>
            <SimpleValue>FpML</SimpleValue>
         </Value>
         <Value>
            <SimpleValue>Deputy Superintendent of Securities, Service Newfoundland and Labrador</SimpleValue>
         </Value>
      </Row>
      <Row>
         <Value>
            <SimpleValue>CA.NS.NSSC</SimpleValue>
         </Value>
         <Value>
            <SimpleValue>FpML</SimpleValue>
         </Value>
         <Value>
            <SimpleValue>Nova Scotia Securities Commission</SimpleValue>
         </Value>
      </Row>
      <Row>
         <Value>
            <SimpleValue>CA.NT.NTSO</SimpleValue>
         </Value>
         <Value>
            <SimpleValue>FpML</SimpleValue>
         </Value>
         <Value>
            <SimpleValue>Northwest Territories Securities Office</SimpleValue>
         </Value>
      </Row>
      <Row>
         <Value>
            <SimpleValue>CA.NU.NSO</SimpleValue>
         </Value>
         <Value>
            <SimpleValue>FpML</SimpleValue>
         </Value>
         <Value>
            <SimpleValue>Nunavut Securities Office, Government of Nunavut</SimpleValue>
         </Value>
      </Row>
      <Row>
         <Value>
            <SimpleValue>CA.ON.OSC</SimpleValue>
         </Value>
         <Value>
            <SimpleValue>FpML</SimpleValue>
         </Value>
         <Value>
            <SimpleValue>Ontario Securities Commission</SimpleValue>
         </Value>
      </Row>
      <Row>
         <Value>
            <SimpleValue>CA.PEI.OSS</SimpleValue>
         </Value>
         <Value>
            <SimpleValue>FpML</SimpleValue>
         </Value>
         <Value>
            <SimpleValue>Office of the Superintendent of Securities</SimpleValue>
         </Value>
      </Row>
      <Row>
         <Value>
            <SimpleValue>CA.QC.AMF</SimpleValue>
         </Value>
         <Value>
            <SimpleValue>FpML</SimpleValue>
         </Value>
         <Value>
            <SimpleValue>Autorite des marches financiers</SimpleValue>
         </Value>
      </Row>
      <Row>
         <Value>
            <SimpleValue>CA.SK.FCAA</SimpleValue>
         </Value>
         <Value>
            <SimpleValue>FpML</SimpleValue>
         </Value>
         <Value>
            <SimpleValue>Financial and Consumer Affairs Authority of Saskatchewan</SimpleValue>
         </Value>
      </Row>
      <Row>
         <Value>
            <SimpleValue>CA.YT.OSS</SimpleValue>
         </Value>
         <Value>
            <SimpleValue>FpML</SimpleValue>
         </Value>
         <Value>
            <SimpleValue>Office of the Superintendent of Securities</SimpleValue>
         </Value>
      </Row>
      <Row>
         <Value>
            <SimpleValue>CFTC</SimpleValue>
         </Value>
         <Value>
            <SimpleValue>FpML</SimpleValue>
         </Value>
         <Value>
            <SimpleValue>Commodity Futures Trading Commission (US)</SimpleValue>
         </Value>
      </Row>
      <Row>
         <Value>
            <SimpleValue>ESMA</SimpleValue>
         </Value>
         <Value>
            <SimpleValue>FpML</SimpleValue>
         </Value>
         <Value>
            <SimpleValue>European Securities and Markets Authority (European Union)</SimpleValue>
         </Value>
      </Row>
      <Row>
         <Value>
            <SimpleValue>Fed</SimpleValue>
         </Value>
         <Value>
            <SimpleValue>FpML</SimpleValue>
         </Value>
         <Value>
            <SimpleValue>Federal Reserve (US)</SimpleValue>
         </Value>
      </Row>
      <Row>
         <Value>
            <SimpleValue>HKMA</SimpleValue>
         </Value>
         <Value>
            <SimpleValue>FpML</SimpleValue>
         </Value>
         <Value>
            <SimpleValue>Hong Kong Monetary Authority (China)</SimpleValue>
         </Value>
      </Row>
      <Row>
         <Value>
            <SimpleValue>JFSA</SimpleValue>
         </Value>
         <Value>
            <SimpleValue>FpML</SimpleValue>
         </Value>
         <Value>
            <SimpleValue>Japan Financial Services Authority (Japan)</SimpleValue>
         </Value>
      </Row>
      <Row>
         <Value>
            <SimpleValue>MAS</SimpleValue>
         </Value>
         <Value>
            <SimpleValue>FpML</SimpleValue>
         </Value>
         <Value>
            <SimpleValue>The Monetary Authority of Singapore</SimpleValue>
         </Value>
      </Row>
      <Row>
         <Value>
            <SimpleValue>ODRF</SimpleValue>
         </Value>
         <Value>
            <SimpleValue>FpML</SimpleValue>
         </Value>
         <Value>
            <SimpleValue>OTC Derivatives Regulators Forum</SimpleValue>
         </Value>
      </Row>
      <Row>
         <Value>
            <SimpleValue>SEC</SimpleValue>
         </Value>
         <Value>
            <SimpleValue>FpML</SimpleValue>
         </Value>
         <Value>
            <SimpleValue>Securities and Exchange Commission (US)</SimpleValue>
         </Value>
      </Row>
      <Row>
         <Value>
            <SimpleValue>UKFSA</SimpleValue>
         </Value>
         <Value>
            <SimpleValue>FpML</SimpleValue>
         </Value>
         <Value>
            <SimpleValue>Financial Services Authority (UK)</SimpleValue>
         </Value>
      </Row>
   </SimpleCodeList>
</gcl:CodeList>