<?xml version="1.0" encoding="UTF-8"?>
<gcl:CodeList xmlns:gcl="http://xml.genericode.org/2004/ns/CodeList/0.2/" xmlns:doc="http://www.fpml.org/coding-scheme/documentation" xmlns:xsi="http://www.w3.org/2001/XMLSchema-instance" xsi:schemaLocation="http://xml.genericode.org/2004/ns/CodeList/0.2/ CodeList.xsd">
   <Annotation>
      <Description>
         <doc:definition>Type of tax form registered.</doc:definition>
         <doc:publicationDate>2017-12-22</doc:publicationDate>
      </Description>
   </Annotation>
   <Identification>
      <ShortName>taxFormTypeScheme</ShortName>
      <Version>1-0</Version>
      <CanonicalUri>http://www.fpml.org/coding-scheme/tax-form-type</CanonicalUri>
      <CanonicalVersionUri>http://www.fpml.org/coding-scheme/tax-form-type-1-0</CanonicalVersionUri>
      <LocationUri>http://www.fpml.org/coding-scheme/tax-form-type-1-0.xml</LocationUri>
   </Identification>
   <ColumnSet>
      <Column Id="Code" Use="required">
         <ShortName>Code</ShortName>
         <Data Type="token">
            <Parameter ShortName="maxLength">63</Parameter>
         </Data>
      </Column>
      <Column Id="Source" Use="optional">
         <ShortName>Source</ShortName>
         <Data Type="string"/>
      </Column>
      <Column Id="Description" Use="optional">
         <ShortName>Description</ShortName>
         <Data Type="string"/>
      </Column>
      <Key Id="PrimaryKey">
         <ShortName>key</ShortName>
         <ColumnRef Ref="Code"/>
      </Key>
   </ColumnSet>
   <SimpleCodeList>
      <Row>
         <Value>
            <SimpleValue>W8BENE</SimpleValue>
         </Value>
         <Value>
            <SimpleValue>FpML</SimpleValue>
         </Value>
         <Value>
            <SimpleValue>W8BENE - IRS tax form type for foreign entity..</SimpleValue>
         </Value>
      </Row>
      <Row>
         <Value>
            <SimpleValue>W8ECI</SimpleValue>
         </Value>
         <Value>
            <SimpleValue>FpML</SimpleValue>
         </Value>
         <Value>
            <SimpleValue>W8ECI - IRS tax form type for foreign entity.</SimpleValue>
         </Value>
      </Row>
      <Row>
         <Value>
            <SimpleValue>W8IMY</SimpleValue>
         </Value>
         <Value>
            <SimpleValue>FpML</SimpleValue>
         </Value>
         <Value>
            <SimpleValue>W8IMY - IRS tax form type for foreign entity.</SimpleValue>
         </Value>
      </Row>
      <Row>
         <Value>
            <SimpleValue>W9</SimpleValue>
         </Value>
         <Value>
            <SimpleValue>FpML</SimpleValue>
         </Value>
         <Value>
            <SimpleValue>W9 - IRS tax form type for domestic entity.</SimpleValue>
         </Value>
      </Row>
   </SimpleCodeList>
</gcl:CodeList>