<?xml version="1.0" encoding="UTF-8"?>
<gcl:CodeList xmlns:gcl="http://xml.genericode.org/2004/ns/CodeList/0.2/" xmlns:doc="http://www.fpml.org/coding-scheme/documentation" xmlns:xsi="http://www.w3.org/2001/XMLSchema-instance" xsi:schemaLocation="http://xml.genericode.org/2004/ns/CodeList/0.2/ CodeList.xsd">
   <Annotation>
      <Description>
         <doc:definition>A list that describes the party's role in relation to a syndication.  It is also used to associate a party role of the author in relation to a trading identifier.</doc:definition>
         <doc:publicationDate>2017-12-22</doc:publicationDate>
      </Description>
   </Annotation>
   <Identification>
      <ShortName>tradingPartyRoleScheme</ShortName>
      <Version>1-0</Version>
      <CanonicalUri>http://www.fpml.org/coding-scheme/trading-party-role</CanonicalUri>
      <CanonicalVersionUri>http://www.fpml.org/coding-scheme/trading-party-role-1-0</CanonicalVersionUri>
      <LocationUri>http://www.fpml.org/coding-scheme/trading-party-role-1-0.xml</LocationUri>
   </Identification>
   <ColumnSet>
      <Column Id="Code" Use="required">
         <ShortName>Code</ShortName>
         <Data Type="token">
            <Parameter ShortName="maxLength">63</Parameter>
         </Data>
      </Column>
      <Column Id="Source" Use="optional">
         <ShortName>Source</ShortName>
         <Data Type="string"/>
      </Column>
      <Column Id="Description" Use="optional">
         <ShortName>Description</ShortName>
         <Data Type="string"/>
      </Column>
      <Key Id="PrimaryKey">
         <ShortName>key</ShortName>
         <ColumnRef Ref="Code"/>
      </Key>
   </ColumnSet>
   <SimpleCodeList>
      <Row>
         <Value>
            <SimpleValue>Agent</SimpleValue>
         </Value>
         <Value>
            <SimpleValue>FpML</SimpleValue>
         </Value>
         <Value>
            <SimpleValue>Administrative Agent.</SimpleValue>
         </Value>
      </Row>
      <Row>
         <Value>
            <SimpleValue>Borrower</SimpleValue>
         </Value>
         <Value>
            <SimpleValue>FpML</SimpleValue>
         </Value>
         <Value>
            <SimpleValue>Borrower.</SimpleValue>
         </Value>
      </Row>
      <Row>
         <Value>
            <SimpleValue>BrokerDealer</SimpleValue>
         </Value>
         <Value>
            <SimpleValue>FpML</SimpleValue>
         </Value>
         <Value>
            <SimpleValue>A Broker/Dealer making a "market" in the loan asset class trading space.</SimpleValue>
         </Value>
      </Row>
      <Row>
         <Value>
            <SimpleValue>Buyer</SimpleValue>
         </Value>
         <Value>
            <SimpleValue>FpML</SimpleValue>
         </Value>
         <Value>
            <SimpleValue>Buyer.</SimpleValue>
         </Value>
      </Row>
      <Row>
         <Value>
            <SimpleValue>Custodian</SimpleValue>
         </Value>
         <Value>
            <SimpleValue>FpML</SimpleValue>
         </Value>
         <Value>
            <SimpleValue>Custodian.</SimpleValue>
         </Value>
      </Row>
      <Row>
         <Value>
            <SimpleValue>Seller</SimpleValue>
         </Value>
         <Value>
            <SimpleValue>FpML</SimpleValue>
         </Value>
         <Value>
            <SimpleValue>Seller.</SimpleValue>
         </Value>
      </Row>
      <Row>
         <Value>
            <SimpleValue>Trustee</SimpleValue>
         </Value>
         <Value>
            <SimpleValue>FpML</SimpleValue>
         </Value>
         <Value>
            <SimpleValue>Trustee.</SimpleValue>
         </Value>
      </Row>
      <Row>
         <Value>
            <SimpleValue>Vendor</SimpleValue>
         </Value>
         <Value>
            <SimpleValue>FpML</SimpleValue>
         </Value>
         <Value>
            <SimpleValue>Vendor that may have a relationship to the loan trade.  I.e. issues a proprietary trade identifier.</SimpleValue>
         </Value>
      </Row>
   </SimpleCodeList>
</gcl:CodeList>