<?xml version="1.0" encoding="UTF-8"?>
<gcl:CodeList xmlns:gcl="http://xml.genericode.org/2004/ns/CodeList/0.2/" xmlns:doc="http://www.fpml.org/coding-scheme/documentation" xmlns:xsi="http://www.w3.org/2001/XMLSchema-instance" xsi:schemaLocation="http://xml.genericode.org/2004/ns/CodeList/0.2/ CodeList.xsd">
   <Annotation>
      <Description>
         <doc:definition>Defines the list of transport currencies admissible as part of the ISDA Standard Credit Support Annex document.</doc:definition>
         <doc:publicationDate>2014-05-06</doc:publicationDate>
      </Description>
   </Annotation>
   <Identification>
      <ShortName>transportCurrencyScheme</ShortName>
      <Version>1-0</Version>
      <CanonicalUri>http://www.fpml.org/coding-scheme/transport-currency</CanonicalUri>
      <CanonicalVersionUri>http://www.fpml.org/coding-scheme/transport-currency-1-0</CanonicalVersionUri>
      <LocationUri>http://www.fpml.org/coding-scheme/transport-currency-1-0.xml</LocationUri>
   </Identification>
   <ColumnSet>
      <Column Id="Code" Use="required">
         <ShortName>Code</ShortName>
         <Data Type="token">
            <Parameter ShortName="maxLength">63</Parameter>
         </Data>
      </Column>
      <Column Id="Source" Use="optional">
         <ShortName>Source</ShortName>
         <Data Type="string"/>
      </Column>
      <Column Id="Description" Use="optional">
         <ShortName>Description</ShortName>
         <Data Type="string"/>
      </Column>
      <Key Id="PrimaryKey">
         <ShortName>key</ShortName>
         <ColumnRef Ref="Code"/>
      </Key>
   </ColumnSet>
   <SimpleCodeList>
      <Row>
         <Value>
            <SimpleValue>AUD</SimpleValue>
         </Value>
         <Value>
            <SimpleValue>FpML</SimpleValue>
         </Value>
         <Value>
            <SimpleValue>Australia Dollar</SimpleValue>
         </Value>
      </Row>
      <Row>
         <Value>
            <SimpleValue>CAD</SimpleValue>
         </Value>
         <Value>
            <SimpleValue>FpML</SimpleValue>
         </Value>
         <Value>
            <SimpleValue>Canada Dollar</SimpleValue>
         </Value>
      </Row>
      <Row>
         <Value>
            <SimpleValue>CHF</SimpleValue>
         </Value>
         <Value>
            <SimpleValue>FpML</SimpleValue>
         </Value>
         <Value>
            <SimpleValue>Switzerland Franc</SimpleValue>
         </Value>
      </Row>
      <Row>
         <Value>
            <SimpleValue>EUR</SimpleValue>
         </Value>
         <Value>
            <SimpleValue>FpML</SimpleValue>
         </Value>
         <Value>
            <SimpleValue>Euro Member Countries</SimpleValue>
         </Value>
      </Row>
      <Row>
         <Value>
            <SimpleValue>GBP</SimpleValue>
         </Value>
         <Value>
            <SimpleValue>FpML</SimpleValue>
         </Value>
         <Value>
            <SimpleValue>United Kingdom Pound</SimpleValue>
         </Value>
      </Row>
      <Row>
         <Value>
            <SimpleValue>JPY</SimpleValue>
         </Value>
         <Value>
            <SimpleValue>FpML</SimpleValue>
         </Value>
         <Value>
            <SimpleValue>Japan Yen</SimpleValue>
         </Value>
      </Row>
      <Row>
         <Value>
            <SimpleValue>USD</SimpleValue>
         </Value>
         <Value>
            <SimpleValue>FpML</SimpleValue>
         </Value>
         <Value>
            <SimpleValue>United States Dollar</SimpleValue>
         </Value>
      </Row>
   </SimpleCodeList>
</gcl:CodeList>