<?xml version="1.0" encoding="UTF-8"?>
<gcl:CodeList xmlns:gcl="http://xml.genericode.org/2004/ns/CodeList/0.2/" xmlns:doc="http://www.fpml.org/coding-scheme/documentation" xmlns:xsi="http://www.w3.org/2001/XMLSchema-instance" xsi:schemaLocation="http://xml.genericode.org/2004/ns/CodeList/0.2/ CodeList.xsd">
   <Annotation>
      <Description>
         <doc:definition>Contains a code representing a trade could be verified (ie. how the economic terms of a contract could be checked for consistency).</doc:definition>
         <doc:publicationDate>2012-06-01</doc:publicationDate>
      </Description>
   </Annotation>
   <Identification>
      <ShortName>verificationMethodScheme</ShortName>
      <Version>1-0</Version>
      <CanonicalUri>http://www.fpml.org/coding-scheme/verification-method</CanonicalUri>
      <CanonicalVersionUri>http://www.fpml.org/coding-scheme/verification-method-1-0</CanonicalVersionUri>
      <LocationUri>http://www.fpml.org/coding-scheme/verification-method-1-0.xml</LocationUri>
   </Identification>
   <ColumnSet>
      <Column Id="Code" Use="required">
         <ShortName>Code</ShortName>
         <Data Type="token">
            <Parameter ShortName="maxLength">63</Parameter>
         </Data>
      </Column>
      <Column Id="Source" Use="optional">
         <ShortName>Source</ShortName>
         <Data Type="string"/>
      </Column>
      <Column Id="Description" Use="optional">
         <ShortName>Description</ShortName>
         <Data Type="string"/>
      </Column>
      <Key Id="PrimaryKey">
         <ShortName>key</ShortName>
         <ColumnRef Ref="Code"/>
      </Key>
   </ColumnSet>
   <SimpleCodeList>
      <Row>
         <Value>
            <SimpleValue>Electronic</SimpleValue>
         </Value>
         <Value>
            <SimpleValue>FpML</SimpleValue>
         </Value>
         <Value>
            <SimpleValue>Verification via a shared verification facility or platform, or a private/bilateral electronic system.</SimpleValue>
         </Value>
      </Row>
      <Row>
         <Value>
            <SimpleValue>NonElectronic</SimpleValue>
         </Value>
         <Value>
            <SimpleValue>FpML</SimpleValue>
         </Value>
         <Value>
            <SimpleValue>Verification via a human-readable written document (possibly transmitted electronically).</SimpleValue>
         </Value>
      </Row>
      <Row>
         <Value>
            <SimpleValue>Unverified</SimpleValue>
         </Value>
         <Value>
            <SimpleValue>FpML</SimpleValue>
         </Value>
         <Value>
            <SimpleValue>No separate verification process is used.</SimpleValue>
         </Value>
      </Row>
   </SimpleCodeList>
</gcl:CodeList>