<?xml version="1.0" encoding="UTF-8"?>
<gcl:CodeList xmlns:gcl="http://xml.genericode.org/2004/ns/CodeList/0.2/" xmlns:doc="http://www.fpml.org/coding-scheme/documentation" xmlns:xsi="http://www.w3.org/2001/XMLSchema-instance" xsi:schemaLocation="http://xml.genericode.org/2004/ns/CodeList/0.2/ CodeList.xsd">
   <Annotation>
      <Description>
         <doc:definition>Defines a data provider. The list compiled from the Sub-Annex C to the 2005 ISDA Commodity Definitions ARTICLE XI, Section 11.17. Weather Index Stations or Locations. Parties may wish to refer to the state meteorological authority in a particular location or to an exchange or other third party data provider. Parties may find the definitions in the Commodity Definitions useful as a means of identifying potential Data Providers.</doc:definition>
         <doc:publicationDate>2012-10-05</doc:publicationDate>
      </Description>
   </Annotation>
   <Identification>
      <ShortName>weatherDataProviderScheme</ShortName>
      <Version>1-0</Version>
      <CanonicalUri>http://www.fpml.org/coding-scheme/weather-data-provider</CanonicalUri>
      <CanonicalVersionUri>http://www.fpml.org/coding-scheme/weather-data-provider-1-0</CanonicalVersionUri>
      <LocationUri>http://www.fpml.org/coding-scheme/weather-data-provider-1-0.xml</LocationUri>
   </Identification>
   <ColumnSet>
      <Column Id="Code" Use="required">
         <ShortName>Code</ShortName>
         <Data Type="token">
            <Parameter ShortName="maxLength">63</Parameter>
         </Data>
      </Column>
      <Column Id="Source" Use="optional">
         <ShortName>Source</ShortName>
         <Data Type="string"/>
      </Column>
      <Column Id="Description" Use="optional">
         <ShortName>Description</ShortName>
         <Data Type="string"/>
      </Column>
      <Key Id="PrimaryKey">
         <ShortName>key</ShortName>
         <ColumnRef Ref="Code"/>
      </Key>
   </ColumnSet>
   <SimpleCodeList>
      <Row>
         <Value>
            <SimpleValue>AT-ZMG</SimpleValue>
         </Value>
         <Value>
            <SimpleValue>FpML</SimpleValue>
         </Value>
         <Value>
            <SimpleValue>As defined in 2005 ISDA Commodity Definitions ARTICLE XI, Section 11.17. Weather Index Stations or Locations.</SimpleValue>
         </Value>
      </Row>
      <Row>
         <Value>
            <SimpleValue>AU-CBM</SimpleValue>
         </Value>
         <Value>
            <SimpleValue>FpML</SimpleValue>
         </Value>
         <Value>
            <SimpleValue>As defined in 2005 ISDA Commodity Definitions ARTICLE XI, Section 11.17. Weather Index Stations or Locations.</SimpleValue>
         </Value>
      </Row>
      <Row>
         <Value>
            <SimpleValue>BE-MIB</SimpleValue>
         </Value>
         <Value>
            <SimpleValue>FpML</SimpleValue>
         </Value>
         <Value>
            <SimpleValue>As defined in 2005 ISDA Commodity Definitions ARTICLE XI, Section 11.17. Weather Index Stations or Locations.</SimpleValue>
         </Value>
      </Row>
      <Row>
         <Value>
            <SimpleValue>CA-MSC</SimpleValue>
         </Value>
         <Value>
            <SimpleValue>FpML</SimpleValue>
         </Value>
         <Value>
            <SimpleValue>As defined in 2005 ISDA Commodity Definitions ARTICLE XI, Section 11.17. Weather Index Stations or Locations.</SimpleValue>
         </Value>
      </Row>
      <Row>
         <Value>
            <SimpleValue>CM-SMI</SimpleValue>
         </Value>
         <Value>
            <SimpleValue>FpML</SimpleValue>
         </Value>
         <Value>
            <SimpleValue>As defined in 2005 ISDA Commodity Definitions ARTICLE XI, Section 11.17. Weather Index Stations or Locations.</SimpleValue>
         </Value>
      </Row>
      <Row>
         <Value>
            <SimpleValue>CZ-CHMI</SimpleValue>
         </Value>
         <Value>
            <SimpleValue>FpML</SimpleValue>
         </Value>
         <Value>
            <SimpleValue>As defined in 2005 ISDA Commodity Definitions ARTICLE XI, Section 11.17. Weather Index Stations or Locations.</SimpleValue>
         </Value>
      </Row>
      <Row>
         <Value>
            <SimpleValue>DE-DWE</SimpleValue>
         </Value>
         <Value>
            <SimpleValue>FpML</SimpleValue>
         </Value>
         <Value>
            <SimpleValue>As defined in 2005 ISDA Commodity Definitions ARTICLE XI, Section 11.17. Weather Index Stations or Locations.</SimpleValue>
         </Value>
      </Row>
      <Row>
         <Value>
            <SimpleValue>DK-DMI</SimpleValue>
         </Value>
         <Value>
            <SimpleValue>FpML</SimpleValue>
         </Value>
         <Value>
            <SimpleValue>As defined in 2005 ISDA Commodity Definitions ARTICLE XI, Section 11.17. Weather Index Stations or Locations.</SimpleValue>
         </Value>
      </Row>
      <Row>
         <Value>
            <SimpleValue>ES-INM</SimpleValue>
         </Value>
         <Value>
            <SimpleValue>FpML</SimpleValue>
         </Value>
         <Value>
            <SimpleValue>As defined in 2005 ISDA Commodity Definitions ARTICLE XI, Section 11.17. Weather Index Stations or Locations.</SimpleValue>
         </Value>
      </Row>
      <Row>
         <Value>
            <SimpleValue>FI-FMI</SimpleValue>
         </Value>
         <Value>
            <SimpleValue>FpML</SimpleValue>
         </Value>
         <Value>
            <SimpleValue>As defined in 2005 ISDA Commodity Definitions ARTICLE XI, Section 11.17. Weather Index Stations or Locations.</SimpleValue>
         </Value>
      </Row>
      <Row>
         <Value>
            <SimpleValue>FR-MEF</SimpleValue>
         </Value>
         <Value>
            <SimpleValue>FpML</SimpleValue>
         </Value>
         <Value>
            <SimpleValue>As defined in 2005 ISDA Commodity Definitions ARTICLE XI, Section 11.17. Weather Index Stations or Locations.</SimpleValue>
         </Value>
      </Row>
      <Row>
         <Value>
            <SimpleValue>GB-MET</SimpleValue>
         </Value>
         <Value>
            <SimpleValue>FpML</SimpleValue>
         </Value>
         <Value>
            <SimpleValue>As defined in 2005 ISDA Commodity Definitions ARTICLE XI, Section 11.17. Weather Index Stations or Locations.</SimpleValue>
         </Value>
      </Row>
      <Row>
         <Value>
            <SimpleValue>HU-OMS</SimpleValue>
         </Value>
         <Value>
            <SimpleValue>FpML</SimpleValue>
         </Value>
         <Value>
            <SimpleValue>As defined in 2005 ISDA Commodity Definitions ARTICLE XI, Section 11.17. Weather Index Stations or Locations.</SimpleValue>
         </Value>
      </Row>
      <Row>
         <Value>
            <SimpleValue>IE-IMS</SimpleValue>
         </Value>
         <Value>
            <SimpleValue>FpML</SimpleValue>
         </Value>
         <Value>
            <SimpleValue>As defined in 2005 ISDA Commodity Definitions ARTICLE XI, Section 11.17. Weather Index Stations or Locations.</SimpleValue>
         </Value>
      </Row>
      <Row>
         <Value>
            <SimpleValue>IT-SMAMI</SimpleValue>
         </Value>
         <Value>
            <SimpleValue>FpML</SimpleValue>
         </Value>
         <Value>
            <SimpleValue>As defined in 2005 ISDA Commodity Definitions ARTICLE XI, Section 11.17. Weather Index Stations or Locations.</SimpleValue>
         </Value>
      </Row>
      <Row>
         <Value>
            <SimpleValue>JP-JMA</SimpleValue>
         </Value>
         <Value>
            <SimpleValue>FpML</SimpleValue>
         </Value>
         <Value>
            <SimpleValue>As defined in 2005 ISDA Commodity Definitions ARTICLE XI, Section 11.17. Weather Index Stations or Locations.</SimpleValue>
         </Value>
      </Row>
      <Row>
         <Value>
            <SimpleValue>KR-KMA</SimpleValue>
         </Value>
         <Value>
            <SimpleValue>FpML</SimpleValue>
         </Value>
         <Value>
            <SimpleValue>As defined in 2005 ISDA Commodity Definitions ARTICLE XI, Section 11.17. Weather Index Stations or Locations.</SimpleValue>
         </Value>
      </Row>
      <Row>
         <Value>
            <SimpleValue>MX-SMN</SimpleValue>
         </Value>
         <Value>
            <SimpleValue>FpML</SimpleValue>
         </Value>
         <Value>
            <SimpleValue>As defined in 2005 ISDA Commodity Definitions ARTICLE XI, Section 11.17. Weather Index Stations or Locations.</SimpleValue>
         </Value>
      </Row>
      <Row>
         <Value>
            <SimpleValue>NL-KNMI</SimpleValue>
         </Value>
         <Value>
            <SimpleValue>FpML</SimpleValue>
         </Value>
         <Value>
            <SimpleValue>As defined in 2005 ISDA Commodity Definitions ARTICLE XI, Section 11.17. Weather Index Stations or Locations.</SimpleValue>
         </Value>
      </Row>
      <Row>
         <Value>
            <SimpleValue>NO-NMI</SimpleValue>
         </Value>
         <Value>
            <SimpleValue>FpML</SimpleValue>
         </Value>
         <Value>
            <SimpleValue>As defined in 2005 ISDA Commodity Definitions ARTICLE XI, Section 11.17. Weather Index Stations or Locations.</SimpleValue>
         </Value>
      </Row>
      <Row>
         <Value>
            <SimpleValue>NZ-MSNZ</SimpleValue>
         </Value>
         <Value>
            <SimpleValue>FpML</SimpleValue>
         </Value>
         <Value>
            <SimpleValue>As defined in 2005 ISDA Commodity Definitions ARTICLE XI, Section 11.17. Weather Index Stations or Locations.</SimpleValue>
         </Value>
      </Row>
      <Row>
         <Value>
            <SimpleValue>PL-IMGW</SimpleValue>
         </Value>
         <Value>
            <SimpleValue>FpML</SimpleValue>
         </Value>
         <Value>
            <SimpleValue>As defined in 2005 ISDA Commodity Definitions ARTICLE XI, Section 11.17. Weather Index Stations or Locations.</SimpleValue>
         </Value>
      </Row>
      <Row>
         <Value>
            <SimpleValue>PT-IMP</SimpleValue>
         </Value>
         <Value>
            <SimpleValue>FpML</SimpleValue>
         </Value>
         <Value>
            <SimpleValue>As defined in 2005 ISDA Commodity Definitions ARTICLE XI, Section 11.17. Weather Index Stations or Locations.</SimpleValue>
         </Value>
      </Row>
      <Row>
         <Value>
            <SimpleValue>SE-SMHI</SimpleValue>
         </Value>
         <Value>
            <SimpleValue>FpML</SimpleValue>
         </Value>
         <Value>
            <SimpleValue>As defined in 2005 ISDA Commodity Definitions ARTICLE XI, Section 11.17. Weather Index Stations or Locations.</SimpleValue>
         </Value>
      </Row>
      <Row>
         <Value>
            <SimpleValue>US-NCDC</SimpleValue>
         </Value>
         <Value>
            <SimpleValue>FpML</SimpleValue>
         </Value>
         <Value>
            <SimpleValue>As defined in 2005 ISDA Commodity Definitions ARTICLE XI, Section 11.17. Weather Index Stations or Locations.</SimpleValue>
         </Value>
      </Row>
      <Row>
         <Value>
            <SimpleValue>US-NOAA</SimpleValue>
         </Value>
         <Value>
            <SimpleValue>FpML</SimpleValue>
         </Value>
         <Value>
            <SimpleValue>As defined in 2005 ISDA Commodity Definitions ARTICLE XI, Section 11.17. Weather Index Stations or Locations.</SimpleValue>
         </Value>
      </Row>
      <Row>
         <Value>
            <SimpleValue>US-NWS</SimpleValue>
         </Value>
         <Value>
            <SimpleValue>FpML</SimpleValue>
         </Value>
         <Value>
            <SimpleValue>As defined in 2005 ISDA Commodity Definitions ARTICLE XI, Section 11.17. Weather Index Stations or Locations.</SimpleValue>
         </Value>
      </Row>
      <Row>
         <Value>
            <SimpleValue>ZA-SAWS</SimpleValue>
         </Value>
         <Value>
            <SimpleValue>FpML</SimpleValue>
         </Value>
         <Value>
            <SimpleValue>As defined in 2005 ISDA Commodity Definitions ARTICLE XI, Section 11.17. Weather Index Stations or Locations.</SimpleValue>
         </Value>
      </Row>
   </SimpleCodeList>
</gcl:CodeList>