<?xml version="1.0" encoding="UTF-8"?>
<gcl:CodeList xmlns:gcl="http://xml.genericode.org/2004/ns/CodeList/0.2/" xmlns:doc="http://www.fpml.org/coding-scheme/documentation" xmlns:xsi="http://www.w3.org/2001/XMLSchema-instance" xsi:schemaLocation="http://xml.genericode.org/2004/ns/CodeList/0.2/ CodeList.xsd">
   <Annotation>
      <Description>
         <doc:definition>Indicates the reason that a withdrawal was requested.</doc:definition>
         <doc:publicationDate>2014-01-23</doc:publicationDate>
      </Description>
   </Annotation>
   <Identification>
      <ShortName>withdrawalReasonScheme</ShortName>
      <Version>1-1</Version>
      <CanonicalUri>http://www.fpml.org/coding-scheme/withdrawal-reason</CanonicalUri>
      <CanonicalVersionUri>http://www.fpml.org/coding-scheme/withdrawal-reason-1-1</CanonicalVersionUri>
      <LocationUri>http://www.fpml.org/coding-scheme/withdrawal-reason-1-1.xml</LocationUri>
   </Identification>
   <ColumnSet>
      <Column Id="Code" Use="required">
         <ShortName>Code</ShortName>
         <Data Type="token">
            <Parameter ShortName="maxLength">63</Parameter>
         </Data>
      </Column>
      <Column Id="Source" Use="optional">
         <ShortName>Source</ShortName>
         <Data Type="string"/>
      </Column>
      <Column Id="Description" Use="optional">
         <ShortName>Description</ShortName>
         <Data Type="string"/>
      </Column>
      <Key Id="PrimaryKey">
         <ShortName>key</ShortName>
         <ColumnRef Ref="Code"/>
      </Key>
   </ColumnSet>
   <SimpleCodeList>
      <Row>
         <Value>
            <SimpleValue>Exercise</SimpleValue>
         </Value>
         <Value>
            <SimpleValue>FpML</SimpleValue>
         </Value>
         <Value>
            <SimpleValue>The trade is being withdrawn because it is an option that was Exercised.</SimpleValue>
         </Value>
      </Row>
      <Row>
         <Value>
            <SimpleValue>Novation</SimpleValue>
         </Value>
         <Value>
            <SimpleValue>FpML</SimpleValue>
         </Value>
         <Value>
            <SimpleValue>The trade is being withdrawn because of a Novation.</SimpleValue>
         </Value>
      </Row>
      <Row>
         <Value>
            <SimpleValue>PortfolioCompression</SimpleValue>
         </Value>
         <Value>
            <SimpleValue>FpML</SimpleValue>
         </Value>
         <Value>
            <SimpleValue>The trade is being withdrawn due to a Portfolio Compression event.</SimpleValue>
         </Value>
      </Row>
      <Row>
         <Value>
            <SimpleValue>RaisedInError</SimpleValue>
         </Value>
         <Value>
            <SimpleValue>FpML</SimpleValue>
         </Value>
         <Value>
            <SimpleValue>The item was reported in error.</SimpleValue>
         </Value>
      </Row>
      <Row>
         <Value>
            <SimpleValue>Termination</SimpleValue>
         </Value>
         <Value>
            <SimpleValue>FpML</SimpleValue>
         </Value>
         <Value>
            <SimpleValue>The trade is being withdrawn because it was Terminated.</SimpleValue>
         </Value>
      </Row>
   </SimpleCodeList>
</gcl:CodeList>