<?xml version="1.0" encoding="utf-8"?>
<!--View is confirmation-->
<!--Version is 5-11-->
<!--NS is http://www.fpml.org/FpML-5/confirmation-->
<!--
        == Copyright (c) 2014- All rights reserved. 
        == Financial Products Markup Language is subject to the FpML public license. 
        == A copy of this license is available at http://www.fpml.org/license/license.html-->
<!--5.0:Message type is a Root of the message-->
<!--5.0 Messaging: changed <requestTradeConfirmation> -><requestConfirmation>-->
<requestConfirmation xmlns="http://www.fpml.org/FpML-5/confirmation" xmlns:xsi="http://www.w3.org/2001/XMLSchema-instance" fpmlVersion="5-11" xsi:schemaLocation="http://www.fpml.org/FpML-5/confirmation ../../fpml-main-5-11.xsd http://www.w3.org/2000/09/xmldsig# ../../xmldsig-core-schema.xsd">
<!-- AP 10 Oct 2007 Revised draft proposal from Citadel -->
  <header>
    <messageId messageIdScheme="http://www.partyA.com/coding-scheme/message-id">234234923420</messageId>
    <sentBy messageAddressScheme="http://www.partyA.com/coding-scheme/party-id">23902</sentBy>
    <creationTimestamp>2000-08-01T08:57:00-00:00</creationTimestamp>
  </header>
<!--5.0 Messaging: added
                <isCorrection>
                <correlationId>
                <sequenceNumber>
        -->
  <isCorrection>false</isCorrection>
  <correlationId correlationIdScheme="http://www.example.com/conversationId">CORR/2000/08/01/234234923120</correlationId>
  <sequenceNumber>1</sequenceNumber>
  <trade>
    <tradeHeader>
      <partyTradeIdentifier>
        <partyReference href="kom722" />
        <tradeId tradeIdScheme="http://www.partyA.com/coding-scheme/trade-id">6234</tradeId>
      </partyTradeIdentifier>
      <partyTradeIdentifier>
        <partyReference href="kow029" />
        <tradeId tradeIdScheme="http://www.partyB.com/coding-scheme/trade-id">6569</tradeId>
      </partyTradeIdentifier>
      <tradeDate>2007-01-05</tradeDate>
    </tradeHeader>
    <correlationSwap>
      <correlationLeg>
        <payerPartyReference href="kom722" />
        <receiverPartyReference href="kow029" />
        <underlyer>
          <basket id="SP500Top3">
            <basketConstituent>
              <equity>
                <instrumentId instrumentIdScheme="http://www.fpml.org/schemes/4.1/instrumentId">IBM.N</instrumentId>
                <description>International Business Machines Common Share</description>
                <currency>USD</currency>
                <exchangeId>XNYS</exchangeId>
              </equity>
            </basketConstituent>
            <basketConstituent>
              <equity>
                <instrumentId instrumentIdScheme="http://www.fpml.org/schemes/4.1/instrumentId">MSFT.O</instrumentId>
                <description>Microsoft Common Share</description>
                <currency>USD</currency>
                <exchangeId>XNAS</exchangeId>
              </equity>
            </basketConstituent>
            <basketConstituent>
              <equity>
                <instrumentId instrumentIdScheme="http://www.fpml.org/schemes/4.1/instrumentId">B.N</instrumentId>
                <description>Barnes and Noble Common Share</description>
                <currency>USD</currency>
                <exchangeId>XNYS</exchangeId>
              </equity>
            </basketConstituent>
          </basket>
        </underlyer>
        <settlementType>Cash</settlementType>
        <settlementDate>
          <relativeDate>
            <periodMultiplier>2</periodMultiplier>
            <period>D</period>
            <dayType>CurrencyBusiness</dayType>
            <businessDayConvention>FOLLOWING</businessDayConvention>
            <businessCenters>
              <businessCenter>USNY</businessCenter>
            </businessCenters>
            <dateRelativeTo href="vd903" />
          </relativeDate>
        </settlementDate>
        <valuation>
          <valuationDate id="vd903">
            <adjustableDate>
              <unadjustedDate>2009-12-19</unadjustedDate>
              <dateAdjustments>
                <businessDayConvention>NotApplicable</businessDayConvention>
              </dateAdjustments>
            </adjustableDate>
          </valuationDate>
        </valuation>
        <amount>
          <observationStartDate>
            <adjustableDate>
              <unadjustedDate>2007-01-05</unadjustedDate>
              <dateAdjustments>
                <businessDayConvention>NotApplicable</businessDayConvention>
              </dateAdjustments>
            </adjustableDate>
          </observationStartDate>
          <allDividends>false</allDividends>
          <correlation>
            <closingLevel>true</closingLevel>
            <expectedN>120</expectedN>
            <notionalAmount>
              <currency>USD</currency>
              <amount>350000</amount>
            </notionalAmount>
            <correlationStrikePrice>0.60123</correlationStrikePrice>
            <boundedCorrelation>
              <minimumBoundaryPercent>0.35123</minimumBoundaryPercent>
              <maximumBoundaryPercent>0.85123</maximumBoundaryPercent>
            </boundedCorrelation>
            <numberOfDataSeries>1</numberOfDataSeries>
          </correlation>
        </amount>
      </correlationLeg>
    </correlationSwap>
    <calculationAgent>
      <calculationAgentPartyReference href="kom722" />
    </calculationAgent>
    <documentation>
      <masterAgreement>
        <masterAgreementType>ISDA</masterAgreementType>
        <masterAgreementVersion>2002</masterAgreementVersion>
      </masterAgreement>
      <contractualDefinitions>ISDA2000</contractualDefinitions>
      <contractualDefinitions>ISDA2002Equity</contractualDefinitions>
    </documentation>
    <governingLaw>GBEN</governingLaw>
  </trade>
  <party id="kom722">
    <partyId partyIdScheme="http://www.fpml.org/coding-scheme/dummy-party-id">Party A</partyId>
  </party>
  <party id="kow029">
    <partyId partyIdScheme="http://www.fpml.org/coding-scheme/dummy-party-id">Party B</partyId>
  </party>
</requestConfirmation>

