<?xml version="1.0" encoding="utf-8"?>
<!--View is reporting-->
<!--Version is 5-3-->
<!--NS is http://www.fpml.org/FpML-5/reporting-->
<!--
  == Copyright (c) 2002-2011. All rights reserved.
  == Financial Products Markup Language is subject to the FpML public license.
  == A copy of this license is available at http://www.fpml.org/license/license.html
  -->
<positionsAcknowledged xmlns="http://www.fpml.org/FpML-5/reporting" xmlns:xsi="http://www.w3.org/2001/XMLSchema-instance" fpmlVersion="5-3" xsi:schemaLocation="http://www.fpml.org/FpML-5/reporting ../fpml-main-5-3.xsd http://www.w3.org/2000/09/xmldsig# ../xmldsig-core-schema.xsd">
  <header>
    <messageId messageIdScheme="http://www.recserv.com/mid">MSG0001</messageId>
    <inReplyTo messageIdScheme="http://www.abc.com/mid">ABC0001</inReplyTo>
    <sentBy>RECSERV</sentBy>
    <sendTo>ABCDUS33</sendTo>
    <creationTimestamp>2006-04-27T15:38:01Z</creationTimestamp>
  </header>
  <correlationId correlationIdScheme="http://www.recserv.com/cid">CID12345</correlationId>
  <portfolio>
    <portfolioName>fundPortfolio1</portfolioName>
    <asOfDate>2006-04-25</asOfDate>
    <definingParty href="dealer" />
    <matchingParty href="fund" />
  </portfolio>
  <definedPosition>
    <positionId positionIdScheme="http://www.abc.com/positionId">Position-01</positionId>
    <version>1</version>
  </definedPosition>
  <party id="dealer">
    <partyId>ABCDUS33</partyId>
    <partyName>ABCD Securities Inc.</partyName>
  </party>
  <party id="fund">
    <partyId>HEGDUS33</partyId>
    <partyName>HedgeCo Capital L.L.C.</partyName>
  </party>
</positionsAcknowledged>

