<?xml version="1.0" encoding="utf-8"?>
<!--View is reporting-->
<!--Version is 5-3-->
<!--NS is http://www.fpml.org/FpML-5/reporting-->
<!--
  == Copyright (c) 2002-2011. All rights reserved.
  == Financial Products Markup Language is subject to the FpML public license.
  == A copy of this license is available at http://www.fpml.org/license/license.html
  -->
<requestPortfolio xmlns="http://www.fpml.org/FpML-5/reporting" xmlns:xsi="http://www.w3.org/2001/XMLSchema-instance" fpmlVersion="5-3" xsi:schemaLocation="http://www.fpml.org/FpML-5/reporting ../fpml-main-5-3.xsd http://www.w3.org/2000/09/xmldsig# ../xmldsig-core-schema.xsd">
  <header>
    <messageId messageIdScheme="http://www.abc.com/mid">ABC0004</messageId>
    <sentBy>ABCDUS33</sentBy>
    <sendTo>RECSERV</sendTo>
    <creationTimestamp>2006-04-28T15:08:00Z</creationTimestamp>
  </header>
  <portfolioName>fundPortfolio1</portfolioName>
  <party id="dealer">
    <partyId>ABCDU33</partyId>
  </party>
  <party id="fund">
    <partyId>HEDGUS33</partyId>
  </party>
</requestPortfolio>

