<?xml version="1.0" encoding="utf-8"?>
<!--View is reporting-->
<!--Version is 5-3-->
<!--NS is http://www.fpml.org/FpML-5/reporting-->
<!--
  == Copyright (c) 2002-2011. All rights reserved.
  == Financial Products Markup Language is subject to the FpML public license.
  == A copy of this license is available at http://www.fpml.org/license/license.html
  -->
<positionsMatchResults xmlns="http://www.fpml.org/FpML-5/reporting" xmlns:xsi="http://www.w3.org/2001/XMLSchema-instance" fpmlVersion="5-3" xsi:schemaLocation="http://www.fpml.org/FpML-5/reporting ../fpml-main-5-3.xsd http://www.w3.org/2000/09/xmldsig# ../xmldsig-core-schema.xsd">
  <header>
    <messageId messageIdScheme="http://www.recserv.com/mid">MSG0007</messageId>
    <inReplyTo messageIdScheme="http://www.hedgeco.com/mid">HDG0001</inReplyTo>
    <sentBy>RECSERV</sentBy>
    <sendTo>HEDGUS33</sendTo>
    <creationTimestamp>2006-04-27T15:49:03Z</creationTimestamp>
  </header>
  <correlationId correlationIdScheme="http://www.recserv.com/cid">CID12345</correlationId>
  <portfolio>
    <portfolioName>fundPortfolio1</portfolioName>
    <asOfDate>2006-04-25</asOfDate>
    <definingParty href="dealer" />
    <matchingParty href="fund" />
  </portfolio>
  <positionMatchResult>
    <status>Mismatched</status>
    <assertedPosition>
      <positionId positionIdScheme="http://www.hedgco.com/positionId">MySrv-01</positionId>
      <version>1</version>
    </assertedPosition>
    <proposedMatch>
      <positionId positionIdScheme="http://www.abc.com/positionId">Position-01</positionId>
      <version>1</version>
      <constituent>
        <trade>
          <tradeHeader>
            <partyTradeIdentifier>
              <partyReference href="fund" />
              <tradeId tradeIdScheme="http://www.abc.com/fx/trade-id">111</tradeId>
            </partyTradeIdentifier>
            <tradeDate>2006-04-24</tradeDate>
          </tradeHeader>
          <fxSingleLeg>
            <exchangedCurrency1>
              <payerPartyReference href="fund" />
              <receiverPartyReference href="dealer" />
              <paymentAmount>
                <currency>GBP</currency>
                <amount>10000000</amount>
              </paymentAmount>
            </exchangedCurrency1>
            <exchangedCurrency2>
              <payerPartyReference href="dealer" />
              <receiverPartyReference href="fund" />
              <paymentAmount>
                <currency>USD</currency>
                <amount>14800000</amount>
              </paymentAmount>
            </exchangedCurrency2>
            <valueDate>2006-04-26</valueDate>
            <exchangeRate>
              <quotedCurrencyPair>
                <currency1>GBP</currency1>
                <currency2>USD</currency2>
                <quoteBasis>Currency2PerCurrency1</quoteBasis>
              </quotedCurrencyPair>
              <rate>1.48</rate>
            </exchangeRate>
          </fxSingleLeg>
        </trade>
      </constituent>
      <valuation>
        <quote>
          <value>12345.00</value>
          <measureType>NPV</measureType>
          <currency>USD</currency>
        </quote>
      </valuation>
      <matchId matchIdScheme="http://www.abc.com/matchId">Position-m-01</matchId>
      <difference>
        <differenceType>Value</differenceType>
        <differenceSeverity>Error</differenceSeverity>
        <element>amount</element>
        <basePath>/constituent/trade/fxSingleLeg/exchangedCurrency2/paymentAmount/amount</basePath>
        <baseValue>14700000</baseValue>
        <otherPath>/constituent/trade/fxSingleLeg/exchangedCurrency2/paymentAmount/amount</otherPath>
        <otherValue>14800000</otherValue>
        <message>Value [14700000] in HEDGUS33 is [14800000] in ABCDUS33.</message>
      </difference>
      <difference>
        <differenceType>Value</differenceType>
        <differenceSeverity>Error</differenceSeverity>
        <element>rate</element>
        <basePath>/constituent/trade/fxSingleLeg/exchangeRate/rate</basePath>
        <baseValue>1.47</baseValue>
        <otherPath>/constituent/trade/fxSingleLeg/exchangeRate/rate</otherPath>
        <otherValue>1.48</otherValue>
        <message>Value [1.47] in HEDGUS33 is [1.48] in ABCDUS33.</message>
      </difference>
      <difference>
        <differenceType>Value</differenceType>
        <differenceSeverity>Warning</differenceSeverity>
        <element>value</element>
        <basePath>/valuation/quote/value</basePath>
        <baseValue>12300.00</baseValue>
        <otherPath>/valuation/quote/value</otherPath>
        <otherValue>12345.00</otherValue>
        <message>Value [12300.00] in HEDGUS33 is [12345.00] in ABCDUS33.</message>
      </difference>
    </proposedMatch>
  </positionMatchResult>
  <positionMatchResult>
    <status>Alleged</status>
    <allegedPosition>
      <positionId positionIdScheme="http://www.abc.com/positionId">Position-02</positionId>
      <version>1</version>
    </allegedPosition>
<!-- no proposed match -->
  </positionMatchResult>
  <matchCompleted>true</matchCompleted>
  <party id="dealer">
    <partyId>ABCDUS33</partyId>
    <partyName>ABCD Securities Inc.</partyName>
  </party>
  <party id="fund">
    <partyId>HEGDUS33</partyId>
    <partyName>HedgeCo Capital L.L.C.</partyName>
  </party>
</positionsMatchResults>

