<?xml version="1.0" encoding="utf-8"?>
<!--View is confirmation-->
<!--Version is 5-11-->
<!--NS is http://www.fpml.org/FpML-5/confirmation-->
<!--
        == Copyright (c) 2014- All rights reserved.
        == Financial Products Markup Language is subject to the FpML public license.
        == A copy of this license is available at http://www.fpml.org/license/license.html
-->
<requestExecution xmlns="http://www.fpml.org/FpML-5/confirmation" xmlns:xsi="http://www.w3.org/2001/XMLSchema-instance" fpmlVersion="5-11" xsi:schemaLocation="http://www.fpml.org/FpML-5/confirmation ../../fpml-main-5-11.xsd http://www.w3.org/2000/09/xmldsig# ../../xmldsig-core-schema.xsd">
  <header>
    <messageId messageIdScheme="http://www.amag.com/coding-scheme/message-id">0485674</messageId>
    <sentBy messageAddressScheme="firm_id">TESTBOOKLE</sentBy>
    <sendTo messageAddressScheme="clearingorg_id">CLEARCO</sendTo>
    <creationTimestamp>2014-09-24T09:30:00-00:00</creationTimestamp>
  </header>
  <isCorrection>false</isCorrection>
  <correlationId correlationIdScheme="trade_id">844409</correlationId>
  <sequenceNumber>1</sequenceNumber>
  <optionExercise>
    <optionSeller href="clearing_service" />
    <optionBuyer href="clearing_firm" />
    <tradeIdentifier>
      <partyReference href="clearing_service" />
      <tradeId tradeIdScheme="trade_id">844409</tradeId>
    </tradeIdentifier>
    <exerciseTiming>Immediate</exerciseTiming>
    <exerciseAction>FullExercise</exerciseAction>
    <exerciseSide>Payer</exerciseSide>
  </optionExercise>
  <party id="clearing_firm">
    <partyId partyIdScheme="clearing_member_firms">TESTBOOKLE</partyId>
  </party>
  <party id="clearing_service">
    <partyId partyIdScheme="http://www.fpml.org/coding-scheme/dummy-party-id">CLEARCO</partyId>
  </party>
</requestExecution>

