<?xml version="1.0" encoding="utf-8"?>
<!--View is reporting-->
<!--Version is 5-3-->
<!--NS is http://www.fpml.org/FpML-5/reporting-->
<!--
        == Copyright (c) 2002-2011. All rights reserved.
        == Financial Products Markup Language is subject to the FpML public license.
        == A copy of this license is available at http://www.fpml.org/license/license.html
-->
<!--
Example of a party report
-->
<partyReport xmlns="http://www.fpml.org/FpML-5/reporting" xmlns:xsi="http://www.w3.org/2001/XMLSchema-instance" fpmlVersion="5-3" xsi:schemaLocation="http://www.fpml.org/FpML-5/reporting ../fpml-main-5-3.xsd http://www.w3.org/2000/09/xmldsig# ../xmldsig-core-schema.xsd">
  <header>
    <messageId messageIdScheme="http://www.dealer.com/report_id">XXX00123</messageId>
    <sentBy>DEALER</sentBy>
    <sendTo>REPORTSVC</sendTo>
    <creationTimestamp>2009-10-01T18:00:00Z</creationTimestamp>
  </header>
  <asOfDate>2009-10-01</asOfDate>
  <party id="dealer">
    <partyId>DLR1US33</partyId>
    <partyName>Dealer Bank Hedging Services, Inc.</partyName>
    <classification industryClassificationScheme="http://www.fpml.org/coding-scheme/industry-classification/naics">523120</classification>
    <country>US</country>
    <jurisdiction>USDE</jurisdiction>
    <relatedParty>
      <partyReference href="regional_bank_1" />
      <role>TradingPartner</role>
      <documentation>
        <masterAgreement>
          <masterAgreementType>ISDA</masterAgreementType>
          <masterAgreementVersion>2002</masterAgreementVersion>
          <masterAgreementDate>2003-03-23</masterAgreementDate>
        </masterAgreement>
      </documentation>
    </relatedParty>
    <relatedParty>
      <partyReference href="regional_bank_2" />
      <role>TradingPartner</role>
      <documentation>
        <masterAgreement>
          <masterAgreementType>ISDA</masterAgreementType>
          <masterAgreementVersion>2002</masterAgreementVersion>
          <masterAgreementDate>2005-08-30</masterAgreementDate>
        </masterAgreement>
      </documentation>
    </relatedParty>
    <relatedParty>
      <partyReference href="regional_bank_3" />
      <role>TradingPartner</role>
      <documentation>
        <masterAgreement>
          <masterAgreementType>ISDA</masterAgreementType>
          <masterAgreementVersion>2002</masterAgreementVersion>
          <masterAgreementDate>2008-01-25</masterAgreementDate>
        </masterAgreement>
      </documentation>
    </relatedParty>
    <relatedParty>
      <partyReference href="regional_bank_parent" />
      <role>CreditSupportProvider</role>
      <type>SomePositions</type>
      <documentation>
        <agreement>
          <type>Guarantee</type>
          <date>2006-08-30</date>
          <governingLaw>USNY</governingLaw>
        </agreement>
      </documentation>
    </relatedParty>
    <relatedParty>
      <partyReference href="dealer_parent" />
      <role>Guarantor</role>
      <documentation>
        <agreement>
          <type>Guarantee</type>
          <date>2003-03-23</date>
          <governingLaw>USNY</governingLaw>
        </agreement>
      </documentation>
    </relatedParty>
  </party>
  <party id="dealer_parent">
    <partyId>DLR2US33</partyId>
    <partyName>Dealer Bank &amp; Co. Incorporated</partyName>
    <classification industryClassificationScheme="http://www.fpml.org/coding-scheme/industry-classification/naics">523120</classification>
    <creditRating creditRatingScheme="http://www.fpml.org/coding-scheme/credit-rating/standard_and_poors_lt">A</creditRating>
    <creditRating creditRatingScheme="http://www.fpml.org/coding-scheme/credit-rating/standard_and_poors_st">A-1</creditRating>
    <creditRating creditRatingScheme="http://www.fpml.org/coding-scheme/credit-rating/moodys_lt">A2</creditRating>
    <creditRating creditRatingScheme="http://www.fpml.org/coding-scheme/credit-rating/fitch_ind">B/C</creditRating>
    <creditRating creditRatingScheme="http://www.fpml.org/coding-scheme/credit-rating/fitch_lt">A</creditRating>
    <country>US</country>
    <jurisdiction>USDE</jurisdiction>
  </party>
  <party id="regional_bank_1">
    <partyId>REG1US33</partyId>
    <partyName>Regional Bank 1</partyName>
    <classification industryClassificationScheme="http://www.fpml.org/coding-scheme/industry-classification/naics">523120</classification>
    <country>US</country>
    <jurisdiction>USNY</jurisdiction>
    <jurisdiction>USDE</jurisdiction>
  </party>
  <party id="regional_bank_2">
    <partyId>REG2US33</partyId>
    <partyName>Regional Bank 2</partyName>
    <classification industryClassificationScheme="http://www.fpml.org/coding-scheme/industry-classification/naics">523120</classification>
    <country>US</country>
    <jurisdiction>USCA</jurisdiction>
    <jurisdiction>USDE</jurisdiction>
    <relatedParty>
      <partyReference href="regional_bank_parent" />
      <role>Guarantor</role>
      <type>SomePositions</type>
      <effectiveDate>2006-08-30</effectiveDate>
      <documentation>
        <agreement>
          <type>Guarantee</type>
          <date>2006-08-30</date>
          <governingLaw>USNY</governingLaw>
        </agreement>
      </documentation>
    </relatedParty>
  </party>
  <party id="regional_bank_3">
    <partyId>REG3US33</partyId>
    <partyName>Regional Bank 3</partyName>
    <classification industryClassificationScheme="http://www.fpml.org/coding-scheme/industry-classification/naics">523120</classification>
    <country>US</country>
    <jurisdiction>USDE</jurisdiction>
    <relatedParty>
      <partyReference href="regional_bank_parent" />
      <role>Guarantor</role>
      <type>AllPositions</type>
      <effectiveDate>2008-01-25</effectiveDate>
      <documentation>
        <agreement>
          <type>Guarantee</type>
          <date>2008-01-25</date>
          <governingLaw>USNY</governingLaw>
        </agreement>
      </documentation>
    </relatedParty>
  </party>
  <party id="regional_bank_parent">
    <partyId>BANKUS33</partyId>
    <partyName>Bank Co. Inc.</partyName>
    <classification industryClassificationScheme="http://www.fpml.org/coding-scheme/industry-classification/naics">531110</classification>
    <country>US</country>
    <jurisdiction>USDE</jurisdiction>
  </party>
</partyReport>

