<?xml version="1.0" encoding="utf-8"?>
<!--View is recordkeeping-->
<!--Version is 5-3-->
<!--NS is http://www.fpml.org/FpML-5/recordkeeping-->
<!--
  == Copyright (c) 2002-2012. All rights reserved.
  == Financial Products Markup Language is subject to the FpML public license.
  == A copy of this license is available at http://www.fpml.org/license/license.html
  -->
<!-- This represents the non-public recordkeeping and reporting requirements published in draft form by the CFTC in 17 CFR 45 -->
<!-- The comments indicate the reportable field name as described in the tables on
pp. 76606-76607 of the Federal Register -->
<!-- This example shows an amendment to a trade executed several weeks after the original trade (change to business centres) -->
<!-- The data values are taken from "Example 1" in Appendix A, on page 76156 of the Federal Register -->
<nonpublicExecutionReport xmlns="http://www.fpml.org/FpML-5/recordkeeping" xmlns:xsi="http://www.w3.org/2001/XMLSchema-instance" fpmlVersion="5-3" xsi:schemaLocation="http://www.fpml.org/FpML-5/recordkeeping ../fpml-main-5-3.xsd http://www.w3.org/2000/09/xmldsig# ../xmldsig-core-schema.xsd">
  <header>
    <messageId messageIdScheme="http://www.bankx.com/msg_id">SEF004</messageId>
    <sentBy>BANKX</sentBy>
    <sendTo>SDR01</sendTo>
    <creationTimestamp>2011-03-01T10:17:07Z</creationTimestamp>
<!-- Date stamp -->
  </header>
  <isCorrection>false</isCorrection>
<!-- Correction indicator -->
  <correlationId correlationIdScheme="http://fpml.org/event_id">TW9235-001</correlationId>
  <sequenceNumber>1</sequenceNumber>
  <onBehalfOf>
    <partyReference href="party1" />
<!-- explicit reference to which party is the primary reporting party -->
  </onBehalfOf>
  <amendment>
    <trade>
      <tradeHeader>
        <partyTradeIdentifier>
          <issuer issuerIdScheme="http://www.fpml.org/coding-scheme/external/iso17442">ZNHTL6O2WODTKMPF1Z48</issuer>
          <tradeId tradeIdScheme="http://www.fpml.org/coding-scheme/external/unique-transaction-identifier">712345678901234567890123456789012</tradeId>
        </partyTradeIdentifier>
        <partyTradeInformation>
          <partyReference href="party1" />
          <relatedParty>
            <partyReference href="clearing-svc" />
            <role>ClearingOrganization</role>
          </relatedParty>
          <relatedParty>
            <partyReference href="broker1" />
            <role>ArrangingBroker</role>
<!-- arranging broker -->
          </relatedParty>
          <relatedBusinessUnit>
            <businessUnitReference href="desk1" />
            <role>Trader</role>
          </relatedBusinessUnit>
          <relatedPerson>
            <personReference href="desk1" />
            <role>Trader</role>
          </relatedPerson>
          <executionDateTime>2011-02-04T16:20:47Z</executionDateTime>
<!-- Execution timestamp -->
          <intentToClear>true</intentToClear>
<!-- NEW: cleared or uncleared = "C" in CFTC doc -->
          <nonStandardTerms>false</nonStandardTerms>
<!-- NEW: indication of other price-affecting term -->
          <offMarketPrice>false</offMarketPrice>
<!-- NEW -->
          <largeSizeTrade>false</largeSizeTrade>
<!-- NEW: block trades and large notional swaps -->
          <executionType>Electronic</executionType>
<!-- NEW -->
          <executionVenueType>SEF</executionVenueType>
<!-- NEW: execution venue = "SWM" in CFTC doc; do we need a more specific refeence? -->
          <confirmationMethod>Facility</confirmationMethod>
<!-- NEW -->
        </partyTradeInformation>
        <tradeDate>2011-02-12</tradeDate>
      </tradeHeader>
      <swap>
<!-- Party A pays the floating rate every 3 months, based on 3M USD-LIBOR-BBA,
                    on an ACT/360 basis -->
        <primaryAssetClass>InterestRate</primaryAssetClass>
        <productType productTypeScheme="http://www.fpml.org/coding-scheme/product-type">InterestRate:Irswap:Fixed-Float</productType>
<!-- contract type  = "S-" in CFTC doc -->
<!-- <productSubType>FixedFloatSwap</productSubType> -->
<!-- NEW: contract sub-type   -->
        <productId>SWI-ST-USD-IRS</productId>
<!-- swap instrument (NEW: coding scheme TBD, this example from CFTC rules) -->
<!-- asset class -->
<!-- <subAssetClass>N/A</subAssetClass> -->
<!-- NEW: sub-asset class not applicable for IR -->
        <swapStream>
          <payerPartyReference href="party1" />
          <receiverPartyReference href="party2" />
          <calculationPeriodDates id="floatingCalcPeriodDates">
            <effectiveDate>
              <unadjustedDate>2011-02-08</unadjustedDate>
              <dateAdjustments>
                <businessDayConvention>NONE</businessDayConvention>
              </dateAdjustments>
            </effectiveDate>
            <terminationDate>
              <unadjustedDate>2016-02-08</unadjustedDate>
              <dateAdjustments>
                <businessDayConvention>MODFOLLOWING</businessDayConvention>
                <businessCenters id="primaryBusinessCenters">
                  <businessCenter>USNY</businessCenter>
                  <businessCenter>USLA</businessCenter>
<!-- amended value -->
                </businessCenters>
              </dateAdjustments>
            </terminationDate>
            <calculationPeriodDatesAdjustments>
              <businessDayConvention>MODFOLLOWING</businessDayConvention>
              <businessCentersReference href="primaryBusinessCenters" />
            </calculationPeriodDatesAdjustments>
            <calculationPeriodFrequency>
              <periodMultiplier>3</periodMultiplier>
              <period>M</period>
              <rollConvention>8</rollConvention>
            </calculationPeriodFrequency>
          </calculationPeriodDates>
          <paymentDates>
            <calculationPeriodDatesReference href="floatingCalcPeriodDates" />
            <paymentFrequency>
              <periodMultiplier>3</periodMultiplier>
              <period>M</period>
            </paymentFrequency>
            <payRelativeTo>CalculationPeriodEndDate</payRelativeTo>
            <paymentDatesAdjustments>
              <businessDayConvention>MODFOLLOWING</businessDayConvention>
              <businessCentersReference href="primaryBusinessCenters" />
            </paymentDatesAdjustments>
          </paymentDates>
          <resetDates id="resetDates">
            <calculationPeriodDatesReference href="floatingCalcPeriodDates" />
            <resetRelativeTo>CalculationPeriodStartDate</resetRelativeTo>
            <fixingDates>
              <periodMultiplier>-2</periodMultiplier>
              <period>D</period>
              <dayType>Business</dayType>
              <businessDayConvention>NONE</businessDayConvention>
              <businessCenters>
                <businessCenter>GBLO</businessCenter>
              </businessCenters>
              <dateRelativeTo href="resetDates" />
            </fixingDates>
            <resetFrequency>
              <periodMultiplier>3</periodMultiplier>
              <period>M</period>
            </resetFrequency>
            <resetDatesAdjustments>
              <businessDayConvention>MODFOLLOWING</businessDayConvention>
              <businessCentersReference href="primaryBusinessCenters" />
            </resetDatesAdjustments>
          </resetDates>
          <calculationPeriodAmount>
            <calculation>
              <notionalSchedule>
                <notionalStepSchedule>
                  <initialValue>10000000.00</initialValue>
                  <currency currencyScheme="http://www.fpml.org/ext/iso4217">USD</currency>
                </notionalStepSchedule>
              </notionalSchedule>
              <floatingRateCalculation>
                <floatingRateIndex>USD-LIBOR-BBA</floatingRateIndex>
                <indexTenor>
                  <periodMultiplier>3</periodMultiplier>
                  <period>M</period>
                </indexTenor>
              </floatingRateCalculation>
              <dayCountFraction>ACT/360</dayCountFraction>
            </calculation>
          </calculationPeriodAmount>
        </swapStream>
<!-- Barclays pays the 6% fixed rate every year on a 30E/360 basis -->
        <swapStream>
          <payerPartyReference href="party2" />
          <receiverPartyReference href="party1" />
          <calculationPeriodDates id="fixedCalcPeriodDates">
            <effectiveDate>
              <unadjustedDate>2011-02-08</unadjustedDate>
              <dateAdjustments>
                <businessDayConvention>NONE</businessDayConvention>
              </dateAdjustments>
            </effectiveDate>
            <terminationDate>
              <unadjustedDate>2016-02-08</unadjustedDate>
              <dateAdjustments>
                <businessDayConvention>MODFOLLOWING</businessDayConvention>
                <businessCentersReference href="primaryBusinessCenters" />
              </dateAdjustments>
            </terminationDate>
            <calculationPeriodDatesAdjustments>
              <businessDayConvention>MODFOLLOWING</businessDayConvention>
              <businessCentersReference href="primaryBusinessCenters" />
            </calculationPeriodDatesAdjustments>
            <calculationPeriodFrequency>
              <periodMultiplier>6</periodMultiplier>
              <period>M</period>
              <rollConvention>8</rollConvention>
            </calculationPeriodFrequency>
          </calculationPeriodDates>
          <paymentDates>
            <calculationPeriodDatesReference href="fixedCalcPeriodDates" />
            <paymentFrequency>
              <periodMultiplier>6</periodMultiplier>
              <period>M</period>
            </paymentFrequency>
            <payRelativeTo>CalculationPeriodEndDate</payRelativeTo>
            <paymentDatesAdjustments>
              <businessDayConvention>MODFOLLOWING</businessDayConvention>
              <businessCentersReference href="primaryBusinessCenters" />
            </paymentDatesAdjustments>
          </paymentDates>
          <calculationPeriodAmount>
            <calculation>
              <notionalSchedule>
                <notionalStepSchedule>
                  <initialValue>10000000.00</initialValue>
                  <currency currencyScheme="http://www.fpml.org/ext/iso4217">USD</currency>
                </notionalStepSchedule>
              </notionalSchedule>
              <fixedRateSchedule>
                <initialValue>0.0253</initialValue>
              </fixedRateSchedule>
              <dayCountFraction>30E/360</dayCountFraction>
            </calculation>
          </calculationPeriodAmount>
        </swapStream>
      </swap>
    </trade>
    <agreementDate>2011-03-01Z</agreementDate>
    <executionDateTime>2011-03-01T10:16:34Z</executionDateTime>
    <effectiveDate>2011-03-03Z</effectiveDate>
    <payment>
      <payerPartyReference href="party1" />
      <receiverPartyReference href="party2" />
      <paymentAmount>
        <currency>USD</currency>
        <amount>12345.00</amount>
      </paymentAmount>
      <paymentDate>
        <adjustedDate>2011-03-03Z</adjustedDate>
      </paymentDate>
    </payment>
  </amendment>
  <quote>
    <value>1235</value>
    <measureType>NPV</measureType>
    <currency>USD</currency>
  </quote>
  <party id="party1">
    <partyId partyIdScheme="http://www.fpml.org/coding-scheme/external/iso17442">VTOUP9FCHUXIINML4787</partyId>
<!-- unique counterparty identifier of reporting party -->
    <partyName>Bank X</partyName>
    <organizationType>SwapDealer</organizationType>
    <businessUnit id="desk1">
      <name>NY Swaps Desk</name>
    </businessUnit>
    <person>
      <personId>jjones</personId>
    </person>
  </party>
  <party id="party2">
    <partyId partyIdScheme="http://www.fpml.org/coding-scheme/external/iso17442">NO32JKYWYYFCHBKBPG50</partyId>
<!-- unique counterparty identifier of other party -->
    <partyName>Bank Y</partyName>
    <organizationType>SwapDealer</organizationType>
  </party>
  <party id="broker1">
    <partyId partyIdScheme="http://www.fpml.org/coding-scheme/external/iso17442">IXIUMORN15YYX7ERWP88</partyId>
<!-- unique counterparty identifier of arranging broker -->
    <partyName>Up&amp;Atem</partyName>
  </party>
  <party id="clearing-svc">
    <partyId partyIdScheme="http://www.fpml.org/coding-scheme/external/iso17442">2NEZ4DLQSXZQH9D3RU96</partyId>
<!-- unique counterparty identifier of clearing service -->
    <partyName>ClearItAll</partyName>
  </party>
</nonpublicExecutionReport>

