<?xml version="1.0" encoding="utf-8"?>
<!--View is recordkeeping-->
<!--Version is 5-3-->
<!--NS is http://www.fpml.org/FpML-5/recordkeeping-->
<!--
  == Copyright (c) 2002-2012. All rights reserved.
  == Financial Products Markup Language is subject to the FpML public license.
  == A copy of this license is available at http://www.fpml.org/license/license.html
  -->
<!-- This represents the non-public recordkeeping and reporting requirements published in draft form by the CFTC in 17 CFR 45 -->
<!-- The comments indicate the reportable field name as described in the tables on
pp. 76606-76607 of the Federal Register -->
<!-- This example shows a retraction (a/ka/ cancellation) of an initial report of a new trade -->
<!-- The data values are taken from "Example 1" in Appendix A, on page 76156 of the Federal Register -->
<nonpublicExecutionReportRetracted xmlns="http://www.fpml.org/FpML-5/recordkeeping" xmlns:xsi="http://www.w3.org/2001/XMLSchema-instance" fpmlVersion="5-3" xsi:schemaLocation="http://www.fpml.org/FpML-5/recordkeeping ../fpml-main-5-3.xsd http://www.w3.org/2000/09/xmldsig# ../xmldsig-core-schema.xsd">
  <header>
    <messageId messageIdScheme="http://www.bankx.com/msg_id">SEF003</messageId>
    <sentBy>BANKX</sentBy>
    <sendTo>SDR01</sendTo>
    <creationTimestamp>2011-07-04T17:07:16Z</creationTimestamp>
<!-- Date stamp -->
  </header>
  <correlationId correlationIdScheme="http://fpml.org/event_id">TW19235-003</correlationId>
  <sequenceNumber>3</sequenceNumber>
  <tradeIdentifier>
    <issuer issuerIdScheme="http://www.fpml.org/coding-scheme/external/iso17442">ZNHTL6O2WODTKMPF1Z48</issuer>
    <tradeId tradeIdScheme="http://www.fpml.org/coding-scheme/external/unique-transaction-identifier">712345678901234567890123456789012</tradeId>
  </tradeIdentifier>
  <party id="party1">
    <partyId partyIdScheme="http://www.fpml.org/coding-scheme/external/iso17442">VTOUP9FCHUXIINML4787</partyId>
<!-- unique counterparty identifier of reporting party -->
    <partyName>Bank X</partyName>
  </party>
</nonpublicExecutionReportRetracted>

