<?xml version="1.0" encoding="utf-8"?>
<!--View is recordkeeping-->
<!--Version is 5-3-->
<!--NS is http://www.fpml.org/FpML-5/recordkeeping-->
<!--
  == Copyright (c) 2002-2012. All rights reserved.
  == Financial Products Markup Language is subject to the FpML public license.
  == A copy of this license is available at http://www.fpml.org/license/license.html
  -->
<!-- retract a valuation report (the SDR should revert to the previous valuations) -->
<valuationReportRetracted xmlns="http://www.fpml.org/FpML-5/recordkeeping" xmlns:xsi="http://www.w3.org/2001/XMLSchema-instance" fpmlVersion="5-3" xsi:schemaLocation="http://www.fpml.org/FpML-5/recordkeeping ../fpml-main-5-3.xsd http://www.w3.org/2000/09/xmldsig# ../xmldsig-core-schema.xsd">
  <header>
    <messageId messageIdScheme="http://www.bbbbbb.org/message-id">XXX123</messageId>
    <sentBy>BBBBBB</sentBy>
    <sendTo>SDR01</sendTo>
    <creationTimestamp>2012-06-14T12:47:50Z</creationTimestamp>
  </header>
  <onBehalfOf>
    <partyReference href="party1" />
  </onBehalfOf>
  <reportIdentification>
    <reportId reportIdScheme="http://www.bbbbb.org/reports">VALXXX123</reportId>
  </reportIdentification>
  <reportContents>
    <primaryAssetClass>InterestRate</primaryAssetClass>
  </reportContents>
  <asOfDate>2003-04-01</asOfDate>
  <partyTradeIdentifier>
    <issuer issuerIdScheme="http://www.fpml.org/coding-scheme/external/iso17442">ZNHTL6O2WODTKMPF1Z48</issuer>
    <tradeId tradeIdScheme="http://www.fpml.org/coding-scheme/external/unique-transaction-identifier">712345678901234567890123456789012</tradeId>
  </partyTradeIdentifier>
  <partyTradeIdentifier>
    <issuer issuerIdScheme="http://www.fpml.org/coding-scheme/external/iso17442">ZNHTL6O2WODTKMPF1Z48</issuer>
    <tradeId tradeIdScheme="http://www.fpml.org/coding-scheme/external/unique-transaction-identifier">712345678901234567890123456789013</tradeId>
  </partyTradeIdentifier>
  <partyTradeIdentifier>
    <issuer issuerIdScheme="http://www.fpml.org/coding-scheme/external/iso17442">ZNHTL6O2WODTKMPF1Z48</issuer>
    <tradeId tradeIdScheme="http://www.fpml.org/coding-scheme/external/unique-transaction-identifier">712345678901234567890123456789014</tradeId>
  </partyTradeIdentifier>
  <party id="party1">
    <partyId partyIdScheme="http://www.fpml.org/coding-scheme/external/iso17442">21YI9CS21HLBYJZRUX59</partyId>
  </party>
</valuationReportRetracted>

