<?xml version="1.0" encoding="utf-8"?>
<!--View is confirmation-->
<!--Version is 5-11-->
<!--NS is http://www.fpml.org/FpML-5/confirmation-->
<!--
  == Copyright (c) 2018-2020 All rights reserved.
  == Financial Products Markup Language is subject to the FpML public license.
  == A copy of this license is available at http://www.fpml.org/license/license.html
  -->
<dataDocument xmlns="http://www.fpml.org/FpML-5/confirmation" xmlns:xsi="http://www.w3.org/2001/XMLSchema-instance" fpmlVersion="5-11" xsi:schemaLocation="http://www.fpml.org/FpML-5/confirmation ../../fpml-main-5-11.xsd http://www.w3.org/2000/09/xmldsig# ../../xmldsig-core-schema.xsd">
  <trade>
    <tradeHeader>
      <partyTradeIdentifier>
        <partyReference href="partyA" />
        <tradeId tradeIdScheme="http://www.partyA.com/swaps/trade-id">FpML-test-9</tradeId>
      </partyTradeIdentifier>
      <tradeDate>2018-09-17</tradeDate>
    </tradeHeader>
    <swaption>
      <productType>InterestRate:Option:Swaption</productType>
      <productId>64209470</productId>
      <buyerPartyReference href="partyA" />
      <sellerPartyReference href="partyB" />
      <premium>
        <payerPartyReference href="partyA" />
        <receiverPartyReference href="partyB" />
        <paymentAmount>
          <currency>EUR</currency>
          <amount>5000</amount>
        </paymentAmount>
        <paymentDate>
          <unadjustedDate>2018-09-19</unadjustedDate>
          <dateAdjustments>
            <businessDayConvention>MODFOLLOWING</businessDayConvention>
            <businessCenters>
              <businessCenter>EUTA</businessCenter>
            </businessCenters>
          </dateAdjustments>
        </paymentDate>
        <paymentType>PremiumAmount</paymentType>
      </premium>
      <europeanExercise>
        <expirationDate>
          <adjustableDate>
            <unadjustedDate id="expirationDate-64209470-695">2019-09-17</unadjustedDate>
            <dateAdjustments>
              <businessDayConvention>MODFOLLOWING</businessDayConvention>
              <businessCenters>
                <businessCenter>EUTA</businessCenter>
              </businessCenters>
            </dateAdjustments>
          </adjustableDate>
        </expirationDate>
        <earliestExerciseTime>
          <hourMinuteTime>00:00:00</hourMinuteTime>
          <businessCenter>BEBR</businessCenter>
        </earliestExerciseTime>
        <expirationTime>
          <hourMinuteTime>11:00:00</hourMinuteTime>
          <businessCenter>BEBR</businessCenter>
        </expirationTime>
      </europeanExercise>
      <exerciseProcedure>
        <manualExercise />
        <followUpConfirmation>true</followUpConfirmation>
      </exerciseProcedure>
      <calculationAgent>
        <calculationAgentPartyReference href="partyB" />
      </calculationAgent>
      <physicalSettlement>
        <clearedPhysicalSettlement>false</clearedPhysicalSettlement>
      </physicalSettlement>
      <swaptionStraddle>false</swaptionStraddle>
      <swap>
        <productType>InterestRate:CrossCurrency:FixedFloat</productType>
        <swapStream id="Swaption-64209470-Floating-leg-2">
          <payerPartyReference href="partyB" />
          <receiverPartyReference href="partyA" />
          <calculationPeriodDates id="calculationPeriodDates-64209470-696">
            <effectiveDate>
              <unadjustedDate>2019-09-19</unadjustedDate>
              <dateAdjustments>
                <businessDayConvention>NONE</businessDayConvention>
                <businessCenters>
                  <businessCenter>EUTA</businessCenter>
                </businessCenters>
              </dateAdjustments>
            </effectiveDate>
            <terminationDate id="terminationDate-64209470-697">
              <unadjustedDate>2029-09-19</unadjustedDate>
              <dateAdjustments>
                <businessDayConvention>MODFOLLOWING</businessDayConvention>
                <businessCenters>
                  <businessCenter>EUTA</businessCenter>
                </businessCenters>
              </dateAdjustments>
            </terminationDate>
            <calculationPeriodDatesAdjustments>
              <businessDayConvention>NONE</businessDayConvention>
              <businessCenters>
                <businessCenter>EUTA</businessCenter>
              </businessCenters>
            </calculationPeriodDatesAdjustments>
            <calculationPeriodFrequency>
              <periodMultiplier>6</periodMultiplier>
              <period>M</period>
              <rollConvention>19</rollConvention>
            </calculationPeriodFrequency>
          </calculationPeriodDates>
          <paymentDates>
            <calculationPeriodDatesReference href="calculationPeriodDates-64209470-696" />
            <paymentFrequency>
              <periodMultiplier>6</periodMultiplier>
              <period>M</period>
            </paymentFrequency>
            <payRelativeTo>CalculationPeriodEndDate</payRelativeTo>
            <paymentDatesAdjustments>
              <businessDayConvention>MODFOLLOWING</businessDayConvention>
              <businessCenters>
                <businessCenter>EUTA</businessCenter>
              </businessCenters>
            </paymentDatesAdjustments>
          </paymentDates>
          <resetDates id="resetDates-64209470-702">
            <calculationPeriodDatesReference href="calculationPeriodDates-64209470-696" />
            <resetRelativeTo>CalculationPeriodStartDate</resetRelativeTo>
            <fixingDates>
              <periodMultiplier>-2</periodMultiplier>
              <period>D</period>
              <dayType>Business</dayType>
              <businessDayConvention>NONE</businessDayConvention>
              <businessCenters>
                <businessCenter>EUTA</businessCenter>
              </businessCenters>
              <dateRelativeTo href="calculationPeriodDates-64209470-696" />
            </fixingDates>
            <resetFrequency>
              <periodMultiplier>6</periodMultiplier>
              <period>M</period>
            </resetFrequency>
            <resetDatesAdjustments>
              <businessDayConvention>MODFOLLOWING</businessDayConvention>
              <businessCenters>
                <businessCenter>EUTA</businessCenter>
              </businessCenters>
            </resetDatesAdjustments>
          </resetDates>
          <calculationPeriodAmount>
            <calculation>
              <notionalSchedule>
                <notionalStepSchedule>
                  <initialValue>10000000</initialValue>
                  <currency>EUR</currency>
                </notionalStepSchedule>
              </notionalSchedule>
              <floatingRateCalculation>
                <floatingRateIndex>EUR-EURIBOR-Reuters</floatingRateIndex>
                <indexTenor>
                  <periodMultiplier>6</periodMultiplier>
                  <period>M</period>
                </indexTenor>
                <spreadSchedule>
                  <initialValue>0</initialValue>
                </spreadSchedule>
              </floatingRateCalculation>
              <dayCountFraction>ACT/360</dayCountFraction>
            </calculation>
          </calculationPeriodAmount>
        </swapStream>
        <swapStream id="Swaption-64209470-Fixed-leg-1">
          <payerPartyReference href="partyA" />
          <receiverPartyReference href="partyB" />
          <calculationPeriodDates id="calculationPeriodDates-64209470-704">
            <effectiveDate>
              <unadjustedDate>2019-09-19</unadjustedDate>
              <dateAdjustments>
                <businessDayConvention>NONE</businessDayConvention>
                <businessCenters>
                  <businessCenter>EUTA</businessCenter>
                </businessCenters>
              </dateAdjustments>
            </effectiveDate>
            <terminationDate id="terminationDate-64209470-705">
              <unadjustedDate>2029-09-19</unadjustedDate>
              <dateAdjustments>
                <businessDayConvention>MODFOLLOWING</businessDayConvention>
                <businessCenters>
                  <businessCenter>EUTA</businessCenter>
                </businessCenters>
              </dateAdjustments>
            </terminationDate>
            <calculationPeriodDatesAdjustments>
              <businessDayConvention>NONE</businessDayConvention>
              <businessCenters>
                <businessCenter>EUTA</businessCenter>
              </businessCenters>
            </calculationPeriodDatesAdjustments>
            <calculationPeriodFrequency>
              <periodMultiplier>12</periodMultiplier>
              <period>M</period>
              <rollConvention>19</rollConvention>
            </calculationPeriodFrequency>
          </calculationPeriodDates>
          <paymentDates>
            <calculationPeriodDatesReference href="calculationPeriodDates-64209470-704" />
            <paymentFrequency>
              <periodMultiplier>12</periodMultiplier>
              <period>M</period>
            </paymentFrequency>
            <payRelativeTo>CalculationPeriodEndDate</payRelativeTo>
            <paymentDatesAdjustments>
              <businessDayConvention>MODFOLLOWING</businessDayConvention>
              <businessCenters>
                <businessCenter>EUTA</businessCenter>
              </businessCenters>
            </paymentDatesAdjustments>
          </paymentDates>
          <calculationPeriodAmount>
            <calculation>
              <notionalSchedule>
                <notionalStepSchedule>
                  <initialValue>10000000</initialValue>
                  <currency>EUR</currency>
                </notionalStepSchedule>
              </notionalSchedule>
              <fixedRateSchedule>
                <initialValue>0.07</initialValue>
              </fixedRateSchedule>
              <dayCountFraction>30/360</dayCountFraction>
            </calculation>
          </calculationPeriodAmount>
        </swapStream>
      </swap>
    </swaption>
    <calculationAgent>
      <calculationAgentPartyReference href="partyA" />
    </calculationAgent>
  </trade>
  <party id="partyA">
    <partyId partyIdScheme="http://www.fpml.org/coding-scheme/external/iso17442">549300ABANKV6BYQOWM67</partyId>
    <partyName>A BANK("ABANK")</partyName>
  </party>
  <party id="partyB">
    <partyId partyIdScheme="http://www.fpml.org/coding-scheme/external/iso17442">529900CPTY57S5UCBB52</partyId>
    <partyName>SELL SECURITIES CO LTD ("Counterparty")</partyName>
  </party>
</dataDocument>

