<?xml version="1.0" encoding="utf-8"?>
<!--View is confirmation-->
<!--Version is 5-11-->
<!--NS is http://www.fpml.org/FpML-5/confirmation-->
<!--
  == Copyright (c) 2018-2020 All rights reserved.
  == Financial Products Markup Language is subject to the FpML public license.
  == A copy of this license is available at http://www.fpml.org/license/license.html
  -->
<dataDocument xmlns="http://www.fpml.org/FpML-5/confirmation" xmlns:xsi="http://www.w3.org/2001/XMLSchema-instance" fpmlVersion="5-11" xsi:schemaLocation="http://www.fpml.org/FpML-5/confirmation ../../fpml-main-5-11.xsd http://www.w3.org/2000/09/xmldsig# ../../xmldsig-core-schema.xsd">
  <trade>
    <tradeHeader>
      <partyTradeIdentifier>
        <partyReference href="partyA" />
        <tradeId tradeIdScheme="http://www.partyA.com/swaps/trade-id">FpML-test-5</tradeId>
      </partyTradeIdentifier>
      <tradeDate>2019-02-28</tradeDate>
    </tradeHeader>
    <swap>
      <productType productTypeScheme="http://www.fpml.org/coding-scheme/product-taxonomy">InterestRate:IRSwap:FixedFloat</productType>
      <productId>64209466</productId>
      <swapStream id="InterestRateSwap-64209466-Floating-leg-2">
        <payerPartyReference href="partyA" />
        <receiverPartyReference href="partyB" />
        <calculationPeriodDates id="calculationPeriodDates-64209466-91951">
          <effectiveDate>
            <unadjustedDate>2018-03-01</unadjustedDate>
            <dateAdjustments>
              <businessDayConvention>MODFOLLOWING</businessDayConvention>
              <businessCenters>
                <businessCenter>JPTO</businessCenter>
              </businessCenters>
            </dateAdjustments>
          </effectiveDate>
          <terminationDate id="terminationDate-64209466-91952">
            <unadjustedDate>2024-02-29</unadjustedDate>
            <dateAdjustments>
              <businessDayConvention>MODFOLLOWING</businessDayConvention>
              <businessCenters>
                <businessCenter>JPTO</businessCenter>
              </businessCenters>
            </dateAdjustments>
          </terminationDate>
          <calculationPeriodDatesAdjustments>
            <businessDayConvention>MODFOLLOWING</businessDayConvention>
            <businessCenters>
              <businessCenter>JPTO</businessCenter>
            </businessCenters>
          </calculationPeriodDatesAdjustments>
          <firstRegularPeriodStartDate>2018-06-29</firstRegularPeriodStartDate>
          <lastRegularPeriodEndDate>2023-12-29</lastRegularPeriodEndDate>
          <calculationPeriodFrequency>
            <periodMultiplier>3</periodMultiplier>
            <period>M</period>
            <rollConvention>29</rollConvention>
          </calculationPeriodFrequency>
        </calculationPeriodDates>
        <paymentDates>
          <calculationPeriodDatesReference href="calculationPeriodDates-64209466-91951" />
          <paymentFrequency>
            <periodMultiplier>3</periodMultiplier>
            <period>M</period>
          </paymentFrequency>
          <firstPaymentDate>2018-06-29</firstPaymentDate>
          <lastRegularPaymentDate>2023-12-29</lastRegularPaymentDate>
          <payRelativeTo>CalculationPeriodEndDate</payRelativeTo>
          <paymentDatesAdjustments>
            <businessDayConvention>MODFOLLOWING</businessDayConvention>
            <businessCenters>
              <businessCenter>JPTO</businessCenter>
            </businessCenters>
          </paymentDatesAdjustments>
        </paymentDates>
        <resetDates id="resetDates-64209466-91955">
          <calculationPeriodDatesReference href="calculationPeriodDates-64209466-91951" />
          <resetRelativeTo>CalculationPeriodStartDate</resetRelativeTo>
          <fixingDates>
            <periodMultiplier>-2</periodMultiplier>
            <period>D</period>
            <dayType>Business</dayType>
            <businessDayConvention>NONE</businessDayConvention>
            <businessCenters>
              <businessCenter>JPTO</businessCenter>
            </businessCenters>
            <dateRelativeTo href="resetDates-64209466-91955" />
          </fixingDates>
          <resetFrequency>
            <periodMultiplier>3</periodMultiplier>
            <period>M</period>
          </resetFrequency>
          <resetDatesAdjustments>
            <businessDayConvention>MODFOLLOWING</businessDayConvention>
            <businessCenters>
              <businessCenter>JPTO</businessCenter>
            </businessCenters>
          </resetDatesAdjustments>
        </resetDates>
        <calculationPeriodAmount>
          <calculation>
            <notionalSchedule>
              <notionalStepSchedule>
                <initialValue>6000000000</initialValue>
                <currency>JPY</currency>
              </notionalStepSchedule>
            </notionalSchedule>
            <floatingRateCalculation>
              <floatingRateIndex>JPY-TIBOR-DTIBOR</floatingRateIndex>
              <indexTenor>
                <periodMultiplier>3</periodMultiplier>
                <period>M</period>
              </indexTenor>
              <spreadSchedule>
                <initialValue>0.0005</initialValue>
              </spreadSchedule>
              <initialRate>0.0008615</initialRate>
            </floatingRateCalculation>
            <dayCountFraction>ACT/365.FIXED</dayCountFraction>
          </calculation>
        </calculationPeriodAmount>
        <stubCalculationPeriodAmount>
          <calculationPeriodDatesReference href="calculationPeriodDates-64209466-91951" />
          <initialStub>
            <floatingRate>
              <floatingRateIndex>JPY-TIBOR-DTIBOR</floatingRateIndex>
            </floatingRate>
          </initialStub>
          <finalStub>
            <floatingRate>
              <floatingRateIndex>JPY-TIBOR-DTIBOR</floatingRateIndex>
            </floatingRate>
          </finalStub>
        </stubCalculationPeriodAmount>
      </swapStream>
      <swapStream id="InterestRateSwap-64209466-Fixed-leg-1">
        <payerPartyReference href="partyB" />
        <receiverPartyReference href="partyA" />
        <calculationPeriodDates id="calculationPeriodDates-64209466-91956">
          <effectiveDate>
            <unadjustedDate>2018-03-01</unadjustedDate>
            <dateAdjustments>
              <businessDayConvention>MODFOLLOWING</businessDayConvention>
              <businessCenters>
                <businessCenter>JPTO</businessCenter>
              </businessCenters>
            </dateAdjustments>
          </effectiveDate>
          <terminationDate id="terminationDate-64209466-91957">
            <unadjustedDate>2024-02-29</unadjustedDate>
            <dateAdjustments>
              <businessDayConvention>MODFOLLOWING</businessDayConvention>
              <businessCenters>
                <businessCenter>JPTO</businessCenter>
              </businessCenters>
            </dateAdjustments>
          </terminationDate>
          <calculationPeriodDatesAdjustments>
            <businessDayConvention>MODFOLLOWING</businessDayConvention>
            <businessCenters>
              <businessCenter>JPTO</businessCenter>
            </businessCenters>
          </calculationPeriodDatesAdjustments>
          <firstRegularPeriodStartDate>2018-06-29</firstRegularPeriodStartDate>
          <lastRegularPeriodEndDate>2023-12-29</lastRegularPeriodEndDate>
          <calculationPeriodFrequency>
            <periodMultiplier>3</periodMultiplier>
            <period>M</period>
            <rollConvention>29</rollConvention>
          </calculationPeriodFrequency>
        </calculationPeriodDates>
        <paymentDates>
          <calculationPeriodDatesReference href="calculationPeriodDates-64209466-91956" />
          <paymentFrequency>
            <periodMultiplier>3</periodMultiplier>
            <period>M</period>
          </paymentFrequency>
          <firstPaymentDate>2018-06-29</firstPaymentDate>
          <lastRegularPaymentDate>2023-12-29</lastRegularPaymentDate>
          <payRelativeTo>CalculationPeriodEndDate</payRelativeTo>
          <paymentDatesAdjustments>
            <businessDayConvention>MODFOLLOWING</businessDayConvention>
            <businessCenters>
              <businessCenter>JPTO</businessCenter>
            </businessCenters>
          </paymentDatesAdjustments>
        </paymentDates>
        <calculationPeriodAmount>
          <calculation>
            <notionalSchedule>
              <notionalStepSchedule>
                <initialValue>6000000000</initialValue>
                <currency>JPY</currency>
              </notionalStepSchedule>
            </notionalSchedule>
            <fixedRateSchedule>
              <initialValue>0.00178</initialValue>
            </fixedRateSchedule>
            <dayCountFraction>ACT/365.FIXED</dayCountFraction>
          </calculation>
        </calculationPeriodAmount>
      </swapStream>
    </swap>
    <calculationAgent>
      <calculationAgentPartyReference href="partyA" />
    </calculationAgent>
  </trade>
  <party id="partyA">
    <partyId partyIdScheme="http://www.fpml.org/coding-scheme/external/iso17442">549300ABANKV6BYQOWM67</partyId>
    <partyName>A BANK("ABANK")</partyName>
  </party>
  <party id="partyB">
    <partyId partyIdScheme="http://www.fpml.org/coding-scheme/external/iso17442">529900CPTY57S5UCBB52</partyId>
    <partyName>SELL SECURITIES CO LTD ("Counterparty")</partyName>
  </party>
</dataDocument>

