<?xml version="1.0" encoding="UTF-8" standalone="yes"?>
<publicExecutionReport xmlns:saxon="http://saxon.sf.net/" xmlns:xsi="http://www.w3.org/2001/XMLSchema-instance" xmlns="http://www.fpml.org/FpML-5/transparency" fpmlVersion="5-3" xsi:schemaLocation="http://www.fpml.org/FpML-5/transparency ../../fpml-main-5-3.xsd">
   <isCorrection>false</isCorrection>
   <correlationId correlationIdScheme="http://abc.com/correlation-id">456</correlationId>
   <sequenceNumber>1</sequenceNumber>
   <originatingEvent>Trade</originatingEvent>
   <trade>
      <tradeHeader>
         <partyTradeIdentifier>
            <issuer issuerIdScheme="http://www.fpml.org/coding-scheme/external/iso17442">VTOUP9FCHUXIINML4787</issuer>
            <tradeId tradeIdScheme="http://www.fpml.org/coding-scheme/external/unique-transaction-identifier">12345678901234567890123456789012</tradeId>
         </partyTradeIdentifier>
         <tradeInformation>
            <executionDateTime>2011-01-01T09:12:34</executionDateTime>
            <intentToClear>false</intentToClear>
            <nonStandardTerms>true</nonStandardTerms>
            <offMarketPrice>true</offMarketPrice>
            <largeSizeTrade>false</largeSizeTrade>
            <executionType>Electronic</executionType>
            <executionVenueType>SEF</executionVenueType>
         </tradeInformation>
         <tradeDate id="TradeDate">2002-07-19</tradeDate>
      </tradeHeader>
      <returnSwap>
         <primaryAssetClass>Equity</primaryAssetClass>
         <productType>Equity:Swap:Equityswap:Single-name</productType>
         <returnLeg>
            <effectiveDate id="EffectiveDate">
               <relativeDate>
                  <periodMultiplier>3</periodMultiplier>
                  <period>D</period>
                  <dateRelativeTo href="TradeDate"/>
               </relativeDate>
            </effectiveDate>
            <terminationDate id="TerminationDate">
               <relativeDate>
                  <periodMultiplier>0</periodMultiplier>
                  <period>D</period>
                  <dateRelativeTo href="FinalEquityPaymentDate"/>
               </relativeDate>
            </terminationDate>
            <underlyer>
               <singleUnderlyer>
                  <index>
                     <instrumentId instrumentIdScheme="http://www.fpml.org/schemes/4.1/instrumentId">.FCHI</instrumentId>
                     <currency>EUR</currency>
                     <exchangeId exchangeIdScheme="http://www.fpml.org/schemes/4.1/exchangeId">EuroNext</exchangeId>
                     <relatedExchangeId exchangeIdScheme="http://www.fpml.org/schemes/4.1/exchangeId">MATIF</relatedExchangeId>
                     <relatedExchangeId exchangeIdScheme="http://www.fpml.org/schemes/4.1/exchangeId">MONEP</relatedExchangeId>
                  </index>
               </singleUnderlyer>
            </underlyer>
            <rateOfReturn>
               <initialPrice>
                  <netPrice>
                     <currency>EUR</currency>
                     <amount>5591987.41</amount>
                     <priceExpression>AbsoluteTerms</priceExpression>
                  </netPrice>
               </initialPrice>
               <notionalReset>true</notionalReset>
               <valuationPriceInterim>
                  <valuationRules>
                     <valuationDates id="InterimValuationDate">
                        <adjustableDates>
                           <unadjustedDate>2002-10-21</unadjustedDate>
                           <unadjustedDate>2004-01-20</unadjustedDate>
                           <unadjustedDate>2004-04-22</unadjustedDate>
                        </adjustableDates>
                     </valuationDates>
                     <valuationTimeType>Close</valuationTimeType>
                  </valuationRules>
               </valuationPriceInterim>
               <valuationPriceFinal>
                  <valuationRules>
                     <valuationDate id="FinalValuationDate">
                        <adjustableDate>
                           <unadjustedDate>2004-07-21</unadjustedDate>
                        </adjustableDate>
                     </valuationDate>
                  </valuationRules>
               </valuationPriceFinal>
               <paymentDates id="EquityPaymentDate">
                  <paymentDatesInterim id="InterimEquityPaymentDate">
                     <relativeDates>
                        <periodMultiplier>3</periodMultiplier>
                        <period>D</period>
                        <dateRelativeTo href="InterimValuationDate"/>
                     </relativeDates>
                  </paymentDatesInterim>
                  <paymentDateFinal id="FinalEquityPaymentDate">
                     <relativeDate>
                        <periodMultiplier>3</periodMultiplier>
                        <period>D</period>
                        <dateRelativeTo href="FinalValuationDate"/>
                     </relativeDate>
                  </paymentDateFinal>
               </paymentDates>
            </rateOfReturn>
            <notional>
               <notionalAmount id="EquityNotionalAmount">
                  <currency>USD</currency>
                  <amount>5591987.41</amount>
               </notionalAmount>
            </notional>
            <amount><!--FpML 5-0: Renamed from <paymentCurrency id="EquityPaymentCurrency"><currency>EUR</currency>-->
               <currency id="EquityPaymentCurrency">EUR</currency>
               <referenceAmount>Standard ISDA</referenceAmount>
            </amount>
            <return>
               <returnType>Price</returnType>
            </return>
            <notionalAdjustments>Standard</notionalAdjustments>
         </returnLeg>
         <interestLeg>
            <interestLegCalculationPeriodDates id="InterestLegPeriodDates">
               <effectiveDate>
                  <relativeDate>
                     <periodMultiplier>3</periodMultiplier>
                     <period>D</period>
                     <dateRelativeTo href="TradeDate"/>
                  </relativeDate>
               </effectiveDate>
               <terminationDate>
                  <relativeDate>
                     <periodMultiplier>0</periodMultiplier>
                     <period>D</period>
                     <dateRelativeTo href="FinalEquityPaymentDate"/>
                  </relativeDate>
               </terminationDate>
               <interestLegResetDates/>
               <interestLegPaymentDates>
                  <relativeDates>
                     <periodMultiplier>0</periodMultiplier>
                     <period>D</period>
                     <dateRelativeTo href="EquityPaymentDate"/>
                  </relativeDates>
               </interestLegPaymentDates>
            </interestLegCalculationPeriodDates>
            <notional>
               <relativeNotionalAmount href="EquityNotionalAmount"/>
            </notional>
            <interestAmount><!--FpML 5-0: Renamed from <paymentCurrency href="EquityPaymentCurrency"/>-->
               <currencyReference href="EquityPaymentCurrency"/>
               <referenceAmount>Standard ISDA</referenceAmount>
            </interestAmount>
            <interestCalculation>
               <floatingRateCalculation>
                  <floatingRateIndex>EUR-EURIBOR-Telerate</floatingRateIndex>
                  <indexTenor>
                     <periodMultiplier>3</periodMultiplier>
                     <period>M</period>
                  </indexTenor>
               </floatingRateCalculation>
               <dayCountFraction>ACT/360</dayCountFraction>
            </interestCalculation>
         </interestLeg>
      </returnSwap>
   </trade>
</publicExecutionReport>